token_id,token_str,text_only_count,image_count
1,[CLS],658792,563118
2,[SEP],658792,563118
18,.,646317,52220
266,Ġthe,489992,76223
16,",",418360,8140
263,Ġa,256763,131844
293,Ġof,248062,55041
296,Ġand,244253,26023
289,Ġto,236151,17434
291,Ġin,187546,43459
307,Ġis,146653,10606
308,ĠThe,110516,19342
327,Ġwas,105694,367
331,Ġthat,102609,6145
306,ĠI,82991,155
338,Ġit,82497,6283
342,Ġfor,75409,832
322,Ġon,75138,28587
352,'s,74366,2831
353,Ġ=,74361,0
341,Ġyou,70404,1527
349,Ġare,70313,642
17,-,65485,7501
356,Ġwith,64656,40452
309,ĠA,64180,74846
372,"Ġ""",55726,403
366,Ġnot,52489,3072
362,Ġas,50576,380
367,Ġat,49847,6233
321,Ġhe,49075,314
312,Ġbe,48637,448
392,Ġhave,47309,163
387,Ġhis,45829,10080
402,'t,43773,383
414,Ġthey,39658,65
413,Ġby,39493,4305
416,Ġhad,38982,65
419,Ġfrom,38478,2564
379,Ġi,33829,209
351,Ġan,32049,7024
458,Ġwere,31919,24
452,Ġher,30635,5731
464,Ġbut,30066,483
399,Ġman,29649,37608
465,ĠIt,28019,125
490,Ġone,27111,6793
468,Ġall,26518,2430
477,ĠHe,26435,46
438,Ġor,25930,857
497,Ġhas,25622,1398
30,:,25510,732
496,Ġ(,24299,118
507,Ġpeople,24014,24474
345,Ġwe,23683,290
511,Ġthis,23500,446
487,Ġcan,23452,1346
513,Ġtheir,23279,5658
502,Ġshe,23148,240
474,Ġknow,22690,13
449,Ġso,22511,92
517,Ġabout,22390,497
499,Ġno,22201,1937
381,Ġdo,21991,177
523,ĠThere,21610,257
519,Ġthere,21475,165
514,Ġwould,21378,24
493,Ġup,20991,2635
31,;,20841,71
535,Ġsaid,20781,10
516,Ġthem,20484,145
508,Ġhim,20470,318
531,Ġwill,20381,25
467,Ġout,20060,1786
559,Ġbeen,18805,76
540,Ġlike,18659,433
202,ĉ,18000,0
573,Ġuh,17984,4
538,Ġmy,17738,88
35,?,17120,25
584,Ġmore,16832,514
577,Ġwhen,16773,10
589,Ġif,16635,48
596,Ġwhich,16385,923
595,Ġwhat,16239,138
541,Ġwho,16210,1205
469,Ġme,15946,112
597,Ġdon,15663,54
605,Ġtime,15648,76
601,".""",15590,5
637,ĠThey,14474,4
572,Ġsome,14335,3475
581,Ġother,14170,7811
225,Ġ,14074,1139
13,),13985,85
627,Ġjust,13972,405
647,Ġvery,13875,635
649,Ġinto,13696,428
652,Ġwoman,13428,20642
644,Ġthink,13239,55
520,Ġany,13222,109
659,Ġtwo,13207,8416
656,",""",13155,0
632,Ġcould,13089,11
552,ĠIn,13056,36
646,Ġthan,12800,227
556,Ġdid,12506,10
684,Ġlittle,12359,3112
609,Ġover,12287,1478
688,Ġonly,12246,1097
599,Ġget,12107,75
695,Ġwell,11808,123
683,Ġdown,11769,2373
696,Ġnever,11757,2
699,ĠShe,11275,26
717,Ġits,11181,2437
355,ĠB,11028,894
687,Ġyour,10917,62
472,Ġgo,10823,238
704,Ġgood,10796,105
11,',10538,244
703,Ġsee,10211,1348
45,I,10081,383
740,Ġnow,10000,13
727,ĠYou,9985,13
751,Ġbecause,9945,18
755,Ġmade,9836,99
763,Ġmuch,9581,67
761,Ġthen,9578,27
769,Ġfirst,9370,294
734,Ġafter,9238,96
6,"""",9191,62
732,Ġshould,9110,14
707,ĠWe,9064,9
787,Ġalso,8962,82
539,--,8961,8
5,!,8947,118
780,Ġmen,8923,9235
749,Ġway,8912,257
629,Ġwork,8886,310
800,ĠTwo,8716,11108
728,Ġback,8692,5569
801,Ġhere,8644,56
804,ĠThis,8597,398
744,Ġhow,8576,16
809,'re,8569,10
784,Ġwhere,8567,348
813,Ġwhile,8497,473
815,Ġmany,8395,1998
822,Ġgoing,8308,195
818,Ġmake,8271,35
789,Ġmost,8101,1102
836,Ġyeah,8096,4
797,Ġthrough,8029,202
838,Ġbefore,8005,75
87,s,7931,2045
790,Ġright,7927,6230
720,Ġboy,7831,7345
693,Ġtoo,7625,59
859,Ġyears,7563,12
857,Ġ',7485,1306
861,"?""",7461,0
817,Ġyoung,7440,7835
764,Ġold,7343,1294
848,Ġour,7271,96
876,'m,7228,18
775,Ġlong,7217,2528
878,Ġreally,7206,84
877,Ġtake,7179,77
885,Ġused,7115,169
745,Ġgirl,7068,10133
894,Ġbeing,7002,1497
621,Ġoff,6762,1392
915,Ġplaying,6727,1546
916,'ve,6705,1
887,Ġgot,6702,30
918,Ġsomething,6698,877
907,ĠBut,6696,16
756,Ġday,6610,96
762,Ġnew,6587,81
933,Ġsuch,6478,18
855,Ġeven,6472,12
934,Ġcome,6404,6
943,Ġaround,6376,542
940,Ġstill,6362,92
944,Ġplace,6339,123
825,Ġperson,6333,8559
746,Ġwant,6299,7
951,Ġdidn,6268,6
547,Ġus,6243,2942
862,Ġmay,6191,15
958,Ġwearing,6184,8055
959,Ġthings,6169,237
892,Ġlot,6152,708
963,Ġthese,6148,55
928,Ġwater,6087,3202
966,Ġwent,6068,3
889,Ġgreat,6060,15
971,Ġcame,6029,11
758,Ġsay,6016,21
976,Ġaway,5993,1587
978,Ġchildren,5977,4775
939,Ġhome,5961,202
984,'ll,5956,4
843,Ġdog,5955,5363
989,Ġthree,5940,2599
969,Ġyear,5807,7
1003,Ġcity,5802,567
1006,Ġoutside,5773,586
267,Ġs,5755,311
1010,Ġsame,5727,262
982,Ġmust,5719,28
680,Ġam,5680,30
942,Ġthought,5633,6
1019,Ġsitting,5631,6461
905,Ġfound,5588,6
1031,Ġthose,5586,48
792,Ġdoes,5552,72
1032,Ġwhite,5550,32461
932,Ġsmall,5520,4124
1058,Ġalways,5317,1
1027,Ġblack,5305,27131
937,Ġgroup,5304,13677
1065,Ġanother,5228,3926
1068,'d,5194,4
1026,Ġlast,5189,309
1072,Ġlife,5145,310
922,Ġown,5105,59
1083,Ġanything,5092,27
774,Ġunder,5069,1924
682,Ġpart,5051,1037
1016,Ġuse,5017,42
820,Ġneed,4927,8
1080,Ġmight,4890,6
999,Ġput,4789,33
722,Ġchild,4769,2917
1122,Ġcalled,4765,23
396,th,4730,125
1056,).,4730,7
1074,Ġum,4711,230
742,Ġlook,4695,217
1004,Ġfind,4692,2
1131,Ġthing,4684,735
1129,ĠThat,4679,13
834,ĠMr,4674,20
1136,Ġwomen,4670,5309
1038,Ġhouse,4660,305
1151,Ġbetween,4571,1684
1159,Ġknown,4543,0
1153,Ġeach,4524,433
376,and,4517,99
1161,ĠIf,4514,1
1165,Ġmoney,4506,97
1111,ĠNo,4505,36
1167,Ġnext,4495,5454
1169,Ġinformation,4494,23
991,ĠNew,4473,78
1071,ĠAnd,4462,9
1179,Ġleft,4439,5625
783,Ġevery,4415,7
1164,Ġbest,4404,16
819,Ġagain,4399,22
925,Ġhelp,4398,48
1188,Ġstanding,4393,5772
1185,Ġname,4372,151
1194,ĠAmerican,4370,367
1144,Ġfew,4357,687
986,Ġnear,4331,2933
1150,Ġlarge,4324,5346
1208,Ġtook,4277,2
1210,Ġduring,4259,45
1135,Ġred,4222,19769
1217,Ġblue,4210,22965
1222,Ġboth,4205,459
1097,Ġmean,4203,19
1143,"),",4175,2
69,a,4163,530
1232,ĠPeople,4159,3661
1002,Ġhead,4149,5074
1233,Ġuntil,4144,1
1236,Ġbetter,4129,22
793,Ġhand,4108,5548
1228,"!""",4102,1
1244,Ġnothing,4084,77
1245,Ġasked,4077,0
1190,Ġstate,4075,8
1069,Ġkind,4065,126
1248,Ġ_,4058,2
1215,Ġdifferent,4035,774
1116,Ġtown,4028,34
55,S,4020,305
1257,Ġlooking,4005,3360
1267,Ġagainst,3968,362
1275,Ġdone,3953,10
261,Ġt,3943,2672
1279,Ġarea,3929,617
1268,Ġever,3927,3
1282,Ġwon,3919,5
1289,Ġthough,3871,9
1177,Ġroom,3860,698
1127,Ġstreet,3844,2724
1297,Ġgive,3832,7
832,ĠAn,3818,3716
1300,Ġwithout,3812,872
1195,Ġshirt,3806,28913
1110,Ġtell,3800,6
1301,Ġface,3798,3204
1102,Ġhigh,3781,529
1250,Ġworld,3746,19
1309,ĠUnited,3742,19
1314,Ġlooked,3721,6
1299,Ġgovernment,3710,1
872,ĠAs,3688,12
1322,Ġwalking,3683,1151
1329,Ġonce,3648,4
1162,Ġbig,3643,2057
279,ing,3617,607
1337,Ġtold,3608,0
1313,Ġfront,3606,3843
1148,Ġside,3585,4330
1182,Ġschool,3573,391
1298,Ġsure,3572,8
1347,Ġenough,3572,5
1293,Ġmother,3565,363
1303,Ġalong,3562,191
1345,Ġsaw,3560,74
1352,Ġseen,3547,537
1356,Ġupon,3538,57
1365,ĠWhen,3500,0
1366,Ġhimself,3497,46
1021,Ġend,3492,891
1368,ĠMrs,3468,3
1369,Ġdoing,3467,238
1357,Ġsince,3453,1
1320,Ġcountry,3450,60
1349,ĠHis,3437,8
1256,Ġnight,3422,97
1367,""".",3411,6
1030,Ġcare,3405,27
1384,Ġfamily,3393,841
395,Ġde,3360,33
1396,ĠStates,3356,9
1121,Ġfar,3355,929
798,Ġcar,3354,4209
264,in,3331,438
1400,Ġdoesn,3327,44
1401,ĠWhat,3326,14
582,Ġplay,3317,239
1288,Ġfour,3303,1269
1407,Ġquite,3303,8
1224,ĠSome,3269,698
1417,Ġnumber,3267,1996
1426,Ġeyes,3246,739
1149,Ġhard,3243,640
1037,Ġlet,3240,13
1433,Ġtogether,3232,150
1437,Ġcase,3218,403
912,Ġshow,3199,95
398,Ġ1,3181,656
1214,ĠAt,3168,23
1310,Ġpublic,3138,139
1456,Ġhaving,3115,151
1015,Ġset,3113,381
1457,Ġboys,3111,1866
1155,Ġair,3102,697
1460,Ġknew,3100,0
1295,ĠFor,3053,1
1263,Ġkeep,3050,9
1446,Ġfather,3049,124
1468,Ġbuilding,3048,1685
1474,Ġcourse,3034,58
1476,ĠOne,3031,522
1321,Ġless,3029,190
1484,Ġholding,3011,6142
1486,Ġable,3009,7
585,ĠU,3007,186
1490,Ġrunning,3005,493
1193,Ġsystem,2998,39
281,ed,2987,575
1494,Ġoh,2986,12
1501,Ġheard,2974,8
1157,ĠOn,2973,68
1509,Ġdied,2955,1
1502,Ġimportant,2952,5
1516,Ġworking,2929,135
1451,ĠMy,2889,6
1531,Ġgame,2879,793
1064,Ġprogram,2862,7
1552,Ġgirls,2859,2248
1557,Ġmaking,2842,133
77,i,2836,569
1562,Ġdays,2835,0
1563,Ġ$,2834,12
1569,Ġfive,2828,483
1390,ĠAll,2823,79
1574,Ġkids,2819,1048
1578,Ġbecame,2809,0
1564,Ġlegal,2805,1
1586,Ġgetting,2787,396
1191,Ġreal,2778,81
1591,Ġseveral,2771,1877
1592,Ġalmost,2762,325
1596,Ġtimes,2753,6
1371,ĠJohn,2752,14
1600,Ġbelieve,2748,3
1603,Ġmovie,2740,29
484,Ġ2,2737,1594
1580,Ġhalf,2721,2007
1616,Ġpretty,2711,67
1070,Ġcost,2708,7
1402,Ġopen,2704,1128
1611,Ġoften,2704,0
1625,Ġgave,2685,14
1628,Ġyet,2677,22
1629,Ġtalking,2676,335
1482,Ġbad,2666,110
1632,Ġbegan,2664,0
1198,Ġbook,2662,1128
1439,The,2654,1
1372,Ġteam,2649,1495
1550,Ġlive,2645,20
1386,Ġtop,2639,3743
1211,Ġfeel,2632,1
1645,Ġlater,2622,3
93,y,2619,660
270,er,2601,1179
1643,Ġfull,2599,1501
1534,Ġrule,2597,0
1664,huh,2584,0
1661,ĠThen,2577,1
1610,Ġfood,2573,3146
1673,Ġbehind,2564,5836
1512,000,2563,3
1665,""",",2550,0
1679,Ġwhy,2546,4
902,Ġrun,2532,42
1648,Ġborn,2527,4
1570,Ġhands,2522,3397
1449,Ġbusiness,2520,203
1692,Ġwanted,2517,1
1568,Ġdoor,2512,839
1621,Ġguess,2492,12
1567,Ġsecond,2489,415
1709,Ġbuilt,2488,31
22,2,2482,443
1714,Ġstory,2471,29
1725,Ġheld,2466,640
962,Ġ3,2461,1672
1731,Ġstarted,2454,0
1737,Ġtaken,2444,81
1168,Ġpay,2441,51
1741,Ġgiven,2438,5
1744,ĠThree,2433,4418
323,ly,2430,165
1280,Ġpoint,2421,103
1535,Ġmusic,2421,181
1749,Ġothers,2417,2502
1750,Ġacross,2415,228
1753,Ġleast,2413,189
1745,Ġchange,2407,9
1395,ĠMiss,2401,0
1712,Ġgreen,2399,10629
1768,Ġrather,2393,13
1548,Ġroad,2390,1066
1602,Ġground,2389,827
1771,Ġturned,2389,414
1779,Ġseemed,2384,0
1764,Ġwhole,2383,481
1787,Ġtaking,2374,349
1797,Ġcentury,2356,4
1503,Ġlove,2345,105
67,_,2340,6
1811,Oh,2328,0
411,ĠD,2326,304
1813,Ġeverything,2324,19
1817,Ġmatter,2319,12
1784,ĠAfter,2314,2
1818,Ġservices,2314,3
1821,Ġsays,2309,270
1674,Ġmind,2306,0
1825,Ġprobably,2306,10
1839,Ġisn,2289,72
1734,Ġpoor,2279,32
1849,Ġfelt,2271,9
1763,Ġ[,2268,2
1852,Ġidea,2268,7
1846,Ġtry,2264,12
1854,Ġservice,2263,39
1848,Ġfederal,2260,0
1857,ĠThese,2260,179
1776,Ġage,2258,48
1192,Ġwatch,2254,282
1786,Ġmoment,2254,5
1728,Ġsoon,2250,5
1850,Ġbeach,2250,906
83,o,2247,495
1705,Ġpast,2230,171
1874,Ġdata,2223,6
1778,Ġnational,2222,32
1654,Ġfield,2216,1144
1742,Ġamong,2206,60
1882,Ġlady,2205,3486
1864,Ġriver,2199,259
1743,Ġdeath,2198,7
1397,Ġtalk,2181,27
1891,Ġcannot,2179,59
1614,Ġfire,2177,545
297,ĠT,2173,771
1824,Ġnice,2172,74
1125,Ġwar,2168,31
1898,Ġinside,2165,399
1831,ĠYork,2161,65
360,ĠH,2156,757
598,ĠSt,2154,71
1904,Ġriding,2152,840
1905,Ġbrought,2148,2
1917,Ġtrying,2134,166
1920,Ġmorning,2126,4
348,ĠM,2123,304
1231,Ġ5,2121,488
1880,Ġtable,2121,6475
1923,Ġcouple,2121,1337
1931,Ġearly,2114,7
1675,Ġshort,2113,1228
391,ers,2111,768
1937,Ġusing,2109,262
1808,Ġelse,2104,31
1532,ĠJon,2094,0
1949,Ġcompany,2091,20
1537,Ġisland,2089,40
1921,You,2088,0
1221,Ġread,2085,63
1955,Ġplayed,2074,6
1957,Ġprograms,2072,4
1950,Ġmakes,2070,10
1695,Ġheart,2068,166
334,ĠS,2067,658
1960,ĠClinton,2065,3
1812,Ġpercent,2063,0
1964,Ġleave,2060,9
1642,Ġpower,2056,72
1430,Ġstay,2054,3
1240,Ġ4,2048,622
1967,Ġwatching,2046,522
280,an,2042,113
1974,Ġpossible,2037,6
1604,Ġball,2035,2586
1513,Ġlight,2028,3131
284,or,2026,177
1940,ĠTo,2023,40
374,ĠP,2022,878
1335,Ġfact,2021,2
1903,Ġorder,2020,24
1980,Ġlost,2014,4
851,Ġcall,2006,23
19,/,1998,242
1761,Ġcontrol,1996,132
1271,Ġwalk,1992,127
1989,Ġtrue,1992,2
1993,Ġfriends,1985,494
347,ĠC,1980,330
427,ĠL,1973,598
1809,Ġclose,1973,1048
2001,Ġlived,1970,0
37,A,1968,251
2003,Ġwasn,1966,1
1908,Ġshall,1961,6
2008,Ġvoice,1958,0
1805,ĠSo,1944,18
2016,Ġwithin,1942,19
1798,Ġpark,1938,527
39,C,1936,168
1838,Ġ10,1931,206
1981,Ġline,1921,870
2034,Ġago,1918,1
2043,Ġdogs,1910,1644
2051,ĠCounty,1899,0
286,es,1897,300
1836,Ġlow,1895,130
2056,Ġeither,1895,113
2042,ĠNational,1894,6
2064,Uh,1886,0
1212,Ġlaw,1882,14
276,on,1881,227
2039,ĠGAO,1879,0
2076,Ġcoming,1873,124
2078,Ġalready,1872,21
2080,Ġmeans,1868,3
1464,ĠJapan,1866,1
2083,ĠFrance,1865,3
1593,the,1863,62
568,ĠK,1862,260
2033,Ġmillion,1862,0
21,1,1858,438
1175,Ġfriend,1855,170
2089,Ġusually,1855,0
1840,Ġfree,1852,20
1670,Ġmain,1851,608
2093,Ġwords,1849,171
2095,Ġmiles,1847,0
295,as,1841,464
1174,Ġinterest,1838,6
2102,Ġgone,1838,13
2106,Ġbecome,1833,0
2107,Ġoffice,1833,140
2110,Ġeasy,1829,18
2103,ĠLSC,1827,0
2112,Ġboat,1827,1659
2113,Ġseems,1827,31
1049,Ġstart,1824,24
2090,Ġson,1823,87
2121,Ġkept,1821,126
294,al,1820,442
2128,ĠFebruary,1817,0
1822,Ġjob,1816,24
1814,Ġunderstand,1815,0
2129,Ġlooks,1815,402
760,Ġstand,1810,440
1079,Ġrest,1808,178
2133,Ġthemselves,1808,2
2134,Ġfeet,1808,700
2099,Ġchurch,1807,85
2139,"Ġ,",1804,1895
432,ĠR,1803,316
1954,Ġmarket,1801,131
2144,Ġproblems,1800,4
73,e,1796,297
1547,Ġweek,1796,0
1579,Ġcertain,1795,1
406,ĠF,1792,360
2124,Ġword,1789,163
2154,Ġwhether,1788,2
282,en,1782,148
2161,Ġincluding,1781,45
71,c,1777,255
2141,ĠWorld,1776,8
2166,ĠBomba,1775,0
2118,Ġproblem,1774,5
2057,Ġhair,1765,5097
2060,Ġcapital,1765,1
2183,Ġhistory,1764,0
2151,ĠFrench,1757,19
2171,And,1757,1
2189,ĠBritish,1756,53
2191,Ġsometimes,1754,4
2157,Ġbody,1753,774
2177,Ġlocal,1752,75
1943,Ġbit,1750,94
2187,Ġtree,1747,1492
560,Ġ20,1746,42
2201,Ġalone,1746,169
2202,Ġstudy,1746,11
2209,Ġcosts,1735,0
2211,Ġperformance,1733,33
2212,Ġmanagement,1732,1
1387,Ġland,1731,45
2084,ĠEnglish,1731,30
2054,Ġhear,1729,32
2217,Ġplayer,1726,3396
2219,Ġpopulation,1725,2
1876,Ġcrowd,1724,4785
429,ĠG,1723,262
2105,Ġfootball,1721,681
2222,Ġstood,1720,13
2032,Ġround,1718,449
1916,Ġdark,1717,4660
2198,Ġ.,1717,60
2227,Ġavailable,1715,3
2230,Ġsingle,1713,228
2140,Ġhat,1712,5550
2204,It,1712,1
285,Ġm,1711,343
2145,Ġdear,1710,4
2240,Ġabove,1701,996
2242,Ġtried,1700,1
2244,Ġshows,1700,56
2245,Ġbased,1699,3
1833,Ġbed,1698,1786
273,is,1695,233
1678,Ġpresent,1693,44
420,ĠN,1689,343
1777,Ġsix,1686,280
1816,Ġnorth,1684,19
2150,Ġsort,1683,156
2257,Ġready,1681,257
2259,Ġparty,1677,172
1358,Ġplan,1671,25
277,it,1670,97
1881,Ġmajor,1669,7
2213,Ġbrown,1669,8794
2267,Ġsleeping,1668,289
1388,Ġ6,1661,316
2275,Ġwife,1653,54
1897,Ġ15,1649,68
2232,ĠSan,1646,8
2285,Ġsomeone,1645,414
1711,Ġsent,1644,2
2270,Ġyellow,1643,8087
2288,Ġsite,1643,52
2291,Ġneeded,1642,0
2298,Ġexample,1638,0
2304,Ġinclude,1633,7
1793,Ġsupport,1629,20
2123,Ġten,1629,124
2308,Ġworked,1629,7
1686,Ġwall,1627,1802
2313,ĠTommy,1624,2
1719,Ġnews,1622,41
2120,Ġhorse,1619,4508
1963,Ġquestion,1618,4
2326,Ġwouldn,1615,1
1408,Ġreport,1613,1
2265,Ġhope,1609,6
2337,ĠMany,1609,1220
2338,Ġagencies,1609,0
2343,Ġseries,1608,65
1098,Ġturn,1606,69
1565,Ġview,1605,701
2347,Ġreceived,1605,0
2348,ĠTexas,1605,12
2224,Ġpaper,1603,978
2350,ĠJanuary,1602,1
1867,Ġdeal,1601,0
2332,Ġask,1600,2
2108,Ġpopular,1599,3
2354,Ġpicture,1599,2340
2357,Ġcouldn,1596,0
2358,Ġhowever,1594,0
2037,Ġgrass,1590,1684
2362,Ġolder,1590,1574
2364,Ġvillage,1589,9
2221,ĠCongress,1584,0
2371,Ġnamed,1584,51
2372,Ġprovide,1584,0
2376,Ġcomes,1580,2
2379,Ġchanges,1578,3
1722,Ġprocess,1572,14
2388,Ġhappy,1570,139
2389,Ġdressed,1570,716
2390,Ġliving,1568,186
2395,Ġeating,1565,1462
2400,Ġlonger,1559,86
2356,Ġfine,1555,18
2406,Ġactually,1553,9
1421,ĠHow,1551,1
2413,Ġhours,1546,2
2035,Ġmail,1543,28
2415,Ġworks,1543,42
2416,ĠTuppence,1543,0
2417,Ġagency,1541,0
480,ĠO,1537,269
2422,Ġdepartment,1537,22
2424,Ġconsidered,1535,0
2207,Ġdistrict,1533,1
1815,Ġsnow,1532,1290
1873,ĠHer,1532,9
2429,Ġ-,1531,34
76,h,1529,293
1483,Ġstop,1524,346
2281,Ġran,1520,2
2296,Ġmembers,1519,433
2447,Ġherself,1519,32
65,],1515,23
1339,Ġform,1515,38
1360,Ġdress,1515,2702
2316,Ġhuman,1515,80
2334,ĠNow,1515,1
2450,ĠBessie,1515,0
1893,ĠBen,1514,2
2451,Ġplays,1513,67
2384,Ġremember,1512,2
2453,Ġtrees,1512,1611
1317,Ġsit,1511,58
1760,Ġcut,1511,1387
2455,Ġworkers,1511,997
2458,Ġbaby,1510,2808
1687,Ġrock,1509,700
2012,Ġ16,1509,49
1978,Ġreason,1504,0
2088,Ġbring,1504,0
81,m,1501,166
2469,Ġhappened,1499,0
2470,Ġbeautiful,1499,235
2471,Yeah,1498,0
1526,ĠDo,1495,5
2336,.',1495,3
2430,ĠSir,1492,0
2478,Ġmonths,1490,0
2479,Well,1489,0
82,n,1488,202
2482,Ġtoday,1487,1
2483,Ġguy,1487,6884
2065,ĠAct,1484,2
2167,Ġsouth,1481,17
2418,Ġhusband,1479,30
2468,ĠJane,1478,4
1956,Ġspeak,1476,0
2496,Ġmyself,1475,1
2497,Ġmoved,1474,7
2499,Ġfinancial,1473,0
2481,Ġones,1472,136
2505,Ġregion,1468,3
2392,Ġbuy,1467,27
2247,born,1466,6
2464,ĠYes,1466,2
2506,Ġtakes,1466,12
2512,Ġallowed,1465,3
23,3,1464,128
2516,Ġlocated,1462,57
1782,Ġsat,1461,135
2518,Ġstands,1461,343
663,ĠV,1460,179
2521,Ġfuture,1459,6
2522,Ġanyone,1458,16
1858,Ġcurrent,1457,3
2007,Ġ12,1457,272
2117,Ġhundred,1457,1
2438,Ġdecided,1457,1
2525,ĠJuly,1457,2
2070,but,1454,3
1180,Ġart,1453,239
1767,ĠMay,1452,1
2534,Ġbooks,1452,435
2492,ĠMost,1451,17
2488,Ġfinal,1450,1
2537,Ġhaven,1450,0
80,l,1446,250
2526,ĠTHE,1446,1145
2542,Ġpassed,1446,7
2433,ĠHouse,1444,5
290,Ġd,1442,290
2087,Ġband,1442,1370
2477,ĠCity,1442,40
2511,Ġcenter,1442,301
2517,Ġlate,1442,8
2476,Ġsummer,1440,93
2109,Ġyes,1431,4
2561,Ġbike,1429,3222
1485,Ġhour,1428,28
2520,Ġchance,1424,1
2459,ĠPresident,1422,5
38,B,1418,116
2445,Ġfell,1418,10
1041,Ġhold,1417,140
2581,Ġminutes,1415,6
2583,Ġneeds,1414,8
386,ĠW,1413,254
2549,Ġtrain,1413,2003
2586,Ġsaving,1412,0
2148,ĠWith,1411,8
2588,Ġwritten,1411,143
2594,Ġissues,1408,2
1612,ĠMan,1406,2378
2600,Ġgoes,1401,14
2328,Ġeat,1397,185
2607,Ġmiddle,1394,1629
2609,ĠAmerica,1393,28
2005,Ġclear,1391,451
2004,ĠBart,1389,1
2616,Ġdollars,1389,1
1780,Ġvisit,1387,0
2622,Ġ2020,1387,0
2593,Ġfloor,1386,862
2624,Ġchanged,1385,2
88,t,1383,385
2383,ĠGod,1383,4
2317,ĠCa,1381,3
2631,Ġtelevision,1380,183
2541,ĠTom,1379,8
2635,Ġmember,1378,117
1530,Ġhot,1377,827
1588,Ġ8,1377,271
2639,Ġwish,1377,5
2642,ĠNovember,1375,2
72,d,1373,188
2258,Ġamount,1373,96
2601,Ġtype,1373,181
2501,Ġseason,1370,8
40,D,1367,201
1011,Ġseem,1367,4
2239,Ġhealth,1366,2
272,at,1364,337
2634,Ġprivate,1363,7
2648,Ġpiece,1362,2053
1716,Ġsun,1361,290
2650,Ġcompletely,1361,141
2439,Ġsea,1357,120
460,os,1356,253
2111,ĠWar,1356,32
2655,Ġrate,1355,1
319,Ġre,1354,33
2656,Ġfollowing,1354,96
2602,Ġcomputer,1353,1207
2659,Ġinteresting,1352,25
2660,Ġsits,1351,412
298,le,1349,462
1554,Ġ7,1349,410
1766,Ġ17,1346,33
2664,Ġswimming,1346,264
2665,Ġcreated,1345,1
456,ĠE,1344,167
2069,Ġstrong,1344,9
2666,ĠUniversity,1344,15
2465,Ġstuff,1343,361
2673,Ġbenefits,1340,0
1723,Ġmeet,1339,18
400,us,1336,124
628,Ġper,1336,58
2502,ĠSouth,1335,34
1635,Ġtax,1333,7
2680,Ġplaces,1333,15
2681,Ġdue,1332,3
2684,Ġvalue,1330,0
2309,ĠIndian,1329,248
2041,ĠDon,1327,61
2283,ĠBy,1326,5
49,M,1325,140
89,u,1324,119
2690,ĠOctober,1323,1
2398,Ġdead,1321,110
1735,Ġsound,1319,34
2570,Ġgeneral,1319,1
2126,ĠKing,1315,7
2628,Ġwrong,1314,10
2698,Ġwaiting,1314,189
880,man,1311,155
70,b,1310,238
2702,But,1310,0
2703,Ġareas,1310,9
2707,Ġorganizations,1308,0
2708,Ġanalysis,1308,0
2709,Ġtoward,1306,194
2718,Ġ2021,1300,0
2346,Ġperiod,1299,57
2720,Ġwrote,1297,3
2500,Ġformer,1296,4
2724,ĠApril,1294,1
2726,Ġlikely,1293,6
1455,Ġfun,1291,22
2727,Ġcried,1291,0
292,ar,1289,123
2730,Ġsystems,1289,1
2731,Ġanswered,1289,0
2446,Ġboard,1286,1367
2733,ĠSeptember,1286,0
1623,Ġenjoy,1285,2
2295,Ġpresident,1285,9
2715,ĠTV,1285,207
2735,ĠHowever,1284,0
2736,Ġtwenty,1284,10
2359,ĠOh,1283,2
2683,aan,1282,1
2741,ĠJames,1281,4
2742,Ġspoke,1281,1
435,ĠJ,1280,179
2743,Ġcovered,1280,634
2745,Ġattention,1277,26
1189,Ġmet,1274,18
2748,Ġletter,1274,149
2752,Ġcommunity,1272,28
2754,Ġtowards,1271,431
2755,Ġsaying,1271,17
2072,Ġlevel,1268,47
2617,ĠNorth,1267,10
2760,Ġresults,1267,0
2761,Ġclothes,1267,1425
2764,Ġlanguage,1265,13
2595,Ġstation,1264,209
2770,ĠFrom,1260,2
79,k,1259,265
2771,ĠDavid,1259,1
2772,Ġgets,1258,11
25,5,1253,30
433,ist,1253,87
2779,Ġpolitical,1253,14
2781,Ġeveryone,1252,95
302,ic,1249,178
1862,Ġfight,1248,17
1924,ĠNot,1245,42
2788,Ġinstead,1243,6
2322,Ġworth,1240,1
2756,Ġtill,1240,2
2797,Ġrace,1234,288
2768,Ġfamous,1232,1
2808,Ġrequired,1231,0
2670,Ġmodern,1229,56
343,am,1227,134
2811,Ġlives,1227,0
2780,ĠStreet,1226,73
2812,Ġreleased,1225,0
287,Ġp,1224,518
2463,Ġ14,1224,53
2636,Ġled,1223,39
2816,Ġreturned,1223,0
56,T,1222,779
2657,Ġcold,1222,64
2672,Ġcourt,1221,231
2769,Ġstates,1221,2
2696,ĠWhite,1219,835
2738,Ġposition,1219,108
1615,Ġdesign,1215,165
2806,Ġaren,1215,5
2825,ĠJune,1215,1
2827,Ġparents,1214,150
2829,Ġoutdoors,1213,165
2833,Ġwindow,1211,1319
2640,Ġpool,1210,398
2838,Ġreading,1210,208
626,ia,1209,69
2839,Ġreached,1208,3
2842,Ġinvolved,1208,1
2011,Ġmove,1207,17
2844,Ġrules,1207,3
1975,Ġlay,1206,31
2845,ĠLegal,1206,1
2807,ĠState,1204,13
2848,Ġtrouble,1204,1
2849,Yes,1203,0
2853,ĠMarch,1203,8
1429,Ġeffect,1202,0
2854,Ġstage,1202,363
2857,ĠJapanese,1202,134
2674,ĠAugust,1200,0
2861,What,1200,0
2864,Ġcases,1200,30
1113,Ġ18,1199,50
2869,Ġfollowed,1198,12
2872,Ġweather,1197,51
75,g,1195,185
24,4,1193,88
94,z,1192,66
2712,Ġglad,1192,1
2879,Ġsecurity,1190,65
2182,Ġstore,1188,346
2881,Ġmarried,1188,36
2882,Ġtechnology,1188,7
2826,Ġtotal,1187,11
2493,Ġcommon,1186,2
2886,Ġespecially,1185,2
2890,Ġthird,1184,337
2893,ĠFederal,1183,0
2894,Ġfish,1181,527
2896,ĠMaggie,1180,0
2898,Ġdaughter,1179,78
84,p,1178,383
2900,Ġincrease,1177,2
2905,Ġcollege,1176,70
2647,Ġsimilar,1175,152
2599,ĠWest,1174,13
2908,ĠEngland,1174,2
2858,",'",1173,0
1559,Ġresult,1170,0
2914,Ġjumping,1169,367
2805,Ġeast,1166,45
2922,Ġitself,1163,120
52,P,1159,200
2936,Ġquickly,1157,3
431,ie,1156,276
2939,Ġarms,1155,1854
2942,Ġsense,1153,1
2950,Ġorganization,1151,1
269,Ġo,1150,1356
2952,Ġincluded,1150,2
1249,Ġsign,1149,1390
2555,Ġmuseum,1149,18
2955,Ġokay,1147,18
2957,ĠIndia,1147,10
2962,ĠCalifornia,1144,6
2847,Ġ30,1143,47
2432,Ġnon,1142,55
2972,Ġadded,1139,4
2973,Ġanswer,1139,2
2523,Ġbrother,1138,37
2974,ĠIts,1138,1
2975,Ġplayers,1138,1653
2976,Ġmovies,1138,0
2573,Ġsubject,1137,15
2981,Ġreplied,1135,0
2984,Ġbaseball,1134,2307
1697,Ġ9,1133,765
2436,Ġspecial,1133,22
2799,Ġmountain,1133,393
2986,Ġstudies,1133,0
2964,Ġpink,1131,5437
2988,Ġquality,1131,1
2989,Ġopened,1131,118
2991,Ġquestions,1130,2
2992,ĠWhy,1129,0
2993,ĠDecember,1129,0
2352,Ġdifficult,1123,2
3002,Ġcompanies,1123,3
1590,Ġreturn,1122,5
3005,Ġwhom,1122,78
3006,Ġrole,1122,2
3009,Ġcontinued,1122,0
3011,Ġwhose,1120,526
3012,Ġperhaps,1119,10
2557,Ġ11,1118,271
3015,ĠGeorge,1118,4
3020,Ġpaid,1115,1
3022,Ġmilitary,1115,364
3024,Ġoriginal,1115,8
2823,Ġsight,1111,32
425,ate,1110,106
2820,Ġself,1110,38
2987,Ġhuge,1109,179
3032,Ġgames,1108,91
2618,Ġ13,1106,65
3036,Ġexactly,1106,21
2932,Ġhit,1103,167
3039,No,1103,0
3044,Ġmaybe,1102,47
3045,Ġexpected,1102,0
3049,Ġcounty,1100,2
3050,Ġprovided,1100,0
3051,Ġterrible,1099,2
2834,Ġstaff,1097,54
274,Ġb,1096,552
1609,Ġmonth,1095,0
86,r,1093,185
2983,ĠEven,1092,0
3067,Ġthinking,1091,10
74,f,1086,218
2960,Ġrisk,1086,1
3016,Ġforward,1086,219
3077,ĠChinese,1086,157
3078,Ġstopped,1086,46
2363,ĠUS,1083,140
3084,Ġkilled,1081,1
2965,Ġwest,1080,48
3085,Ġseat,1080,1094
3047,Ġcause,1078,2
3089,Ġanimals,1078,289
3091,Ġseven,1076,150
3092,ĠAsian,1076,1423
3093,Ġwants,1075,8
3094,ĠService,1075,5
3096,Ġcareer,1074,0
3097,ĠEdna,1074,0
3101,Ġpublished,1073,0
1304,Ġlead,1072,227
301,Ġn,1070,320
2231,Ġcover,1070,274
3106,Ġissue,1070,0
2821,Ġmodel,1069,56
3108,Ġsave,1067,3
2831,ĠWell,1066,1
42,F,1065,202
1886,Ġcat,1065,2459
3088,Ġresearch,1065,1
3111,Ġcaught,1065,25
3113,Ġstandards,1065,0
1428,Ġfoot,1064,509
2722,Ġfast,1063,45
3117,Ġhouses,1063,122
630,able,1061,145
1418,ism,1060,29
3124,Ġbelow,1060,346
3105,ĠII,1058,2
2967,Ġoffer,1057,4
2757,Ġbudget,1055,0
3055,Ġpolicy,1055,1
3139,Ġnearly,1052,43
3140,Ġcollection,1052,72
1945,Ġla,1051,20
3146,Ġcountries,1049,19
3147,Ġconstruction,1049,636
3148,Ġfurther,1049,205
3151,Ġlake,1047,255
2817,We,1045,0
3154,Ġgroups,1045,150
3156,Ġspent,1044,1
318,st,1043,253
1998,Ġspend,1041,0
3063,Ġdrive,1040,28
2426,Ġfellow,1039,55
3164,That,1039,1
1861,Ġfall,1038,41
3169,Ġfemale,1038,933
3171,Ġaction,1036,24
1496,Ġlist,1035,8
2824,Ġchair,1035,7155
3176,Ġdistance,1034,120
3177,Ġappeared,1034,0
3183,Ġnecessary,1031,0
3187,Ġ*,1029,1
3188,Ġrequirements,1029,0
265,re,1028,62
3082,Ġwait,1027,19
3191,Ġways,1027,9
3195,Ġvarious,1026,656
3197,Ġbuildings,1025,574
3202,Ġ2000,1023,2
3204,Ġincome,1023,0
3205,Ġjacket,1023,5508
3159,Ġhappen,1022,0
3210,Ġ2018,1022,0
3214,Ġcarrying,1021,413
3215,Ġeconomic,1020,0
1285,ĠIs,1019,9
2566,Ġarm,1014,1634
3198,Ġwinter,1013,426
3238,ĠTheir,1009,1
3102,Ġmouth,1008,1493
3244,Ġrelated,1008,6
3245,Ġterm,1008,1
3246,ĠAdrin,1008,0
1804,Ġclass,1007,178
3250,Ġevening,1007,17
3254,Ġactivities,1006,9
3213,Ġstone,1002,492
3260,ĠOur,1002,4
3262,Ġclosed,1001,258
3230,Ġll,1000,8
3267,Ġride,999,187
54,R,998,187
333,et,997,343
1269,Ġfollow,997,3
3273,Ġgiving,997,81
3277,Ġexperience,996,0
3279,Ġafraid,995,1
3281,Ġemployees,994,45
3282,Ġproposed,993,0
3178,Ġbackground,992,1308
3291,Ġdevelopment,991,4
3296,ĠWashington,987,12
2711,Ġaccess,986,6
3223,Ġice,986,626
3300,ĠLondon,985,29
371,ation,984,30
3304,Ġsoccer,984,1243
3008,Ġsky,983,358
3310,ĠDrew,982,1
3312,Ġresources,982,0
3313,century,982,0
26,6,980,28
3319,Ġsituation,980,1
3236,Ġpersonal,979,32
3323,Ġraised,979,190
2649,Ġcoast,978,11
827,Ġact,977,16
2238,ĠGerman,977,39
3328,Ġbeyond,977,13
558,ian,976,65
3332,ĠDallas,974,3
3335,Ġlargest,974,383
3336,Ġdancing,973,47
41,E,972,714
262,he,972,93
3338,Ġevidence,971,0
2226,Ġlearn,969,1
2536,Ġgold,969,625
3344,Ġplans,968,3
3345,Ġyourself,968,1
2286,Ġattack,967,3
3352,Ġcamera,967,3011
3329,Ġheavy,966,166
50,N,965,145
3278,Ġshot,965,148
3356,Ġancient,965,13
3359,Ġanimal,965,1092
3360,Ġalthough,964,0
3361,Ġorange,963,6139
3362,Ġfigure,963,145
43,G,961,270
527,Ġ19,961,29
3152,",--",961,0
3366,Ġsister,961,27
3372,ĠGeneral,959,0
3340,Ġreach,958,22
2333,Ġship,957,236
3377,Ġholds,956,175
3378,Ġinterested,956,12
3380,Ġdelivery,955,24
2603,Ġthousand,954,2
3192,Ġgarden,953,80
3384,ĠDuring,953,0
3386,Ġdinner,953,147
463,ies,952,197
3194,Ġknowledge,952,0
3334,Ġprice,952,18
3387,Ġfeeling,952,2
3389,Ġremained,951,0
2645,Ġcharacter,950,34
3357,Ġ100,949,9
9,%,948,2
3081,Ġmatch,948,77
3399,Ġsteps,948,262
2315,Ġeight,947,80
3403,Ġhelped,947,5
3404,Ġsuppose,947,0
2951,Ġcatch,945,243
3410,Ġshowed,945,4
3411,Ġserved,945,41
48,L,944,118
2589,Ġevent,943,46
3374,Ġforce,943,16
3417,ĠChina,943,18
3418,ĠNobody,943,1
455,el,942,218
2553,Ġsong,942,6
3023,Ġcampaign,942,7
2971,Ġimpact,940,0
3114,ĠFour,940,2159
2850,Ġwide,939,177
3427,Ġ2019,938,0
363,ch,935,141
3434,Ġwalks,934,45
3435,ĠPoirot,934,0
3119,Ġagree,931,1
3438,Ġmale,930,1059
3441,Ġindustry,930,0
2938,Ġkid,929,1946
1887,Ġaccount,928,0
3444,Ġcarried,928,99
1755,Ġtest,927,37
2927,ĠRoman,927,11
3447,ĠOnly,927,26
3449,Ġcertainly,926,1
3450,Ġwatched,925,7
3452,ĠFlorence,924,0
47,K,922,491
1977,to,922,42
2165,Ġbreak,922,15
2404,Ġsand,922,777
3455,Ġcities,922,1
3456,Ġcorner,921,1497
2944,ĠRed,920,516
3459,Ġcomments,920,0
3460,ĠSpanish,920,10
3462,Ġruns,918,18
3465,Ġknows,917,1
2160,Ġwonder,916,0
2921,Ġhill,916,273
3467,Ġphone,916,1929
3468,Ġplanning,916,0
2924,Ġbright,913,963
3320,Ġlower,911,495
3483,Ġhigher,910,158
3485,Ġdrinking,909,346
3486,Ġeasily,909,5
408,est,908,909
1681,Ġbar,908,381
44,H,907,216
3495,Ġsmiling,906,990
2970,Ġsafe,904,5
1444,Ġwind,902,75
3473,Ġindividual,902,72
2740,Ġdeep,901,79
3207,ĠOld,900,83
3508,Ġsir,900,5
3511,Ġreports,900,1
3253,Ġmeant,899,14
415,em,898,86
3412,Ġnatural,896,15
3518,ĠBush,896,10
3331,ĠSaint,894,1
3437,Ġbench,893,2332
3443,ĠEast,893,9
3527,Ġcommune,893,0
324,ad,892,190
2179,Ġreview,892,0
3477,Ġsidewalk,892,1162
3529,Ġnor,892,7
3531,Ġbusy,892,194
3534,Ġbeginning,890,36
2867,Ġking,889,12
3536,Ġeconomy,889,0
3538,Ġpolice,888,522
554,ĠY,887,131
3540,Ġeducation,887,0
3398,Ġfilm,886,36
3464,Ġkitchen,886,393
2919,Ġtravel,885,31
3251,ĠMen,885,825
3543,Ġcaused,885,0
3544,ĠCHAPTER,885,0
3550,Ġweeks,883,0
3439,Ġspace,882,132
3553,Ġwalked,882,7
3478,He,881,0
3498,ĠMuseum,880,3
3499,Ġhorses,880,524
3558,Ġfishing,880,149
2143,Ġproject,879,49
1223,ness,878,10
3565,that,877,2
3568,Ġshopping,877,270
2837,Ġsend,876,0
3138,Ġspot,876,211
3350,ĠRiver,876,2
3506,Ġought,876,0
3572,Ġdefinitely,876,0
565,ine,874,140
27,7,873,41
3577,Ġstyle,873,147
3578,Ġparts,873,66
1546,Ġallow,872,1
3580,Ġgrew,872,0
3582,Ġrights,871,1
3583,ĠJulius,871,0
310,ot,870,128
3028,Ġrain,870,200
3272,Ġkey,870,81
1551,Ġsleep,869,16
3586,Ġapproach,869,3
2621,Ġquiet,868,7
2778,Ġdrink,868,606
3129,Ġsuit,868,2054
3589,ĠWhile,867,2
3591,Ġstreets,867,75
3475,Ġdoctor,866,34
3597,Ġ2022,866,0
3601,Ġslowly,865,1
3219,Ġblood,864,54
3604,Ġgray,864,3771
2068,Ġcarry,863,31
3566,Ġsports,863,248
3606,Ġwhatever,863,23
3609,Ġ2010,863,16
3610,Ġsignificant,863,5
410,um,862,35
2434,Ġgun,861,150
3614,Ġfilled,861,288
3620,Ġrestaurant,861,274
3624,Ġequipment,860,485
608,Ġun,859,135
636,ĠCh,858,28
1219,Ġpass,858,47
3632,Ġdeveloped,858,1
28,8,857,39
2147,Ġsold,857,8
3126,Ġpath,857,298
3635,Ġpolitician,857,2
3637,Ġcharge,856,5
3149,Ġmaster,855,5
3642,Ġafternoon,855,0
3643,Ġmeeting,855,12
1907,Ġsuccess,854,0
346,ur,853,48
549,ated,852,70
3342,Ġguitar,851,727
2786,Ġwild,850,70
1640,Ġwin,849,23
3567,Ġdecision,849,0
3655,Ġcars,849,743
3656,Ġpractice,849,33
3658,Ġevents,848,0
3208,Ġ25,847,30
3325,Ġsocial,847,4
3661,Ġended,847,0
3469,ĠCommission,846,0
3663,Ġdesigned,846,29
3665,Ġarmy,845,138
1710,Ġshop,844,209
3668,Ġpalace,844,3
316,id,843,59
3249,Ġnation,843,5
3287,Ġalcohol,843,53
369,il,842,156
3505,Ġreported,842,0
2254,Ġcross,841,210
3674,Ġmostly,841,397
3675,ĠAlexander,841,0
303,Ġl,840,454
3677,Ġbelieved,840,0
3519,Ġnotice,839,2
3682,Ġnature,838,12
3684,Ġmoving,838,102
3017,ĠMary,836,4
3426,Ġaccording,836,1
3690,ĠOf,836,3
3691,Ġexpensive,836,12
1841,Ġwood,835,624
3695,Ġmanner,834,2
3504,Ġshare,833,13
3700,Ġvideo,833,339
3280,Ġstraight,832,321
2234,ĠEurope,831,2
3704,Ġbought,831,0
3705,Ġtraining,831,26
3706,Footnote,831,0
2547,Ġentire,830,96
3217,Ġfear,830,0
3707,Ġdriving,830,225
3708,Ġtalked,830,0
3095,Ġclub,829,60
2935,Ġexcept,828,29
3712,Ġculture,828,12
3652,Ġhurt,827,3
3375,Ġ21,826,33
3713,ĠSince,826,0
2014,Ġproduct,825,29
3718,Ġwriting,825,334
3719,Ġefforts,825,0
3721,Ġsuddenly,825,0
1884,Ġpost,822,168
2494,ĠJust,822,17
3734,Ġvote,822,2
3735,Ġincludes,822,5
2564,Ġparticular,821,3
3537,ĠHall,820,6
3666,Ġsquare,820,368
3737,Ġwrite,820,17
3738,Ġpieces,820,417
3739,Ġspending,820,1
639,ah,819,82
3744,Ġwalls,819,188
3745,Ġdifference,819,0
51,O,818,184
1020,Ġbus,818,3062
3749,Ġfighting,818,19
3751,Ġindeed,818,0
3408,ĠPark,816,16
1187,ĠSh,814,54
2344,Ġfair,814,39
3763,Ġrecently,814,11
3488,Ġstrange,813,51
3765,Ġdirection,813,68
2751,Ġbox,812,894
3767,Ġsize,812,58
3769,Ġmunicipality,812,0
3470,Ġsupposed,810,0
3170,ĠBill,809,6
3774,Ġperforming,809,41
3775,ĠSeveral,809,2625
3778,Ġexclaimed,808,0
3681,Ġhate,805,23
3786,Ġshown,804,323
3788,Ġestablished,804,0
3790,Ġmountains,803,201
2917,Ġtrack,801,381
3796,Ġcredit,801,15
3798,Ġrates,800,0
3799,Ġworse,800,1
3800,Ġstudents,800,533
1137,up,799,197
3513,ĠLa,799,7
3762,ĠHere,799,0
3803,Ġbasketball,799,435
29,9,798,40
3804,Ġbridge,798,206
3805,Ġ2001,798,0
3807,Ġrange,797,47
3161,Ġdoubt,796,0
3811,ĠAmericans,795,69
3812,Ġgenerally,795,0
3814,Ġfinished,794,18
3815,Ġsimple,794,10
3816,Ġvisitors,794,29
3817,Ġprofessional,794,62
3819,Ġeffective,793,0
893,ating,790,38
3828,ĠAlthough,789,0
3829,ĠEveryone,789,66
3833,Ġguys,788,662
3836,ĠPostal,788,0
3840,Ġfunds,787,0
3842,Ġsection,786,201
3847,Ġtemple,786,13
2519,Ġperfect,785,13
3747,ĠAunt,785,1
3848,ĠEPA,784,0
3850,Ġelection,784,5
2572,Ġglass,782,3235
3795,Ġtrade,782,1
1541,Ġcamp,780,30
3639,Ġbattle,779,13
3825,Ġ50,779,24
3860,Ġstories,779,6
3861,Ġrecent,779,2
3863,Ġsimply,779,1
3864,Ġtaxes,779,0
3868,ĠSomeone,778,132
3869,Ġleading,778,185
3826,Ġocean,777,354
3870,ĠJoe,777,7
3871,Ġspeaking,777,33
3872,Ġ1990,777,1
3636,Ġwear,776,207
3875,Ġlots,776,342
3876,Ġwonderful,776,2
1154,day,775,7
3660,Ġrich,775,4
3720,Ġeye,774,253
3883,Ġgives,774,7
3884,ĠWomen,774,306
3889,Ġdance,773,123
3893,Ġreporting,772,0
3894,Ġpainting,772,197
3896,ĠOffice,771,6
3902,ĠServices,770,5
3903,Ġahead,769,143
3906,Ġ1996,769,0
3907,Ġserve,769,40
3908,ĠCourt,769,0
3575,Ġforeign,768,48
3912,Ġfunding,768,0
3913,Ġcurrently,768,26
3914,Ġempty,768,1129
90,v,767,176
3916,ĠEuropean,767,28
3851,ĠRobert,766,2
3921,Ġhotel,765,58
3314,ĠChristian,763,3
3926,Ġincreased,763,0
3887,"_,",762,0
3931,Ġpoints,762,16
3337,Ġwarm,761,94
3935,Ġsounds,761,5
3937,ĠFirst,760,30
3938,Ġcrime,760,5
3939,Ġterms,760,0
3942,Ġtraditional,760,245
409,ant,759,179
2480,Ġpick,759,155
3383,Ġhall,759,48
3944,Ġmine,759,6
3947,Ġreceive,759,9
3457,hum,757,0
1927,Ġcomplete,756,47
3953,Ġlawyers,756,0
3873,ĠGovernment,753,0
3959,Ġpractices,753,1
317,Ġe,752,132
3228,Ġtrust,751,0
890,ĠAl,749,10
2071,Ġbase,749,307
2605,Ġofficial,749,27
3941,Ġbroken,749,73
3972,Ġstayed,749,0
3976,ĠSecurity,748,6
2287,Ġrecord,747,54
1870,19,746,16
3134,ĠWilliam,746,1
3203,ĠĠĠĠĠĠ,746,0
3984,Ġeffort,746,0
3985,Ġaddition,746,1
3987,Ġputting,744,95
59,W,743,250
3818,ĠItalian,743,8
3989,Ġagreed,742,1
3990,Ġflowers,742,1262
3991,ĠSpain,742,4
3901,ĠParis,739,2
3997,Ġgoals,739,0
3998,Ġimpossible,739,2
3999,Ġislands,739,1
91,w,738,163
488,one,737,101
2485,Ġconsider,737,0
3806,ĠSchool,737,44
4006,Ġmachine,737,341
1794,Ġgrow,736,2
4010,ĠBoth,736,10
4011,Ġremains,736,6
604,ish,735,431
4014,Ġleaving,735,25
4016,Ġuses,735,11
4020,Ġschools,735,0
2763,Ġbank,734,88
3746,Ġnone,734,2
4021,Ġseeing,734,53
4022,Ġinvestment,734,0
4024,Ġaverage,733,3
4027,Ġclothing,733,1641
4028,Ġtypes,733,104
4030,Ġstructure,733,190
700,ations,732,5
3980,Ġnames,732,11
4034,ĠHistory,732,0
4037,Ġarrived,731,2
422,Ġpro,730,18
4038,Ġentered,730,1
4041,Ġplaced,729,186
4042,Ġthroughout,729,1
4043,Ġrose,728,116
4045,Ġsorry,727,105
4048,Ġsmaller,727,1249
4049,Ġviews,727,3
4050,Ġsuccessful,727,0
1103,Ġbuild,725,3
3911,Ġcentral,725,68
1204,ists,724,43
3844,Ġspring,722,43
4065,Ġitems,722,594
4069,Ġgrowing,721,40
4070,Ġthinks,720,3
578,ra,719,434
4075,Ġbroke,719,2
4076,ĠJesus,719,12
4083,Ġkm,718,0
4084,Ġliked,718,1
4085,ĠGreek,718,6
4088,Ġjoined,717,2
4095,Ġgrowth,715,3
78,j,712,69
4102,Ġminute,712,4
1762,ĠZ,711,155
3808,Ġstandard,711,4
3954,Ġsell,711,2
4104,".,",711,4
4107,Ġleaves,711,489
4109,Ġlarger,711,554
3784,ĠAccording,710,0
4111,ĠIndians,710,21
3809,Ġremain,709,2
4115,Ġoffered,709,0
4116,Ġfinally,709,0
4117,Ġspecies,709,0
4118,Ġteams,709,692
3626,Ġalbum,708,21
3813,Ġtruth,708,0
4121,Ġplants,708,332
4122,"Ġ(""",708,1
4123,ĠGermany,708,1
3724,Ġfocus,707,241
3956,ĠSocial,707,0
4128,Ġproduced,707,0
4130,Ġlawyer,707,1
335,im,705,47
4013,ĠLake,705,2
4136,Ġeffects,705,1
4032,ĠGreat,704,15
4139,Ġdirected,704,3
3295,Ġstick,703,594
4143,Ġcontains,703,28
3056,Ġcivil,702,8
4152,Ġshops,701,84
275,Ġc,700,364
3696,ĠGood,700,8
4093,Ġserious,699,13
4154,ĠTime,699,7
4156,ĠInglethorp,699,0
403,un,698,31
1740,Ġexpect,698,0
2912,Ġcolor,698,1090
3772,Ġlength,698,53
4158,Ġwestern,698,50
4124,ĠDistrict,697,0
4166,Ġcoat,697,2180
4167,Ġactor,697,5
4168,Ġrefused,697,0
618,ings,696,240
3120,Ġaddress,696,6
4170,ĠBecause,696,0
4173,Ġbenefit,696,0
4174,Ġinfluence,696,0
4105,you,695,3
4179,Ġsetting,695,50
4180,""")",694,1
4183,Ġbeside,694,675
4187,Ġasleep,693,11
4188,ĠUnion,693,12
4190,Ġcoffee,693,778
4192,Ġaid,692,19
4194,Ġscene,692,81
3407,ĠOther,691,11
4051,Ġpurpose,691,2
4199,Ġtea,691,170
311,ion,688,70
3083,Ġpeace,688,133
3929,Ġ24,688,58
4127,Ġtowns,688,0
4208,Ġfeatures,688,4
3153,Ġkill,687,6
4211,Ġvolume,687,0
1970,Ġrequire,685,0
4217,Ġ1999,685,0
771,amp,684,22
4221,ĠItaly,684,2
4228,ĠLos,683,8
4232,Ġabsolutely,683,0
2539,ĠPhil,682,1
4235,Ġfounded,682,0
4237,Ġformed,682,2
4238,Ġimmediately,682,38
3612,Ġtall,680,1115
3793,Ġlaws,680,0
4242,Ġdrew,680,0
4244,Ġdropped,680,3
2271,Ġgrand,679,12
4248,ĠInternational,679,2
4249,Ġassistance,679,3
4250,Ġtired,678,19
2190,Ġobject,677,497
4257,Ġopinion,677,0
1265,ized,676,23
4259,Ġfully,676,379
4260,Ġmedical,676,79
4261,Ġlearned,676,1
61,Y,675,541
4018,ĠChurch,675,0
4268,ĠDepartment,675,4
4271,Ġconversation,674,15
4274,Ġsinging,673,38
4275,Ġ&,672,160
634,ans,671,173
4276,.),671,2
4278,Ġdestroyed,671,4
4279,ĠChildren,671,600
4280,Ġclients,670,1
4281,Ġyounger,670,385
4284,Ġexecutive,670,2
4285,Ġreligious,670,51
4287,Ġcensus,669,0
4289,Ġchoice,669,6
2029,Ġbegin,668,7
4297,Ġcontinue,668,0
2729,Ġdrug,667,4
4299,Ġfailed,667,2
4300,Ġfamilies,667,115
4301,Ġversion,667,17
288,Ġh,666,235
532,ak,666,118
4302,Ġlose,666,2
4304,Ġloved,666,4
12,(,665,15
4189,ĠAlbert,665,1
4230,ĠYoung,665,793
434,ab,664,105
4309,Ġprovides,664,0
4311,ĠTimes,663,5
4312,Ġfunny,663,136
3390,Ġspecific,662,7
4164,ĠYour,662,7
4313,Ġsmile,662,271
4318,ĠLeague,661,2
4319,Ġproduction,661,1
3634,ĠMore,660,11
4321,Ġthirty,660,5
4324,Ġproducts,660,98
4327,Ġperformed,659,0
4272,ĠKong,658,1
4331,Ġpants,658,4248
4333,Ġplenty,658,2
4336,Ġslaves,658,0
330,ay,657,54
3748,Ġshore,657,160
1475,by,656,209
4209,.--,656,0
3843,Ġchief,655,6
4346,Ġadditional,655,13
1290,ier,654,259
4349,Ġinternational,654,12
657,ors,653,86
4351,Ġ1998,653,0
4352,ĠJones,653,0
3971,Ġhospital,652,61
4355,Ġprices,652,18
329,ac,651,104
3834,Ġlabor,651,3
4357,Ġoil,651,80
4361,Ġ2012,651,10
4363,Ġbicycle,651,1065
3190,ĠAir,650,70
3895,Ġaware,650,0
4296,Ġlunch,649,128
4367,Ġtennis,649,2115
4369,Ġsuggested,649,0
4370,Ġofficials,649,19
3854,Ġsweet,648,50
4372,Ġstars,648,129
4374,Ġdie,647,5
4375,Ġlaid,647,30
4381,Ġfifty,646,8
2874,Ġdemand,645,0
4383,ĠHong,645,0
4385,Ġpleasant,645,4
4386,Ġaudit,645,0
421,ard,644,148
2250,Ġlad,644,35
4348,Ġannual,643,1
1036,Ġcap,642,1654
3428,Ġearth,642,15
4393,ĠParty,642,6
553,ry,641,68
3600,Ġregular,641,28
4394,year,641,5
4397,Ġdirectly,641,485
2027,ĠEvery,640,7
4401,ĠChristmas,640,108
4402,Ġsurrounded,640,85
4403,ĠCaptain,640,0
4404,ĠRichard,640,4
4405,ĠAngeles,640,8
1087,ĠLe,639,31
4412,ĠUncle,639,3
4414,Ġauthority,639,2
4415,Ġannounced,639,0
3946,Ġdry,638,70
2907,Ġclean,637,65
3487,ĠLouis,637,2
4098,Ġgoal,637,109
4270,Ġnorthern,637,5
4339,Ġavoid,637,1
4419,Ġnine,637,72
4424,Ġ2011,636,2
4425,Ġsites,636,3
4426,Ġresponsible,636,0
4430,Ġclimbing,635,77
3062,ĠDr,634,12
4431,Ġnumbers,634,257
4432,Ġrocks,634,696
3030,Ġplant,633,719
4435,Ġnote,633,31
4436,Ġplease,633,11
4099,Ġ23,632,34
4376,ĠCup,632,34
4440,Ġproperty,632,6
4441,ĠJewish,632,17
4443,Ġlying,631,430
3431,ĠIsland,630,3
4448,Ġforced,630,0
4455,Ġjustice,629,1
4457,Ġeverybody,629,1
4460,Ġjeans,629,3048
3592,Ġforest,628,147
4464,Ġwooden,628,1766
4465,Ġindividuals,628,398
4466,Ġdeclared,628,0
462,ity,627,5
2116,Ġport,627,46
4471,Ġofficer,627,210
737,ates,626,14
4474,Ġpatients,626,6
4475,ĠSunday,626,2
2614,ĠEl,625,9
4316,Ġbear,625,3243
4476,Ġshoulder,625,706
2299,Ġstep,624,97
4482,Ġletters,624,189
4483,Ġedge,624,1123
4484,Ġsociety,624,6
4490,Ġactions,623,0
4491,Ġ2016,623,0
4492,Ġprepared,623,26
58,V,622,55
4495,Ġshorts,622,3582
4498,Ġcreate,622,1
4499,ĠPeggy,622,0
4500,Ġdrugs,622,0
4502,Ġforces,621,12
4504,Ġsomebody,621,15
4505,Ġleader,621,74
4506,Ġmedia,621,8
4507,ĠMichael,621,4
4508,Ġopportunity,621,0
4437,Ġtrip,620,16
4513,Ġcritical,620,0
4515,Ġdetermined,620,4
2646,Ġmethod,619,0
4516,ĠDave,619,3
4519,Ġ1997,619,0
4015,Ġtruck,618,2306
2871,Ġnet,617,273
4286,??,617,3
4527,Ġ1995,617,0
4528,Ġstatue,617,222
4529,Ġflying,617,195
711,we,616,52
2050,Ġquick,616,4
4530,So,616,0
4532,Ġability,616,0
4534,ĠGervaise,616,0
2706,Ġattempt,615,2
4542,ĠBefore,615,3
4544,Ġgreater,615,0
4545,Ġgathered,614,4
4546,Ġstarting,614,59
3066,Ġimprove,613,0
4178,Ġforget,613,0
4547,Ġyard,613,119
368,ter,612,153
4550,Ġemissions,612,0
4551,Ġmultiple,612,199
4552,Ġsavings,612,0
3599,ĠMark,611,4
3621,Ġfresh,611,97
3069,Ġdanger,610,5
4353,Ġstock,610,6
4560,Ġsilent,610,0
3918,Ġcard,609,197
4561,Ġdirector,609,4
4566,Ġparticularly,608,2
4567,Ġsource,607,4
4570,Ġentities,607,0
4571,Ġrooms,607,0
4182,Ġnarrow,606,70
4575,ĠPeter,606,4
4577,Ġshouldn,606,2
4578,Ġrides,606,35
4579,Ġperfectly,606,8
715,so,605,8
4580,Ġshoes,605,1190
4582,Ġglasses,605,4182
4543,Ġwoods,604,133
4584,Ġreasons,604,1
4585,Ġentrance,604,65
4535,.],602,0
4593,Ġanyway,602,2
4595,Ġguide,602,16
4596,Ġdiscovered,602,0
4598,Ġindependent,602,1
3622,Ġfrog,601,30
4137,ĠTI,600,38
4604,Ġequal,600,2
4605,Ġreduce,600,1
4609,Ġworst,599,1
4610,Ġanywhere,599,18
4611,Ġenergy,599,3
4612,Ġgrown,599,54
4613,Ġhardly,599,17
4614,Ġbirds,599,280
4615,ĠRosamund,599,0
4620,Ġlevels,598,6
4622,Ġdescribed,598,0
4623,Ġdate,597,11
4625,Ġlines,597,141
4626,Ġchoose,597,1
4627,Ġprovince,597,0
4628,Ġideas,597,1
4629,Ġsurprise,597,2
4630,Ġemergency,597,44
2096,of,596,36
2933,ĠFrank,596,1
4283,Ġlisten,596,0
4413,Ġuseful,596,2
4462,Ġspeech,596,4
4640,Ġbasis,595,0
339,se,594,73
375,Ġk,594,184
4649,Ġpaying,594,8
4650,Ġfavorite,594,15
4651,Ġsafety,594,484
378,Ġr,593,195
1209,less,593,182
4657,Ġlaughed,593,0
4660,Ġoperations,592,0
4661,Ġsoldiers,592,153
4662,Ġsurface,592,138
3222,Ġcheck,591,87
4087,Ġbeat,591,13
4666,Ġcompetition,591,22
4589,ĠLittle,590,265
4667,Why,590,0
4669,Ġoffers,590,3
4672,Ġpulled,590,103
4673,ĠAfrican,590,468
332,ro,589,105
4231,ĠBlack,589,788
4345,Ġworry,589,2
4685,Ġlimited,589,0
407,all,588,78
3823,Ġlack,588,9
3858,ĠAre,588,0
4687,Ġresponse,588,3
4688,Ġsenior,588,32
4689,Ġelderly,588,529
833,les,587,355
2739,like,587,82
3143,Ġbag,587,2112
4695,Ġlovely,587,9
4696,ĠRepublican,587,0
4697,Ġanymore,586,1
4698,Ġsurprised,586,26
4700,Ġaged,585,79
4702,Ġturning,585,56
304,Ġg,584,350
447,out,584,81
4706,Ġcooking,584,103
4711,Ġexcellent,584,1
3605,ĠIsrael,583,3
4714,Ġpostal,583,4
4715,Ġseparate,583,48
3247,Ġenvironment,582,6
4354,Ġ27,582,32
4717,ĠJerusalem,582,0
2567,for,581,0
3725,10,581,28
4721,Ġguns,581,118
299,Ġth,580,65
808,ons,580,94
3619,Ġcorrect,580,40
4080,Ġloss,580,0
4400,ĠBrown,580,355
4726,ĠEach,580,0
4730,Ġgoods,580,204
4731,Ġ2002,580,1
4732,Ġmetal,580,705
4736,ĠLady,579,147
4738,Ġinsurance,579,4
4739,Ġpainted,579,305
383,ol,578,145
4740,Ġtone,578,10
4749,Ġpleasure,578,1
4750,Ġstairs,577,227
4752,Ġtelling,577,2
3866,Ġbill,576,18
4522,Ġ28,576,40
4754,Ġaffected,576,2
4755,ĠToday,576,0
748,ens,575,41
4269,Ġ22,575,37
4258,Ġsick,574,17
4759,Ġbird,574,1144
4760,Ġbeaches,574,0
4761,Ġonto,574,77
4762,Ġselling,574,12
4765,Ġairport,574,84
4290,ĠKal,572,0
796,Ġco,571,59
4769,Ġnobody,571,14
4770,Ġsomewhat,571,19
4771,Ġ2008,571,8
4772,Ġarticle,571,10
4774,ĠLoire,571,0
4777,Ġnearby,570,76
4778,Ġopposite,570,161
4265,Ġroof,569,245
4704,Ġlaughing,569,150
315,ent,568,13
567,age,568,160
4786,Ġlegs,568,1295
498,ag,567,71
536,if,567,48
1108,ling,567,68
3413,Ġsad,566,46
4514,Ġtouch,566,49
4675,Ġsouthern,566,1
4791,Ġthus,566,0
4793,Ġhotels,566,1
4026,ĠLet,565,2
4798,ĠRussian,565,6
2891,Ġappear,564,4
4681,Ġmeat,564,563
4800,Ġintended,564,0
4802,Ġentirely,563,18
4636,Ġpage,562,37
4803,Ġduty,562,2
4804,ĠNone,562,0
4805,Ġcouch,562,2735
4806,Ġkeeping,562,10
4807,Ġsmiled,561,1
926,led,560,131
4632,Ġradio,560,38
4814,ĠThose,560,1
4815,Ġlocation,560,6
4816,Ġappropriate,560,16
4817,ĠHenry,560,0
300,om,559,70
4198,ĠDid,559,0
4214,Ġpictures,559,327
4573,Ġweight,559,22
4744,ĠWestern,559,4
4820,Ġfaces,559,472
4821,Ġsinger,559,57
4824,ĠFlorida,559,2
4388,Ġ26,558,28
4826,?',558,2
4830,Ġunless,558,1
4831,Ġ1980,558,0
4832,Ġrecognized,558,0
4834,Ġangry,558,29
4835,ĠSusan,558,1
10,&,557,16
4556,Ġjudge,557,24
4839,Ġmovement,557,2
20,0,556,8
4843,Ġtiny,556,105
4848,Ġalive,556,0
1181,Ġperform,555,1
4066,Ġlie,555,8
4135,Ġcomplex,555,12
4855,Ġenjoyed,555,0
1566,Ġve,554,174
4862,Ġ2017,554,0
4863,Ġactivity,554,3
706,old,553,32
4867,Ġmatters,553,0
4868,Ġladies,553,395
4869,Ġconcerned,553,4
1199,ley,552,117
4870,Ġmanaged,552,2
4873,Ġdirt,551,691
4875,Ġpayments,551,0
4876,Ġofficers,551,171
4877,Ġmentioned,551,0
4878,Ġretirement,551,1
4879,There,550,0
4883,Ġlaying,550,987
4884,Ġescape,550,10
1326,io,549,35
4216,Ġplain,549,192
4889,Ġeastern,549,57
4890,Ġawful,549,3
4893,Ġpapers,548,245
4895,Ġnoticed,548,0
4896,Ġregarding,548,0
4897,Ġstruck,548,2
4898,ĠMexico,548,2
3533,Ġmaterial,547,69
4767,Ġcoach,547,102
4899,Ġaudience,547,686
4901,ĠCharles,547,1
1479,Ġdirect,546,20
4407,oro,546,0
4907,Ġnoted,546,0
4909,Ġsaved,546,1
4912,Ġtourist,546,43
4913,Ġassociated,546,4
3881,Ġdesert,545,104
4229,Ġwilling,545,1
4915,Ġlies,545,8
4916,Ġtherefore,545,0
440,ap,544,62
4919,ĠIrene,544,0
4920,Ġshook,544,1
4921,Ġcompleted,544,2
4922,Ġtroops,544,16
4838,Ġwindows,543,462
4864,ĠRoyal,543,4
4929,Ġboats,543,45
4930,Ġvariety,543,175
4931,ĠOrder,543,0
4932,Ġgardens,543,1
4935,ĠAnother,542,3
4936,Ġtwice,542,1
4937,Ġexplained,542,0
359,ri,541,98
3514,Ġleaders,541,3
4852,ĠWho,541,3
4938,Ġ),541,21
4941,Ġhappens,541,3
4942,Ġstores,541,40
373,op,540,198
3127,Ġprison,540,5
4106,ĠBay,540,3
4751,ĠWhere,540,1
4943,ĠAward,540,0
4946,Ġmethods,540,0
824,ful,539,48
4572,Ġfit,539,18
4951,Ġcards,538,90
4953,Ġpresence,538,8
4955,Ġships,538,7
4956,ĠChicago,538,11
2018,ĠBar,537,8
3395,Ġsecret,537,1
4959,Ġstated,537,0
3973,ĠPaul,536,6
4322,Ġshut,536,28
4420,Ġforth,536,2
4963,Ġoldest,536,38
1413,ĠDe,535,14
1676,Ġtour,535,63
4970,Ġpicked,535,14
4971,Ġnewspaper,535,175
4972,ĠAssociation,535,0
2719,Ġcast,534,47
4169,18,534,16
4753,Ġhomes,534,37
4976,Ġhighest,534,275
4980,Ġpleased,533,0
4981,Ġnormal,533,13
2767,ĠLaw,532,1
3436,house,532,57
4764,Ġflat,532,215
4853,Ġartist,532,56
4983,Ġshowing,532,1025
4986,Ġrestaurants,532,21
1666,Ġjump,531,78
2489,ana,531,128
4989,Ġusual,531,2
4990,Ġhelping,531,91
4991,Ġgentleman,531,275
3416,ĠJack,530,7
4996,Ġknights,530,3
4999,Ġ2007,530,4
5000,ĠMarie,530,0
4079,Ġfashion,529,19
4155,Ġsearch,529,11
5002,Ġforms,529,10
5004,ĠLord,529,0
5005,Ġcompared,529,3
5007,Ġrequires,529,0
3857,Ġdisplay,528,345
4282,Ġmeaning,528,1
4684,Ġjumps,528,11
5013,Ġclearly,528,29
5014,Ġfairly,528,14
2626,Ġill,527,4
4338,Ġskin,527,111
5016,Ġgreatest,527,0
5017,Ġheads,527,495
5020,Ġmeal,526,233
5024,ĠHarry,526,3
5025,Ġwatches,526,43
5027,Ġhockey,525,330
5028,Ġtoy,525,568
5029,Ġhighly,525,5
5030,ĠSlate,525,0
5031,Ġmagazine,525,98
2456,20,524,17
2591,Ġsoft,524,60
4047,Ġstorm,524,7
4445,Ġblond,524,1409
5032,Ġlatter,524,6
5035,Ġenemy,524,0
5036,ĠOnce,524,0
5039,Ġjoin,524,0
5040,ĠBradley,524,0
5041,Ġdespite,524,0
340,ir,523,99
5042,Ġfought,523,0
5044,Ġowned,523,2
5045,Ġmajority,523,10
5046,ĠSenate,523,0
2345,Ġmiss,522,9
5052,Ġpowerful,522,3
2830,Ġcry,521,2
5055,Ġproduce,521,234
5056,Ġcastle,521,32
5057,ĠBradford,521,1
5058,Ġdegree,521,3
461,ig,520,49
810,ne,520,33
3710,Ġcart,520,450
4291,Ġspread,520,96
4844,Ġwet,520,159
5063,Ġcalls,520,1
5065,ĠNothing,520,0
5066,Ġpolicies,520,0
1976,ai,519,41
3046,Ġrespect,519,2
4541,Ġ40,519,25
5067,Ġthrew,519,22
5070,Ġshape,519,102
5072,ĠCenter,519,10
3556,Ġtend,518,2
5078,Ġdebt,518,0
5079,Ġworker,518,214
1385,ĠBe,517,42
2910,Ġthrow,517,135
3349,Ġsex,517,11
3590,Ġfarm,517,42
5081,Ġmanagers,517,0
5082,Ġunable,517,1
5083,Ġsilence,517,0
5085,Ġearlier,517,0
2403,Ġaffect,516,0
5091,Ġparties,516,2
5098,ĠJustice,515,0
1869,ĠOr,514,44
4213,Ġspeed,514,66
4645,Ġheat,514,5
4891,Ġstrength,514,0
5101,Ġpolitics,514,0
4256,Ġneck,513,752
5107,Ġwriter,513,0
5108,They,513,0
5109,Ġsettled,513,0
2218,Ġpain,512,9
5112,Ġwine,512,1444
3753,Ġgas,511,109
5117,ĠSwitzerland,511,0
5118,ĠTemple,511,1
320,Ġy,510,165
3766,ĠGrand,510,4
5122,Ġstudied,510,0
5123,Ġteacher,510,43
5124,Ġremarked,510,0
325,ut,509,145
5129,ĠOF,509,440
5130,Ġ(),509,0
5131,ĠInformation,509,1
5133,Ġtitle,509,6
3617,Ġuniform,508,1643
4494,Ġyouth,508,75
5140,Ġ2013,508,5
5142,Ġpresented,508,2
5143,ĠMinister,508,0
5144,ĠInternet,508,1
5145,Ġtreatment,508,2
2335,Ġprotect,507,5
5148,Ġ2006,507,6
2548,de,506,65
3341,Ġcontract,506,0
4204,Ġrelationship,506,0
4997,Ġsmoke,506,98
5152,Ġcaptain,506,13
5154,Ġdiscussed,506,0
5155,Ġprevious,506,1
4153,Ġfirm,505,2
4470,....,505,27
4950,Ġbottom,505,798
5087,Ġsides,505,61
5157,Ġrevenue,505,0
5162,Ġcarefully,505,15
5164,ĠHanson,505,3
4306,Ġmeasure,504,19
5165,Ġnative,504,61
3654,ĠEgypt,503,0
4472,Ġcondition,503,3
57,U,502,275
4526,Ġgate,502,130
5176,ĠCanada,502,23
5177,Ġappearance,502,3
5184,Ġconditions,501,6
5185,ĠAcademy,501,1
486,ive,500,55
5073,Ġfixed,500,15
5191,Ġ2009,500,6
5192,Ġvalley,500,19
5193,Ġtourists,500,155
5194,Ġadults,500,1156
3133,Ġbroad,499,22
4326,Ġmission,499,0
5197,Ġasking,499,3
5198,Ġneither,499,6
5200,Ġ2015,499,0
5201,Ġdecisions,499,0
5205,Ġextremely,499,10
521,au,498,59
5210,Ġjungle,498,21
5212,Ġkinds,498,87
4940,Ġactress,497,3
5215,Ġain,497,2
5219,Ġbecoming,497,1
5222,Ġ1994,497,0
5223,Ġinternal,497,0
5224,Ġestimates,497,0
3992,17,496,8
5230,ĠCreek,496,0
5231,Ġfinding,496,0
5233,ĠPerhaps,496,0
865,als,495,83
5236,Ġroute,495,11
5237,Ġexercise,495,63
394,ul,494,20
4195,Ġquarter,494,41
4478,Ġthick,494,63
5242,Ġhadn,494,1
5246,Ġimportance,494,0
5249,Ġnorthwest,494,9
5250,Ġclaims,494,1
2176,ĠCan,493,10
5093,Ġjourney,493,0
5258,Ġmessage,493,14
5259,ĠAustralia,493,2
5260,Ġtask,492,2
5263,Ġrope,492,356
5264,ĠManagement,492,0
5265,Ġjobs,492,0
5269,Ġretired,491,0
777,land,490,17
4745,ĠDay,489,15
4795,Ġ29,489,14
5282,Ġweren,489,0
5284,Ġstatement,489,1
5287,ĠRussia,489,0
5288,Ġdaily,489,1
5289,ĠVirginia,489,12
278,ou,488,24
2590,Ġexist,488,0
5290,Ġrise,488,12
5292,Ġopening,488,69
5293,ĠSanta,488,81
2045,ĠWill,487,1
5295,Ġtheory,487,1
5298,Ġ2005,487,1
5299,Ġpurple,487,2601
5300,Ġweapons,487,29
5301,Ġspoken,487,0
5080,Ġbillion,486,0
5203,Ġsilver,486,1460
5307,ĠQueen,486,4
4655,Ġring,485,251
5309,Ġbreakfast,485,64
5125,Ġsharp,484,41
5207,!',484,0
5315,Ġ1960,484,0
4220,ĠJim,483,1
4822,Ġpositive,483,0
5318,Ġfence,483,1160
5322,Ġtesting,483,3
5323,ĠSea,483,5
5324,Ġburied,483,12
5325,Ġaccepted,483,0
4865,Ġcommercial,482,17
4977,Ġinstrument,482,191
5149,ĠSmith,482,2
5329,Ġpayment,482,0
5331,Ġobserved,482,1
283,Ġf,481,198
1746,Ġfund,481,3
2260,Ġauthor,481,3
4380,Ġafford,481,0
5334,Ġbasic,481,3
5335,Ġpaintings,481,97
5337,Ġensure,481,0
5342,Ġscience,480,19
5343,Ġ2014,480,0
5344,Ġthoughts,480,0
5345,Ġelected,480,0
5347,Ġreplaced,480,0
5348,Ġfallen,480,70
5349,Ġdouble,480,371
5350,ĠRepublicans,480,1
2280,room,479,32
5352,Ġpair,479,398
5355,Ġselected,479,0
5356,Ġsomewhere,479,11
5358,Ġhanging,479,361
46,J,478,48
5364,Ġstudent,478,41
5365,Ġlistening,478,20
5366,ĠMicrosoft,478,5
5367,Illustration,478,0
2558,Ġslow,477,10
781,Ġdes,476,5
4917,Ġlawn,476,252
5375,ĠWoman,476,1178
5378,Ġcenturies,476,0
5379,Ġfellows,476,1
5380,Ġordered,476,0
3838,ĠBob,475,2
5180,Ġgolf,475,139
5385,Ġnose,475,416
5387,Ġactive,475,8
5389,Ġestimated,475,0
5390,Ġpotential,475,11
5392,Ġtraffic,475,383
5274,Ġsword,474,69
5393,based,474,2
5398,Ġ1970,474,1
3128,Ġpress,473,15
3557,time,473,7
3880,Ġtrick,473,150
4421,Ġprogress,473,2
5404,ĠLincoln,473,2
5407,Ġadvice,473,1
5408,Ġsoftware,473,0
1571,Ġdevelop,472,0
5410,Now,472,0
5411,Ġcamping,472,40
5412,Ġtrial,472,1
1077,ĠAr,471,8
3013,Ġmass,471,22
4305,Ġcool,471,53
4442,Ġspirit,471,3
5416,Ġcathedral,471,7
537,ite,470,112
4961,ĠTown,470,2
5420,She,470,0
586,ions,469,45
4518,Ġenter,469,5
5434,Ġbiggest,469,680
1467,ik,468,40
4094,Ġcup,468,1835
4763,ĠUnder,468,3
5441,Ġsmoking,468,57
2370,men,467,34
2620,Ġclaim,467,6
3933,Ġstream,467,71
5445,Ġexpression,467,52
5446,Then,466,0
5451,Ġdomestic,466,2
5452,ĠCouncil,466,0
617,ary,465,30
1243,ins,465,95
5050,term,465,1
5457,Ġcutting,465,557
5458,ĠMalcolm,465,1
5459,Ġorders,465,5
1105,ĠMar,464,14
4987,Ġcrew,464,162
5461,Ġhole,464,256
5466,Ġvehicle,464,563
5469,Ġowner,463,34
5470,Ġeasier,463,1
5471,Ġcomfortable,463,13
268,Ġw,462,853
2661,Ġaccept,462,1
3968,Ġprevent,462,1
4794,ĠMatt,462,1
5473,Ġroles,462,4
5474,Ġcrowded,462,90
5475,Ġoccurred,462,0
5476,Ġimagine,462,0
5477,ĠCollege,462,12
446,Ġv,461,161
5316,Ġfamiliar,461,0
5484,Ġgovernor,461,0
5487,Ġexplain,461,0
5488,Ġfalling,461,93
5490,ĠVegas,461,3
650,ang,460,20
1088,Ġadd,460,9
5496,Ġoriginally,460,0
5498,Ġfigures,460,114
5499,ĠCentral,460,11
1176,sh,459,58
1888,Ġswim,459,203
4676,Ġdrop,459,14
5502,Ġsigns,459,548
4927,Ġcash,458,38
5503,If,458,0
5505,Ġcats,458,127
5507,Ġvisited,458,0
5508,Ġauditors,458,0
5510,Ġtotally,458,23
5513,Ġviolence,458,1
5514,Ġthrowing,458,197
92,x,457,91
505,Ġye,457,17
3862,Ġcommand,457,4
4788,Ġrow,457,670
5419,Ġadvantage,457,0
5515,Ġ...,457,12
5522,Ġtwelve,457,30
3672,Ġcook,456,108
3849,Ġextra,456,18
4334,Ġthank,456,1
5525,Ġhearing,456,22
337,Ġst,455,172
4019,Ġrequest,455,1
4145,ĠHigh,455,15
5530,ĠOMB,455,0
4591,Ġcalm,454,19
5456,ĠCarter,454,0
5535,Ġracing,454,144
5537,ĠLas,454,2
5538,Ġunit,454,20
5539,Ġstatements,454,0
5540,Ġenjoying,454,29
5541,Ġquietly,454,0
2866,Ġfly,453,71
5377,Ġresort,453,6
5545,Ġsector,453,0
5548,Ġprojects,453,6
5549,Ġdiscussion,453,2
5550,Ġdangerous,453,8
5551,ĠCharlie,453,0
5023,Ġpatient,452,34
5555,ĠFive,452,1016
5558,Ġfactors,452,0
5559,ĠDonald,452,4
3373,...,451,99
5254,Ġfruit,451,915
5561,Ġhelps,451,9
5563,Ġgeneration,451,1
5564,ĠValley,451,0
2394,ĠX,450,24
3490,Ġshoot,450,22
5568,ĠGames,450,2
5570,Ġrecords,450,5
5572,ĠBoard,450,7
506,ally,449,6
3948,Ġhousehold,449,16
4790,Ġfunction,449,3
5574,Ġgain,449,0
5575,Ġ31,449,5
1055,ics,448,31
1727,Ġmid,448,313
2302,Ġpaint,448,320
5097,Ġcheap,448,1
5576,Ġwore,448,5
5578,ĠThomas,448,14
2668,ĠPost,447,1
5583,Ġtaught,447,2
5588,ĠCommittee,447,0
5589,Ġhistorical,447,11
5291,Ġroyal,446,32
5480,Ġwaste,446,5
5598,Ġpassing,446,42
5600,ĠDemocratic,446,0
389,ge,445,51
530,ous,445,36
2454,ĠRepublic,445,0
4387,30,445,41
5406,Ġmusical,445,297
3964,ĠMount,444,3
4948,ĠOver,444,6
5306,Ġbread,444,725
5606,Ġmamma,444,4
5607,Ġtower,444,68
5610,Ġthousands,444,1
5612,Ġcircumstances,444,0
2750,ino,443,43
4165,Ġguard,443,132
4308,ĠFred,443,0
5616,ĠGore,443,0
5338,Ġhills,442,54
5619,Ġlips,442,63
5622,Ġsongs,442,0
5623,ĠDorothy,442,1
5627,ĠStarr,441,0
5630,Ġdollar,441,30
5632,Ġidentified,441,0
5633,Ġregulations,441,0
743,ical,440,19
4411,Ġflag,440,471
5436,ĠIrish,440,10
5638,Ġestimate,440,0
5640,ĠIllinois,440,1
3698,Ġluck,439,2
5341,ĠLong,439,53
5432,Ġdesk,439,463
5647,Ġblow,439,117
5648,Ġbuying,439,1
5649,Ġdecide,439,0
5651,Ġrepresentation,439,0
579,ance,438,15
5565,How,438,0
5569,Ġpointed,438,59
5658,Ġappears,438,83
5659,Ġreligion,438,0
5661,Ġarchitecture,438,11
5663,Ġpocket,438,199
313,ow,437,73
545,are,437,30
4549,Ġtrail,437,148
4911,Ġaccident,437,10
5666,Ġplanned,437,0
5667,Ġpossibly,437,21
5668,Ġburden,437,2
3405,ĠNews,436,7
5676,Ġremoved,436,14
445,ment,435,26
5546,ĠFather,435,14
5682,Celeste,435,0
5688,Ġcapacity,435,1
5689,Ġtells,435,2
5690,ĠBritain,435,14
5332,ĠHave,434,0
5695,Ġdozen,434,135
271,nd,433,157
5119,Ġiron,433,134
5700,Ġteach,433,5
5703,Ġelectronic,433,70
5704,Ġinstruments,433,946
4200,Ġswing,432,283
4293,Ġbull,432,253
5088,Ġproud,432,6
5708,Ġaside,432,5
5709,Ġrural,432,10
5710,Ġgreatly,432,0
5711,Ġraise,432,1
5712,ĠAfrica,432,7
1544,ina,431,8
2887,Ġfavor,431,0
4520,Ġ60,431,16
5199,Ġuncle,431,1
5517,ĠRome,431,0
5617,Ġcontent,431,5
5713,Ġtheater,431,34
5718,Ġindoors,431,34
5721,Ġanxious,431,6
5724,Ġwaited,430,0
788,te,429,144
1389,ians,429,34
5729,Ġ90,429,12
5730,Ġexisting,429,0
3076,Ġstar,428,148
5732,Ġbunch,428,1026
5733,Ġboring,428,0
5737,Ġreduced,428,0
4396,Ġrough,427,16
5657,Ġsteel,427,126
5747,Ġknowing,427,0
5749,ĠAlso,427,2
5750,Ġproviding,427,2
5751,Ġsigned,427,2
5752,Ġposing,427,117
5753,Ġsupported,427,0
5754,Ġdamage,427,1
512,oc,426,105
603,ip,426,77
3021,Ġexpress,426,11
5047,Ġbother,426,0
5757,ĠBig,426,175
5758,Ġplane,426,986
5760,Ġeventually,426,0
5761,Ġdrawing,426,41
5762,Ġlibrary,426,21
401,ore,425,23
4138,ĠBoy,425,370
4340,Ġbound,425,8
5766,Ġuniversity,425,1
5767,Ġbelieves,425,0
5768,Ġmarriage,425,7
417,Ġch,424,208
3451,Ġadult,424,891
5656,Ġseek,424,1
5675,ĠStone,424,4
5773,Ġjury,424,0
5774,Ġhasn,424,7
5775,ĠKitty,424,22
5776,Ġoffices,424,0
3043,Ġlaugh,423,19
5781,Ġsources,423,2
5782,ĠAwards,423,0
5788,Ġdesire,423,0
5789,Ġartists,423,43
5790,Ġtreated,423,2
5792,Ġroutes,423,0
5022,Ġapply,422,0
5599,ĠGuy,422,342
5662,Ġborder,422,30
5702,Ġhandle,422,433
5796,Ġ1993,422,0
5797,Ġresponsibility,422,0
5798,Ġprocedures,422,2
5440,Ġsales,421,5
5652,Ġbehavior,421,0
5799,Ġ1992,421,0
5801,Ġremembered,421,0
5802,ĠScotland,421,0
5803,My,420,0
5805,Ġcave,420,8
5808,Ġnoise,420,4
5811,Ġactual,420,30
5812,Ġentity,420,0
5814,Ġvalues,420,0
5816,Ġlearning,420,18
5595,Ġmanager,419,4
5691,ĠBarry,419,0
5820,Ġunits,419,3
5822,Ġcrying,419,31
3104,Ġengine,418,179
4733,Ġbreath,418,16
5825,Ġnodded,418,0
370,her,417,36
2538,Ġpull,417,52
5828,Ġrisks,417,0
5829,Ġoutdoor,417,332
5830,ĠNewsweek,417,0
5543,Ġwave,416,232
5586,Ġmanage,416,1
5832,Ġconference,416,45
5835,Ġaddressed,416,0
5836,Ġarts,416,148
5837,Ġbabies,416,41
5839,ĠAlden,416,0
2385,ĠMe,415,5
4639,ĠArt,415,6
5116,Ġhonor,415,7
5845,Ġ2003,415,0
5847,ĠHoward,415,1
3598,night,414,1
5725,ĠCatholic,414,0
5851,_.,414,0
5857,Ġmilk,414,180
5860,Ġcongressional,414,0
765,aw,413,78
766,Ġbet,413,9
4797,Ġapart,413,50
5863,ĠBest,413,4
5865,clock,413,35
5866,Ġbeauty,413,5
5868,Ġphysical,413,5
522,od,412,31
5234,Ġblock,412,109
5870,Ġnurse,412,25
5874,Ġreviews,412,0
5875,Ġfailure,412,0
4186,Ġwealth,411,0
4652,15,411,17
5270,ĠSaturday,411,0
5880,ĠGerald,411,0
5881,Ġfriendly,411,17
5882,Ġfourth,411,40
5497,Ġwaters,410,53
5888,Ġshoulders,410,235
5889,Ġprotection,410,44
5890,ĠLawrence,410,0
2784,Ġsudden,409,0
3563,Ġscreen,409,1568
5383,Ġsoul,409,2
5417,Ġexcited,409,35
5611,Ġintervention,409,0
5756,ĠMother,409,23
5777,Ġsupply,409,0
5896,Ġpromised,409,0
5897,Ġrepresented,409,1
5898,Ġcharacters,409,121
5900,Ġanti,409,3
5901,Ġsurrounding,409,18
5902,ĠEmpire,409,6
4081,Ġreform,408,0
5906,Ġmainly,408,23
5907,Ġcontrols,408,34
5908,Ġidentify,408,0
1090,ters,407,61
4888,Ġsport,407,64
5912,Ġseated,407,313
5915,Ġgotten,407,2
5916,Ġtopic,407,1
5917,Ġhorrible,407,0
5919,ĠEarly,407,1
5920,Ġattorney,407,0
718,Ġpre,406,60
5415,Ġbrick,406,546
5927,Ġcalling,406,11
5928,ĠBlue,406,477
5932,Ġcultural,406,18
5933,Ġmissed,406,2
5935,Ġfifteen,406,1
5936,ĠOklahoma,406,12
5941,Ġnumerous,405,84
5942,ĠJohnson,405,0
5943,Ġvillages,405,0
5944,ĠKingdom,405,0
5945,Ġgolden,405,169
470,ide,404,39
2613,Ġproper,404,4
5156,Ġtent,404,192
5948,Ġgiant,404,152
5957,ĠAbout,404,21
5958,Ġunderstood,404,0
3265,Ġmention,403,0
5964,ĠAsia,403,1
5965,Ġportion,403,282
5966,ĠRoad,403,11
489,ong,402,74
2104,Ġrepresent,402,0
4978,Ġmad,402,17
5968,Ġears,402,313
534,ĠTh,401,31
5681,ĠMiddle,401,75
5979,Ġstatus,401,0
5980,Ġemployee,401,19
1220,ĠRe,400,13
3074,Ġbow,400,382
4773,Ġincreasing,400,0
5983,Ġworried,400,7
5987,Ġassets,400,0
5990,Ġpromise,400,0
5991,Ġyesterday,400,0
5992,Ġthrown,400,22
5993,Ġshouted,400,0
365,ke,399,63
4101,Ġprefer,399,0
4746,Ġjoy,399,38
5995,Right,399,0
5996,ĠIII,399,0
3797,Ġskateboard,398,1244
3925,Ġhung,398,2
6003,Ġdetermine,398,0
611,Ġad,397,86
641,ach,397,60
1327,uh,397,1
4854,ĠProgram,397,0
6011,Ġ2004,397,1
6012,Ġchanging,397,4
6013,Ġpreparing,397,101
1398,be,396,62
1576,ize,396,7
5705,Do,396,0
5914,"--""",396,0
6015,Ġgained,396,0
6021,ĠCarolina,396,3
1983,Ġleg,395,863
2393,Ġregard,395,0
4856,Ġnetwork,395,1
5891,Ġupper,395,355
6024,Ġtools,395,201
6028,Ġleads,395,8
6029,Ġmistake,395,1
6030,Ġattorneys,395,0
6031,Ġfingers,395,327
6036,Ġmud,394,94
6043,Ġwelcome,394,6
640,av,393,30
3145,Ġgrant,393,1
5956,Ġthanks,393,22
6050,Ġrealized,393,0
364,oo,392,116
6056,Ġcovers,392,42
6058,Ġbeneath,392,134
6059,Ġprocesses,392,1
5501,Ġdeck,391,336
6066,Ġotherwise,391,15
6069,Ġtemples,391,0
6070,Ġpressure,391,3
6071,Ġinterventions,391,0
913,ib,390,39
4427,Ġfaith,390,0
4866,Ġloud,390,14
5974,Ġcream,390,513
6077,Ġcolors,390,433
6078,Ġadministration,390,0
6079,Ġfestival,390,13
2946,Ġfix,389,35
4454,Ġnovel,389,9
5596,Ġvast,389,8
6083,ĠPays,389,0
1305,ton,388,32
2052,ler,388,105
3983,Ġcomment,388,0
6089,Ġthou,388,0
6091,ĠCome,388,0
6095,Ġflight,388,61
6097,Ġbags,388,743
6098,ĠSometimes,388,0
6099,ĠSoviet,388,0
6101,Ġfiscal,387,0
6103,Ġdoors,387,156
6105,Ġteeth,387,370
6108,Ġconcerns,387,0
3877,Ġdocument,386,9
5680,Ġcopy,386,5
6112,ĠLife,386,2
6114,ĠOlympics,386,2
6115,Ġmotorcycle,386,2024
6116,Ġwelfare,386,0
6016,ĠThorn,385,0
6120,ĠJennie,385,0
6122,Ġleather,385,596
6124,Ġbigger,385,586
6125,Ġmemory,385,20
6127,Ġexcitement,385,2
4288,ĠFort,384,0
6128,Ġwagon,384,117
6130,Ġlikes,384,2
6133,Ġunderstanding,384,0
6135,Ġcolorful,384,1205
6136,ĠMexican,384,18
4682,shirt,383,1941
4705,._,383,0
6026,ĠSultan,383,0
6142,Ġclimb,383,6
6143,Ġalternative,383,0
5113,Ġcabin,382,13
5276,Ġneighborhood,382,17
5532,Ġmoon,382,18
6145,ĠTucker,382,0
6150,Ġextent,382,0
388,ain,381,48
4097,Ġweak,381,3
6154,Ġpushing,381,61
6155,ĠAid,381,2
5605,Ġcitizens,380,42
6166,Ġinterior,380,24
6168,Ġbalance,380,36
6169,Ġprimary,380,11
6172,ĠTurkish,380,1
390,Ġsh,379,225
426,res,379,25
4439,Ġaward,379,14
5918,Ġenvironmental,379,0
5997,ĠSummer,379,3
6174,Ġbeer,379,651
6176,Ġanybody,379,1
6180,Ġrider,379,402
6181,Ġphoto,379,661
6183,Ġregulatory,379,0
1202,ner,378,29
2694,Ġconcern,378,0
6189,Ġcaptured,378,2
593,ars,377,58
2794,Ġdraw,377,5
6190,Ġcanton,377,0
6194,Ġbranch,377,119
6195,Ġguilty,377,0
6196,Ġpole,377,654
6197,Ġfinish,377,14
6198,Ġhappening,377,0
6199,ĠArmy,377,47
6201,ĠGeorgia,377,4
1585,ĠCar,376,62
4371,Ġdream,376,7
6208,Ġshirts,376,1894
6211,Ġexecutives,376,0
6212,Ġpollution,376,0
453,Ġj,375,149
1227,Ġrid,375,14
5867,Ġmurder,375,4
6220,Ġapproved,375,1
6221,Ġrising,375,6
6222,Ġprofessor,375,3
6223,ĠWindows,375,7
6224,Ġeggs,375,132
6225,ĠArkansas,375,0
850,ov,374,12
1689,Ġdel,374,3
5429,Ġrepeated,374,1
6234,Ġinstance,374,4
6235,Ġrealize,374,0
6236,Ġfactor,374,0
6239,Ġaccounting,374,0
6240,ĠPoland,374,1
6241,ĠJews,374,6
6242,Ġentertainment,374,7
6243,Ġagreement,374,0
2079,ĠGo,373,15
4601,Ġbrief,373,24
6245,Ġtank,373,963
6246,Ġdrawn,373,28
6249,Ġdrama,373,0
6250,Ġconfidence,373,0
6251,Ġimproved,373,0
6252,Ġrelease,373,1
669,per,372,36
5952,ĠDick,372,1
6256,Ġhats,372,1613
6261,Ġlanguages,372,1
6262,Ġadopted,372,0
361,ce,371,64
602,way,371,50
631,Ġsp,371,135
6270,Ġresidents,371,14
6271,Ġskills,371,4
6274,Ġdetails,371,7
6275,Ġbusinesses,371,2
6279,Ġugly,371,42
5885,ĠWolf,370,2
6282,Ġhated,370,2
6288,Ġroads,370,15
6289,Ġfields,370,16
6290,haired,370,627
6291,Ġdifferences,370,0
6292,Ġsunglasses,370,1497
1061,ale,369,67
2615,ara,369,88
3549,izing,369,2
5764,Ġthin,369,122
6051,Ġsplendid,369,3
6295,Ġfancy,369,84
6299,Ġapartment,369,45
6300,Ġintroduced,369,0
5824,Ġplatform,368,191
6303,Ġwedding,368,294
6306,Ġforty,368,2
6312,Ġdisease,368,0
4723,Ġachieve,367,0
5871,ĠDutch,367,2
6171,ĠLatin,367,8
6314,Ġonline,367,1
6320,Ġissued,367,1
6322,Ġstepped,367,3
6323,Ġobjectives,367,1
6324,Ġparticipants,367,57
6325,Ġscreening,367,0
6326,Ġscarcely,367,0
3835,Ġbirth,366,4
6170,Ġweapon,366,6
6328,Ġwished,366,0
6329,Ġdull,366,9
6330,Ġstuck,366,37
6333,Ġcomputers,366,149
6334,Ġhundreds,366,30
6335,Ġhunting,366,2
428,red,365,43
826,its,365,33
1627,ically,365,7
2408,ha,365,19
3242,Ġhang,365,25
5076,Ġtomb,365,3
6339,ĠAND,365,448
6340,Ġcomedy,365,0
6341,Ġoverall,365,6
6345,Ġfacilities,365,0
6346,Ġdepends,365,0
1053,Ġsub,364,42
3276,Ġoccur,364,0
3315,Ġhost,364,0
5095,Ġfill,364,4
5134,16,364,8
5534,Ġhide,364,6
6351,Ġfired,364,0
6352,Ġproved,364,0
6356,Ġdriver,364,142
6358,Ġconducted,364,0
6359,ĠJamaica,364,0
494,ud,363,10
2289,ĠAm,363,26
5442,ĠLem,363,6
6363,Ġhidden,363,378
6368,Ġfocused,363,15
5509,Ġlimit,362,2
6040,ĠWeb,362,0
6370,Ġchose,362,0
6374,Ġcolored,362,1851
6376,Ġadmitted,362,0
625,ile,361,82
708,00,361,628
6068,Ġunique,361,15
6379,ĠIreland,361,1
6381,Ġbrain,361,2
6382,Ġcuts,361,31
6384,Ġsuffered,361,0
6386,Ġvictory,361,3
6388,Ġassessment,361,1
6389,Ġslightly,361,213
812,air,360,66
6396,Ġmeasures,360,1
4343,Ġelectric,359,172
4503,Ġrare,359,0
5121,ĠGreen,359,252
5717,Ġsmart,359,23
6096,Ġacid,359,0
6401,Ġabuse,359,0
6402,Ġmarked,359,28
6405,ĠResearch,359,0
6406,Ġcriminal,359,0
6407,Ġterritory,359,0
382,ill,358,63
454,Ġal,358,56
2127,ma,358,8
2982,off,358,156
3659,50,358,10
6409,ĠTed,358,2
6410,Ġgift,358,42
6413,ĠKansas,358,1
6415,Ġslave,358,0
6416,ĠFranklin,358,0
6418,Ġleadership,358,0
6419,Ġwhispered,358,0
6420,Ġforgotten,358,0
6421,Ġdedicated,358,1
5584,Ġfat,357,168
5707,Ġ0,357,72
6429,Ġleague,357,24
6430,Ġtruly,357,0
6431,Ġtears,357,5
6432,Ġglance,357,0
6433,Ġcareful,357,3
6434,Ġelements,357,2
6436,Ġburning,357,20
6437,Ġopportunities,357,0
6438,ĠDemocrats,357,0
6439,Ġfreedom,357,3
4923,Don,356,1
5277,Ġchemical,356,1
6294,Ġtough,356,4
6442,ĠBoston,356,21
6444,ĠKids,356,165
6447,Ġinstant,356,0
6450,Ġoperating,356,22
6451,Ġgrantees,356,0
6452,Ġfolks,356,39
6455,ĠDespite,356,0
1246,ash,355,15
6460,Ġsale,355,40
6466,Ġpresidential,355,2
6467,Ġexperienced,355,1
6048,ĠLike,354,1
6471,Ġpushed,354,63
6473,Ġplastic,354,732
6478,Ġfacing,354,2535
6480,Ġmanufacturing,354,1
1680,ĠChrist,353,2
6482,Ġgay,353,21
6485,Ġusers,353,7
6489,Ġcafe,353,74
6490,Ġbringing,353,6
6492,Ġcloser,353,597
6493,Ġepisode,353,0
633,ial,352,71
5206,ĠMartin,352,2
6496,ĠFenn,352,0
6500,Ġaffair,352,0
6501,Ġtournament,352,1
6502,ĠMaybe,352,1
6506,Ġproposal,352,0
563,ue,351,46
3951,see,351,3
6342,Ġhelmet,351,1444
6511,Ġenemies,351,0
6513,Ġends,351,38
6514,Ġignored,351,1
6515,ĠCavendish,351,0
6516,Ġmedicine,351,3
1932,me,350,62
2319,Ġsuggest,350,0
3581,Ġconduct,350,0
5504,Ġtail,350,636
6523,Ġstared,350,0
6524,ĠStill,350,0
6525,Ġcommunities,350,0
6527,Ġpulling,350,153
6528,Ġmassive,350,14
6529,Ġtribe,350,37
1078,Ġ200,349,0
6277,ĠGovernor,349,0
6531,Ġchosen,349,0
6534,Ġfeelings,349,0
6535,Ġtests,349,0
6536,Ġschedule,349,1
6537,Ġbono,349,0
6538,ĠFootball,349,114
528,ice,348,147
4277,12,348,4
6543,ĠBible,348,4
6548,Ġformula,348,1
6549,Ġforever,348,0
6550,ĠPrince,348,4
6551,Ġcompanion,348,22
6552,Ġcrossed,348,306
6553,Ġattractive,348,32
739,Ġfl,347,180
816,ily,347,42
949,ys,347,65
1237,ee,347,129
6276,Ġ80,347,7
6554,Ġbars,347,116
6558,Ġstations,347,1
6561,Ġafterwards,347,0
6562,Ġfindings,347,0
6565,Ġaccounts,347,0
6566,Ġlifted,347,46
6567,Ġetc,347,1
5833,ĠRock,346,33
6399,ĠDublin,346,0
6435,Ġtechnical,346,0
6572,Ġate,346,7
6574,Ġcentre,346,19
6575,Ġcurious,346,11
6576,Ġdefense,346,6
314,ve,345,48
5810,Ġflower,345,711
6585,Ġchain,345,166
6587,Ġexchange,345,13
6588,Ġunknown,345,19
6591,Ġmodels,345,8
4463,Ġprior,344,3
5103,ĠHill,344,1
6599,Ġfeature,344,7
6603,Ġattacks,344,1
6604,Ġordinary,344,0
6605,Ġnegative,344,0
6606,Ġmaterials,344,52
6608,ĠVandemeyer,344,0
2220,Ġdiscuss,343,0
4985,Ġharm,343,0
6014,Ġbrave,343,3
6612,Ġprove,343,0
6615,Ġengaged,343,1
6617,Ġheavily,343,17
835,ting,342,94
6310,Ġupset,342,5
6417,Ġtribes,342,0
6622,Ġ1950,342,5
6623,Ġcompliance,342,0
6626,Ġstrategic,342,0
6627,ĠSquare,342,26
6628,Ġbodies,342,40
776,ob,341,27
849,ĠUn,341,33
5170,ING,341,1875
5641,ED,341,440
5876,In,341,1
6253,25,341,18
6414,ĠStar,341,25
6635,Ġconnection,341,3
6636,Ġpunishment,341,0
5092,Ġconcert,340,53
6638,Ġpersons,340,129
6639,Ġbanks,340,11
6640,Ġpurchase,340,3
384,Ġse,339,96
856,ise,339,30
1119,ines,339,34
3740,ville,339,3
5243,Ġcontact,339,27
6644,Ġcode,339,11
6647,Ġstones,339,66
6648,Ġrushed,339,0
6649,Ġremaining,339,56
6650,Ġourselves,339,0
6652,Ġexpressed,339,0
6653,Ġdeveloping,339,1
6655,Ġdecline,339,0
6657,ĠEarth,339,2
5739,Is,338,0
6163,Ġfan,338,87
6658,Ġera,338,12
6661,Ġstable,338,5
6665,Ġobtain,338,0
6667,Ġcauses,338,1
6668,Ġengineering,338,0
6669,Ġacquisition,338,0
6670,Ġlegislation,338,0
1166,Ġpop,337,43
2836,ĠPort,337,6
5783,Ġneat,337,8
6266,ĠLook,337,7
6428,ĠGroup,337,494
6673,Ġrelevant,337,0
6678,Ġdocuments,337,7
6680,Ġapparently,337,7
1606,not,336,15
1637,na,336,10
6541,Ġpale,336,92
6682,Ġoptions,336,3
6689,ĠMarilla,336,0
6692,Ġcustomers,336,136
6694,Ġatmosphere,336,0
6695,ĠColorado,336,0
635,ade,335,49
4962,Ġtext,335,66
6390,ĠIT,335,100
6462,Ġinitial,335,4
6700,Ġselection,335,13
6703,Ġfinance,335,0
6704,ĠHotel,335,7
6705,Ġmicrophone,335,588
882,Ġsl,334,183
6204,Ġmile,334,3
6304,Ġpony,334,144
6373,Ġclock,334,1839
6710,Ġimage,334,704
6712,Ġdistributed,334,0
6713,Ġrestored,334,1
6714,Ġfacts,334,1
6715,Ġrecorded,334,0
6716,Ġapplied,334,2
6717,Ġfrequently,334,0
6718,Ġlandscape,334,58
6721,Ġyards,333,1
6722,Ġcancer,333,1
6723,Ġsupper,333,1
6724,Ġadvanced,333,2
6725,ĠPrime,333,0
6727,Ġcircle,333,201
6728,Ġstriped,333,2694
6729,Ġclaimed,333,0
6732,ĠHollywood,333,3
6733,ĠMargaret,333,2
482,our,332,36
911,ments,332,14
3454,well,332,24
4390,ĠSam,332,8
6200,Ġadvance,332,2
6533,Ġclient,332,2
6741,ĠEastern,332,35
6742,Ġyours,332,0
6744,Ġreality,332,0
6745,Ġreasonable,332,0
6746,Ġsoldier,332,138
1341,Ġsing,331,5
6237,Ġloan,331,1
6394,Ġrelief,331,1
6752,Ġstaring,331,138
6755,Ġ1991,331,0
6756,Ġconcrete,331,351
6757,Ġargument,331,0
6758,Ġlucky,331,1
6759,Ġurban,331,32
1062,Ġear,330,499
1247,ane,330,77
5328,Ġcontain,330,9
5971,Ġefficient,330,0
6577,ĠEdward,330,1
6760,Ġtaste,330,9
6765,Ġinterests,330,0
6767,Ġsentence,330,1
6768,ĠEverything,330,0
6769,Ġcoverage,330,1
6770,Ġfacility,330,12
6771,ĠMichigan,330,4
1394,Ġmark,329,43
3100,ization,329,0
3673,ini,329,66
6053,Ġfond,329,1
6182,Ġteaching,329,10
6774,ĠSuch,329,0
6779,Ġdivided,329,8
6780,ĠDavis,329,1
6781,ĠMadeira,329,0
6782,ĠMonday,329,0
466,king,328,87
5150,no,328,9
6784,Ġmoral,328,0
6786,ĠThough,328,0
6789,Ġevil,328,12
6791,Ġhumans,328,8
6792,Ġrequirement,328,0
6793,Ġcritics,328,0
6794,Ġexamples,328,0
6795,Ġcreating,328,5
6796,Ġguidance,328,0
1922,son,327,20
6801,Ġ(;,327,0
6803,Ġreply,327,0
6805,Ġmarble,327,60
6806,ĠDolly,327,0
6807,Ġcrossing,327,92
6808,Ġshrine,327,10
1938,ĠSe,326,14
4600,Ġinterview,326,2
6812,Ġseats,326,200
6813,Ġbecomes,326,0
6819,which,326,186
6820,Ġburned,326,12
6823,ĠTokyo,326,1
6826,Ġpile,325,389
6827,Ġdare,325,0
6832,Ġcontained,325,1
6833,Ġlistened,325,0
6835,Ġdrinks,325,452
6836,Ġpackage,325,41
6838,Ġumbrella,325,2984
1200,ats,324,90
6841,Ġnaked,324,73
6844,ĠMinnesota,324,2
1730,my,323,9
6857,Ġearned,323,0
6858,Ġdifficulty,323,0
6859,Ġimplementation,323,0
6860,ĠGolden,323,18
6861,ĠPossum,323,0
6862,Ġcrazy,323,47
492,ast,322,7
914,ities,322,25
5673,ĠSid,322,1
5970,Ġcoal,322,19
6869,Ġeverywhere,322,3
6871,Ġserving,322,140
6872,ĠBeach,322,12
6873,Ġwinning,322,11
6874,Ġfortune,322,3
6875,Ġcleaning,322,64
6876,Ġbikes,322,616
6877,Ġillegal,322,0
666,og,321,68
4225,Ġlit,321,155
5793,Ġcounter,321,517
6879,Ġcake,321,2245
6880,Ġdirty,321,196
6886,ĠMonica,321,0
6887,Ġtracks,321,234
6888,ĠOlympic,321,29
6889,Ġpoverty,321,1
473,pe,320,90
2608,Ġfort,320,7
4480,Ġhero,320,10
6897,ĠEdinburgh,320,4
6899,Ġclimate,320,0
6900,Ġmissing,320,148
6901,Ġbrothers,320,13
6902,Ġtouched,320,45
6904,Ġchallenge,320,2
1052,ative,319,3
3425,ĠRoy,319,0
5225,ĠCIO,319,0
6907,Ġthee,319,0
6909,ĠTake,319,0
6916,Ġlisted,319,0
6917,Ġclosely,319,17
6919,ĠMadrid,319,0
6920,Ġmaintain,319,0
6921,Ġprinciples,319,1
3371,Ġcomfort,318,2
5815,Ġsufficient,318,0
6686,ĠNight,318,5
6926,Ġnotes,318,42
6927,Ġqueer,318,0
6928,Ġacting,318,5
6933,Ġsalt,318,50
6934,ĠSociety,318,0
6935,Ġcolonel,318,1
6936,Ġfountain,318,205
6943,Ġhanded,317,20
6945,ĠClub,317,1
6948,Ġcapture,317,0
6949,ĠAirport,317,1
6950,Ġreferred,317,0
6951,Ġsculpture,317,84
6952,Ġunusual,317,35
2585,ica,316,6
6699,ĠMaster,316,5
6953,All,316,1
6956,Ġcousin,316,0
6963,Ġformal,316,191
6964,Ġprize,316,15
6966,Ġshooting,316,6
6967,ĠCharlotte,316,0
6969,Ġmortality,316,0
6970,Ġrecommendations,316,0
6971,Ġleaning,316,680
548,ure,315,61
897,Ġcount,315,35
1458,ering,315,15
4823,Ġoccasion,315,1
5386,Ġbrand,315,28
6651,ĠLee,315,2
6973,Ġwaves,315,138
6976,Ġeats,315,54
6979,ĠJr,315,0
6981,Ġfirms,315,0
6983,Ġsolution,315,4
6984,ĠCompany,315,5
1422,ĠPro,314,7
3172,Ġgentle,314,3
6986,ĠIRS,314,0
6992,Ġvisiting,314,2
6993,Ġorganized,314,9
6994,Ġtalks,314,16
6995,Ġgrounds,314,4
6996,Ġprepare,314,8
6997,Ġeighty,314,0
6999,Ġdrove,314,0
7000,Ġstruggle,314,0
5905,ĠLand,313,2
6427,ĠWas,313,0
6498,ĠChief,313,0
7004,Ġpose,313,45
7006,ĠHealth,313,2
7007,Ġcarriage,313,116
1380,ts,312,73
6646,ĠTO,312,366
6674,ĠSouthern,312,0
6846,Ġbirthday,312,199
7018,ĠBarty,312,0
7019,Ġprotected,312,2
7020,Ġregardless,312,0
7021,Ġamazing,312,6
4294,Ġforgot,311,0
7025,Ġcable,311,33
7030,Ġfeels,311,0
7031,Ġdefined,311,1
7032,Ġstatues,311,62
7033,Ġ1989,311,0
7035,Ġregarded,311,0
7036,Ġrapidly,311,0
2804,uk,310,10
5409,Ġweekend,310,0
6107,Ġburst,310,2
6707,ĠCivil,310,12
7040,Ġtied,310,110
7044,Ġallows,310,0
7046,Ġcommitted,310,0
7047,Ġrelatively,310,5
7048,Ġstranger,310,0
7049,Ġvisible,310,1445
7051,ĠMayenne,310,0
7053,Ġevaluation,310,0
7054,ĠSomething,310,7
7055,Ġliterature,310,5
7056,Ġcandidate,310,0
7057,ĠAdministration,310,2
7059,ĠCanadian,310,37
7060,Ġreputation,310,0
7061,ĠSupreme,310,1
733,ory,309,11
1054,ants,309,21
1294,ets,309,57
1353,ably,309,4
3041,ES,309,234
4203,ĠArab,309,6
7064,Ġsought,309,0
7071,ĠFGD,309,0
7073,Ġsomehow,309,0
7077,Ġstrategy,309,0
7078,Ġcourts,309,2
7079,Ġwondered,309,0
7080,Ġobjects,309,159
7081,Ġstrike,309,10
7082,ĠOhio,309,4
7083,Ġdevoted,309,0
7085,ĠFamily,309,67
1914,ium,308,15
4434,Ġcraft,308,59
5245,Ġdiscount,308,1
6693,ĠJoseph,308,2
6709,ĠLast,308,7
6762,Ġsheep,308,1938
7089,Ġfarther,308,127
7093,ĠGDP,308,0
7096,Ġgovernments,308,0
7097,Ġruins,308,15
7098,Ġ1988,308,0
7099,Ġeleven,308,24
7100,Ġdelivered,308,0
7101,Ġsunny,308,48
7102,Ġmagic,308,6
7103,Ġattractions,308,4
7104,Ġprisoner,308,2
7105,Ġpreviously,308,2
7106,Ġhouseholds,308,0
7107,This,308,0
7108,Ġtelephone,308,68
3662,Ġdelight,307,7
6922,Ġtie,307,1910
7110,Ġ--,307,4
7114,Ġcollected,307,2
7115,Ġboots,307,656
7116,Ġpossibility,307,0
7117,Ġstaying,307,3
7118,Ġhistoric,307,6
7120,Ġfurniture,307,118
7121,Ġabandoned,307,9
1412,ĠSp,306,52
2200,Ġfail,306,3
3564,ĠSch,306,2
5333,ĠChampionship,306,4
5491,14,306,13
6228,ĠMajor,306,1
6867,ĠBudget,306,1
7126,Ġbranches,306,83
7129,Ġexciting,306,0
7130,Ġvictims,306,1
4663,Ġpet,305,89
6505,ĠDisney,305,19
6818,Ġsolid,305,173
7134,Ġbegun,305,0
7135,Ġuseless,305,0
7138,Ġchairs,305,1094
7143,Ġtries,305,5
7144,ĠEmperor,305,0
7148,Ġtongue,305,218
1033,az,304,40
1936,let,304,132
2063,co,304,12
5893,ĠWater,304,32
7154,ĠBank,304,14
7155,ĠYear,304,0
7156,Ġslide,304,140
7159,Ġdivision,304,3
7161,Ġapplication,304,0
7162,Ġhoped,304,0
7164,Ġsatisfied,304,0
7165,Ġchallenges,304,0
7166,American,304,64
451,Ġle,303,146
1902,aged,303,298
2170,ator,303,109
4780,Ġrent,303,2
5671,Ġdraft,303,4
6978,ĠLower,303,16
7169,Ġft,303,3
7171,Ġpush,303,41
7172,Ġdad,303,130
7181,Ġprovisions,303,0
7184,Ġbottle,303,1423
7185,Ġconsistent,303,0
7186,Ġsucceeded,303,0
7187,Ġempire,303,8
6671,Ġbay,302,30
7198,Ġbadly,302,0
7200,Ġvegetables,302,666
7201,ĠProfessor,302,0
583,Ġdi,301,22
5571,Ġgrave,301,1
7210,Ġpride,301,13
7211,Ġaircraft,301,62
7212,Ġarticles,301,22
7213,Ġpassengers,301,194
7214,Ġdriven,301,19
7215,Ġmarkets,301,6
7216,Ġtechniques,301,6
7217,Ġdining,301,143
7220,Ġcorporate,301,9
7221,ĠScottish,301,37
6837,Ġsexual,300,0
7225,ĠInstitute,300,0
7228,Ġextended,300,85
7229,Ġconstant,300,0
7230,Ġattacked,300,6
7232,Ġencourage,300,0
7233,Ġbarely,300,332
7234,ĠMedicare,300,0
7235,Ġpaused,300,1
7237,Tilda,299,0
7241,ĠChris,299,4
7242,Ġincreases,299,0
7243,ĠColonel,299,0
7244,Ġbegins,299,10
7245,Ġrecognize,299,0
7247,Ġpurposes,299,1
7248,Ġfinger,299,295
7249,ĠFigure,299,1
430,qu,298,72
964,ĠBr,298,27
3298,wood,298,25
6273,Ġchest,298,320
7254,Ġconcluded,298,0
7258,Ġappointed,298,0
7259,Ġinvited,298,0
7260,they,298,2
7262,Ġresponsibilities,298,0
7263,Ġbesides,298,20
7266,ĠMississippi,298,0
607,iz,297,23
968,ered,297,46
2863,Ġtreat,297,28
4233,Ġbare,297,211
4836,Ġeager,297,14
5687,Ġrode,297,12
6903,ĠJackson,297,2
7069,ĠPublic,297,1
7269,Ġfans,297,223
7276,Ġwhenever,297,0
7279,Ġcommittee,297,0
7280,Ġkeeps,297,2
7282,Ġhousing,297,14
7283,Ġpeaceful,297,2
7285,Ġobvious,297,5
7286,ĠExecutive,297,1
1463,br,296,336
1555,ata,296,6
2888,ham,296,8
3615,Ġthreat,296,0
7294,Ġscared,296,13
7295,Ġattended,296,0
7297,Ġcharged,296,0
7298,Ġreduction,296,0
7299,ĠPortuguese,296,5
7300,ĠBobby,296,0
7301,Ġconsumption,296,0
7302,Ġsplit,296,48
7303,ĠCastle,296,1
510,iv,295,17
3064,Ġbasket,295,464
4576,Ġfeed,295,30
5373,ĠSun,295,9
6033,22,295,11
6285,Ġsurvey,295,4
6620,Ġshadow,295,203
7310,ĠPalace,295,1
7311,Ġuniforms,295,1587
7312,Ġobtained,295,0
1819,ĠGr,294,28
3551,istic,294,4
4903,morrow,294,0
5763,11,294,11
6679,Ġcowboy,294,394
6764,Ġvision,294,3
7316,Ġsuits,294,638
7317,Ġworn,294,82
7320,Ġrulemaking,294,0
7321,Ġmedieval,294,15
7322,Ġjumped,294,4
7324,Ġlimits,294,0
7326,ĠWilliams,294,3
7328,Ġresponded,294,1
412,ess,293,19
591,ass,293,35
6054,ĠSix,293,545
7332,Ġshared,293,2
7335,ĠLater,293,0
7340,Ġ1986,293,0
7341,ĠProvince,293,0
5748,Ġblind,292,80
7142,Ġ70,292,12
7160,ĠAmong,292,2
7345,Ġlosing,292,1
7346,Ġitem,292,203
7349,ĠRennie,292,0
7350,Ġfees,292,0
7354,Ġarrive,292,0
7358,ĠPennsylvania,292,1
1599,els,291,43
3824,Ġslight,291,11
6965,ĠSecond,291,23
7043,Ġheight,291,20
7365,Ġoutfit,291,787
7366,Ġresting,291,240
7367,Ġcommunication,291,1
7368,Ġ1987,291,0
7369,Ġdevice,291,148
7370,Ġinjured,291,10
673,ick,290,147
4965,Ġtarget,290,45
5692,la,290,8
7113,Ġjail,290,3
7377,Ġbye,290,4
7380,Ġturns,290,6
7381,Ġharder,290,1
7382,Ġparade,290,246
7383,Ġspeaker,290,57
7388,Ġadvertising,290,21
7389,Ġfrightened,290,5
7390,ĠCorporation,290,0
544,ep,289,123
550,Ġcl,289,131
1885,ER,289,472
4708,ĠMac,289,39
4886,ka,289,18
6609,Not,289,0
6852,ĠED,289,34
7399,ĠNed,289,0
7400,Ġknife,289,617
7402,Ġputs,289,17
7403,ĠMissouri,289,0
7404,Ġappeal,289,1
7405,Ġreviewed,289,0
7406,Ġdecorated,289,106
7407,ĠSecretary,289,0
7408,ĠTechnology,289,0
7409,Ġcontributions,289,0
7410,Ġpermanent,289,1
685,ence,288,9
5413,ĠWall,288,4
7419,Ġoffering,288,4
7422,ĠDole,288,0
7423,Ġpositions,288,7
7424,Ġtours,288,1
7425,ĠFinancial,288,0
7426,ĠAustralian,288,22
7427,Ġwebsite,288,7
7429,ĠEdmund,288,0
643,ub,287,49
852,ied,287,26
1316,ung,287,38
5858,Ġhonest,287,2
6944,Ġcourage,287,1
7430,'.,287,12
7432,Ġoption,287,0
7434,Ġpounds,287,1
7436,Ġpassage,287,8
7438,Ġsweater,287,1495
7440,ĠFriday,287,0
7441,Ġinhabitants,287,0
690,end,286,18
7261,income,286,0
7444,Ġpiano,286,92
7451,Ġgods,286,0
7455,Ġfunctions,286,0
7458,Ġoccupied,286,42
7460,Ġarrested,286,0
7461,ĠPacific,286,4
7462,ĠCynthia,286,1
1450,ok,285,36
2351,com,285,11
4644,Ġgather,285,1
7464,Ġawards,285,7
7471,Ġbasically,285,2
7473,Ġmuseums,285,0
7474,ĠLucy,285,0
5320,Ġvan,284,593
5819,Ġbeard,284,711
6787,ĠVan,284,15
6958,Ġweb,284,47
7478,Ġpapa,284,3
7480,ĠYet,284,0
7482,Ġcarved,284,9
7483,Ġ500,284,1
7485,Ġchapel,284,1
7486,Ġdebate,284,0
7487,Ġconstructed,284,5
7488,ĠAlaeddin,284,0
1871,ĠSc,283,17
7277,Ġspite,283,0
7491,Ġbent,283,263
7492,Ġfaced,283,61
7496,Ġtrunk,283,566
7497,Ġwrites,283,0
7502,Ġlessons,283,0
7503,Ġmoments,283,2
7504,Ġruled,283,1
7505,Ġinquired,283,0
5339,Ġdu,282,4
5778,Ġeditor,282,0
5883,Ġconflict,282,0
6571,ĠHoly,282,1
6643,she,282,18
7508,Ġhuh,282,0
7509,Ġnuclear,282,0
7514,Ġaffairs,282,0
7516,Ġtypically,282,0
7517,Ġhungry,282,20
7518,Ġfrequent,282,0
977,oh,281,14
2902,Ġmess,281,28
7011,ĠHal,281,5
7327,ĠDaniel,281,0
7522,Ġdecades,281,0
7524,Ġserves,281,8
7526,ĠHarold,281,0
7528,Ġchapter,281,1
7529,ĠAlfgar,281,0
7530,Ġexplanation,281,0
689,Ġsc,280,161
1911,ĠBl,280,76
4792,Ġdetail,280,4
6454,Ġsymbol,280,38
6656,Ġsmooth,280,43
7535,Ġreaching,280,399
7538,ĠFox,280,2
7539,Ġchannel,280,3
7542,Ġharbor,280,17
7544,ĠMaryland,280,2
7546,Ġelectricity,280,4
7547,ĠFrancisco,280,7
7548,ĠRoger,280,2
1630,Ġsum,279,0
1646,ĠCon,279,7
4057,lt,279,5
6134,Ġtradition,279,0
6287,bye,279,0
7357,ĠNorthern,279,0
7550,Ġgear,279,794
7552,Ġrush,279,5
7553,Ġdoctors,279,31
7556,Ġswung,279,11
7558,ĠHarris,279,0
7561,Ġconsiderable,279,0
7562,ĠIslands,279,0
7563,Ġflew,279,0
7564,ĠRamsey,279,0
7566,Ġmercury,279,1
7256,Ġcloth,278,409
7570,Ġthroat,278,10
7574,Ġpartly,278,102
7575,Ġcostume,278,379
7578,Ġprocessing,278,0
7579,Ġtested,278,1
7581,Ġexamined,278,0
7582,Ġescaped,278,0
4782,Ġwheel,277,437
6555,ĠAh,277,0
6911,Ġstadium,277,66
7360,Ġbell,277,72
7587,Ġchurches,277,0
7588,ĠArthur,277,0
7590,Ġceiling,277,77
7591,Ġscenes,277,3
7592,Ġimpressive,277,3
7593,Ġtransportation,277,45
7594,Ġnursing,277,37
1336,att,276,39
1410,ger,276,119
7022,Ġvacation,276,2
7119,ĠHuman,276,4
7331,ĠTable,276,119
7600,Ġcenters,276,1
7601,Ġaccountability,276,0
7602,Ġexistence,276,0
7603,Ġavoided,276,0
7605,Ġpirates,276,18
7606,Ġnearer,276,65
6479,Ġfault,275,1
7267,500,275,0
7607,100,275,2
7609,Ġhiding,275,47
7614,Ġagent,275,2
7615,Ġresorts,275,0
7617,Ġentering,275,8
7618,Ġcharges,275,0
7619,Ġamounts,275,16
7620,Ġrailway,275,24
7621,Ġdefeated,275,0
7622,Ġappreciate,275,0
7623,ĠMuslim,275,43
7624,Ġsatisfaction,275,0
1028,ures,274,29
1658,ĠFl,274,27
2195,ĠCal,274,4
6726,Ġhurried,274,0
7158,Ġhandsome,274,3
7626,gt,274,16
7627,Ġtropical,274,25
7629,Ġdying,274,2
7630,Ġsections,274,3
7631,Ġseriously,274,6
7633,Ġlights,274,594
7634,Ġaudits,274,0
7636,Ġreductions,274,0
7637,Ġdiving,274,76
7638,Ġviolent,274,1
7639,Ġconnected,274,28
7640,ĠKennedy,274,1
7641,ĠCasson,274,0
7642,Ġporch,274,62
7645,Ġmagnificent,274,0
7646,ĠWentworth,274,0
2610,line,273,48
5071,ĠOut,273,17
5841,looking,273,60
7651,ĠPM,273,2
7654,ĠThus,273,0
7656,ĠAnse,273,0
7658,Ġregional,273,1
7662,Ġmeetings,273,0
7663,Ġclasses,273,3
7664,Ġtrading,273,2
7665,Ġdemanded,273,0
7666,Ġdisappeared,273,0
1025,li,272,48
2851,ites,272,9
6570,ĠCross,272,18
6988,ĠCase,272,3
7475,Ġshelter,272,14
7668,Ġpages,272,20
7669,Ġlately,272,0
7674,Ġorganizational,272,0
7676,Ġemployment,272,0
7677,Ġopera,272,6
7678,Ġraising,272,42
7679,ĠFinally,272,0
448,Ġex,271,6
555,ber,271,27
3671,what,271,0
5037,Ġreflect,271,26
5557,Ġminor,271,2
6974,Ġodd,271,61
7685,Ġreference,271,0
7687,Ġknees,271,250
7689,Ġcrimes,271,0
7691,Ġfalls,271,2
7694,ĠJersey,271,5
7695,Ġarranged,271,14
357,Ġha,270,77
3226,ĠSer,270,5
5405,Ġattend,270,1
6504,ĠClear,270,26
6843,ĠList,270,1
7697,Ġmental,270,1
7698,Ġnominated,270,0
7699,Ġwears,270,36
7701,Ġassume,270,0
7704,Ġfilms,270,2
7707,Ġcelebrated,270,0
7708,Ġdelightful,270,0
7709,Ġmixed,270,56
7710,Ġsprang,270,0
7711,ĠDOD,270,0
1999,ĠPar,269,21
2678,Ġsuper,269,38
4295,Ġlink,269,47
6711,Ġmonument,269,30
7017,ĠProject,269,2
7715,Ġhired,269,1
7717,Ġscale,269,30
7718,Ġseeking,269,1
7720,Ġfinds,269,0
7721,Ġhighway,269,28
7722,Ġreaders,269,0
7724,Ġproductivity,269,0
7725,Ġhealthy,269,14
7727,Ġsettlement,269,1
7728,Ġpenalty,269,1
7729,Ġnewspapers,269,48
7730,Ġmerely,269,0
7731,Ġholiday,269,26
2514,eth,268,39
5182,Ġpoet,268,1
5887,Ġconcept,268,0
7246,ĠSmall,268,268
7736,ĠIV,268,2
7740,ĠFanning,268,0
7743,Ġdishes,268,146
7744,ĠAdams,268,1
7745,ĠJerry,268,1
7746,Ġgalley,268,0
7747,Ġadministrative,268,0
442,art,267,37
524,oy,267,43
7751,Ġmall,267,25
7756,Ġsharing,267,6
7758,Ġaliens,267,6
7759,Ġapproval,267,0
7760,Ġeffectively,267,0
7761,ĠChristians,267,7
7763,Ġdetailed,267,6
305,ll,266,49
4742,ita,266,61
6595,ĠHome,266,3
6641,ĠHindu,266,6
7766,rd,266,101
7768,Ġlocked,266,11
7777,Ġaccused,266,0
7778,Ġbelt,266,213
7780,Ġsets,266,25
7782,ĠShow,266,1
7783,Ġfollows,266,7
7784,Ġarrival,266,0
7785,Ġdescribe,266,1
7786,Ġcustomer,266,35
7788,Ġslept,266,0
7789,ĠAlfred,266,0
7793,ĠFoundation,266,0
610,ren,265,37
7439,Ġfleet,265,1
7796,Ġpowers,265,0
7804,Ġexpenses,265,0
7805,Ġvaluable,265,0
7807,Ġsnowy,265,182
7810,Ġfifth,265,14
7811,Ġtypical,265,4
7812,Ġdescribes,265,0
7814,Ġmillions,265,0
4307,ĠMont,264,0
4337,ari,264,21
5235,Ġestablish,264,0
7819,Ġcents,264,2
7821,Ġhiking,264,61
7824,Ġsees,264,25
7827,Ġjoke,264,4
7828,Ġblame,264,0
7830,ĠBridge,264,8
7831,Ġtechnologies,264,0
7832,Ġsupporting,264,13
7833,Ġladder,264,176
7835,Ġwidely,264,4
7836,ĠAuditors,264,0
7839,Ġchicken,264,254
7840,Ġcourtyard,264,29
60,X,263,47
7842,Ġtons,263,15
7850,ĠVice,263,0
7851,Ġlasted,263,0
7852,Ġconstantly,263,0
7853,Ġloans,263,0
7854,Ġtraveling,263,17
7855,Ġadmit,263,0
7856,Ġparticipate,263,0
7857,ĠEgyptian,263,5
7859,Ġcandidates,263,0
7860,Ġflexibility,263,0
7861,ĠInstead,263,0
772,ty,262,67
1364,ĠAd,262,30
3736,back,262,71
4966,field,262,20
6905,Ġfolk,262,24
7058,ĠPakistan,262,0
7338,Ġscore,262,115
7456,Ġwondering,262,0
7865,Ġpace,262,0
7871,Ġguests,262,35
7872,Ġbreaking,262,9
7873,Ġmusician,262,51
7874,Ġexcuse,262,0
7875,Ġnormally,262,1
7876,ĠHelen,262,0
7877,Ġrarely,262,0
7878,Ġskiing,262,263
613,Ġqu,261,101
3697,Ġrefer,261,1
6023,40,261,11
6892,ĠSee,261,2
7643,ĠSCR,261,2
7881,Ġdates,261,5
7889,Ġcarries,261,15
7891,Ġwarning,261,6
7892,Ġphase,261,1
7893,Ġminister,261,2
7894,ĠForce,261,12
7897,ĠMusic,261,5
62,Z,260,121
654,Ġdis,260,10
6453,ĠSuper,260,3
6564,ĠReport,260,0
6691,Ġhurry,260,8
7255,Ġsugar,260,104
7376,Ġfraud,260,0
7899,Come,260,1
7905,Ġfaster,260,7
7908,Ġfewer,260,4
7910,Ġhorror,260,0
7911,Ġ1982,260,0
7912,Ġassumed,260,0
7913,Ġeagerly,260,3
713,iss,259,53
2598,Ġpot,259,552
6495,Ġheaven,259,0
6687,Ġgod,259,5
7132,Ġwise,259,1
7527,Ġcouncil,259,0
7917,Ġloves,259,1
7920,"Ġ""'",259,0
7924,Ġrivers,259,0
7925,Ġstarts,259,8
7928,Ġmatches,259,7
7930,Ġpeak,259,11
7931,Ġdarkness,259,3
7932,Ġproperly,259,3
7933,Ġfrogs,259,6
7934,Ġprecious,259,1
7936,Ġswinging,259,318
7938,Ġprincipal,259,0
773,ious,258,4
5482,Ġframe,258,497
5961,ĠIN,258,920
7943,Ġhire,258,3
7945,Ġanger,258,0
7946,ĠPortugal,258,1
7947,Ġdisplays,258,16
7948,Ġremarkable,258,0
7949,Ġimprovement,258,1
7950,Ġrecommended,258,0
7951,Ġvolleyball,258,216
1146,Ġinter,257,7
4908,Ġsail,257,74
5653,law,257,35
6563,Ġexplore,257,0
7176,ĠWould,257,0
7953,Ġwounded,257,0
7957,ĠGothic,257,6
7961,Ġquit,257,8
7962,ĠVery,257,17
7964,Ġcrash,257,7
7965,ĠPatty,257,1
7966,Ġindependence,257,0
7968,ĠPersonal,257,1
7969,ĠIbiza,257,0
7970,Ġcigarette,257,285
5998,60,256,6
6175,Ġsevere,256,2
7733,Ġtables,256,556
7978,Ġengines,256,4
7980,Ġcounties,256,0
7981,Ġdecade,256,0
7983,Ġ1985,256,0
7984,ĠDoctor,256,3
7989,Ġcovering,256,139
7991,Ġconfirmed,256,0
879,Ġem,255,17
1411,ks,255,43
8003,Ġregions,255,0
8004,Ġcapable,255,0
8005,Ġsubway,255,116
8007,Ġsurely,255,0
8008,Ġdoorway,255,156
8009,ĠPlace,255,5
8010,ĠTrump,255,3
8012,Ġprivacy,255,3
8015,Ġconsideration,255,0
8016,Ġcommonly,255,0
8017,Ġattempts,255,9
8018,Ġkilling,255,1
8019,Ġprimarily,255,23
8020,Ġcolumns,255,110
3440,Ġmotor,254,178
4243,ĠAnn,254,0
6748,ĠZealand,254,1
7323,Ġbedroom,254,17
8028,Ġnations,254,0
8030,ĠVrenna,254,0
8032,Ġlargely,254,2
8033,Ġvisits,254,0
8034,Ġdresses,254,489
8035,ĠJohnny,254,0
8036,Ġassumptions,254,0
8039,ĠMassachusetts,254,0
8040,ĠRenaissance,254,8
8041,ĠRalph,254,0
1234,ex,253,19
2766,ĠPart,253,107
3270,Ġburn,253,35
6141,Ġprofit,253,0
6961,Ġfee,253,0
7193,ĠMail,253,0
7352,Ġmarry,253,0
7752,Ġtool,253,141
8048,Ġsons,253,13
8049,Ġfate,253,0
8056,".""]",253,0
8059,Ġattached,253,144
8060,Ġstudio,253,15
8063,Ġelections,253,0
8064,Ġdefinition,253,1
8066,Ġcopies,253,7
8067,Ġdegrees,253,3
8068,Ġencouraged,253,0
8070,Ġsubmitted,253,0
8071,Ġconservative,253,0
8072,Ġceremony,253,2
8073,Ġevidently,253,0
8074,Ġdescription,253,8
3266,ada,252,43
4947,Ġkick,252,106
7270,ĠBull,252,19
7684,Ġlap,252,453
8083,Ġtomorrow,252,0
8086,ĠCuba,252,0
8087,Ġdeer,252,45
8089,Ġsake,252,1
8091,ĠStation,252,7
8094,Ġours,252,0
8096,Ġdiscovery,252,0
8099,Ġ1972,252,0
8101,Ġsignificantly,252,0
8103,Ġgathering,252,153
8104,Ġconclusion,252,0
8105,Ġwarriors,252,4
8106,Ġtonight,252,2
677,ire,251,60
1644,que,251,8
3687,Ġbelong,251,5
3970,Ġextreme,251,36
4716,St,251,0
7348,ĠGate,251,5
8111,Ġshade,251,130
8112,ĠFord,251,32
8118,Ġslipped,251,1
8119,Ġpresently,251,0
8120,Ġequally,251,7
8122,Ġfemales,251,184
8123,Ġ1930,251,0
8124,Ġboxes,251,259
8126,Ġcombined,251,0
8127,Ġinnocent,251,2
3199,Ġz,250,245
5869,13,250,11
8139,Ġhelpful,250,0
8140,Ġkindly,250,0
8142,Ġapproached,250,0
8143,Ġconcerning,250,0
8144,ĠWithout,250,0
8145,Ġsuffering,250,1
8146,Ġsending,250,0
8147,Ġvehicles,250,175
8148,ĠDewey,250,0
8149,Ġcrisis,250,0
8150,Ġlaunched,250,0
2606,ford,249,12
7428,Ġfalse,249,1
7867,ĠSEC,249,17
8162,Ġsignal,249,104
8164,ĠParliament,249,0
8165,ĠIndiana,249,1
8168,Ġaltogether,249,0
8169,Ġcriteria,249,0
729,int,248,28
1059,ph,248,36
1095,ened,248,10
5940,Ġbelief,248,0
7431,90,248,6
7834,ĠElizabeth,248,2
8177,ĠNavy,248,14
8178,ĠYeah,248,0
8179,Ġprime,248,1
8182,Ġdistribution,248,0
8185,Ġpointing,248,333
8186,Ġestate,248,1
8187,Ġclassical,248,21
8188,Ġcompete,248,11
8189,Ġstrongly,248,0
8190,Ġachieved,248,0
8191,Ġimplemented,248,0
953,ell,247,19
5435,Ġdefend,247,4
5631,Ġdeliver,247,1
6590,class,247,1
6624,related,247,1
6980,Ġroll,247,142
7632,Ġideal,247,5
8194,Ġtv,247,341
8196,Ġlined,247,53
8201,Ġguest,247,26
8204,"----""",247,0
8205,Ġopposed,247,1
8206,Ġexperts,247,1
8207,Ġpeninsula,247,0
8208,Ġmeasured,247,0
8209,Ġinitiatives,247,0
8211,Ġstrategies,247,0
8212,Ġdefeat,247,0
8213,ĠSkies,247,3
8214,Ġfascinating,247,0
441,ort,246,6
5141,Ġski,246,735
6226,Ġdust,246,84
6305,Ġgang,246,3
6939,Ġlock,246,38
7667,Ġstupid,246,6
7673,Ġsecure,246,1
7967,Ġscientific,246,13
8217,Ġvia,246,3
8218,Ġexists,246,0
8221,Ġclouds,246,95
8225,Ġattitude,246,0
8229,Ġwinner,246,7
8230,Ġ1974,246,0
8231,Ġteachers,246,9
8232,Ġseparated,246,16
8233,Ġtickets,246,11
1524,Ġmom,245,240
3512,Ġrail,245,213
5786,Ġvessel,245,23
6736,Ġmap,245,73
7084,Ġkingdom,245,2
7585,Ġthy,245,0
7649,Ġloose,245,32
7880,Ġfuel,245,4
7958,Ġalien,245,10
8240,Ġseized,245,0
8242,Ġchasing,245,29
8243,ĠRight,245,49
8251,ĠCentre,245,1
8252,Ġstructures,245,31
8253,Ġclubs,245,12
8257,ĠRomans,245,0
8258,Ġinterrupted,245,0
2700,Ġassist,244,3
4787,Ġfool,244,0
5770,do,244,6
7719,Ġ35,244,20
8267,Ġuser,244,2
8268,Ġdisaster,244,2
8269,ĠAnalysis,244,0
8271,Ġsteady,244,1
8272,Ġparks,244,4
8273,Ġgrassy,244,297
8277,Ġdecrease,244,0
8279,ĠVietnam,244,0
638,mer,243,36
3186,Ġda,243,21
4040,Ġmix,243,53
6884,Ġplate,243,2841
7815,ĠBusiness,243,6
8280,five,243,7
8285,Ġmothers,243,27
8287,Ġsuccessfully,243,0
8289,Ġsoftly,243,0
8290,ĠBoys,243,73
8291,Ġwealthy,243,0
8292,1999,243,0
8293,Ġcategory,243,0
8295,ĠMalaysia,243,2
8296,Ġlatest,243,3
642,cl,242,106
847,ath,242,6
5818,Ġpond,242,70
5826,Ġtight,242,65
6094,Ġcliff,242,94
7960,Ġshell,242,55
8302,Ġupstairs,242,1
8303,Ġtheme,242,16
8310,Ġsixty,242,0
8311,Ġdestination,242,14
8313,Ġbronze,242,10
8314,Ġromantic,242,4
8315,Ġtobacco,242,2
336,ver,241,23
4992,AL,241,162
6613,Ġowners,241,25
8037,Ġpilot,241,27
8062,Ġcreation,241,4
8320,Ġvoices,241,0
8322,Ġemperor,241,1
8323,Ġ1984,241,0
8324,Ġcollections,241,1
8326,Ġmysterious,241,4
580,Ġbl,240,144
600,Ġen,240,12
2653,Ġexact,240,5
4872,Ġbath,240,82
7613,Ġnoble,240,0
8330,Ġgently,240,1
8342,Ġoperation,240,2
8346,Ġspirits,240,0
8347,Ġdisappointed,240,0
8349,Ġincentives,240,0
8350,ĠRepresentatives,240,1
8351,ĠMeanwhile,240,0
1035,Ġmon,239,26
2049,ama,239,43
2411,ius,239,0
4586,known,239,1
5137,Ġmere,239,1
5147,ĠAny,239,6
6149,Ġsmell,239,1
7005,ĠFar,239,29
7223,Ġpure,239,10
8038,Ġcarpet,239,111
8081,Ġwound,239,1
8355,ĠJumbo,239,2
8360,Ġpreamble,239,0
8361,Ġnowhere,239,2
8362,Ġacts,239,1
8363,Ġreliability,239,0
8366,Ġcostumes,239,528
8367,ĠArts,239,0
8368,Ġreceiving,239,13
8369,Ġsunset,239,38
8370,Ġexpectations,239,0
8371,Ġ1979,239,0
8372,Ġreplace,239,0
8373,ĠPolish,239,0
8374,Ġsensitive,239,0
8375,ĠDivision,239,0
423,Ġpl,238,56
1218,iness,238,6
1260,..,238,54
4783,Ġcolumn,238,53
8088,ĠRush,238,0
8379,yeah,238,2
8380,Ġfile,238,67
8388,Ġacted,238,0
8389,Ġgloves,238,614
8390,Ġproducer,238,0
8391,Ġlanded,238,5
8394,Ġinternet,238,4
8396,Ġbowl,238,2825
8397,Ġcombination,238,16
8398,Ġawarded,238,0
8399,Ġcontrolled,238,5
8400,Ġcategories,238,0
8401,ĠBrazil,238,2
4954,ĠScott,237,1
8161,Ġentry,237,11
8404,Ġtoys,237,341
8406,ĠHaving,237,1
8407,ĠHockey,237,13
8408,Ġrice,237,282
8416,Ġglanced,237,0
8417,Ġpreferred,237,0
8418,ĠGreece,237,0
8419,Ġmystery,237,1
8421,ĠAgnes,237,0
844,ert,236,15
1009,ves,236,31
1667,Ġpar,236,49
2716,Ġcorn,236,181
5720,Ġprotest,236,44
6126,Ġinvolve,236,0
6366,ĠHim,236,4
6632,Ġdebut,236,0
7644,Ġrifle,236,43
7653,Ġvest,236,948
8109,ĠSO,236,69
8155,Ġweird,236,99
8427,Ġrear,236,373
8431,Ġplus,236,8
8433,Ġoutcomes,236,0
8434,Ġblade,236,44
8437,Ġtraveled,236,1
8439,Ġdestruction,236,0
8440,Ġhoping,236,0
8442,Ġelephant,236,4294
8446,ĠFaith,236,0
1765,ĠQ,235,14
1866,ĠPl,235,56
3982,Ġcell,235,503
4246,ki,235,27
4525,Ġlog,235,170
7577,Ġsteep,235,42
8452,Ġrolling,235,96
8455,Ġinvasion,235,0
8458,Ġseconds,235,5
8459,Ġemployed,235,0
8461,Ġpurchased,235,0
8462,Ġguidelines,235,0
8464,ĠLaura,235,1
8465,ĠWhittington,235,0
526,ich,234,84
2243,head,234,30
3243,ĠCo,234,6
4060,Ġrespond,234,6
6426,Ġdock,234,189
8237,Ġinner,234,8
8466,);,234,1
8469,Ġbills,234,4
8472,ĠNixon,234,0
8478,Ġages,234,171
8479,Ġcomposed,234,0
8481,Ġ1981,234,0
8483,Ġjudges,234,25
8485,Ġpossession,234,6
8486,ĠLewinsky,234,0
8487,Ġapproximately,234,8
2203,era,233,19
2899,go,233,25
3904,Ġcow,233,2687
6375,Ġskirt,233,777
7284,Ġcruel,233,0
7459,Ġcontrast,233,1
8491,Ġtan,233,1719
8496,Ġseasons,233,2
8502,Ġspare,233,21
8504,Ġgrants,233,0
8506,Ġdistant,233,22
8507,Ġmarks,233,46
8508,ĠTurkey,233,2
8509,ĠCoast,233,10
3035,ĠQu,232,6
4568,Ġegg,232,205
7149,70,232,6
8255,Ġdelighted,232,1
8256,Ġessential,232,1
8515,Of,232,0
8517,ĠTen,232,54
8523,Ġtrained,232,3
8525,ĠKelly,232,2
8526,Ġarmed,232,23
8529,Ġconsidering,232,0
8532,Ġlanding,232,31
8533,Ġcircus,232,10
8534,Ġinvestigation,232,0
8536,ĠAtlantic,232,1
8538,Ġdarling,232,0
509,ind,231,55
1772,ged,231,46
5590,Ġpig,231,93
6157,ĠHad,231,0
7565,ĠRevolution,231,9
7937,Ġliberal,231,0
8014,Ġcompanions,231,14
8540,Ġtip,231,76
8542,Ġcotton,231,49
8543,Ġmales,231,321
8547,Ġgonna,231,7
8549,ĠScience,231,0
8553,Ġblowing,231,77
8555,Ġdrives,231,11
8558,Ġcontinues,231,0
8559,Ġamongst,231,14
8560,Ġpercentage,231,0
8563,Ġskateboarder,231,318
8564,Ġticket,231,17
8565,ĠDirector,231,0
8566,Ġsupplies,231,102
785,ents,230,19
1986,ĠGu,230,2
5486,Ġtransfer,230,0
8568,Let,230,0
8572,Ġshock,230,2
8574,ĠFDA,230,0
8577,ĠTherefore,230,0
8579,Ġfled,230,0
8581,ĠAlabama,230,1
8582,Ġrelative,230,1
8583,Ġstudying,230,2
8584,Ġexposure,230,8
8588,Ġpoliticians,230,0
8590,Ġdenied,230,0
8591,Ġaspects,230,0
8592,ĠMediterranean,230,0
1404,ised,229,6
1415,ows,229,16
2305,ges,229,69
5388,Ġpattern,229,176
6075,ĠUp,229,13
6998,Ġindustrial,229,26
7895,ĠDeath,229,0
8284,Ġpartner,229,28
8348,Ġimpression,229,1
8596,Ġwake,229,30
8600,ĠAge,229,1
8605,Ġrolled,229,64
8606,Ġbrings,229,1
8608,Ġslavery,229,0
8609,Ġparking,229,457
8611,Ġelsewhere,229,0
8613,Ġcreature,229,12
8614,Ġopinions,229,0
8616,Ġoccasionally,229,0
344,gh,228,48
992,ros,228,19
1890,ified,228,0
2452,Ġfur,228,215
4341,Ġbomb,228,16
6542,Ġdish,228,548
8248,Ġbackpack,228,875
8618,Ġcaves,228,0
8622,Ġkings,228,0
8625,Ġknee,228,313
8630,Ġsmallest,228,481
8631,Ġservants,228,0
8632,Ġbushes,228,170
8634,Ġcharming,228,2
8636,ĠTeam,228,28
8638,Ġinspired,228,10
404,ome,227,37
479,ack,227,79
5634,hand,227,42
6072,with,227,21
6391,ĠBook,227,22
7660,Ġextensive,227,1
8640,Here,227,0
8641,Um,227,0
8642,Ġbones,227,9
8650,Ġsofa,227,956
8654,Ġswept,227,0
8655,Ġperforms,227,5
8656,Ġreads,227,57
8658,Ġballs,227,352
8659,Ġrocky,227,134
8660,Ġpromote,227,0
8661,Ġabsence,227,0
8663,Ġhopes,227,0
8664,Ġcreatures,227,1
8665,Ġsurvive,227,0
8666,Ġgallery,227,10
8667,Ġadventures,227,0
8668,Ġprinciple,227,1
8669,Ġaccurate,227,1
8670,Ġdramatic,227,5
570,pl,226,64
1947,ĠTr,226,6
6365,ĠBell,226,0
8672,ĠTell,226,0
8676,ĠPoor,226,8
8682,Ġdeaths,226,1
8685,Ġthreatened,226,0
8687,Ġsacred,226,1
8688,Ġeligible,226,0
725,side,225,189
794,Ġrep,225,2
1608,ĠPr,225,2
4417,Ġprint,225,207
6573,ĠNever,225,0
8689,Where,225,0
8696,ĠTower,225,6
8701,Ġsmiles,225,101
8705,Ġriders,225,224
8706,Ġpractical,225,1
8708,Ġreducing,225,0
8709,Ġsuggests,225,0
8710,Ġnecessarily,225,0
8712,Ġvoting,225,0
8713,Ġexperiences,225,0
8714,Ġprinted,225,101
8716,Ġconverted,225,1
731,ave,224,12
1261,ric,224,7
5879,ĠGirl,224,502
7681,Ġadventure,224,1
8235,ĠNapoleon,224,0
8338,Ġplayground,224,85
8463,Ġblanket,224,474
8724,ĠLola,224,0
8731,Ġerror,224,0
8732,Ġmaintenance,224,15
8733,Ġrequested,224,0
8735,ĠMuslims,224,5
705,ign,223,20
754,fe,223,94
1147,ĠCl,223,15
3445,lin,223,8
4160,Ġearn,223,0
8259,Ġscandal,223,1
8412,Ġchart,223,8
8739,Ġshift,223,8
8744,Ġnights,223,0
8745,Ġstops,223,12
8746,Ġpracticing,223,11
8747,Ġinvolving,223,3
8748,Ġcompeting,223,12
8749,Ġapplications,223,1
8750,ĠModern,223,4
8751,Ġunhappy,223,19
645,ose,222,51
1801,ĠHar,222,2
6580,ĠIran,222,0
7537,ĠBack,222,112
8227,ĠDoes,222,0
8760,Ġwashing,222,47
8770,Ġattempted,222,0
8772,ĠBurton,222,5
8773,Ġpermitted,222,0
1894,ron,221,30
3286,ĠPat,221,17
6318,ĠDog,221,55
7790,ĠLewis,221,0
8299,Ġbald,221,564
8318,Ġlakes,221,1
8777,Ġsang,221,0
8781,Ġtrains,221,32
8785,Ġrefers,221,0
8787,Ġimprovements,221,0
8788,Ġstarring,221,21
8789,ĠAgency,221,0
8790,Ġsurvived,221,0
8793,ĠCampbell,221,4
8794,ĠFIFA,221,0
952,ms,220,7
1283,aj,220,2
6357,Ġmotion,220,48
8027,Ġnap,220,29
8795,)(,220,0
8798,ĠMike,220,1
8803,Ġremove,220,1
8805,Ġdrums,220,280
8806,Ġalongside,220,26
8808,Ġtaxi,220,152
8809,Ġsounded,220,0
8811,ĠPeace,220,2
8812,Ġgranted,220,0
8813,Ġsticks,220,266
8814,Ġvotes,220,0
8815,Ġprayer,220,12
8816,Ġtemperature,220,3
8817,ĠPersian,220,2
8818,ĠTennessee,220,0
3381,Ġimplement,219,1
7442,80,219,1
8561,ĠExpress,219,9
8822,ĠPorter,219,1
8830,Ġfoundation,219,8
8831,Ġpresents,219,48
8836,Ġ75,219,6
8837,Ġreturning,219,4
8840,Ġmachines,219,79
8841,ĠChristianity,219,0
8842,Ġconvinced,219,0
8844,Ġpraise,219,0
8845,Ġconsequences,219,0
8846,ĠMcGlory,219,0
8847,Ġpicnic,219,158
7523,Ġstring,218,147
7612,Ġworship,218,2
7806,Ġconfident,218,1
8100,Ġsuffer,218,1
8556,Ġbreast,218,24
8851,ĠAmy,218,2
8852,ĠBork,218,0
8855,Ġexpense,218,0
8856,Ġpasses,218,11
8857,Ġsnake,218,37
8858,Ġclassic,218,37
8859,ĠWillie,218,0
8860,Ġsandy,218,103
8864,ĠEconomic,218,0
8866,Ġtoddler,218,311
590,ven,217,23
2381,Ġlab,217,117
3771,Ġcollect,217,0
4703,Ġtransport,217,16
8869,also,217,1
8873,Ġchamber,217,1
8874,ĠGulf,217,0
8878,ĠIndeed,217,0
8879,Ġrefuse,217,1
8880,Ġdesigns,217,80
8881,Ġhearts,217,49
8882,Ġquestioned,217,0
8883,Ġdeclined,217,0
8884,Ġexamine,217,0
8886,Ġneighbors,217,11
8888,Ġbiker,217,142
8889,Ġminimum,217,0
8890,ĠFestival,217,2
2524,ĠPe,216,17
8236,26,216,10
8453,Ġrecall,216,0
8892,Ġ).,216,0
8896,Ġlord,216,0
8897,ĠAvenue,216,1
8905,Ġflung,216,0
8907,Ġlively,216,3
8908,Ġposes,216,38
8910,Ġeaten,216,142
8911,Ġattempting,216,21
8912,ĠBertha,216,0
8913,Ġpoliceman,216,60
8914,Ġexpanded,216,0
8915,ĠKentucky,216,0
8916,Ġelegant,216,12
2671,ators,215,39
3072,ging,215,11
3497,Ġrelations,215,0
4323,berg,215,4
4487,Ġkiss,215,46
6672,Ġfaint,215,3
8920,there,215,18
8924,Ġferry,215,33
8934,Ġpersonnel,215,42
8937,Ġ1983,215,0
8938,Ġallowances,215,0
8939,Ġresulted,215,0
8940,ĠSteve,215,3
8941,Ġmagazines,215,68
803,Ġrec,214,14
1542,ides,214,3
2186,ĠTe,214,13
3330,Ġdestroy,214,0
5228,ingly,214,1
6730,ĠRichards,214,0
8167,ĠFinn,214,1
8286,Ġlands,214,3
8612,Ġhonour,214,0
8942,""").",214,0
8946,Ġtale,214,8
8948,ĠBattle,214,0
8950,ĠDerry,214,0
8952,ĠLilian,214,0
8956,Ġreliable,214,0
8957,Ġpreserved,214,1
8962,ĠMorris,214,0
8965,Ġsubstantial,214,0
8966,ĠHayden,214,0
393,Ġne,213,47
475,ff,213,67
2125,ots,213,53
7168,sur,213,0
8082,Ġbarn,213,47
8969,Ġbore,213,1
8970,Ġhut,213,27
8971,ĠMobile,213,2
8974,Ġvoted,213,0
8975,Ġsoil,213,25
8977,ĠStanton,213,0
8978,Ġresidence,213,3
8979,Ġheaded,213,59
8980,Ġ1969,213,0
8981,Ġdeeply,213,2
8985,Ġbelonged,213,0
8987,Ġmosque,213,0
8989,ĠBesides,213,0
8991,ĠPerformance,213,1
1671,ery,212,29
2580,ps,212,28
3852,EN,212,462
5852,ĠMa,212,0
6260,Ġterror,212,0
6337,down,212,56
8336,Ġvain,212,0
8723,Ġproof,212,3
8994,ĠAileen,212,0
8996,Ġchums,212,0
8998,Ġboards,212,82
8999,Ġpublication,212,1
9001,Ġapproaching,212,16
9002,ĠBeing,212,3
9004,Ġofficially,212,0
9005,Ġ1975,212,0
9006,Ġcompetitive,212,10
9007,Ġtouching,212,689
9009,ĠTurks,212,0
9010,Ġfeatured,212,17
9012,Ġobliged,212,0
9013,Ġcarrier,212,57
457,Ġab,211,32
2531,Ġparent,211,38
7190,Ġtorn,211,34
7879,Ġwire,211,159
9022,Ġsample,211,8
9023,Ġwages,211,0
9026,ĠSather,211,0
9027,ĠSara,211,1
9028,ĠSection,211,6
9034,Ġunion,211,6
9035,Ġpermit,211,1
9037,Ġrecording,211,3
9039,Ġfinest,211,1
9040,Ġefficiency,211,0
9042,Ġfunded,211,0
9043,Ġ1964,211,0
9044,Ġ1968,211,0
9046,Ġspeaks,211,2
9047,Ġprisoners,211,2
9048,Ġspecifically,211,0
9049,ĠLouisiana,211,0
9050,Ġcheeks,211,35
2409,ĠNe,210,14
2420,ĠAb,210,2
8415,Ġknight,210,8
9058,ĠThings,210,1
9060,Ġblocks,210,181
9062,Ġresidential,210,9
9063,Ġcheaper,210,0
9064,ĠReagan,210,1
9067,Ġ1976,210,0
9068,Ġrepresentative,210,2
9069,Ġ1940,210,1
9070,Ġattraction,210,8
9071,Ġrelaxing,210,17
9072,Ġobviously,210,0
9073,Ġenormous,210,2
664,ck,209,163
883,hen,209,3
1274,Ġel,209,43
1961,Ġorigin,209,8
1988,work,209,25
3122,Ġmis,209,5
4044,now,209,2
6233,Ġstrict,209,0
9075,Ġwishes,209,0
9076,Ġcreek,209,27
9086,Ġstatewide,209,0
9088,Ġreflected,209,22
9089,Ġdirections,209,7
9090,Ġsooner,209,0
9091,Ġinvestments,209,0
9092,Ġprojected,209,1
9094,Ġinformed,209,0
9095,Ġholidays,209,0
9096,ĠBuddhist,209,12
9097,ĠStephen,209,0
9098,Ġscheme,209,0
557,ink,208,50
854,ited,208,13
1529,ann,208,92
1971,ze,208,20
2846,ĠCap,208,9
7183,Ġbroadcast,208,0
8278,Ġethnic,208,111
8621,ĠPope,208,1
9112,Ġchoices,208,13
9114,Ġknocked,208,1
9115,Ġsailing,208,16
9117,Ġ300,208,3
9119,Ġfactory,208,15
9120,Ġconfused,208,7
9122,Ġnaturally,208,1
9123,Ġassociation,208,0
9125,Ġresistance,208,0
9127,ĠCritics,208,0
485,ost,207,44
719,ase,207,72
3392,ON,207,280
7386,ĠAgain,207,0
7484,Ġelement,207,2
7764,75,207,3
7992,24,207,8
8648,Ġshame,207,0
8835,Ġmedal,207,25
9130,Ġsilly,207,37
9132,Ġpressed,207,4
9137,Ġstolen,207,0
9146,Ġsupports,207,9
9148,Ġreturns,207,0
9149,Ġcares,207,0
9150,ĠNeither,207,0
9152,ĠRegulatory,207,0
9154,Ġaccuracy,207,0
9155,Ġcomparison,207,0
9156,Ġrestrictions,207,0
9157,Ġthoroughly,207,0
9158,ĠKyoto,207,1
6804,Ġcommission,206,0
6912,ĠGet,206,5
7091,Ġstraw,206,285
8321,Ġflow,206,9
8657,Ġclever,206,3
8848,ĠJordan,206,0
8865,Ġnervous,206,2
9160,Are,206,0
9164,Ġdating,206,0
9167,ĠBatala,206,0
9168,Ġoutcome,206,0
9174,Ġletting,206,7
9175,Ġstatistics,206,0
9176,Ġmusicians,206,358
9178,Ġstronger,206,0
9179,Ġdistricts,206,0
9180,Ġperiods,206,0
9181,Ġdamaged,206,11
9182,Ġregularly,206,0
9183,Ġdepartments,206,0
9184,Ġpoetry,206,0
9186,Ġaccompanied,206,1
9188,ĠAylmer,206,0
881,ock,205,37
1480,Ġfore,205,28
4743,Ġmill,205,39
5963,ĠInc,205,0
7231,ĠSystem,205,4
8384,Ġcanoe,205,154
8456,Ġ36,205,12
8695,Ġpine,205,123
9191,Ġpets,205,15
9192,Ġdensity,205,1
9193,Ġduties,205,3
9200,Ġshaking,205,49
9204,Ġindicated,205,0
9206,Ġrequests,205,0
9207,Ġexposed,205,34
9209,Ġ45,205,21
9210,Ġsituated,205,15
9211,Ġeffectiveness,205,0
9212,Ġviewed,205,12
9213,Ġawake,205,8
9216,ĠSlim,205,1
9218,Ġcatching,205,160
9219,Ġargue,205,0
9220,ĠKorea,205,0
9221,ĠKorean,205,31
9222,Ġdesperate,205,0
9223,ĠAccounting,205,0
9224,ĠKirby,205,0
9225,Ġliquid,205,248
9226,ĠHouston,205,2
3271,ĠSant,204,0
3289,Ġpack,204,201
8861,Ġvictim,204,3
8927,Ġpity,204,0
8928,style,204,45
9227,Who,204,0
9229,Ġfiction,204,0
9236,Ġyelled,204,0
9239,ĠVaud,204,0
9240,Ġrepresents,204,0
9242,Ġperformances,204,0
9243,Ġapproaches,204,3
9245,Ġmerged,204,0
9246,Ġexisted,204,0
9247,Ġmaintained,204,0
9250,Ġrelaxed,204,9
9252,Ġrejected,204,0
9253,ĠAntonio,204,0
694,ail,203,40
3173,iers,203,53
3616,ĠChe,203,38
6941,Ġramp,203,276
8703,Ġincident,203,0
8802,Ġflash,203,40
8810,Ġstriking,203,10
8862,idae,203,0
9255,Good,203,0
9256,Ġaunt,203,0
9258,Ġheels,203,164
9261,Ġkicking,203,88
9262,ĠNative,203,38
9264,Ġresource,203,0
9269,Ġlesson,203,1
9270,Ġtreasures,203,0
9271,Ġsleeps,203,10
9272,Ġsilk,203,36
9273,Ġsubjects,203,1
9275,ĠSeries,203,4
9276,Ġforests,203,1
9277,Ġvoters,203,0
9279,Ġframework,203,4
9280,Ġmartial,203,144
9281,Ġcomprehensive,203,0
9282,Ġanswers,203,0
439,ust,202,20
961,ix,202,9
3065,Ġdepend,202,0
3131,ĠEn,202,4
3650,Ġarchitect,202,1
9289,Ġbanned,202,0
9293,Ġadding,202,2
9294,Ġcountryside,202,8
9295,Ġdealing,202,0
9296,Ġfairy,202,10
9297,Ġjudgment,202,0
9299,Ġinjury,202,3
9300,Ġbathing,202,335
9301,Ġmuttered,202,0
9302,Ġpatterns,202,11
9303,ĠFilm,202,0
9304,Ġsurpluses,202,0
9306,ĠPuerto,202,0
350,ith,201,21
2131,ĠPer,201,3
2327,ening,201,7
3181,ett,201,28
4563,ette,201,54
6519,Ġma,201,20
7511,Ġvary,201,1
8662,Ġillness,201,0
9307,Okay,201,0
9312,Ġ;,201,12
9315,Ġholy,201,2
9316,Ġdances,201,2
9319,ĠSaving,201,0
9324,Ġimpressed,201,0
9326,Ġcourses,201,0
9332,Ġimproving,201,0
9333,Ġidentity,201,0
9334,Ġfarmers,201,23
9335,ĠBoris,201,0
9336,Ġoversight,201,0
9337,ĠEducation,201,0
525,ake,200,96
1270,Ġsn,200,37
1469,ages,200,9
3109,ively,200,2
3185,Ġpen,200,153
4096,Ġpan,200,244
8042,ĠNepal,200,0
9339,Ġpizza,200,3811
9344,ĠCazar,200,0
9345,ĠPiazza,200,1
9353,ĠGeography,200,1
9354,Ġrepresentatives,200,0
9355,who,200,1
9357,Ġroughly,200,4
9358,Ġstretched,200,41
2832,af,199,33
3394,ĠVal,199,1
3501,ification,199,0
3832,ano,199,6
4536,ola,199,38
5556,Ġevident,199,0
6248,Ġarrow,199,61
8728,Ġcontext,199,0
9367,ĠRue,199,0
9369,Ġproviders,199,5
9371,Ġdrank,199,6
9372,Ġwarned,199,0
9376,Ġ1977,199,0
9377,Ġoperate,199,3
9378,Ġinvolves,199,0
9379,Ġfiled,199,1
9381,Ġdepending,199,0
9382,Ġignore,199,0
9383,Ġtricks,199,35
9385,Ġkissed,199,12
9386,Ġkicked,199,14
9387,Ġdreadful,199,0
9388,Ġnearest,199,1106
9390,Ġearthquake,199,0
1251,ids,198,11
3629,ously,198,7
6034,ani,198,5
8130,Ġreign,198,2
8729,Ġbride,198,322
8839,Ġfortress,198,1
8849,28,198,5
8923,Ġfed,198,68
9021,Ġsigh,198,7
9394,Ġsorts,198,5
9398,Ġfires,198,3
9402,Ġspots,198,217
9403,Ġsurgery,198,4
9405,Ġmarch,198,90
9409,Ġceased,198,0
9410,Ġcharacteristics,198,0
9412,Ġinfluenced,198,0
9413,Ġpermission,198,0
9414,Ġdigging,198,14
9416,Ġfloating,198,47
9418,ĠBenjamin,198,0
1276,ards,197,42
1965,board,197,388
2675,ĠSl,197,106
2676,Ġattract,197,0
3365,ĠCr,197,8
5669,Ch,197,2
6188,ĠIslam,197,0
7014,Ġcloud,197,33
7794,35,197,17
9419,Ġtape,197,129
9420,Ġarose,197,0
9429,Ġcompound,197,6
9432,Ġguards,197,48
9437,Ġmighty,197,0
9439,Ġmoves,197,14
9440,Ġsituations,197,0
9442,Ġworthy,197,0
9443,Ġresponses,197,0
9444,Ġzero,197,8
9445,ĠVenice,197,0
1252,ret,196,35
1946,ring,196,64
3052,ico,196,8
4110,Ġlift,196,83
4202,Ġpray,196,5
5062,Ġarrest,196,0
8113,Ġchampionship,196,0
8653,Ġskill,196,3
9449,Ġbears,196,131
9450,Ġbearing,196,8
9452,ĠMosely,196,0
9456,ĠPower,196,5
9457,ĠPlease,196,1
9458,Ġraces,196,26
9461,Ġvice,196,0
9468,Ġanimated,196,7
9469,Ġ1973,196,0
9470,Ġgenerations,196,0
9472,Ġauthorities,196,0
9473,Ġstrip,196,106
9476,Ġassistant,196,3
9477,Ġthrows,196,7
9479,Ġbowling,196,121
9480,Ġsecretary,196,0
9483,Ġborders,196,4
9486,Ġmonastery,196,0
9487,ĠUtah,196,0
9488,Ġwrapped,196,109
1757,ĠCol,195,0
3623,Ġchap,195,2
8352,ĠJournal,195,0
8607,Ġcrown,195,87
8984,ĠMarket,195,7
9000,Ġtreasure,195,18
9087,ĠReform,195,0
9093,Ġgrandmother,195,8
9113,ĠLove,195,13
9492,Ġsisters,195,7
9497,ĠHunt,195,0
9500,ĠUpper,195,20
9506,Ġcheese,195,578
9507,Ġfarmer,195,15
9508,Ġinterim,195,0
9513,Ġgraduated,195,3
9515,Ġfirmly,195,1
9517,Ġproceeded,195,0
9518,Ġscientists,195,9
9519,ĠMcCain,195,0
9520,Ġwriters,195,0
495,Ġtr,194,86
1213,uck,194,18
1312,bo,194,33
1466,ĠEd,194,1
1883,ey,194,48
2162,ĠMin,194,3
2682,ades,194,29
5937,ja,194,7
6364,ĠTop,194,39
7671,Ġstern,194,4
7792,ĠIraq,194,0
9523,Ġpause,194,2
9524,Ġpicking,194,48
9530,Ġlongest,194,63
9534,Ġpopularity,194,0
9535,Ġfocuses,194,2
9536,ĠRegister,194,1
9537,ĠSpecial,194,2
85,q,193,33
624,ble,193,57
4608,Ġet,193,15
8964,Ġcheerful,193,5
9169,Ġtrash,193,215
9230,Ġhunt,193,2
9540,Ġcared,193,1
9549,Ġsheet,193,244
9552,Ġnewly,193,49
9553,Ġunderneath,193,285
9554,Ġvisibility,193,4
9558,Ġstarred,193,1
9559,Ġcontracts,193,0
9560,ĠOthers,193,0
9561,Ġsculptures,193,24
9562,ĠPrefecture,193,0
9563,Ġfaithful,193,0
9564,Ġtalent,193,0
9565,Ġterminal,193,21
9567,ĠPhiladelphia,193,2
668,ew,192,6
867,ont,192,25
4428,bl,192,31
4776,ura,192,6
4847,ĠHot,192,30
5068,ima,192,2
5267,ĠKh,192,6
6383,Ġsettle,192,0
8077,21,192,12
8261,||,192,0
9106,Ġstomach,192,73
9570,Ġmines,192,0
9572,Ġwash,192,62
9578,Ġdioxide,192,0
9583,Ġcampus,192,2
9584,ĠSeven,192,213
9585,Ġengagement,192,1
9586,ĠNext,192,12
9587,Ġsharply,192,3
9588,Ġgrocery,192,70
9589,ĠDelhi,192,0
9590,Ġtowers,192,8
9591,Ġdemocracy,192,0
9592,Ġagricultural,192,1
3162,ĠMus,191,10
3354,IN,191,194
7597,Ġbold,191,15
7808,Ġbitter,191,1
8988,Ġbathroom,191,136
9604,Ġalarm,191,40
9605,Ġimages,191,23
9606,Ġpoem,191,1
9607,Ġcommander,191,0
9608,Ġskating,191,131
9609,Ġheadquarters,191,1
9612,ĠAustria,191,0
9614,Ġgentlemen,191,105
9615,Ġimmediate,191,7
9616,Ġcellphone,191,433
9617,Ġinstalled,191,0
9618,ĠGreuze,191,0
9619,Ġspectators,191,695
9620,Ġepisodes,191,0
9621,Ġtransferred,191,0
9622,Ġjewelry,191,141
9623,ĠNatalia,191,0
697,ord,190,12
1012,Ġsw,190,113
1124,ek,190,46
1238,ote,190,62
1657,ology,190,0
2749,bed,190,69
4521,ĠDel,190,11
6456,book,190,51
8245,Ġintense,190,7
9172,ĠCha,190,0
9627,Ġozone,190,0
9628,ĠTony,190,1
9641,Ġscope,190,6
9643,Ġconsists,190,3
9644,Ġconfusion,190,0
9645,Ġeconomics,190,0
9646,Ġminds,190,0
9647,Ġ1978,190,0
9648,Ġvisitor,190,3
9650,Ġcompeted,190,0
9651,Ġextraordinary,190,2
9654,Ġqualified,190,0
9655,Ġwrestling,190,13
9656,Ġsummary,190,0
9657,ĠDuke,190,0
9658,ĠCaribbean,190,0
1497,ured,189,17
1703,ays,189,8
4223,hi,189,6
5402,ĠCor,189,11
5959,Ġaim,189,3
6845,Ġcounsel,189,0
8327,don,189,10
8947,Ġgross,189,10
9659,"',",189,0
9665,pm,189,242
9671,Ġshed,189,13
9674,Ġscary,189,13
9676,Ġcolony,189,0
9679,Ġtopics,189,0
9680,Ġshortly,189,0
9681,Ġ1966,189,0
9682,Ġ1967,189,0
9684,Ġfacade,189,5
9685,Ġgrandfather,189,6
9686,ĠUSA,189,26
9687,Ġsuitable,189,3
9688,Ġchecked,189,118
9689,Ġthrone,189,14
9690,Ġrevealed,189,0
9691,Ġbrilliant,189,4
9692,ĠOttoman,189,1
899,ational,188,1
919,ec,188,38
1837,ped,188,54
2331,ster,188,31
6898,Ġdelay,188,0
8359,ĠKen,188,3
8711,Ġgrey,188,2442
8819,Did,188,0
9347,Ġplot,188,1
9701,Ġscored,188,0
9702,ĠWhich,188,7
9706,Ġedition,188,0
9709,Ġtourism,188,0
9710,Ġmidst,188,31
9711,Ġtestimony,188,0
9712,Ġsixth,188,4
9714,Ġnortheast,188,4
9715,ĠAnnie,188,0
9716,Ġcommitment,188,0
1859,fully,187,1
2575,Ġarch,187,37
3098,lo,187,31
3125,che,187,19
3305,OR,187,632
3995,ĠDan,187,1
5981,Ġwitness,187,1
6057,Ġdistinct,187,10
6925,Ġhabit,187,2
7904,Ġwars,187,8
8652,Ġ33,187,24
9352,Ġballoon,187,209
9719,To,187,0
9723,Ġdaughters,187,7
9724,Ġlamp,187,192
9731,Ġhappily,187,4
9732,Ġlocations,187,0
9734,Ġallowing,187,2
9735,Ġmovements,187,2
9739,Ġmiserable,187,2
9741,ĠIsraeli,187,11
9742,Ġdisplayed,187,52
9743,Ġlinked,187,4
9744,ĠDouglas,187,0
9745,Ġmirror,187,594
9746,ĠGirls,187,79
9747,Ġrecycling,187,3
9748,Ġimmigrants,187,0
9749,Ġmurmured,187,0
5450,ĠFrancis,186,0
7063,mo,186,6
8021,car,186,65
9201,ĠField,186,6
9400,ĠOcean,186,7
9750,Ġtin,186,68
9752,Ġgains,186,0
9755,Ġshake,186,17
9758,ĠGates,186,1
9760,Ġalike,186,3
9765,Ġsnakes,186,0
9766,Ġresulting,186,0
9767,Ġexamination,186,0
9768,Ġaddresses,186,0
9770,Ġlinks,186,6
9771,Ġexhibits,186,4
9774,ĠVictoria,186,3
9775,Ġutterly,186,1
9776,Ġcycle,186,153
9777,Ġbattles,186,2
620,Ġar,185,60
1085,ying,185,16
1953,oon,185,39
3943,ae,185,35
4635,ora,185,6
5472,ias,185,6
6468,ga,185,23
6662,Ġunlike,185,0
7971,Ġrandom,185,40
8044,made,185,28
8393,Ġauditor,185,0
9780,Ġnatives,185,8
9783,ĠNations,185,0
9786,Ġabroad,185,0
9788,Ġcontribute,185,0
9795,Ġinsisted,185,0
9797,Ġacquired,185,0
9799,Ġgradually,185,0
9800,ĠTreasury,185,0
9801,Ġmerchant,185,6
9802,Ġhesitated,185,0
9803,ĠBiography,185,0
619,ond,184,11
716,ere,184,19
901,vers,184,14
2180,ole,184,97
6619,Ġpit,184,56
7467,ĠPoint,184,4
9338,27,184,6
9365,ĠFood,184,54
9373,Ġtransition,184,1
9807,Ġcattle,184,47
9810,Ġpoured,184,29
9811,Ġholes,184,58
9813,Ġwhilst,184,1
9816,Ġsewing,184,67
9817,Ġshining,184,23
9821,ĠUK,184,2
9822,Ġregulation,184,0
9823,Ġcaps,184,271
9824,Ġ2023,184,0
9826,ĠMayor,184,0
9828,Ġeducated,184,0
9829,ĠMusee,184,0
9830,Ġfixing,184,32
9831,Ġgraffiti,184,367
9832,Ġrelationships,184,0
9833,ĠBuddha,184,1
9834,Ġcriminals,184,0
9836,Ġstaircase,184,81
9837,Ġlonely,184,28
9838,ĠBuchanan,184,0
4758,ta,183,3
4918,Ġbat,183,1003
5075,water,183,18
5359,kin,183,28
5664,ĠSub,183,1
6042,Ġcheek,183,53
6750,ala,183,25
7337,Ġcontest,183,3
8894,Ġboss,183,1
8917,hta,183,0
9844,ĠIBM,183,3
9849,Ġsells,183,3
9850,Ġtrace,183,1
9852,Ġactors,183,22
9853,Ġ32,183,23
9854,Ġsubstance,183,47
9858,Ġsouthwest,183,5
9860,Ġsalary,183,0
9863,Ġquarters,183,15
9864,ĠClean,183,2
9865,Ġessay,183,0
9866,ĠWorkers,183,121
9867,Ġtunnel,183,43
9868,ĠACI,183,0
9869,Ġcrops,183,18
988,ible,182,14
1207,ains,182,24
1382,most,182,247
8544,Ġpitch,182,101
9417,ĠWednesday,182,0
9872,Ġcore,182,3
9876,Ġstewardship,182,0
9878,Ġcomponents,182,6
9879,Ġunderground,182,7
9881,Ġmonkey,182,90
9884,Ġfuneral,182,0
9885,Ġpurse,182,529
9886,ĠPlano,182,0
9887,Ġeighteen,182,3
9890,ĠAgencies,182,0
9892,ĠStandard,182,1
9893,Ġpirate,182,33
863,oth,181,36
927,uring,181,18
1319,con,181,1
2889,ique,181,6
7534,Ġreward,181,0
7926,Ġdiscover,181,0
9453,ĠBureau,181,1
9538,Ġspectacular,181,0
9895,Ġsank,181,0
9898,Ġgambling,181,2
9903,ĠCNN,181,0
9907,ĠVia,181,0
9908,Ġscattered,181,7
9909,Ġrecovered,181,0
9912,Ġmonuments,181,1
9914,ĠNokia,181,3
9915,Ġgenus,181,0
9917,Ġdirectors,181,4
9921,Ġbelongs,181,3
9922,Ġaccomplished,181,0
9923,Ġseventy,181,3
9924,ĠIslamic,181,9
9926,Ġrescue,181,15
9927,Ġsnowboarder,181,190
9928,Ġphrase,181,2
616,ress,180,47
1518,uc,180,28
1696,ances,180,5
4825,Ġsucceed,180,0
5110,Ġrapid,180,7
5931,Ġprofession,180,0
7903,Ġsin,180,0
8422,23,180,7
9934,Ġdumb,180,44
9936,Ġhell,180,5
9941,ĠJake,180,1
9943,Ġeveryday,180,1
9945,ĠMaria,180,0
9947,Ġmeters,180,12
9949,Ġsteal,180,5
9950,ĠConference,180,1
9951,Ġgenerous,180,0
9952,Ġ150,180,0
9954,Ġcomplicated,180,2
9956,Ġdemands,180,0
9957,Ġplanted,180,10
9958,Ġaddressing,180,2
9960,ĠScholarship,180,0
9961,Ġscarf,180,712
9962,Ġlegislative,180,0
9963,Ġperspective,180,5
9964,ĠAtlanta,180,1
9965,Ġashamed,180,1
9968,ĠSuddenly,180,0
328,Ġu,179,147
1308,iting,179,13
1795,Ġpie,179,285
9525,ĠTuesday,179,0
9626,Ġwings,179,140
9972,Ġinput,179,1
9976,Ġrage,179,0
9978,ĠData,179,0
9982,Ġfeared,179,0
9986,Ġyoungest,179,23
9988,Ġslope,179,79
9989,Ġcounted,179,0
9990,Ġkindness,179,0
9992,Ġlowered,179,23
9993,Ġdiscussing,179,1
9995,Ġengineer,179,1
9997,Ġoccasional,179,0
9998,ĠEliot,179,0
9999,Ġgrateful,179,0
10001,ĠGordon,179,0
10002,ĠParticipants,179,2
814,hes,178,26
2759,ĠMon,178,4
8441,Ġsuspect,178,3
8786,Ġmulti,178,133
8968,Ġwing,178,110
9237,ĠThank,178,0
9360,free,178,7
9568,48,178,3
9649,Ġimproper,178,0
10003,Just,178,1
10006,Ġbone,178,26
10009,Ġhits,178,16
10015,Ġassigned,178,0
10016,Ġinstances,178,0
10019,Ġsixteen,178,0
10020,ĠPlaza,178,1
10021,ĠPolicy,178,0
10022,Ġrecognition,178,0
10024,Ġrepeat,178,0
10025,Ġdeserted,178,4
10026,Ġinjuries,178,0
10027,Ġgarage,178,48
10028,ĠCIOs,178,0
10029,Ġvessels,178,4
10030,ĠStanley,178,0
1201,der,177,42
1843,ĠPh,177,0
2369,amb,177,38
7111,stone,177,4
8141,ĠReview,177,0
8680,Ġmodest,177,2
8725,Ġintention,177,0
9084,Ġretreat,177,0
9661,For,177,0
10034,Ġbishop,177,0
10036,Ġhitting,177,114
10039,Ġrely,177,0
10040,ĠBaker,177,0
10041,Ġasian,177,487
10047,Ġouter,177,42
10048,Ġ1920,177,0
10050,Ġmayor,177,1
10052,Ġinches,177,5
10054,Ġdragged,177,1
10058,Ġenjoys,177,1
10059,Ġ95,177,2
10061,Ġclimbed,177,2
10062,Ġpottery,177,69
10063,Ġopposition,177,8
10064,Ġstruggling,177,5
10065,ĠFrederick,177,0
546,ace,176,28
671,Ġres,176,17
2256,yn,176,2
8138,Ġrepair,176,8
8494,Ġstiff,176,1
9341,ĠTel,176,0
9436,Ġglobal,176,0
9516,Ġaltar,176,24
10078,Ġdeals,176,0
10082,Ġcontribution,176,0
10083,Ġreporters,176,4
10086,Ġasset,176,0
10088,Ġopponent,176,51
10089,Ġcrowds,176,36
10091,Ġannually,176,0
10092,Ġparticipated,176,0
10093,Ġsurfing,176,88
10095,Ġstretch,176,14
10096,Ġvolunteer,176,13
10097,Ġenforcement,176,10
2378,ability,175,0
3722,AN,175,693
5938,Ġaspect,175,0
6684,ĠHa,175,3
9187,Ġgoddess,175,0
9511,Ġclassroom,175,76
9769,Ġcolonial,175,8
10100,Ġtire,175,235
10112,Ġhers,175,2
10114,Ġservant,175,0
10115,Ġworldwide,175,0
10117,Ġtrips,175,2
10118,Ġ1971,175,1
10119,Ġbeds,175,38
10120,Ġinvestors,175,0
10123,Ġ1945,175,0
10124,Ġformerly,175,0
10125,Ġdocumentation,175,0
10126,Ġinstallation,175,2
10127,ĠReliance,175,0
10128,ĠChampionships,175,0
10129,Ġconquered,175,0
10130,ĠColumbia,175,1
1043,ual,174,7
1315,ug,174,98
2691,atory,174,4
3239,ida,174,2
7372,ya,174,2
8116,Ġroller,174,100
8377,Sh,174,30
8932,ĠLabor,174,7
9235,ĠJuan,174,1
9478,Ġexception,174,1
9547,ĠRose,174,1
10132,Ah,174,0
10133,Mr,174,0
10136,Ġdaddy,174,10
10139,Ġwashed,174,6
10141,Ġshoe,174,199
10145,Ġcans,174,87
10147,Ġchildhood,174,0
10151,Ġ400,174,0
10152,Ġcleared,174,4
10154,Ġexplains,174,1
10155,Ġactivist,174,0
10156,Ġ1948,174,0
10157,Ġidentical,174,149
10159,Ġpotatoes,174,85
10161,Ġtreaty,174,0
10162,Ġcruise,174,41
10164,Ġdreams,174,1
10166,Ġobservation,174,2
10167,Ġarrows,174,14
10168,ĠCorps,174,7
10169,Ġluxury,174,4
10170,Ġdynasty,174,0
10171,Ġridiculous,174,5
3638,Ġabsolute,173,5
4827,za,173,2
5053,IC,173,78
7414,Ġrank,173,0
7837,Ġdisagree,173,0
9014,Ġhammer,173,69
9141,ĠJean,173,6
9728,ĠRoss,173,0
9794,Ġwinds,173,17
10176,Ġbite,173,100
10178,Ġhay,173,177
10179,Ġgates,173,20
10180,Ġnotable,173,0
10183,Ġmeals,173,9
10184,Ġgoin,173,2
10188,Ġresolved,173,0
10189,Ġguided,173,4
10190,Ġdeserve,173,0
10191,ĠUnfortunately,173,0
10194,Ġshirtless,173,311
10196,Ġdelicious,173,38
10198,Ġexpecting,173,1
10199,Ġcelebrate,173,2
10200,ĠGarden,173,0
10201,ĠByzantine,173,0
354,Ġwh,172,147
500,itt,172,34
730,ft,172,42
866,und,172,27
1462,ality,172,0
2075,acy,172,6
4314,burg,172,1
8639,Ġunexpected,172,0
9051,Ġpeculiar,172,3
10206,Ġhid,172,9
10210,ĠHills,172,0
10216,Ġcompare,172,0
10218,Ġprey,172,2
10219,Ġshower,172,87
10222,Ġinstantly,172,0
10226,Ġmainland,172,0
10227,Ġmidnight,172,3
10228,Ġemployers,172,1
10229,Ġbeautifully,172,9
10230,ĠPhilip,172,0
10231,Ġaccessible,172,0
10232,Ġsuspected,172,0
10234,Ġanxiety,172,0
10235,Ġinitiative,172,0
10236,Ġflags,172,541
10237,Ġestablishment,172,13
10238,Ġathletes,172,82
10239,Ġstakeholders,172,0
10240,Ġdancers,172,191
10241,Ġgifts,172,45
10242,Ġcottage,172,5
955,ices,171,35
1075,ax,171,17
1573,use,171,13
1683,ott,171,34
3723,Ġassess,171,0
7584,ĠTim,171,4
8535,Ġaccomplish,171,0
8684,Ġtroubles,171,0
8784,Ġbush,171,149
8992,mail,171,3
9772,Ġreaction,171,6
9870,45,171,12
10246,Ġmobile,171,118
10249,Ġdowntown,171,16
10251,Ġease,171,0
10258,Ġrelation,171,0
10259,Ġ39,171,24
10260,Ġmetric,171,0
10261,Ġmedium,171,159
10263,Ġmerry,171,12
10264,Ġ1952,171,0
10265,Ġ1957,171,0
10266,Ġ1958,171,0
10267,Ġzoo,171,86
10268,Ġhospitals,171,0
10269,Ġincreasingly,171,0
10270,Ġsuspicion,171,0
10271,Ġfortunate,171,0
10272,Ġfestivals,171,0
3630,ĠChild,170,103
4193,ĠMor,170,0
5437,ĠVictor,170,0
7838,Ġdialect,170,0
9128,29,170,5
9891,ĠJudge,170,4
9905,Ġknock,170,1
10277,Ġpipe,170,146
10283,Ġwanting,170,0
10284,ĠAlaska,170,7
10286,Ġdrivers,170,22
10287,Ġ65,170,2
10289,Ġstopping,170,4
10291,Ġ1956,170,0
10292,Ġcoastal,170,0
10293,Ġphotos,170,56
10296,ĠPatrick,170,3
10297,Ġsadly,170,0
10298,Ġdemonstration,170,8
10299,ĠJimmy,170,1
10302,ĠVisitors,170,4
10303,Ġartifacts,170,4
459,Ġsa,169,53
504,ame,169,35
1896,Ġdoll,169,192
1973,ĠEx,169,3
2059,ĠJan,169,1
3442,aries,169,1
4039,how,169,1
6104,ĠEr,169,1
10306,"Ġ),",169,0
10310,Ġdive,169,13
10312,Ġstove,169,326
10318,Ġwheels,169,218
10320,Ġpersonality,169,0
10325,Ġpoorly,169,3
10326,Ġmounted,169,24
10328,Ġfigured,169,0
10329,Ġdrawings,169,30
10330,Ġparticipation,169,1
10331,Ġtravelers,169,26
10333,Ġrailroad,169,94
10334,Ġgaze,169,25
10335,Ġgazed,169,0
10336,Ġsettlements,169,0
10337,Ġreckon,169,0
10338,Ġmaximum,169,0
10339,Ġanalyses,169,0
10340,ĠArizona,169,0
1855,oll,168,218
4646,ores,168,18
4671,Ġtemper,168,0
6894,Ġpoison,168,2
7359,An,168,2
8512,99,168,9
9521,Ġsulfur,168,0
9785,Ġjazz,168,11
10349,ĠABC,168,1
10353,ĠPress,168,0
10355,Ġchase,168,2
10356,Ġchances,168,0
10359,Ġsoap,168,63
10362,Ġqueen,168,12
10364,Ġglorious,168,1
10365,Ġhappiness,168,2
10366,ĠJapazy,168,0
10367,Ġtroubled,168,0
10368,Ġjackets,168,779
10370,ĠMountains,168,1
10371,ĠSimon,168,0
10373,ĠBetween,168,6
10374,Ġprofessionals,168,32
10375,Ġerrors,168,0
10376,Ġrecipients,168,2
10377,Ġsacrifice,168,0
10378,Ġvendor,168,126
10379,ĠJethro,168,0
10380,Ġcuriosity,168,0
648,ater,167,123
674,orn,167,18
1378,ched,167,22
1685,ored,167,29
3802,ils,167,24
4142,ĠDis,167,1
4358,ĠSal,167,21
8511,Ġprospect,167,0
8626,ĠEnd,167,4
9217,Ġsuperior,167,4
9925,Ġimperial,167,1
9979,Ġchampion,167,1
10390,ĠCreeks,167,0
10396,ĠEaster,167,10
10398,Ġoutput,167,0
10402,Ġcontents,167,36
10407,ĠShannon,167,0
10409,Ġprominent,167,23
10410,Ġtemporary,167,7
10411,Ġemployer,167,0
10412,Ġ1962,167,0
10413,Ġpainter,167,8
10414,Ġpools,167,17
10416,Ġchairman,167,2
10418,Ġconsumer,167,2
10423,Ġuniversities,167,0
10424,Ġgraduate,167,10
10425,Ġmurdered,167,0
10426,Ġapplicable,167,0
10427,Ġjogging,167,23
10430,ĠDakota,167,0
948,ank,166,16
1229,ues,166,49
1445,ted,166,23
1736,ches,166,12
1892,Ġinvest,166,0
2569,ĠMal,166,0
2592,PA,166,38
2692,ĠSw,166,3
4501,ira,166,87
7378,ĠLes,166,1
9374,Ġloving,166,3
9672,ĠThursday,166,0
9929,Ġauthors,166,0
10435,Ġchess,166,52
10438,ĠTheatre,166,1
10439,Ġstole,166,4
10443,ĠFena,166,0
10448,Ġdesired,166,1
10449,ĠAlan,166,2
10450,Ġfarming,166,2
10453,ĠReal,166,5
10454,Ġacceptable,166,0
10456,ĠStandards,166,0
10457,Ġderived,166,0
10458,ĠWalter,166,8
10459,ĠCareer,166,0
10460,ĠColumbus,166,0
10464,ĠUkraine,166,1
10465,Ġsympathy,166,0
10466,Ġacademic,166,0
5283,Ġexpand,165,0
9467,ĠConstitution,165,0
9996,Ġbullet,165,41
10481,ĠThird,165,21
10483,Ġunfortunate,165,0
10484,Ġovercome,165,0
10485,Ġhandling,165,12
10486,ĠAncient,165,1
10488,Ġload,165,29
10490,Ġcollar,165,396
10491,ĠDorcas,165,0
10493,Ġjournalist,165,1
10494,ĠLarge,165,272
10495,Ġcyclist,165,69
10496,Ġinterpretation,165,0
10497,Ġfierce,165,3
10498,ĠSweden,165,0
10499,Ġsoutheast,165,12
10500,Ġunpleasant,165,1
10501,ĠGuadeloupe,165,0
651,Ġgr,164,100
1291,ten,164,1
1583,Ġhum,164,50
4665,Ġcheer,164,12
7194,ila,164,3
8246,ĠThrough,164,0
8358,Ġtender,164,6
8834,ĠSpring,164,4
9305,ĠCEO,164,0
9610,Ġswords,164,27
9613,Ġmistaken,164,0
9678,Ġdecent,164,1
9790,Ġcolour,164,197
10505,Ġhates,164,0
10507,Ġshocked,164,6
10512,"Ġ(,",164,0
10514,Ġslip,164,11
10515,Ġ34,164,13
10518,Ġdelicate,164,6
10519,Ġsuggestion,164,0
10520,Ġ1947,164,0
10521,Ġscenario,164,0
10523,Ġsafely,164,1
10524,Ġimplementing,164,0
10525,Ġgalleries,164,0
10526,ĠRecords,164,0
10527,Ġbucket,164,246
10529,Ġultimately,164,0
10530,Ġintelligence,164,0
501,ight,163,44
623,hed,163,73
724,Ġbr,163,64
802,ition,163,4
5189,Ġapparent,163,1
6162,ba,163,12
7042,Ġduck,163,231
8457,Ġdrunk,163,12
9045,ĠTrust,163,0
9126,ĠJacob,163,0
9946,Ġfriendship,163,0
10090,ĠSoon,163,1
10534,Ġsink,163,537
10535,Ġmate,163,16
10543,ĠBBC,163,1
10545,Ġasks,163,0
10546,ĠWacker,163,1
10548,Ġchoir,163,152
10556,Ġtrials,163,1
10557,ĠWarren,163,0
10559,ĠBerlin,163,2
10561,ĠCOVID,163,0
10562,Ġloudly,163,0
10564,Ġweekends,163,0
10565,Ġninety,163,1
10566,Ġsemi,163,106
10567,ĠHawaii,163,2
10568,Ġcompensation,163,0
10569,ĠGPRA,163,0
1152,ern,162,28
1311,----,162,9
5168,Ġblank,162,31
5629,ĠRev,162,0
5740,ato,162,12
6064,ĠWood,162,66
6280,EL,162,182
8853,ĠLA,162,73
9267,Ġkeen,162,0
10140,ĠWales,162,0
10143,ĠNHL,162,0
10573,Ġsights,162,0
10576,Ġmask,162,317
10581,Ġrang,162,1
10582,ĠFree,162,6
10583,Ġplains,162,12
10587,Ġapple,162,1065
10589,Ġrelatives,162,1
10590,Ġinvaded,162,0
10592,Ġsubmit,162,4
10593,Ġproduces,162,0
10595,ĠHarrison,162,0
10596,Ġbands,162,19
10597,Ġbreaks,162,6
10598,Ġuttered,162,0
10599,Ġbicycles,162,389
10600,ĠPrize,162,0
10601,Ġalternatives,162,0
10602,Ġblew,162,1
10603,Ġphotographer,162,114
10604,Ġdiversity,162,9
10605,Ġrebuilt,162,0
10606,Ġexpenditures,162,0
10607,Ġadequate,162,0
10608,Ġamusement,162,16
10609,Ġchocolate,162,642
10610,ĠShagbark,162,0
1434,hip,161,6
3491,ĠGl,161,20
7039,Al,161,1
9422,Ġmood,161,0
9602,Ġchronic,161,0
9740,Ġcombat,161,13
9944,ĠAndrew,161,0
10165,ĠNetwork,161,0
10213,ĠLit,161,2
10612,Ġ:,161,13
10613,Ġcows,161,193
10620,Ġshaped,161,196
10623,Ġabortion,161,0
10626,Ġresolution,161,0
10627,Ġpersonally,161,0
10629,Ġglory,161,0
10631,Ġpresentation,161,30
10632,Ġsunshine,161,11
10633,ĠPlanning,161,0
10634,Ġsolve,161,0
10635,Ġ1943,161,0
10636,Ġpalm,161,273
10637,Ġeducational,161,0
10639,Ġearliest,161,0
10640,Ġautomobile,161,21
10641,Ġdecreased,161,0
10643,ĠKarf,161,0
10644,Ġsurplus,161,0
10646,ĠEnvironmental,161,0
10647,ĠHenderson,161,2
10648,Ġuncomfortable,161,0
566,Ġag,160,5
3507,ĠBo,160,7
7635,Ġexpert,160,0
7923,Ġspin,160,20
9366,ĠNon,160,5
10651,Ġdared,160,0
10653,level,160,4
10657,ĠCensus,160,0
10658,ĠMuch,160,0
10664,Ġclosing,160,6
10666,Ġflows,160,0
10667,Ġhandled,160,37
10668,ĠAnne,160,8
10669,Ġending,160,3
10671,Ġshallow,160,77
10672,Ġlads,160,0
10673,ĠBilly,160,0
10674,Ġtitles,160,1
10678,Ġnetworks,160,0
10679,ĠWilson,160,2
10681,ĠCathedral,160,1
10683,Ġdivorce,160,0
10684,Ġpuzzled,160,0
10685,ĠPipina,160,0
753,ving,159,6
1442,den,159,0
2368,ising,159,4
3420,ky,159,23
3573,ching,159,17
4841,iest,159,26
5693,ua,159,2
6918,Ġphotograph,159,66
8011,Ġengage,159,0
8902,Ġalley,159,76
9291,ĠPC,159,8
9359,Ġfoolish,159,4
9675,Ġremote,159,539
9967,Ġconvenient,159,0
9980,ĠLine,159,5
9985,Ġcarbon,159,2
10094,Ġthankful,159,0
10686,When,159,0
10691,Ġtide,159,10
10694,Ġfake,159,85
10697,Ġongoing,159,1
10699,this,159,7
10703,Ġcanal,159,22
10706,Ġindicate,159,0
10707,Ġbeloved,159,0
10709,Ġclearing,159,2
10710,Ġbusinessman,159,15
10713,Ġdolls,159,68
10715,Ġ1955,159,0
10718,Ġattracted,159,0
10719,Ġargued,159,0
10720,Ġassumption,159,0
10721,Ġsearching,159,4
10722,Ġpraised,159,0
10723,Ġscholars,159,0
10725,Ġconclusions,159,0
10727,ĠKosovo,159,0
10728,Ġgarbage,159,151
10730,ĠSobrinini,159,0
10732,Ġairplane,159,548
2342,ney,158,3
2918,over,158,30
4467,can,158,87
7029,Ġmonitor,158,849
8061,Ġdrum,158,220
9973,ĠAD,158,22
10250,Ġbeast,158,4
10740,Ġtheatre,158,0
10741,arrondissement,158,0
10746,ĠFame,158,1
10748,ĠDad,158,12
10752,Ġcomponent,158,1
10755,Ġbrass,158,83
10757,Ġfounder,158,0
10759,Ġwaist,158,144
10762,ĠChristopher,158,0
10763,ĠAbbey,158,0
10764,Ġsignificance,158,0
10765,Ġshrines,158,0
10768,ĠOxford,158,1
10769,Ġnaughty,158,3
10770,ĠPrincess,158,2
10771,Ġglimpse,158,1
551,Ġte,157,68
778,Ġcr,157,33
828,gr,157,22
2310,fer,157,36
4171,illa,157,130
4253,ĠBel,157,0
4904,wing,157,16
5015,ĠTour,157,6
5297,ĠWork,157,11
6106,Ġcommit,157,0
8876,Ġclown,157,98
9055,Ġstress,157,0
9624,Ġnephew,157,0
10774,Ġdome,157,16
10776,ĠIowa,157,2
10783,ĠChannel,157,0
10784,Ġemission,157,0
10785,Ġsupporters,157,1
10787,Ġprovinces,157,0
10788,Ġstartled,157,0
10792,Ġparked,157,902
10793,Ġlowest,157,243
10794,Ġfreely,157,0
10795,ĠOrleans,157,0
10797,ĠMoreover,157,0
10798,Ġgrill,157,206
10800,Ġwarrior,157,11
10801,Ġbeliefs,157,0
10802,Ġaimed,157,2
10803,Ġpowder,157,60
10804,ĠArgentina,157,5
1286,ined,156,16
1912,ese,156,15
3175,iles,156,1
4548,ĠCO,156,233
7125,Ġbutter,156,132
9815,Ġrude,156,0
10806,cause,156,1
10807,Ġtube,156,96
10809,Ġoak,156,0
10810,Ġcries,156,1
10816,ĠDue,156,0
10817,Ġchum,156,0
10819,Ġunfortunately,156,0
10820,Ġgrade,156,7
10826,Ġdesignated,156,1
10827,Ġoccurs,156,0
10828,Ġcontinuing,156,0
10830,Ġmailers,156,0
10831,Ġobjective,156,0
10832,Ġ1959,156,0
10834,ĠLawyers,156,0
10835,Ġballet,156,43
10837,Ġexhibition,156,0
10839,Ġlifetime,156,0
10840,ĠWinter,156,4
10841,Ġarrangements,156,2
10842,Ġhastily,156,0
10843,ĠIsaac,156,0
1706,pr,155,7
6611,ĠCorp,155,1
8425,was,155,9
9274,Ġdawn,155,1
9322,ĠLow,155,13
10070,Ġwicked,155,1
10847,Ġwagons,155,2
10850,Ġcage,155,101
10856,ĠNile,155,0
10857,Ġproven,155,0
10860,Ġroots,155,7
10861,ĠAlmost,155,7
10862,Ġhomeless,155,34
10863,Ġ37,155,20
10868,Ġsummit,155,6
10869,Ġfights,155,1
10871,Ġlimestone,155,0
10872,Ġ1942,155,0
10873,ĠAbraham,155,0
10875,Ġcommented,155,0
10877,Ġexhibit,155,28
10878,Ġscheduled,155,0
10879,Ġwrestler,155,25
10880,Ġvanished,155,2
476,ĠĠ,154,33
515,Ġint,154,21
587,act,154,8
615,Ġpr,154,29
1005,Ġgl,154,69
2382,II,154,38
3611,more,154,1
5804,ji,154,1
8098,Ġvalid,154,0
8557,Ġrevolution,154,0
8602,ĠFire,154,24
8990,ĠFurther,154,3
10881,";""",154,0
10894,Ġbeating,154,1
10898,Ġshadows,154,65
10905,Ġattire,154,425
10906,ĠAssembly,154,0
10908,Ġformat,154,0
10909,ĠPrague,154,0
10911,Ġdifficulties,154,0
10913,ĠFinal,154,0
10915,Ġchecks,154,20
10916,Ġpacked,154,9
10917,Ġskateboarding,154,172
10919,Ġurged,154,0
10920,ĠBrooke,154,0
10921,Ġreforms,154,0
10922,Ġcitizen,154,9
10923,Ġconcerts,154,1
10924,Ġsolely,154,0
10926,ĠMoscow,154,0
10927,Ġstrictly,154,0
10928,Ġresearchers,154,0
10929,ĠHersheimmer,154,0
10930,ĠDevelopment,154,0
990,ways,153,27
4594,place,153,3
6766,Ġtrend,153,5
7392,Ġbid,153,27
9762,Ġfever,153,0
10204,four,153,1
10474,Ġdug,153,4
10943,Ġplates,153,364
10944,ĠRico,153,0
10945,Ġsuicide,153,0
10947,ĠKi,153,0
10948,Ġdaylight,153,3
10949,Ġinvented,153,0
10950,Ġpays,153,0
10951,Ġdifferently,153,3
10953,Ġsilently,153,0
10954,Ġ1961,153,0
10955,Ġauthorized,153,0
10956,Ġ1944,153,0
10957,Ġhosted,153,0
10958,Ġinitially,153,0
10959,ĠSamuel,153,0
10960,Ġkissing,153,56
10962,Ġdeparture,153,3
10963,ĠRandolph,153,0
10964,Ġmandatory,153,0
10967,Ġgym,153,54
10970,Ġunlikely,153,0
10972,Ġmonitoring,153,0
10973,Ġphilosophy,153,0
10974,Ġcomedian,153,0
2172,ny,152,17
3923,Ġden,152,3
5424,ĠPerson,152,626
5975,LE,152,284
9238,Ġrival,152,2
9677,Ġassured,152,0
9930,US,152,128
10341,Go,152,0
10358,ĠRain,152,2
10558,Ġsaddle,152,72
10990,Ġchin,152,183
10992,Ġnoon,152,35
10993,Ġdiverse,152,37
10996,Ġcontaining,152,134
10997,Ġskier,152,510
10998,ĠArmitage,152,0
10999,Ġchecking,152,29
11000,Ġstealing,152,3
11002,Ġcausing,152,1
11005,Ġdevices,152,38
11007,Ġbrightly,152,303
11008,ĠComputer,152,35
11010,Ġimagined,152,0
11012,Ġarchitectural,152,6
11013,Ġintroduction,152,0
11014,ĠFortescue,152,0
11015,Ġliterary,152,0
11016,Ġproposals,152,0
11017,ĠMemorial,152,3
11018,Ġblessed,152,0
11019,ĠFCC,152,0
11021,Ġexpedition,152,0
11022,Ġexhausted,152,0
11027,ĠFunchal,152,0
574,Ġro,151,31
1292,Ġmat,151,177
1810,unt,151,15
4811,ĠSing,151,0
5303,ye,151,15
5453,IL,151,173
6446,Ġflood,151,3
7845,Ġshark,151,25
8001,Ġexcess,151,6
9124,Ġadopt,151,0
9557,Ġroutine,151,7
9894,As,151,1
10233,Ġthrust,151,2
10540,ĠSay,151,0
10594,Ġforehead,151,86
11035,Ġsings,151,2
11042,Ġnotion,151,0
11046,ĠOregon,151,0
11047,Ġcane,151,123
11048,Ġtrails,151,4
11049,Ġgoodness,151,0
11051,Ġbacks,151,208
11052,Ġaccustomed,151,0
11053,Ġcommittees,151,0
11055,Ġlets,151,9
11056,ĠShinto,151,0
11059,ĠForbes,151,0
11064,Ġadvised,151,0
11067,Ġposted,151,0
11068,ĠMeitei,151,0
11069,Ġcandy,151,183
11070,Ġalbums,151,1
11072,Ġgasped,151,0
11073,Ġpanel,151,74
11074,Ġpossessed,151,0
11075,Ġcontrary,151,0
11076,Ġashore,151,0
11077,Ġventure,151,2
11078,ĠGallery,151,3
11079,Ġconstitutional,151,0
11080,ĠPhilippines,151,8
11082,ĠAffairs,151,0
11083,ĠFollowing,151,0
11084,ĠHitler,151,0
542,ime,150,15
679,ru,150,16
960,ĠFr,150,11
1511,Ġins,150,9
3856,Ġshout,150,1
4082,ado,150,37
6842,ĠFC,150,0
6896,ĠMission,150,0
7034,Ġsteam,150,52
7287,long,150,11
8095,Ġinstitution,150,0
9598,Ġmild,150,1
9736,ĠMalay,150,0
10153,Ġplanet,150,0
10517,Ġpriest,150,11
10547,ĠDC,150,4
10552,ĠHead,150,30
11090,Ġpouring,150,77
11091,Ġbegged,150,0
11095,Ġcomic,150,33
11097,Ġaboard,150,1
11102,Ġspear,150,22
11103,Ġsliding,150,86
11104,Ġterribly,150,0
11107,Ġreader,150,1
11108,ĠDead,150,6
11111,Ġpaths,150,5
11112,Ġphysicians,150,0
11114,ĠGarth,150,0
11115,Ġcalculated,150,0
11116,ĠChapel,150,0
11118,Ġaxe,150,34
11121,ĠAegean,150,0
1704,ĠRep,149,1
2255,iously,149,2
3060,hel,149,13
4003,Ġund,149,2
4007,Ġelder,149,19
4089,Ġbi,149,24
4215,IS,149,79
6206,ĠCost,149,15
7208,Ġlegend,149,1
9446,Ġsore,149,1
10214,Ġsauce,149,388
11128,Ġlazy,149,12
11132,Ġexternal,149,8
11136,Ġuniverse,149,0
11137,Ġads,149,17
11138,Ġimposing,149,0
11139,ĠYouth,149,21
11140,Ġdescent,149,64
11146,Ġdealt,149,0
11149,Ġrepresenting,149,0
11150,Ġprojections,149,0
11151,Ġsettlers,149,0
11152,ĠPolice,149,66
11153,ĠCapital,149,0
11154,Ġcandle,149,151
11156,ĠRoom,149,9
11157,ĠArea,149,5
11158,Ġstreams,149,5
11159,Ġbombing,149,0
11161,Ġgravely,149,1
11162,Ġfrozen,149,37
11163,ĠUsing,149,0
11164,Ġinvolvement,149,0
11165,Ġinclined,149,1
11166,ĠUntil,149,0
11167,Ġelaborate,149,32
11168,ĠDevering,149,0
807,du,148,0
1514,Ġtrans,148,4
2387,ille,148,9
2532,urs,148,7
3484,right,148,6
3489,ĠBer,148,0
6568,Ar,148,3
7015,Ġcrack,148,15
7236,May,148,0
8756,Ġtch,148,0
9566,Ġfabric,148,187
10084,Ġemotion,148,1
10256,Ġspell,148,1
11173,Ġwage,148,0
11175,Ġfame,148,1
11178,ĠBC,148,2
11185,ĠInside,148,5
11186,ĠStory,148,5
11190,Ġheading,148,28
11191,Ġdeficit,148,0
11193,ĠConrad,148,0
11194,Ġ120,148,0
11195,Ġruling,148,0
11197,ĠTelevision,148,6
11199,Ġversions,148,0
11200,Ġpromptly,148,0
11201,Ġscreaming,148,8
11202,ĠRuthven,148,0
11203,Ġfantastic,148,1
11204,ĠBorden,148,0
606,Ġim,147,27
770,aring,147,43
2278,oe,147,91
2753,yl,147,23
4624,Ġdig,147,4
4810,ĠSk,147,116
5213,Ġcritic,147,0
7288,va,147,5
7940,ET,147,238
10397,Ġbutton,147,331
10421,Ġprincess,147,10
11209,Ġhip,147,113
11218,Ġseldom,147,0
11221,ĠGOP,147,0
11229,ĠKnight,147,2
11232,ĠUnlike,147,0
11233,Ġthoughtfully,147,0
11237,Ġ44,147,23
11238,Ġbehalf,147,0
11241,Ġpromoted,147,0
11243,Ġ1951,147,1
11244,ĠXIV,147,0
11246,Ġforgive,147,0
11247,ĠGrande,147,0
11248,Ġturtle,147,34
11249,ĠMartinique,147,0
11250,Ġaccordance,147,0
1302,uss,146,7
1481,arn,146,2
2094,atic,146,6
3029,Ġremark,146,0
3962,ij,146,2
4074,Ġretire,146,0
5351,ca,146,8
5443,ĠRam,146,6
5738,AC,146,67
7816,des,146,12
8131,ĠCall,146,0
8337,Ġintent,146,0
8599,Ġghost,146,5
10023,Ġviolin,146,115
10642,Ġpremature,146,0
10772,Class,146,0
11253,34,146,7
11254,Ġties,146,71
11269,Ġheritage,146,6
11271,Ġdislike,146,0
11272,Ġreporter,146,12
11273,Ġrelating,146,0
11274,Ġfarms,146,0
11276,Ġreadily,146,0
11277,Ġruined,146,1
11278,Ġcommunicate,146,0
11279,ĠEverybody,146,25
11281,Ġ1929,146,0
11282,Ġcups,146,209
11283,ĠMilan,146,0
11284,Ġpriority,146,0
11286,Ġadjustment,146,0
11287,Ġevaluate,146,0
11288,Ġcarriers,146,0
11289,Ġcliffs,146,10
11290,ĠDogs,146,21
11291,Ġnitrogen,146,0
11292,Ġbargain,146,0
11293,ĠLibrary,146,0
11294,Ġhorizon,146,14
11296,Ġtremendous,146,1
53,Q,145,7
980,Ġdec,145,65
6131,ĠInter,145,5
7027,ĠSol,145,6
7139,ĠRuth,145,0
7189,fish,145,66
7450,ĠLight,145,80
8482,Ġsurprising,145,0
8629,Ġregret,145,0
10638,Ġmistress,145,0
10833,ĠMeg,145,0
11298,_;,145,0
11300,Ġwont,145,1
11306,ĠBowl,145,71
11308,Ġclay,145,77
11309,Ġagents,145,1
11311,Ġflame,145,44
11312,Ġnowadays,145,0
11313,Ġattending,145,1
11314,Ġsurfer,145,172
11315,Ġacres,145,0
11317,Ġdressing,145,34
11318,Ġwaits,145,13
11320,Ġlighted,145,27
11321,Ġhumor,145,0
11322,ĠConstruction,145,117
11324,Ġ1965,145,0
11325,Ġruler,145,16
11327,Ġcomplain,145,0
11329,ĠEmily,145,2
11331,Ġimmigration,145,0
11334,ĠBuilding,145,0
11335,Ġimplications,145,0
11336,ĠTwenty,145,0
11339,ĠGreeks,145,0
11340,Ġuniversal,145,6
11341,Ġdivorced,145,0
11342,Ġinstitutions,145,0
11343,Ġpistol,145,5
11345,Ġthirteen,145,2
11346,ĠShiloh,145,0
965,Ġsk,144,73
1895,ider,144,37
3241,ises,144,7
4029,Ġneighbor,144,0
4539,Ġrelax,144,4
5455,ĠNor,144,0
6799,Ġcrop,144,9
8510,Ġcrafts,144,79
9074,Ġta,144,28
9916,Ġ55,144,15
10702,ĠGame,144,10
11358,ĠAccess,144,1
11361,ĠCook,144,31
11363,ĠHUD,144,0
11370,ĠLane,144,0
11373,Ġfeast,144,3
11375,Ġwhatsoever,144,0
11380,Ġowns,144,0
11382,Ġfourteen,144,2
11383,Ġstatute,144,5
11385,Ġbarrel,144,59
11386,ĠPerth,144,0
11387,ĠSenior,144,9
11389,ĠDoubs,144,0
11390,Ġinstructions,144,7
11391,Ġphotographs,144,58
11392,Ġfolded,144,171
63,[,143,9
533,own,143,36
1584,ming,143,1
2895,ship,143,0
3613,ule,143,40
3780,ĠLo,143,6
4679,Ġproceed,143,0
5019,200,143,2
5262,ĠMet,143,1
5976,bar,143,53
8976,Ġjoint,143,2
9263,Ġleaf,143,161
9629,Ġnest,143,35
9729,Ġintend,143,0
10630,ĠShould,143,2
11399,Ġwoke,143,1
11403,Ġlaughter,143,2
11410,ĠNascanora,143,0
11412,Ġanyhow,143,0
11413,Ġspy,143,0
11418,Ġlocals,143,22
11419,Ġpassenger,143,164
11420,Ġbasement,143,2
11421,Ġweekly,143,1
11422,Ġguessed,143,1
11424,ĠCanal,143,0
11426,Ġcultures,143,1
11427,Ġ1934,143,0
11428,Ġ1939,143,0
11429,Ġcivilization,143,0
11430,Ġdisappointment,143,0
11431,Ġstroke,143,3
11433,Ġspiritual,143,0
11437,Ġeliminated,143,0
11438,Ġearnestly,143,0
11439,Ġfetch,143,2
11440,Ġerected,143,1
405,Ġli,142,26
2495,Ġpal,142,43
2903,ales,142,23
3211,ĠAg,142,0
5278,ais,142,34
5785,ĠDu,142,2
6497,ĠEs,142,0
8216,Ġpier,142,104
8823,ĠDown,142,3
10616,ĠMain,142,29
10733,Can,142,2
10865,Ġ49,142,8
10907,Ġprovision,142,0
11449,Ġpork,142,5
11450,Ġinch,142,6
11452,Ġlists,142,0
11454,Ġweary,142,0
11461,ĠLive,142,1
11466,Ġoverlooking,142,11
11467,Ġscores,142,4
11470,Ġassurance,142,0
11471,Ġfinancing,142,0
11472,Ġmonks,142,23
11473,Ġproducing,142,0
11474,shaped,142,36
11475,Ġpublicly,142,0
11477,Ġclimbs,142,1
11478,Ġwildly,142,2
11479,ĠMedical,142,7
11480,Ġestablishing,142,0
11482,Ġcorporations,142,0
11483,Ġintegrity,142,0
11485,Ġpreparation,142,2
11487,ĠPictures,142,3
655,ark,141,19
665,ved,141,18
1133,Ġdisc,141,40
1783,hy,141,7
1992,inc,141,13
2264,sc,141,27
2809,ĠPal,141,5
4756,ads,141,52
7868,ĠBal,141,1
7986,Ġtriumph,141,1
9633,ĠFrost,141,1
11489,37,141,5
11490,:--,141,0
11491,such,141,0
11492,Ġtiger,141,43
11495,Ġpitcher,141,230
11501,Ġplaza,141,30
11505,Ġtear,141,4
11506,Ġdonations,141,13
11509,Ġpoems,141,0
11510,Ġcoats,141,413
11512,ĠClark,141,1
11513,Ġdeficits,141,0
11514,Ġcommunications,141,5
11516,Ġtransaction,141,0
11517,Ġvolumes,141,0
11518,Ġsolo,141,20
11520,Ġdependent,141,0
11524,Ġpursuit,141,2
11525,Ġpockets,141,72
11527,Ġconsequence,141,0
11529,Ġemphasis,141,0
11530,Ġforbidden,141,0
11531,Ġbending,141,358
11533,ĠLieutenant,141,0
11534,Ġrelieved,141,0
11535,ĠNetherlands,141,1
1138,any,140,64
1802,port,140,1
2146,val,140,0
2375,ander,140,12
3480,Ġcustom,140,9
8090,ĠUN,140,34
8792,Ġsolemn,140,2
10197,Ġexperiment,140,11
10285,Ġgenuine,140,0
10551,Ġvital,140,0
11540,school,140,12
11542,Ġapron,140,460
11544,Ġwins,140,0
11546,Ġinland,140,2
11549,Ġshorter,140,422
11552,Ġexit,140,22
11553,Ġcanvas,140,56
11559,Ġfiring,140,0
11561,ĠAlong,140,0
11564,Ġhardware,140,7
11565,Ġcurve,140,16
11566,Ġ48,140,15
11567,Ġstays,140,1
11569,Ġlightning,140,20
11573,Ġconductor,140,21
11574,ĠTHe,140,31
11575,Ġ1946,140,0
11576,Ġsettings,140,8
11578,Ġledge,140,175
11579,Ġcoastline,140,3
11580,Ġexamining,140,10
11582,ĠResults,140,0
11586,Ġlitigation,140,0
11588,ĠNaples,140,1
11589,ĠGardens,140,1
11591,ĠRhodes,140,0
11592,ĠSaxony,140,0
11593,Ġintellectual,140,0
11594,Ġentitled,140,10
11595,Ġfrescoes,140,0
11596,ĠCochran,140,0
11597,ĠNATO,140,0
1134,ished,139,15
1171,ives,139,13
1266,ute,139,33
1672,ulation,139,0
1835,ries,139,90
2717,rel,139,11
3924,Ġcab,139,122
4125,Ġban,139,84
4737,Ġuns,139,13
4994,lers,139,38
5009,making,139,1
6009,ĠKar,139,2
6302,war,139,7
6315,ĠBern,139,0
6660,ĠST,139,198
9708,Ġparliament,139,0
9827,Ġlaunch,139,6
10074,Ġstout,139,6
10279,ĠCzech,139,0
11600,Ġwaved,139,0
11601,Ġbonds,139,0
11611,ĠNancy,139,4
11616,Ġleap,139,11
11621,Ġamused,139,10
11625,Ġblacks,139,4
11626,ĠClara,139,0
11627,ĠEdric,139,0
11629,Ġloaded,139,36
11630,Ġpractically,139,0
11632,Ġfiles,139,3
11633,Ġmercy,139,0
11634,Ġapplies,139,1
11637,Ġcooked,139,53
11638,ĠMountain,139,7
11640,Ġagreements,139,0
11641,ĠStudies,139,0
11642,Ġfilling,139,42
11643,ĠHillary,139,2
11644,Ġdiscounts,139,0
11645,Ġsuspicious,139,0
11646,Ġmerchants,139,5
11648,ĠDefense,139,0
11649,Ġintelligent,139,0
11650,Ġcontemporary,139,3
11651,Ġdiamond,139,45
11652,Ġadmiration,139,0
397,Ġfr,138,73
1160,Ġunt,138,6
1383,omb,138,9
1517,ently,138,2
2021,umb,138,24
2386,ones,138,41
2998,ĠOff,138,7
3940,ological,138,0
5105,Ġsole,138,5
7153,ĠSand,138,82
7481,Ġgrace,138,1
7909,Ġpassion,138,3
9411,ĠMonte,138,1
10343,Ġx,138,58
10893,Ġcement,138,226
11071,ĠDesign,138,5
11144,ĠSports,138,29
11666,Ġalert,138,5
11670,Ġoverhead,138,49
11672,Ġflesh,138,2
11673,ĠNewman,138,0
11674,Ġrequiring,138,0
11675,Ġperformers,138,164
11677,Ġapprove,138,0
11678,ĠManhattan,138,0
11679,Ġauditing,138,0
11680,ĠBaroque,138,0
11681,Ġjoining,138,0
11682,Ġparticipating,138,1
11683,ĠSergeant,138,0
11685,Ġslightest,138,4
11686,Ġlosses,138,0
11687,Ġfeeding,138,162
11688,ĠCommunity,138,4
11689,Ġrodeo,138,67
11690,Ġultimate,138,7
11691,Ġoccasions,138,0
11692,Ġcadets,138,0
11694,Ġinquiry,138,0
11695,ĠBauerstein,138,0
1099,ball,137,121
1100,ced,137,5
1140,Ġph,137,28
1879,rop,137,6
3004,Ġcop,137,139
3401,ena,137,20
4131,ĠSu,137,20
4533,ĠOk,137,2
4557,Ġrecommend,137,0
7062,ko,137,2
8226,Ġconscious,137,0
8239,ĠPo,137,2
9919,ĠGuard,137,9
9935,aro,137,2
10172,38,137,7
11699,Because,137,0
11702,hair,137,470
11708,Ġhugging,137,83
11711,ĠMember,137,0
11712,ĠMWe,137,0
11713,Ġarena,137,33
11714,Ġhabits,137,3
11721,ĠNumber,137,60
11722,ĠRange,137,4
11725,Ġprince,137,2
11727,Ġimposed,137,1
11728,Ġcricket,137,23
11731,Ġdefine,137,0
11732,Ġtops,137,264
11734,ĠGermans,137,0
11735,Ġsweeping,137,4
11738,Ġarmies,137,0
11739,ĠAustrian,137,2
11741,Ġwelcomed,137,0
11743,Ġconcentration,137,1
11744,ĠTopham,137,0
11745,ĠMiller,137,7
11746,Ġsteamer,137,2
11747,Ġangel,137,21
11748,Ġunemployment,137,0
11750,ĠMoore,137,0
839,ning,136,62
874,gan,136,13
1477,min,136,7
1539,ately,136,3
2623,cy,136,8
3640,ĠDes,136,1
4086,arm,136,37
6148,ĠFe,136,4
6153,ran,136,0
7863,iro,136,3
10361,ĠKings,136,1
11756,hour,136,0
11766,Ġstunt,136,59
11774,Ġplaid,136,1243
11777,Ġthemes,136,0
11780,Ġunderwater,136,7
11784,Ġinspection,136,1
11787,Ġclassified,136,2
11788,Ġraises,136,3
11789,Ġ1963,136,0
11791,ĠPorto,136,0
11792,Ġutmost,136,0
11793,Ġcorrectly,136,1
11794,Ġearnings,136,0
11795,Ġplainly,136,2
11797,Ġapartments,136,11
11798,Ġrubber,136,85
11799,ĠNOx,136,0
11800,ĠNorman,136,0
11801,Ġdetermination,136,2
11802,ĠCairo,136,0
11803,Atlantique,136,0
588,pt,135,8
973,ci,135,5
1478,aut,135,5
1540,ush,135,23
3915,light,135,208
4092,ĠWind,135,1
5106,Ġbuck,135,7
5159,Ġteen,135,57
5922,ĠCat,135,105
6039,ĠWal,135,9
9408,Ġreceipt,135,4
10038,Ġthunder,135,0
10876,Ġquarterback,135,12
11023,Ġexecution,135,0
11804,32,135,8
11808,Ġ#,135,123
11813,Ġstyles,135,18
11816,ĠPolly,135,0
11817,Ġfrowned,135,0
11818,Ġlighter,135,374
11824,Ġroar,135,0
11825,Ġblows,135,8
11828,Ġreserve,135,2
11831,Ġwherever,135,0
11833,Ġ38,135,5
11834,Ġpublications,135,0
11835,Ġdepression,135,2
11836,Ġprizes,135,40
11837,ĠAllen,135,2
11838,Ġ85,135,9
11839,Ġmonthly,135,0
11841,Ġ[_,135,0
11842,Ġ1954,135,2
11844,Ġ1941,135,0
11846,ĠEloise,135,0
11847,Ġdropping,135,6
11848,Ġrespected,135,0
11849,ĠGlobe,135,1
11850,Ġthreats,135,0
11851,Ġcollecting,135,0
11852,Ġconsumers,135,8
11854,Ġtombs,135,0
11855,Ġteenagers,135,198
11856,Ġbearded,135,164
11857,ĠChapter,135,0
11858,Ġsoup,135,289
11859,Ġcontroversial,135,0
11861,Ġsubsequent,135,0
11862,Ġregistered,135,0
11863,Ġexpansion,135,0
11864,Ġunnecessary,135,0
11865,ĠAnthony,135,0
424,Ġcon,134,24
691,Ġsm,134,98
821,ĠWh,134,3
1022,Ġret,134,7
2114,where,134,1
2475,ĠGen,134,3
2783,unk,134,37
4072,ĠPre,134,2
7472,Ġconstitution,134,0
8673,ĠAT,134,132
9789,Ġrecover,134,0
9900,ĠSong,134,1
10248,Ġharsh,134,0
10290,ĠPlan,134,3
10504,Ġpound,134,2
10777,ĠCould,134,0
11117,ĠForeign,134,10
11285,from,134,3
11866,%.,134,0
11871,Ġlays,134,40
11875,ĠFOR,134,53
11885,Ġgrows,134,1
11886,ĠVI,134,10
11888,Ġaccent,134,7
11891,Ġsecured,134,8
11892,Ġadds,134,1
11893,Ġcrept,134,0
11896,ĠHarwood,134,0
11897,Ġnicely,134,36
11898,Ġcatches,134,9
11899,ĠGAGAS,134,0
11900,Ġportrait,134,23
11901,Ġmessages,134,1
11902,Ġbowed,134,12
11903,Ġmatching,134,204
11904,Ġmistakes,134,0
11905,Ġzone,134,9
11906,Ġmaintaining,134,0
11907,Ġimagination,134,0
11908,Ġbreathing,134,10
11911,Ġlieutenant,134,0
11912,Ġbanner,134,117
11913,Ġnovels,134,0
11914,Ġinterviews,134,0
11915,Ġrenamed,134,0
11916,Ġchemicals,134,11
11917,ĠOsaka,134,0
11918,Ġguarantee,134,0
11919,ĠBarnes,134,0
11920,ĠLocal,134,12
11923,ĠBarcelona,134,1
1379,ĠJap,133,0
1523,aid,133,37
3237,Ġer,133,24
3649,ios,133,9
5567,ev,133,9
7145,Ġearnest,133,0
7468,ĠGal,133,3
8505,Ġevolution,133,1
8552,aux,133,9
9994,headed,133,15
10696,Ġbeam,133,71
10844,65,133,9
11224,ĠHeaven,133,0
11319,Ġbreed,133,8
11347,59,133,6
11928,Ġsighed,133,0
11932,Ġtore,133,1
11934,Ġlion,133,50
11935,Ġgosh,133,1
11938,Ġstorage,133,32
11944,ĠNote,133,2
11946,Ġjolly,133,0
11947,Ġaloud,133,0
11949,Ġclick,133,91
11950,Ġflies,133,16
11952,Ġdrag,133,15
11953,ĠAdam,133,0
11954,ĠBeyond,133,1
11955,Ġtwisted,133,11
11957,Ġeconomists,133,0
11958,Ġcolleges,133,0
11960,ĠWithin,133,0
11963,Ġ1949,133,0
11964,Ġindustries,133,0
11965,Ġremarks,133,0
11968,Ġbriefly,133,0
11969,ĠTourist,133,11
11970,Ġpigs,133,12
11971,Ġelephants,133,222
11972,Ġdetermining,133,0
11973,Ġincredible,133,2
11974,Ġassembled,133,11
11975,ĠRadio,133,9
11976,Ġmoderate,133,0
11977,Ġkneeling,133,249
11978,Ġtasks,133,1
11979,ĠBourgogne,133,0
660,Ġri,132,64
1350,ency,132,1
1499,ural,132,0
3150,AR,132,527
3830,ls,132,18
4925,iy,132,5
5566,ID,132,166
8093,icks,132,8
8539,bury,132,1
9195,ĠTa,132,5
10539,Ġhey,132,3
10786,Ġretain,132,0
10918,Ġstroll,132,16
11307,ĠHalf,132,195
11357,Ġhollow,132,2
11988,Ġnaval,132,9
11989,ĠAround,132,0
11990,Ġbeg,132,2
11992,ĠBond,132,2
11994,ĠNema,132,0
11996,ĠEnergy,132,1
11997,Ġtrunks,132,239
11999,Ġcontributed,132,0
12000,Ġbacked,132,18
12002,ĠArchie,132,0
12003,Ġdiscrimination,132,0
12004,Ġstatistical,132,0
12005,Ġfoods,132,114
12007,Ġprepares,132,20
12008,Ġstuffed,132,537
12009,Ġscenarios,132,0
12010,Ġexclusively,132,0
12011,Ġbelonging,132,29
12013,Ġpursued,132,0
12014,ĠMacau,132,0
12015,ĠCommunist,132,0
12016,ĠMurray,132,0
12017,ĠLarry,132,0
12018,ĠWhether,132,0
12019,Ġswiftly,132,0
12020,Ġgrasp,132,3
12021,Ġshifted,132,0
12022,Ġdismissed,132,0
12024,Ġcloak,132,21
12025,Comt,132,0
12027,ĠHospital,132,1
12028,Ġcuisine,132,5
12029,Ġtragedy,132,1
12030,Ġnineteen,132,2
1702,uff,131,112
2236,bs,131,23
3653,ams,131,52
4224,wide,131,0
4858,Ġunf,131,12
4967,ĠGar,131,3
5312,ĠCamp,131,6
5853,ĠMel,131,1
6214,ĠAC,131,4
6298,ĠTrans,131,6
6539,rate,131,11
8800,Ġchat,131,18
10322,Ġhelpless,131,0
10625,Ġspray,131,96
10836,Ġdespair,131,0
10891,Ġsultan,131,0
10912,Ġadmire,131,2
11484,Ġeditorial,131,0
12035,Ġtents,131,143
12040,Ġgap,131,15
12045,ĠCrete,131,0
12049,Ġrating,131,0
12050,Ġmanaging,131,1
12053,Ġtrap,131,34
12056,Ġbackyard,131,39
12057,Ġindoor,131,64
12058,Ġkeys,131,68
12061,Ġcouples,131,92
12062,Ġlightly,131,12
12063,Ġvolcano,131,4
12065,ĠTexan,131,2
12066,Ġsuggestions,131,0
12067,Ġdeadly,131,0
12068,Ġaffects,131,0
12070,Ġhillside,131,35
12071,Ġcampaigns,131,0
12072,Ġachieving,131,0
12073,ĠDanes,131,0
12074,Ġpursue,131,0
12077,Ġamazed,131,1
12078,Ġtargets,131,3
12079,Ġjewels,131,1
12080,Ġterrace,131,6
12081,Ġcadet,131,4
12084,Ġsteadily,131,0
12085,ĠBruce,131,3
12086,Ġencounter,131,0
12087,Ġaerobics,131,0
782,ull,130,5
1278,Ġmar,130,79
1448,app,130,19
2963,ify,130,0
3593,AS,130,140
4365,ĠMer,130,3
4422,ĠVirgin,130,3
4564,ips,130,14
4781,ĠGold,130,13
4982,ĠNet,130,1
6184,ĠTri,130,4
6517,TH,130,111
6957,ĠSa,130,7
7540,ĠLu,130,5
8409,oli,130,93
9415,Ġcasual,130,172
9504,ĠWeek,130,0
10406,Ġswitch,130,41
10467,ĠKashmir,130,0
11328,Ġsuperb,130,1
11425,Ġabsurd,130,0
11448,Ġsaint,130,1
12093,Ġtheories,130,1
12094,Ġsession,130,1
12095,Ġbits,130,12
12096,Ġmaps,130,6
12097,Ġdried,130,39
12098,Ġbeef,130,40
12107,ĠNelson,130,0
12109,Ġvs,130,0
12110,Ġsailed,130,0
12112,Ġgoat,130,339
12113,Ġdownstairs,130,0
12114,Ġfloors,130,16
12117,ĠFrisbee,130,192
12118,Ġprogramming,130,0
12119,Ġ47,130,11
12120,Ġfollowers,130,1
12121,Ġadvise,130,0
12122,Ġprotests,130,0
12125,Ġrulers,130,0
12126,Ġcompetitors,130,28
12127,ĠWarner,130,0
12129,Ġhoused,130,1
12130,Ġinfluences,130,0
12133,Ġheroes,130,0
12134,Ġdrops,130,8
12135,ĠHumans,130,2
12136,._],130,0
12137,Ġwheelchair,130,111
12138,Ġathlete,130,48
12139,Ġarrangement,130,30
12142,Ġbreeze,130,5
12143,ĠVenetian,130,0
12144,fashioned,130,19
1752,aining,129,2
3560,ĠCom,129,7
3711,ancy,129,1
4450,Ġpossess,129,0
8698,ĠWay,129,1
8827,ĠThanks,129,4
8993,Ġhint,129,3
9459,ĠDec,129,6
9625,33,129,3
9713,Ġlabel,129,153
9897,ali,129,3
10208,ĠCooper,129,2
11356,Ġfatal,129,0
12149,ĠSalt,129,2
12152,Ġrushing,129,6
12154,Ġleaped,129,0
12156,Ġupside,129,154
12157,Ġunified,129,0
12161,Ġacademy,129,1
12162,Ġcostly,129,0
12163,Ġcharm,129,0
12164,Ġmode,129,3
12167,ĠHarvard,129,0
12168,Ġposts,129,47
12169,Ġaccountable,129,0
12171,ĠMeiji,129,0
12172,Ġ1931,129,0
12173,Ġ1933,129,0
12174,Ġemerged,129,0
12175,Ġgrief,129,0
12176,Ġrecommendation,129,0
12177,Ġfeedback,129,0
12178,Ġcalmly,129,1
12179,ĠBaby,129,159
12183,Ġskirts,129,225
12184,Ġnomination,129,0
12186,Ġjuice,129,210
12187,ĠScientists,129,2
12188,Ġvoyage,129,0
12189,ĠHampshire,129,1
12190,ĠIstanbul,129,0
326,ld,128,5
1598,Ġpe,128,108
1605,med,128,7
2188,iling,128,6
3231,ables,128,31
3458,ux,128,6
3645,oph,128,35
6123,lands,128,0
7572,ĠAz,128,1
7738,ĠPass,128,15
8052,ĠMir,128,1
8426,Ġhook,128,68
8936,boat,128,62
9066,Ġconfess,128,0
9105,ĠTar,128,0
9166,ĠSon,128,2
9290,Ġtoxic,128,0
9447,Ġsorrow,128,0
9730,Ġamid,128,1
9791,ĠAlger,128,0
10173,Le,128,0
10419,Ġwhisper,128,2
10544,ĠHas,128,5
10555,Ġboom,128,4
11145,Ġpatron,128,5
11570,ĠCarr,128,46
12197,two,128,1
12206,"Ġ""_",128,0
12208,ĠNBC,128,0
12212,Ġmeets,128,1
12213,Ġtray,128,429
12216,Ġrunner,128,124
12217,Ġincidents,128,0
12219,ĠMartha,128,0
12221,Ġreceives,128,1
12223,Ġenjoyable,128,0
12224,Ġprofile,128,91
12225,Ġ99,128,9
12226,Ġproductive,128,0
12229,Ġbottles,128,308
12230,ĠSingapore,128,0
12231,ĠPrograms,128,0
12232,Ġleaned,128,23
12233,Ġwebsites,128,0
12236,ĠCosta,128,2
12237,ĠForest,128,0
12238,Ġindicates,128,0
12240,Ġoverseas,128,0
12241,ĠOpera,128,0
12242,Ġpardon,128,0
12243,ĠWTP,128,0
12244,Ġmonopoly,128,2
12245,ĠGuadalcanal,128,0
12247,Ġcurrency,128,1
12248,Ġtelescope,128,61
3130,oring,127,8
3317,str,127,6
3548,sey,127,27
4103,Ġdemon,127,0
7866,ĠAng,127,7
8312,Ġaffection,127,1
9634,ĠDam,127,3
10867,Ġtwin,127,26
11280,Ġabsent,127,0
11301,ati,127,6
11441,39,127,8
12249,31,127,6
12252,Or,127,1
12253,Your,127,0
12261,Ġshots,127,24
12262,Ġfruits,127,261
12263,ĠFBI,127,1
12268,Ġexotic,127,37
12272,Ġclue,127,4
12274,Ġdisk,127,38
12275,Ġflames,127,37
12277,Ġwhereas,127,0
12280,Ġpreserve,127,0
12281,Ġruin,127,0
12282,Ġformation,127,33
12285,Ġprofits,127,0
12288,Ġawhile,127,0
12290,Ġvaried,127,23
12293,Ġprotective,127,192
12294,ĠDrusie,127,0
12295,Ġcommanded,127,0
12296,Ġlifting,127,22
12297,Ġinstallations,127,0
12298,Ġpicturesque,127,3
12300,Ġscientist,127,6
12301,Ġsporting,127,15
12302,ĠRandall,127,0
12303,Ġsequence,127,4
12304,Ġwidow,127,0
12305,ĠSwedish,127,1
12306,ĠHondura,127,0
12307,Ġhalted,127,1
12308,Franche,127,0
12309,Ġimpeachment,127,0
12310,ĠNettie,127,0
1104,akes,126,28
1241,Ġdef,126,16
1633,amed,126,10
4172,Ġinstall,126,0
4240,ĠMil,126,1
4317,ĠSim,126,0
4433,IT,126,184
5173,ĠMag,126,1
5186,Ġinform,126,1
6797,life,126,1
7829,ĠVer,126,4
7914,IR,126,718
8184,ĠClass,126,2
8424,eem,126,14
8921,wa,126,20
9118,Ġwarn,126,0
9573,ĠBall,126,15
10175,yes,126,1
10961,ĠKeep,126,1
11457,Ġrows,126,96
11562,ĠAlcohol,126,0
11867,44,126,5
12321,Ġreferences,126,0
12322,Ġyer,126,0
12325,ĠBird,126,42
12329,ĠNation,126,1
12330,Ġplacing,126,19
12336,Ġthanked,126,0
12338,Ġflashed,126,0
12339,ĠAshati,126,0
12340,Ġregards,126,0
12342,Ġstrain,126,25
12343,Ġswings,126,61
12346,Ġreflection,126,593
12349,ĠCarroll,126,0
12350,Ġ800,126,1
12351,Ġmemories,126,0
12354,Ġfailing,126,0
12355,Ġdiscusses,126,0
12356,Ġarmor,126,20
12358,Ġexecuted,126,0
12359,Ġmixture,126,20
12360,Ġbeaten,126,1
12361,Ġlifestyle,126,5
12362,ĠOpen,126,20
12363,Ġincorporated,126,0
12365,Ġdiscipline,126,0
12366,Ġgesture,126,41
12367,Ġcautiously,126,0
12369,Ġcomrades,126,3
996,ked,125,20
3155,Ġmist,125,26
3905,aked,125,11
6185,outs,125,19
7690,Ġswift,125,0
8300,ĠPa,125,0
8973,ĠFund,125,0
10142,ĠNord,125,2
11024,Ġauthentic,125,3
11558,Ġbrush,125,193
11730,ups,125,12
12372,Ġtales,125,1
12376,Ġdashed,125,1
12378,Ġnuts,125,67
12379,Ġloyal,125,0
12380,Ġheap,125,0
12383,ĠMoney,125,1
12386,Ġranks,125,0
12389,Ġintact,125,3
12391,Ġroot,125,34
12392,Ġropes,125,74
12396,Ġpresidency,125,0
12399,Ġ42,125,16
12400,Ġdefending,125,4
12401,Ġmarathon,125,36
12402,Ġsingles,125,2
12403,Ġpriests,125,4
12404,Ġstatutory,125,0
12405,Ġtransactions,125,0
12406,Ġviewing,125,9
12407,Ġrisen,125,1
12408,ĠTrade,125,0
12410,ĠCentury,125,1
12411,Ġcreative,125,1
12413,Ġcrucial,125,0
12414,Ġdeny,125,0
12415,Ġpunished,125,0
12416,Ġqualities,125,0
12417,Ġstretching,125,30
12419,ĠKhan,125,0
12420,ĠHamilton,125,0
12421,Ġtrends,125,0
12422,Ġjersey,125,631
12423,ĠRyan,125,0
12425,ĠCowboys,125,1
12426,ĠDetroit,125,5
12428,Ġfishermen,125,16
12429,Ġpregnant,125,13
12430,ĠBaltimore,125,8
436,nt,124,75
2472,iding,124,4
3184,oul,124,7
3770,fl,124,20
5626,ĠCam,124,13
7998,ĠMas,124,0
8102,Ġuncertain,124,0
10077,Ġwhip,124,23
10766,Ġunfair,124,0
10845,68,124,1
10852,Ġfog,124,17
11214,ĠBand,124,46
11548,ĠBad,124,3
11639,Ġtelegram,124,0
12439,Ġfitted,124,19
12441,Ġdated,124,0
12443,ĠMoors,124,0
12444,ĠBoulevard,124,1
12449,Ġdiet,124,6
12450,Ġenable,124,0
12451,Ġpartially,124,576
12453,Ġafterward,124,0
12454,Ġflute,124,46
12455,ĠWhatever,124,1
12456,Ġmarching,124,85
12457,Ġplanets,124,0
12460,Ġeconomically,124,0
12461,Ġmarketing,124,0
12463,Ġpalaces,124,0
12465,Ġutility,124,31
12467,Ġliberty,124,7
12468,Ġsupplied,124,0
12470,Ġenthusiasm,124,0
12471,ĠKathmandu,124,0
12472,Ġmunicipalities,124,0
12473,Ġprosperity,124,0
12475,ĠGandhi,124,0
12476,Ġboutiques,124,0
12477,ĠPrudie,124,0
12478,ĠHavana,124,0
12479,Ġinfrastructure,124,1
930,Ġinc,123,1
1624,Ġtri,123,47
1651,Ġlo,123,46
1913,ĠGe,123,8
3034,itch,123,26
3306,ĠMad,123,0
4201,ĠBur,123,9
4840,ien,123,3
5771,gen,123,4
6915,ĠAtt,123,14
7238,Ġstir,123,49
10579,ĠSet,123,4
10585,ĠJob,123,1
10864,Ġskull,123,96
11400,oni,123,218
12480,By,123,0
12482,One,123,0
12486,Ġwaving,123,62
12489,Ġhike,123,19
12492,Ġloop,123,7
12493,Ġgender,123,5
12494,Ġreaches,123,16
12496,ĠMars,123,0
12502,Ġagony,123,0
12503,ĠStark,123,0
12505,Ġflip,123,240
12506,Ġflights,123,3
12507,Ġdistress,123,1
12508,Ġrested,123,2
12509,Ġsnapped,123,0
12513,Ġopposing,123,222
12515,Ġoperated,123,5
12516,Ġcorruption,123,0
12518,ĠSwiss,123,1
12519,Ġhistorians,123,0
12521,Ġvideos,123,2
12522,Ġhosts,123,0
12523,Ġcelebration,123,14
12524,Ġ1928,123,0
12525,Ġrapier,123,0
12526,Ġrailing,123,256
12527,Ġconvince,123,0
12528,Ġshouting,123,5
12529,Ġprinting,123,3
12530,Ġcriticism,123,0
12531,ĠWallace,123,0
12532,Ġseverely,123,0
12533,Ġpuppy,123,117
12535,Ġinnovative,123,0
12536,Ġtossed,123,5
12537,ĠBroadway,123,2
12538,ĠDiego,123,0
12539,ĠImperial,123,1
358,ct,122,12
974,Ġcent,122,17
1420,ral,122,8
3686,ocks,122,28
7122,han,122,0
7692,Ġfavour,122,0
10110,ĠRay,122,1
12540,"""),",122,0
12546,Ġwives,122,0
12549,Ġdagger,122,15
12551,ĠCape,122,0
12553,ĠMaine,122,1
12555,ĠPP,122,1
12556,Ġkite,122,484
12558,ĠWisconsin,122,13
12559,Ġshares,122,6
12560,Ġmanual,122,9
12563,ĠNintendo,122,51
12564,ĠJay,122,1
12566,ĠThink,122,6
12570,Ġreserved,122,0
12573,Ġattacking,122,5
12574,Ġpoles,122,272
12575,Ġpolite,122,0
12576,Ġstrangers,122,5
12577,ĠLeft,122,48
12578,Ġpopulations,122,0
12579,Ġmarched,122,0
12580,Ġmuscles,122,17
12581,Ġsimulation,122,0
12582,ĠSprings,122,0
12583,Ġbases,122,15
12584,Ġburial,122,0
12586,Ġsolutions,122,0
12587,Ġpublish,122,0
12589,Ġboxing,122,66
12590,ĠPalais,122,0
12591,white,122,94
12594,Ġfashionable,122,2
12595,Ġreveal,122,0
12596,Ġvegetable,122,181
12598,ĠMissionary,122,0
12599,Ġastonishment,122,1
12600,Ġfavourite,122,0
12601,Ġshovel,122,109
12602,Ġrevenues,122,0
12603,ĠEntertainment,122,0
12604,ĠAICPA,122,0
14,*,121,2
896,oss,121,6
1325,Ġorgan,121,33
1663,Ġpat,121,43
1732,ison,121,28
1844,ement,121,2
2980,itz,121,14
5511,ĠSecret,121,0
5679,box,121,127
7519,ĠRaj,121,0
8430,Ġselect,121,12
9061,Ġgrim,121,11
10574,only,121,2
10660,Ġshy,121,2
10984,ĠIce,121,13
10985,star,121,5
11698,300,121,0
11783,Ġdefence,121,0
12605,36,121,3
12607,47,121,9
12608,Huh,121,0
12613,Ġcakes,121,52
12622,ĠMake,121,3
12628,ĠGive,121,0
12633,Ġclan,121,0
12635,Ġrecycle,121,1
12637,ĠNewton,121,0
12638,ĠAnderson,121,1
12640,Ġmodified,121,6
12642,Ġmedals,121,16
12646,Ġpainful,121,1
12647,Ġmembership,121,0
12648,Ġprotecting,121,5
12649,Ġsurroundings,121,2
12650,Ġcreates,121,0
12651,Ġtrusted,121,0
12652,Ġawareness,121,0
12654,Ġjournalists,121,8
12655,Ġminority,121,0
12656,ĠMembers,121,17
12657,ĠSelwyn,121,0
12658,ĠBonnet,121,0
12659,Ġdistinctly,121,0
12660,ĠProtection,121,0
12661,Ġtrauma,121,0
12662,ĠNevertheless,121,0
12663,ĠVillage,121,5
12664,ĠBarnum,121,0
12666,Ġanticipated,121,0
12668,Ġbubbles,121,269
12669,ĠPrivate,121,1
12670,ĠMamie,121,0
12671,ĠConnecticut,121,0
12672,Ġplunged,121,0
12673,Ġvolcanic,121,0
12674,ĠHastings,121,0
8,$,120,3
2728,zz,120,45
4196,eness,120,0
4219,uts,120,26
4226,acking,120,4
5370,Ġder,120,3
6369,Ġutter,120,0
7411,mar,120,1
7479,Ġdim,120,14
11155,Ġsavage,120,0
11755,Will,120,0
12083,Ġsweatshirt,120,575
12677,Look,120,0
12680,Ġwow,120,7
12686,Ġpeoples,120,14
12689,Ġstages,120,1
12691,ĠHannah,120,2
12701,Ġscuba,120,67
12705,Ġemail,120,4
12707,Ġyearly,120,0
12710,Ġdistinction,120,0
12713,Ġhorrid,120,0
12716,Ġ88,120,8
12717,Ġtechnique,120,2
12718,ĠOrange,120,181
12719,Ġtraditions,120,0
12721,ĠNebraska,120,0
12723,Ġ1936,120,0
12724,Ġobserve,120,0
12725,Ġbalanced,120,9
12726,Ġcustoms,120,2
12727,Ġcollapse,120,0
12728,Ġcartoon,120,42
12729,Ġcommerce,120,0
12730,Ġdigital,120,44
12731,Ġproceedings,120,0
12733,Ġseventh,120,2
12734,Ġterritories,120,0
12735,Ġracial,120,0
12736,Ġdemonstrated,120,0
12737,ĠDarius,120,0
12738,Ġratio,120,0
12739,Ġscreamed,120,0
12740,Ġterrific,120,0
12742,Ġgratitude,120,0
12743,Ġmansion,120,1
12744,Ġprivilege,120,0
12745,Ġcomposer,120,0
12746,Ġsymptoms,120,0
12748,ĠMerriman,120,0
12749,Ġluggage,120,708
12752,ĠBedrulbudour,120,0
1089,gal,119,1
1216,Ġmin,119,22
1751,aff,119,164
2559,isc,119,17
2796,uses,119,1
3268,AT,119,358
4056,Ġpoll,119,7
4757,akers,119,32
5034,oos,119,23
5463,osh,119,1
5780,stein,119,9
6878,AM,119,34
6987,ĠAv,119,5
7955,ĠPop,119,3
8651,ĠOl,119,0
9078,ĠTax,119,8
9874,Ġdies,119,0
10789,Ġchef,119,310
12753,58,119,2
12754,97,119,3
12759,Ġawe,119,0
12764,Ġhaste,119,0
12765,Ġdaring,119,0
12767,Ġgit,119,2
12771,Ġangle,119,38
12773,Ġseeds,119,51
12777,Ġupward,119,25
12778,Ġdonkey,119,82
12780,Ġresident,119,0
12781,Ġguides,119,2
12783,Ġcargo,119,98
12784,Ġevenings,119,0
12785,Ġassure,119,0
12791,Ġreplacement,119,0
12792,ĠOrthodox,119,0
12793,Ġfailures,119,0
12794,Ġinflation,119,0
12795,ĠGenoa,119,0
12796,Ġ1938,119,0
12797,Ġmethodology,119,0
12799,Ġpackages,119,38
12800,Ġconducting,119,0
12801,Ġconsisted,119,0
12802,Ġcells,119,5
12803,Thank,119,0
12804,Ġpanic,119,1
12806,Ġliterally,119,4
12807,Ġgalleys,119,0
12808,Ġconservatives,119,0
12810,Ġquantity,119,7
12811,ĠBrazilian,119,7
12812,Ġcertification,119,0
12813,Ġeliminate,119,0
12814,ĠRichardson,119,0
12815,ĠHolocaust,119,0
12816,Ġmasters,119,1
12817,ĠRonald,119,0
12819,Ġdisturbed,119,0
12820,ĠLisbon,119,0
12821,Ġfacilitate,119,0
12822,Ġprotocols,119,0
12823,oriented,119,0
12824,ĠFlexibility,119,0
12825,ĠStewart,119,0
418,pp,118,34
450,Ġsu,118,158
738,anc,118,6
946,ried,118,5
1226,ained,118,1
1381,ient,118,3
2460,ald,118,9
2697,ĠAcc,118,0
3158,ula,118,104
3789,Ġunc,118,34
8986,ĠSteven,118,1
9835,ĠCurrent,118,0
10144,ĠRule,118,0
10455,Ġimmense,118,1
11398,Ġ/,118,7
11931,org,118,0
12012,Ġunconscious,118,1
12185,ĠNatural,118,0
12826,""";",118,0
12827,.[,118,0
12828,called,118,0
12832,Ġsiege,118,0
12834,Ġlacking,118,0
12835,Ġeh,118,10
12837,Ġstained,118,35
12838,Ġstrychnine,118,0
12839,ĠCelia,118,0
12846,Ġgoggles,118,315
12847,Ġunited,118,9
12850,Ġdisabled,118,8
12853,Ġcoins,118,14
12855,ĠAlice,118,3
12860,Ġ77,118,6
12862,Ġpatience,118,3
12863,Ġawfully,118,0
12864,Ġclassification,118,0
12866,ĠCountry,118,0
12867,Ġlayer,118,55
12868,Ġhearings,118,0
12869,ĠPresently,118,0
12870,Ġarriving,118,1
12871,Ġappearances,118,0
12872,ĠSanto,118,0
12873,Ġtends,118,0
12874,Ġmeasuring,118,33
12876,Ġintroduce,118,0
12877,Ġguarded,118,1
12878,ĠKevin,118,0
12879,Ġintegrated,118,0
12882,Ġdescended,118,0
12883,Ġemotional,118,0
12884,Ġprecisely,118,1
12885,ĠFederation,118,0
12886,Ġparallel,118,37
998,ple,117,29
1091,ired,117,4
1145,ef,117,57
1203,Ġcur,117,25
1653,ister,117,55
1726,Ġelect,117,1
1747,ony,117,11
2272,ĠChar,117,3
2667,asing,117,8
2810,ĠEm,117,80
3026,ray,117,48
3791,just,117,0
4329,gu,117,27
4416,yr,117,2
6269,Ġresist,117,0
6518,net,117,55
6681,tr,117,8
7090,Ġstake,117,13
8615,Ġweakness,117,0
9395,Ġward,117,1
9857,Ġraft,117,83
10538,ĠTry,117,0
11929,Ġbored,117,21
12220,Ġcurb,117,169
12239,Ġrevenge,117,0
12890,when,117,0
12891,Ġ`,117,3
12892,Ġtones,117,1
12895,Ġwounds,117,0
12901,Ġdominated,117,0
12903,ĠTheater,117,1
12904,Ġbeings,117,0
12905,Ġbelly,117,102
12907,ĠMoon,117,2
12909,ĠPage,117,0
12911,ĠFanny,117,0
12917,Ġleaping,117,16
12918,Ġjunk,117,26
12921,ĠAli,117,0
12922,Ġretained,117,0
12924,Ġrestore,117,0
12925,Ġartistic,117,11
12927,Ġ600,117,0
12929,Ġmidair,117,42
12930,ĠGray,117,84
12931,Ġtravelling,117,8
12932,Ġdiscussions,117,0
12933,Ġgrandma,117,25
12934,Ġdispute,117,0
12935,Ġfocusing,117,6
12937,Ġtrucks,117,105
12938,ĠHighway,117,0
12939,Ġagrees,117,0
12940,Ġpriorities,117,0
12941,Ġsailors,117,13
12943,Ġadvocates,117,0
12944,ĠMallory,117,0
12945,Ġbustling,117,0
12946,Ġscreens,117,52
12947,Ġuncertainty,117,0
12948,Ġtorture,117,1
12949,ĠBaseball,117,112
12950,Ġannouncement,117,1
12951,Ġaggressive,117,6
12952,Ġpyramid,117,16
12953,ĠChairman,117,0
12954,ĠHCFA,117,0
12955,ĠSaddam,117,0
904,Ġrel,116,3
1040,ared,116,52
1626,aps,116,27
2062,though,116,0
2391,itions,116,0
2904,bert,116,1
3061,ĠSm,116,4
5216,Ġtow,116,59
5421,jo,116,1
5602,ois,116,4
6968,Ġpredict,116,0
8026,Ġdat,116,4
8498,ante,116,1
8545,Ġhood,116,306
10775,Ġthumb,116,141
10812,Ġdense,116,2
11126,Ġhoney,116,76
11220,ĠLess,116,5
11770,ĠHank,116,0
12023,Ġcannon,116,36
12033,New,116,1
12131,ĠApple,116,102
12964,Ġwool,116,47
12966,Ġcure,116,0
12976,ĠNeram,116,0
12978,Ġoutfits,116,577
12980,Ġupright,116,145
12987,Ġrepairs,116,5
12988,Ġfinishing,116,6
12990,Ġcheering,116,13
12992,ĠForrest,116,0
12996,Ġgenerate,116,0
12997,Ġoperates,116,2
12998,ĠHeritage,116,0
13000,Ġfails,116,1
13001,Ġsolved,116,0
13002,Ġadmission,116,0
13004,Ġ1937,116,0
13006,Ġplanting,116,4
13007,Ġengineers,116,1
13008,Ġmischief,116,0
13009,Ġarguments,116,0
13010,ĠDemocrat,116,0
13013,ĠAppendix,116,0
13014,Ġcorporation,116,0
13015,Ġintegration,116,0
13016,ĠEvans,116,0
13017,Ġsymbols,116,61
13018,Ġcriticized,116,0
13019,Ġfloat,116,60
13022,Ġgraduating,116,0
13023,Ġdelayed,116,0
13025,ĠTitle,116,1
13026,ĠPayne,116,0
13027,Ġtastes,116,0
13028,Ġretrofits,116,0
13029,ĠEmergency,116,13
13030,Ġtrembling,116,0
13031,Ġsuspended,116,9
564,ook,115,17
841,aking,115,7
1196,row,115,15
1533,ope,115,26
1581,Ġinf,115,2
1829,ees,115,18
6423,vin,115,4
7941,ras,115,6
10823,Ġassault,115,3
11967,ĠControl,115,0
13036,Never,115,0
13040,Ġpension,115,0
13044,Ġatop,115,62
13050,Ġsheer,115,18
13051,Ġwholly,115,5
13052,Ġcomply,115,0
13053,Ġquoted,115,0
13055,Ġpopulated,115,1
13057,Ġperformer,115,53
13058,Ġfathers,115,4
13060,Ġswimmer,115,45
13061,ĠNotre,115,2
13062,Ġ1953,115,0
13064,Ġhistorian,115,3
13065,Ġkeyboard,115,732
13066,Ġcontractor,115,2
13067,Ġphysician,115,0
13068,Ġthreatening,115,3
13069,ĠStein,115,0
13071,Ġprevented,115,0
13072,ĠArabs,115,0
13074,Ġmeasurement,115,0
13075,Ġachievement,115,0
13077,Ġ1870,115,0
13078,Ġadjusted,115,5
13079,Ġprotested,115,0
13080,Ġchallenging,115,0
13081,ĠBuddhism,115,0
13082,Ġranked,115,0
13083,Ġjunior,115,1
13084,Ġbothered,115,0
13085,ĠMarshall,115,0
13086,Ġsatellite,115,27
13087,ĠTaylor,115,2
741,urn,114,41
1184,cent,114,3
1660,Ġes,114,28
1690,eb,114,53
2885,ĠAss,114,3
2892,ox,114,3
3141,ĠComp,114,1
5597,izes,114,1
5609,ĠPan,114,5
6229,rie,114,3
8550,ĠBase,114,2
11628,ĠManipur,114,0
11751,55,114,8
11760,Ġbass,114,88
11827,ĠStaff,114,3
11877,Ġconvert,114,6
12165,ika,114,0
12269,ĠEver,114,3
13090,glass,114,63
13091,hole,114,47
13093,Ġtension,114,0
13094,Ġmouse,114,201
13102,Ġraw,114,23
13110,Ġapples,114,431
13111,Ġattestation,114,0
13113,Ġcounting,114,7
13114,Ġregister,114,31
13115,ĠClavering,114,0
13117,Ġforming,114,4
13118,Ġplanes,114,55
13120,Ġeditors,114,2
13121,Ġexploring,114,0
13122,Ġcolleagues,114,5
13123,Ġbeneficial,114,0
13124,Ġspends,114,1
13125,Ġpaints,114,28
13126,Ġnonprofit,114,0
13128,ĠInternal,114,0
13131,Ġ1927,114,0
13132,Ġconviction,114,0
13133,ĠSyria,114,0
13134,Ġpredicted,114,0
13135,Ġturtles,114,5
13137,Ġentertaining,114,0
13140,Ġsailor,114,54
13141,ĠAnyone,114,1
13143,Ġoxide,114,0
13145,Ġtightly,114,7
13146,Ġrevolver,114,13
13148,Ġguaranteed,114,0
13149,Ġanswering,114,1
13150,Ġexpertise,114,0
13153,Ġapologize,114,0
13154,Ġmortgage,114,0
13156,ĠBrooklyn,114,0
443,Ġcom,113,25
721,Ġimp,113,1
1046,ork,113,92
1929,omp,113,1
2402,ĠMc,113,3
2795,aud,113,0
3321,ĠAc,113,6
4599,aine,113,8
5179,gl,113,11
5286,ĠMcC,113,0
5360,ona,113,13
5554,ache,113,18
6584,ĠSar,113,2
7555,ava,113,19
8782,Ġpartners,113,18
9159,66,113,2
9933,Ġcord,113,75
10384,funded,113,0
10711,Ġinfant,113,76
11894,Ġpretend,113,14
11980,67,113,2
12344,ĠMarine,113,5
12364,ĠJefferson,113,0
13158,Have,113,0
13161,because,113,0
13163,faced,113,8
13166,Ġoars,113,26
13170,Ġdanced,113,0
13173,Ġlamb,113,302
13177,Ġstare,113,22
13178,Ġstalls,113,7
13184,ĠNIPA,113,0
13185,ĠGraham,113,0
13188,Ġleans,113,16
13189,Ġjaw,113,5
13191,Ġspecially,113,0
13193,ĠAnna,113,0
13195,Ġboot,113,56
13197,Ġskilled,113,2
13199,ĠAthens,113,0
13200,Ġmining,113,0
13202,Ġlegacy,113,0
13203,Ġfootballer,113,10
13204,Ġgardening,113,10
13205,ĠAmritsar,113,0
13206,Ġcorners,113,14
13207,Ġdeeper,113,7
13208,Ġseparately,113,1
13209,ĠNobel,113,0
13211,Ġhunters,113,2
13212,Ġprayers,113,0
13213,Ġprocedure,113,4
13216,Ġteenage,113,158
13217,ĠVictorian,113,11
13218,ĠMickey,113,14
13219,Ġexceedingly,113,0
13220,ĠYears,113,1
13222,Ġgraceful,113,1
13224,Ġodds,113,0
13225,Ġelectronics,113,28
13226,Ġvulnerable,113,0
13227,ĠWWE,113,0
13228,Ġritual,113,1
13229,Ġbalcony,113,73
13230,ĠBehind,113,7
1007,Ġev,112,1
2568,rit,112,26
2574,itive,112,0
2969,ĠTur,112,2
4325,worth,112,2
5643,lets,112,12
6772,arian,112,3
6923,Ġpin,112,138
7944,Ġyield,112,4
8203,ologist,112,4
10345,onic,112,1
10431,76,112,1
10432,TV,112,5
11539,some,112,6
12334,Ġfears,112,0
13237,Ġsinking,112,0
13238,Ġcited,112,0
13240,Ġreception,112,10
13243,ĠCold,112,1
13244,ĠManchester,112,0
13247,Ġrings,112,67
13251,ĠGary,112,0
13253,Ġorchestra,112,73
13254,Ġcompelled,112,0
13255,Ġaltered,112,0
13258,Ġresumed,112,0
13259,Ġimpose,112,0
13262,Ġrelate,112,0
13263,Ġhomeland,112,0
13264,Ġdragon,112,43
13266,Ġcharity,112,0
13268,Ġbehave,112,0
13269,Ġ72,112,3
13270,Ġ78,112,6
13271,Ġballoons,112,339
13273,Ġpromises,112,0
13274,Ġagenda,112,1
13277,Ġeighth,112,0
13279,Ġscenery,112,14
13280,Ġhonored,112,0
13281,Ġcomplaints,112,0
13282,Ġdescribing,112,1
13284,Ġtravels,112,1
13285,Ġdoubtless,112,0
13290,Ġexercising,112,1
13291,Ġlegislature,112,0
13293,Ġgazing,112,6
13294,ĠMedicaid,112,0
13295,Ġpillow,112,617
13296,Ġdramatically,112,0
13297,Ġprofitable,112,0
13298,Ġdemocratic,112,0
13299,Ġgrabbed,112,4
13300,Ġtackle,112,22
13301,Ġsharks,112,6
13302,Ġnarrative,112,0
13303,ĠCarlos,112,1
13304,Ġweaknesses,112,0
13305,Ġbarriers,112,19
13306,ĠExplorer,112,7
13307,Ġtomatoes,112,214
13308,Ġpilgrims,112,3
13309,Ġbundle,112,62
13310,Ġenvelope,112,19
13311,Ġequivalent,112,0
13312,ĠAggie,112,0
13313,Ġfictional,112,0
576,ree,111,37
678,round,111,36
692,ove,111,35
2276,Ġcult,111,0
6349,IA,111,10
7703,lessly,111,0
7753,ĠBa,111,3
9875,ĠSure,111,0
10690,path,111,0
10892,Ġbark,111,30
11671,iah,111,1
11733,ĠBengal,111,0
11998,ĠChick,111,6
12055,Ġscout,111,41
12286,Ġbarren,111,14
12352,Ġmemorial,111,19
12597,ĠLucas,111,0
13314,IE,111,24
13315,July,111,1
13319,Ġfighter,111,50
13321,Ġhath,111,0
13322,Ġbeasts,111,0
13325,ĠMaking,111,1
13329,Ġchips,111,116
13331,Ġtraces,111,0
13332,ĠVA,111,3
13337,Ġconscience,111,0
13338,Ġmetres,111,0
13340,Ġdesigner,111,7
13341,ĠConway,111,0
13342,ĠGrace,111,0
13347,ĠCongressional,111,0
13348,ĠEuropeans,111,2
13349,Ġnecessity,111,0
13350,ĠReserve,111,0
13351,Ġevaluated,111,0
13352,Ġgrip,111,8
13353,Ġanxiously,111,0
13354,ĠArabic,111,14
13355,Ġinterviewed,111,3
13356,ĠStudents,111,60
13357,ĠOutside,111,2
13358,Ġteenager,111,50
13360,Ġseventeen,111,0
13362,ĠPlayStation,111,0
13364,Ġcigarettes,111,35
13365,Ġincredibly,111,1
13367,Ġemotions,111,0
13368,ĠBarbara,111,0
13369,ĠMichelangelo,111,0
13370,Ġarchaeological,111,0
13371,Ġanchor,111,26
13372,Ġisolated,111,2
13373,ĠGabriel,111,0
13374,Ġinsects,111,7
13375,Ġneutral,111,10
13376,ĠIllustrated,111,0
13377,ĠSydney,111,2
13379,ĠChatterbox,111,0
13380,ĠShakespeare,111,0
33,=,110,0
561,Ġfe,110,69
900,ange,110,25
908,Ġreg,110,11
1114,ĠInd,110,4
1454,rap,110,26
3742,ĠRo,110,3
3865,col,110,115
5714,ĠSur,110,24
6020,Ġarrange,110,10
6254,OL,110,143
7137,ĠFair,110,4
7417,ĠRem,110,14
9266,Ġscript,110,3
11171,hearted,110,0
11889,Ġsled,110,96
12264,ĠDim,110,0
12593,Ġencouraging,110,1
12606,42,110,5
12626,ĠNick,110,1
13381,01,110,1
13382,49,110,5
13386,sized,110,48
13389,Ġtapes,110,0
13390,including,110,0
13394,Ġfist,110,54
13395,Ġhiring,110,0
13397,Ġere,110,0
13398,story,110,4
13401,Ġwhites,110,17
13406,Ġoutstanding,110,0
13408,"Ġ(),",110,0
13410,Ġintake,110,0
13411,Ġ1900,110,0
13412,ĠStyles,110,0
13413,Ġarches,110,15
13414,Ġperceived,110,0
13415,Ġflowing,110,18
13420,Ġautumn,110,13
13421,Ġflyer,110,9
13422,Ġcleaned,110,6
13423,Ġcopper,110,13
13424,Ġacquire,110,0
13426,Ġtribal,110,34
13427,Ġwrestlers,110,25
13428,ĠRandom,110,9
13429,Ġvolunteers,110,13
13430,Ġincentive,110,0
13431,Ġsequel,110,0
13432,Ġastonished,110,1
13433,Ġrabbit,110,43
13435,ĠDaily,110,1
13436,Ġhobby,110,13
13437,Ġabundant,110,0
13438,ĠIndependence,110,0
13439,Ġtrumpet,110,75
13440,Ġabruptly,110,0
13442,Ġlaundry,110,116
13443,ĠMoorish,110,0
2546,ude,109,20
2627,uch,109,15
2860,antly,109,12
3259,ops,109,72
3510,Ġrap,109,2
3820,ĠSte,109,8
4067,ĠMid,109,3
4150,ĠIm,109,4
5621,ĠEst,109,0
5967,Ġton,109,6
7251,ene,109,0
9110,Ġseas,109,18
10586,Ġdiver,109,16
11062,Ġextend,109,5
11598,64,109,4
11704,Ġauction,109,0
11822,Ġvivid,109,13
12612,Ġbows,109,49
12702,Ġappendix,109,0
13445,movie,109,0
13447,Ġtheaters,109,1
13450,Ġfaded,109,15
13456,"Ġ""""",109,0
13458,Ġdozens,109,1
13459,Ġchannels,109,0
13461,ĠRights,109,0
13464,Ġrolls,109,30
13466,Ġtimely,109,0
13468,ĠChanges,109,0
13470,Ġrecovery,109,4
13471,Ġmakeup,109,153
13472,Ġinvite,109,0
13473,Ġsecurities,109,0
13474,Ġopens,109,0
13476,Ġartwork,109,75
13478,Ġdefended,109,1
13480,Ġlighting,109,30
13481,Ġallowance,109,0
13482,Ġopponents,109,23
13484,ĠQuality,109,0
13485,Ġburnt,109,45
13486,Ġmissions,109,0
13487,Ġmissile,109,19
13488,Ġfurious,109,0
13490,ĠFourth,109,2
13491,Ġhostile,109,0
13492,Ġcooks,109,17
13493,Ġpurchases,109,9
13494,Ġshouts,109,0
13495,Ġensuring,109,0
13496,Ġinvestigate,109,0
13497,Ġcheerfully,109,0
13498,Ġcabinet,109,81
13499,Ġsubmission,109,0
13500,ĠTokugawa,109,0
13503,Ġathletic,109,159
13504,Ġsubsidy,109,0
13505,Ġmanufacturers,109,0
13506,Ġdoubts,109,0
13507,Ġpronounced,109,0
13508,Ġconsciousness,109,0
13509,ĠLangridge,109,0
13511,Ġprohibited,109,0
13512,Ġsophisticated,109,4
1057,Ġstud,108,11
1255,ear,108,1
1669,Ġpur,108,25
2721,uit,108,174
3397,Ġconnect,108,6
3782,ris,108,53
4212,aging,108,2
5618,ez,108,17
6132,ĠArch,108,0
6158,aka,108,3
6508,Ġexceed,108,0
8493,Ġpump,108,41
8671,top,108,233
9233,ĠWild,108,4
11511,Ġretail,108,9
11860,ĠMotor,108,20
13513,.=,108,0
13520,Ġtune,108,0
13521,Ġwolf,108,21
13525,Ġpiazza,108,0
13527,Ġgaining,108,0
13533,ĠNFL,108,2
13537,Ġvests,108,550
13546,Ġgrain,108,31
13550,Ġsuburb,108,0
13551,Ġ1800,108,1
13553,ĠShiva,108,0
13555,Ġgenerated,108,0
13557,Ġmerit,108,0
13560,Ġ1935,108,0
13561,Ġcharacteristic,108,0
13563,Ġcircular,108,115
13565,Ġmessenger,108,42
13566,Ġcredibility,108,0
13569,Ġphysically,108,1
13571,Ġmagnetic,108,1
13572,ĠHelms,108,1
13573,Ġreacting,108,1
13574,Ġneighborhoods,108,0
13575,ĠHadley,108,0
13577,Ġwhistle,108,36
13578,ĠPolitical,108,1
13579,Ġbracelet,108,140
13580,minded,108,2
13581,Ġalphabet,108,5
13583,Ġchateau,108,0
13584,Ġoxygen,108,5
676,sel,107,43
701,ough,107,16
1582,Ġdem,107,2
1791,iter,107,90
1806,une,107,5
2115,key,107,21
2442,ĠPol,107,1
2571,par,107,3
3750,ography,107,0
4874,Ġlean,107,14
4924,EC,107,48
6247,ĠSil,107,2
7401,Ġgrab,107,26
8000,ĠNear,107,7
8307,mann,107,2
9809,Ġmob,107,2
10773,master,107,0
10814,Ġstall,107,49
10824,Ġhighlight,107,5
10900,Ġvague,107,3
11590,Ġenhance,107,0
11676,Ġsitcom,107,0
11720,ĠDream,107,0
11922,ĠTaiwan,107,0
11930,Ġfuss,107,0
12115,Ġgirlfriend,107,10
12146,will,107,3
12437,Ġwitch,107,2
12711,Ġgenius,107,0
13593,Ġwidespread,107,0
13594,Ġowe,107,0
13605,Ġfrisbee,107,779
13606,Ġ1000,107,1
13608,ĠRio,107,0
13611,Ġvon,107,0
13615,Ġworkforce,107,0
13616,Ġspared,107,0
13621,Ġdiffer,107,0
13622,Ġcurly,107,342
13623,ĠRevenue,107,0
13624,Ġsignature,107,5
13625,Ġrefuses,107,0
13626,Ġformidable,107,0
13627,Ġparticles,107,0
13628,Ġsecondary,107,2
13629,Ġpeer,107,11
13630,Ġmarketplace,107,19
13631,Ġavailability,107,0
13632,Ġidentifying,107,7
13634,Ġconsiderably,107,0
13636,Ġpublishing,107,0
13637,Ġexclusive,107,0
13638,ĠPalazzo,107,0
13639,Ġrespectively,107,1
13640,Ġmeantime,107,0
13643,Ġreferring,107,0
13644,Ġconsistently,107,0
13645,Ġstruggled,107,0
13646,Ġoccupation,107,0
13647,Ġblonde,107,891
13649,Ġaltitude,107,3
13650,Ġautomatically,107,0
13651,Ġexplanations,107,0
13653,ĠIranian,107,0
13655,Ġgreeted,107,0
13656,ĠPalestine,107,0
13657,ĠConfederate,107,2
13660,Ġproportion,107,0
13661,ĠUniversal,107,2
13662,Ġenacted,107,0
13663,ĠVenezuela,107,0
13664,Ġfootsteps,107,0
594,orm,106,16
1082,ever,106,1
1597,ike,106,73
2081,lling,106,4
2466,oes,106,30
2920,Ġmult,106,11
3209,ails,106,28
4485,het,106,9
5646,ĠHolly,106,0
7541,ĠLeon,106,0
7682,ION,106,32
8365,Ġmonarch,106,2
8700,ĠRon,106,4
8796,pa,106,15
8904,ĠĠĠĠĠ,106,1
11251,Ġtattoo,106,192
11703,person,106,17
11926,his,106,0
12291,ĠGrant,106,2
13670,Ġavenue,106,3
13671,Ġcemetery,106,4
13677,ĠSnow,106,54
13679,ĠCousin,106,0
13683,ĠHell,106,6
13687,Ġbugs,106,3
13689,Ġflushed,106,0
13690,Ġguilt,106,0
13691,Ġpolls,106,3
13692,Ġcarvings,106,6
13693,Ġneedn,106,0
13694,Ġthoughtful,106,0
13697,Ġlocally,106,0
13698,Ġlesser,106,7
13699,Ġfactories,106,0
13701,Ġvaluation,106,0
13702,Ġsentenced,106,0
13703,Ġsuccession,106,2
13704,Ġtraders,106,0
13705,Ġadmired,106,1
13706,Ġ1932,106,0
13707,Ġantique,106,48
13708,ĠWells,106,1
13710,ĠQuiz,106,2
13711,Ġcandles,106,247
13713,Ġguitarist,106,69
13714,Ġconnections,106,0
13715,Ġassessments,106,0
13716,Ġlacks,106,0
13718,ĠStudy,106,1
13719,Ġaccurately,106,0
13720,Ġpillars,106,104
13721,Ġwitnesses,106,0
13722,Ġboiler,106,0
13723,ĠSolomon,106,0
13724,Ġagriculture,106,1
13725,Ġdancer,106,54
13726,Ġdistinguished,106,0
13727,Ġcontroversy,106,0
13728,Ġinterfere,106,0
13730,GAO,106,0
13731,ĠHartley,106,0
13732,Ġcompromise,106,0
13733,Ġcarnival,106,37
13734,Billboard,106,0
612,Ġcomp,105,39
829,ward,105,8
2228,Ġsal,105,33
3229,ining,105,9
3930,ibly,105,0
4063,ĠAnt,105,2
4064,Th,105,0
4871,Ġwit,105,43
7342,cr,105,47
8868,Ġhorn,105,72
10476,Ġlantern,105,40
10506,ĠIS,105,243
11066,Ġdealers,105,0
12326,chi,105,2
13738,Tell,105,0
13742,Ġcherry,105,89
13744,Ġports,105,0
13746,Ġpushes,105,0
13748,Ġlest,105,2
13755,Ġko,105,20
13756,Ġshone,105,1
13758,ĠDear,105,2
13767,Ġarray,105,52
13768,Ġresigned,105,0
13771,Ġmenu,105,60
13772,Ġaccidents,105,1
13773,Ġfoe,105,1
13774,Ġwrist,105,206
13775,Ġfounding,105,0
13777,Ġphones,105,63
13778,Ġwinding,105,5
13779,Ġrevised,105,0
13780,ĠPrice,105,0
13781,Ġparlor,105,4
13782,ĠGerhart,105,0
13783,Ġlimbs,105,15
13784,Ġharness,105,194
13785,Ġworthless,105,0
13786,Ġdeclare,105,0
13787,ĠNevada,105,1
13788,Ġmodeling,105,1
13789,Ġcivilian,105,18
13790,Ġassociations,105,0
13791,Ġsupposedly,105,0
13792,Ġcollapsed,105,3
13793,Ġassessing,105,0
13794,Ġsensible,105,0
13795,Ġbias,105,0
13797,Ġtemperatures,105,0
13798,Ġmosaics,105,0
13799,ĠHawkins,105,0
13800,Ġtraditionally,105,0
13801,Ġdebuted,105,0
13802,Ġtranslated,105,0
13803,Ġembrace,105,16
13805,ĠConstantinople,105,0
13806,Ġdignity,105,0
13807,Ġechoed,105,0
13808,Ġdatabase,105,0
13809,Ġscooter,105,222
13810,Ġrenowned,105,0
13811,ĠHORATIA,105,0
1084,Ġter,104,20
1112,ces,104,8
1928,ration,104,1
3878,rid,104,33
4359,ums,104,3
6397,ho,104,2
6866,asa,104,2
8152,ih,104,67
8354,ĠHard,104,15
9103,ito,104,1
10478,ĠCD,104,9
10508,ĠFarm,104,9
10991,osa,104,0
11122,UR,104,151
11305,ami,104,48
11481,market,104,0
12031,98,104,4
13032,Ġfundamental,104,0
13820,Ġfury,104,1
13821,Ġmuddy,104,73
13824,Ġnails,104,67
13826,ĠSaul,104,0
13830,ĠBY,104,131
13833,Ġseed,104,33
13834,ĠWright,104,1
13840,ĠJava,104,0
13844,Ġsheets,104,99
13848,Ġhandful,104,28
13850,Ġinvitation,104,0
13851,Ġmonkeys,104,2
13852,Ġdefensive,104,9
13853,Ġelbow,104,155
13854,Ġmarine,104,10
13857,ĠDean,104,3
13860,minute,104,0
13863,Ġvariable,104,0
13864,Ġappealing,104,1
13866,ĠJanet,104,0
13867,ĠMcDonald,104,23
13868,ĠWestenra,104,0
13869,Ġplantation,104,2
13870,Ġneglected,104,1
13871,Ġbicyclist,104,68
13873,Ġdisposed,104,0
13874,Ġverse,104,1
13877,ĠMilitary,104,52
13878,Ġchemistry,104,2
13879,Ġbombs,104,1
13881,Ġfurnished,104,1
13882,Ġapplying,104,1
13883,ĠJamaican,104,2
13885,Ġmandate,104,0
13886,Ġflexible,104,1
13887,ĠPeninsula,104,0
13888,ĠCarey,104,0
13889,ĠRemember,104,0
13890,Ġterrified,104,2
13891,Ġsamples,104,31
13892,Ġpreparations,104,1
13893,ĠEqual,104,0
13894,Ġwisdom,104,0
13895,Ġcrystal,104,61
13896,Perhaps,104,0
13898,ĠCHARLES,104,1
13900,Ġawoke,104,0
1354,uth,103,4
3107,Ġsurf,103,298
3284,ĠSen,103,0
4001,sy,103,12
4637,ĠKe,103,0
4690,aling,103,21
5160,Ġadjust,103,5
5913,ifying,103,0
6556,ader,103,11
7086,iner,103,115
7864,och,103,4
9918,Ġswims,103,1
12203,ĠTomb,103,1
13021,ĠBernard,103,2
13024,Ġdistinguish,103,0
13147,ĠSilver,103,71
13901,Miss,103,0
13902,See,103,0
13906,Ġwww,103,7
13910,Ġmound,103,76
13913,Ġnail,103,105
13916,Ġstocks,103,2
13917,Ġforum,103,0
13926,ĠRather,103,0
13928,Ġallies,103,0
13929,ĠHello,103,12
13931,Ġshells,103,20
13932,Ġusage,103,0
13936,ĠVIII,103,0
13937,Ġbrute,103,0
13939,ĠIsn,103,0
13940,Ġ73,103,2
13941,Ġ79,103,3
13942,Ġaudio,103,15
13944,Ġmerger,103,0
13945,Ġacceptance,103,0
13946,Ġfastened,103,1
13949,ĠSenator,103,0
13950,Ġaccordingly,103,0
13952,ĠPauline,103,0
13953,Ġreformed,103,0
13956,Ġmeaningful,103,0
13957,Ġessentially,103,0
13958,Ġautomated,103,1
13960,Ġsatisfy,103,0
13961,Ġconcentrations,103,0
13962,Ġobtaining,103,0
13963,Ġdemonstrate,103,0
13964,ĠInterest,103,0
13965,Ġvirtually,103,1
13966,Ġconcealed,103,2
13967,Ġconvention,103,14
13971,Ġreferee,103,122
13972,Ġcatalyst,103,0
13973,ĠPittsburgh,103,0
13974,ĠDVD,103,4
1014,Ġcons,102,1
1830,gy,102,25
1845,ued,102,6
2556,rin,102,15
2663,iti,102,6
2843,ĠRes,102,0
2978,icated,102,1
3263,ode,102,32
3977,bit,102,1
4707,Ġgal,102,49
5181,ĠCur,102,4
7446,Ġlone,102,127
9471,eyed,102,12
9843,ori,102,1
10381,ĠMuhammad,102,0
11446,town,102,1
11459,Ġshield,102,37
13034,61,102,4
13975,France,102,1
13979,Ġbade,102,0
13982,Ġtoll,102,3
13986,ĠCherry,102,2
13988,ĠBishop,102,0
13992,Ġshipping,102,20
13994,ĠNara,102,0
13995,ĠNye,102,0
13997,ĠGSA,102,0
14000,Ġjus,102,4
14004,ĠThompson,102,0
14008,ĠVII,102,0
14009,Ġresolve,102,0
14010,Ġpartial,102,504
14014,Ġrelics,102,1
14016,Ġcapita,102,0
14017,Ġearning,102,0
14020,Ġinspiration,102,0
14022,Ġsunlight,102,43
14023,Ġnorthwestern,102,0
14024,Ġwooded,102,76
14025,ĠBlake,102,0
14026,Ġpropose,102,0
14027,Ġtraded,102,0
14031,Ġsoftball,102,47
14032,Ġpotentially,102,3
14033,Ġbaskets,102,140
14035,Ġavoiding,102,1
14036,Ġtallest,102,740
14037,Ġstroller,102,133
14038,Ġbikini,102,242
14039,Ġstretches,102,10
14040,Ġamazement,102,3
14041,Ġbullets,102,1
14042,Ġinhabited,102,0
14043,Ġsufficiently,102,0
14044,Ġownership,102,0
14045,Ġreminded,102,0
14049,Ġignorant,102,0
14050,Ġrebellion,102,0
14051,ĠEvaluation,102,0
14052,ĠBridget,102,0
14053,Ġpollutants,102,0
14054,ĠInitiative,102,0
14055,ĠAlternative,102,0
14056,ĠWrestling,102,0
14057,Ġartificial,102,18
1024,Ġop,101,19
1183,here,101,17
2130,Ġsqu,101,51
2725,Ġant,101,14
2802,ĠMed,101,14
3841,cing,101,7
5685,ĠPen,101,3
6087,ker,101,7
6113,Ġbless,101,0
7313,piece,101,44
8171,ST,101,53
9350,Ġscrap,101,22
9855,Ġrug,101,80
11236,ĠShort,101,44
12324,ĠBol,101,3
12865,ERS,101,221
12920,ĠKim,101,2
13119,ĠSpace,101,4
14064,Ġcute,101,59
14065,Ġcodes,101,0
14066,Ġfighters,101,12
14067,Ġmm,101,5
14068,Ġpavilion,101,7
14075,ĠFalls,101,0
14077,ĠRate,101,0
14078,ĠJura,101,0
14079,Ġsuited,101,13
14083,Ġarise,101,0
14086,Ġamusing,101,0
14088,ĠMarion,101,0
14093,ĠProbably,101,1
14094,Ġtwins,101,6
14097,Ġeconomist,101,0
14098,Ġheartily,101,0
14099,Ġwonders,101,0
14100,Ġrises,101,2
14101,Ġpostage,101,0
14102,Ġreviewing,101,0
14103,ĠItalians,101,5
14104,Ġspotted,101,108
14105,Ġversus,101,1
14106,Ġfearful,101,0
14107,ĠComptroller,101,0
14108,Ġscarce,101,0
14109,Ġsensation,101,0
14110,Ġstorms,101,0
14112,Ġslender,101,17
14113,Ġappreciated,101,0
14114,Ġconcentrated,101,1
14115,ĠMosque,101,0
14116,Ġterrain,101,28
14118,www,101,3
14119,Ġupdated,101,0
14120,Ġveteran,101,6
14121,Ġkilometers,101,0
723,nder,100,88
799,ool,100,55
840,Ġrem,100,40
868,Ġind,100,13
1306,vent,100,1
1900,aur,100,7
2515,Ġdev,100,7
4469,ĠCont,100,10
4607,oma,100,4
4709,ĠLuc,100,2
4785,ĠCast,100,0
5354,ĠMod,100,0
6001,ĠBon,100,4
6977,ĠHol,100,1
8151,foot,100,11
9541,oning,100,3
9851,ailing,100,8
10745,Ġrational,100,0
11790,Ġdivide,100,0
12500,ĠON,100,561
14130,Ġpains,100,0
14131,Ġhalt,100,0
14133,ĠMISS,100,0
14137,Ġchill,100,13
14139,ĠRory,100,0
14143,ĠStadium,100,0
14146,Ġnewer,100,4
14147,Ġunderlying,100,0
14150,Ġpolo,100,222
14154,Ġconsent,100,0
14155,Ġcapabilities,100,1
14156,Ġsubstitute,100,0
14158,Ġpayroll,100,0
14159,ĠShopping,100,0
14161,Ġcuriously,100,0
14163,Ġreadiness,100,0
14165,Ġdepicted,100,3
14166,ĠAllied,100,0
14167,Ġ84,100,1
14168,ĠOrton,100,0
14169,ĠSevern,100,0
14171,Ġharbour,100,1
14172,Ġseafood,100,37
14173,Ġjudged,100,0
14176,Ġcircuit,100,14
14177,Ġrainy,100,9
14178,ĠMadonna,100,0
14179,Ġcelebrity,100,5
14181,Ġbreathed,100,0
14182,Ġangrily,100,2
14183,Ġdocumentary,100,0
14184,ĠMilosevic,100,0
14185,ĠCounsel,100,2
14186,Ġdefenders,100,12
14187,Ġobligation,100,0
14188,Ġanalyzed,100,0
14189,Ġmechanisms,100,0
14190,ĠUsually,100,0
14191,ĠUpon,100,0
14193,Ġdescriptions,100,3
14194,ĠBooks,100,5
14195,Ġdesperately,100,0
14196,ĠToronto,100,2
14197,Ġducks,100,71
14198,ĠFormula,100,1
14199,Ġrabbits,100,9
14201,Ġevolutionary,100,0
14202,Ġfertile,100,0
14203,ĠIndonesia,100,0
14204,Ġolive,100,118
14205,ĠVienna,100,1
14206,Ġvoluntary,100,0
14207,Ġdeemed,100,0
14208,Ġlyrics,100,2
14209,Ġcalendar,100,3
14210,ĠSciences,100,0
14211,ĠSierra,100,0
14212,ĠCleveland,100,2
1253,enn,99,5
4000,ares,99,8
4119,kes,99,13
4456,ending,99,8
6593,yard,99,6
6839,ĠTor,99,5
9575,ĠWars,99,18
10254,ela,99,2
10307,Ġtub,99,99
11351,houses,99,1
11528,Ġlicense,99,125
12211,Ġjet,99,240
12699,Ġoffset,99,0
13103,gee,99,12
13157,Be,99,0
13391,Ġwander,99,0
14213,2000,99,0
14214,even,99,0
14220,Ġwiped,99,1
14225,Ġnavy,99,287
14229,Ġstored,99,2
14230,Ġsticking,99,231
14234,Ġrowing,99,32
14238,ĠRangers,99,1
14239,ĠJason,99,0
14242,Ġalliance,99,0
14245,Ġnoisy,99,0
14248,Ġcomposition,99,1
14249,Ġquaint,99,4
14250,Ġquote,99,2
14252,ĠVBA,99,0
14253,Ġbug,99,38
14254,ĠWere,99,0
14256,Ġwaterfront,99,19
14258,Ġglow,99,17
14259,Ġbuses,99,84
14260,ĠReed,99,0
14261,Ġbreach,99,0
14263,Ġfireplace,99,139
14265,Ġ98,99,3
14268,ĠExchange,99,0
14271,Ġboarding,99,22
14274,Ġfeaturing,99,10
14275,ĠSundays,99,0
14276,Ġneighboring,99,1
14277,Ġhunted,99,0
14278,Ġgateway,99,3
14279,Ġachievements,99,0
14280,Ġdelivering,99,2
14282,Ġpuppies,99,46
14283,Ġabsorbed,99,0
14284,Ġobstacle,99,59
14286,Ġpersuaded,99,0
14288,Ġseaside,99,4
14289,Ġtransformed,99,0
14290,ĠMultiple,99,62
14291,Ġslopes,99,7
14292,Ġrendered,99,0
14293,Ġsuburbs,99,1
14294,ĠBangladesh,99,0
14295,Ġunimportant,99,1
14296,ĠFuture,99,1
14297,ĠDuchess,99,0
14299,Ġornate,99,78
14300,Ġsimultaneously,99,1
667,ng,98,41
736,erv,98,0
3963,met,98,19
5861,Ġham,98,107
6307,ĠCare,98,2
6472,ĠDef,98,5
7209,ĠKn,98,14
11496,Ġgroom,98,201
12585,Ġcorrupt,98,0
13020,Ġtorch,98,43
14301,Some,98,0
14303,covered,98,65
14310,Ġ!,98,1
14311,Ġaired,98,1
14313,Ġbamboo,98,78
14315,Ġtoads,98,0
14320,ĠMiami,98,8
14322,ĠJos,98,0
14324,Ġjokes,98,0
14325,Ġyell,98,11
14330,Ġcrushed,98,11
14331,Ġcrashed,98,4
14332,Ġcommenced,98,0
14333,Ġrunners,98,234
14335,Ġdeciding,98,0
14337,Ġrugged,98,2
14338,Ġ67,98,11
14339,Ġforeground,98,440
14341,Ġpeaks,98,6
14342,Ġprobability,98,0
14344,Ġvillain,98,0
14346,ĠSeattle,98,9
14347,ĠEnglishman,98,0
14348,Ġportrayed,98,0
14349,ĠKingston,98,0
14351,Ġsandwich,98,2243
14352,Ġsurfboard,98,792
14353,Ġtendency,98,0
14354,colored,98,199
14355,Ġcolonies,98,0
14356,ĠChicasa,98,0
14357,Ġclosest,98,6501
14358,Ġadvantages,98,0
14359,Ġobservations,98,0
14361,ĠModel,98,1
14363,ĠSarah,98,0
14364,ĠKnights,98,0
14366,Ġgrinned,98,0
14368,Ġjuggling,98,8
14369,Ġappetite,98,0
14370,Ġluxurious,98,3
14371,ĠGauve,98,0
14372,Ġonlookers,98,784
791,alk,97,3
1063,aint,97,4
2813,arr,97,4
3525,ially,97,19
3874,ĠApp,97,1
4423,Ġentertain,97,6
4641,RA,97,141
5090,ĠBu,97,0
5840,gent,97,1
6753,ĠMah,97,2
9033,ĠRen,97,2
10348,ĠAk,97,0
12092,Ġtires,97,98
12228,Ġhopeless,97,0
12368,Ġlecture,97,6
14378,Ġdamp,97,3
14384,Ġashes,97,0
14389,ĠNature,97,1
14397,Ġamateur,97,2
14399,Ġswamp,97,4
14400,Ġmonetary,97,0
14401,Ġ57,97,7
14402,Ġvalued,97,0
14403,Ġ89,97,5
14404,ĠYorker,97,0
14405,Ġappearing,97,7
14407,Ġsandals,97,424
14408,Ġjudicial,97,0
14409,Ġcameras,97,89
14410,Ġpotato,97,103
14411,Ġantiques,97,1
14412,Ġquarrel,97,0
14413,ĠMorgan,97,0
14414,Ġqualify,97,0
14415,Ġbulk,97,2
14416,Ġrobes,97,186
14417,ĠGeorgian,97,0
14419,Ġconquest,97,0
14420,Ġminimal,97,6
14421,Ġdusty,97,27
14422,ĠRobin,97,0
14423,Ġratings,97,0
14425,ĠBecket,97,0
14426,Ġclinical,97,0
14427,ĠCuban,97,0
14428,Ġboilermakers,97,0
14429,Ġenterprise,97,0
14431,Ġhelmets,97,650
14434,Ġkarate,97,75
444,rou,96,11
592,cc,96,100
622,ound,96,6
686,form,96,6
860,atch,96,5
917,itting,96,22
3157,ication,96,0
3220,mon,96,20
3301,west,96,1
4330,pro,96,2
4710,Ġdepart,96,2
6371,ĠOs,96,0
6853,aki,96,15
7094,Ġscream,96,1
8092,Ġunw,96,6
10882,CH,96,194
11615,Ġsober,96,0
11717,ĠPont,96,0
11872,ĠAy,96,0
12039,Ġthread,96,42
12205,ayed,96,2
12611,Ġbond,96,5
13252,ĠRick,96,2
13510,Ġsurrender,96,0
13531,ĠPok,96,0
14435,Me,96,0
14438,Ġcm,96,3
14445,Ġlane,96,95
14447,Ġwasted,96,1
14448,ĠMRS,96,0
14450,ĠHap,96,0
14452,Ġseal,96,24
14453,Ġmanners,96,0
14456,Ġleaps,96,3
14459,Ġunaware,96,0
14460,Ġjustified,96,0
14463,Ġbackwards,96,94
14465,Ġfoes,96,0
14469,Ġconsiders,96,0
14470,Ġdrowned,96,0
14473,Ġminers,96,0
14474,Ġridge,96,11
14475,ĠJonathan,96,0
14476,Ġ76,96,1
14477,Ġ81,96,2
14478,Ġlovers,96,12
14481,ĠBlood,96,3
14482,Ġspeakers,96,30
14483,ĠParish,96,1
14485,Ġdivisions,96,0
14486,Ġpaperwork,96,27
14487,Ġdeclining,96,0
14488,Ġproperties,96,0
14489,ĠAustin,96,0
14490,ĠRussians,96,0
14491,Ġimpacted,96,0
14494,Ġarguing,96,0
14496,Ġcelebrating,96,19
14497,ĠAcid,96,0
14499,Ġreflects,96,1
14501,Ġrepeatedly,96,0
14502,Ġevaluations,96,0
14503,Ġlimitations,96,0
14504,ĠEsther,96,0
14505,Ġaccompany,96,4
14506,Ġdescendants,96,0
14507,ĠObama,96,21
14508,Ġmythology,96,0
14509,Ġengagements,96,0
14510,Ġancestors,96,0
14511,Ġwandered,96,0
14512,Ġacquaintance,96,0
14513,ĠWayne,96,0
14515,Ġbridges,96,2
14516,ĠJoyce,96,0
14517,Ġvicinity,96,0
985,ased,95,2
2906,view,95,60
2985,ĠLou,95,9
3761,Ġinn,95,6
4264,lla,95,82
5581,SA,95,6
6038,ĠHam,95,3
6327,case,95,13
6380,ĠRob,95,0
7206,ĠForm,95,0
8043,gate,95,9
8154,Ġrein,95,3
8704,ologists,95,0
8821,lings,95,2
9913,Ġinstinct,95,0
11768,ĠMax,95,1
12320,ĠAN,95,79
12562,Ġchains,95,36
13042,Ġstool,95,244
13112,Ġhandkerchief,95,29
13396,Ġink,95,38
14518,June,95,0
14527,sk,95,7
14533,Ġfitting,95,6
14534,Ġhose,95,96
14535,Ġdangers,95,0
14543,ĠMorning,95,4
14546,Ġrats,95,0
14548,Ġdeed,95,0
14549,ĠFY,95,4
14556,Ġrobe,95,145
14559,Ġparted,95,4
14561,Ġdeserves,95,0
14562,Ġremoving,95,5
14563,Ġwaterfall,95,46
14567,Ġpope,95,0
14568,Ġ46,95,8
14569,Ġcompletion,95,0
14570,Ġ64,95,8
14572,Ġ83,95,1
14574,Ġparish,95,0
14575,Ġprocession,95,12
14578,ĠTrue,95,1
14579,Ġquestioning,95,1
14580,Ġsalad,95,296
14581,Ġsalaries,95,0
14582,Ġstrikes,95,2
14583,Ġcomplained,95,0
14586,Ġdemanding,95,0
14587,Ġinfluential,95,0
14588,ĠRomanesque,95,0
14589,Ġbalances,95,1
14591,Ġstrangely,95,7
14592,Ġreferral,95,0
14593,ĠAccordingly,95,0
14594,Ġconsisting,95,5
14595,Ġbanana,95,1351
14596,ĠArabia,95,1
14597,Ġspreading,95,4
14598,ĠMontreal,95,0
14600,Ġautomatic,95,4
14601,Ġdeparted,95,0
14603,Ġmotorcycles,95,272
14604,ĠHindus,95,0
14605,Ġobserving,95,12
14606,ĠWorks,95,0
14607,Ġsuspicions,95,0
14608,Ġmechanism,95,1
14609,Ġumbrellas,95,357
14610,ĠRogers,95,1
14611,Ġpermanently,95,0
14612,ĠTyler,95,0
14613,ĠSuppose,95,0
14615,ĠSystems,95,1
14616,Ġembraced,95,0
14617,Ġnicer,95,0
14618,Ġsponsored,95,9
14619,Ġcafes,95,0
14620,ĠCertainly,95,0
14621,Ġpaddle,95,80
14622,ĠToledo,95,0
14623,ĠExamples,95,0
14624,ĠDynasty,95,0
14625,Ġsearched,95,0
14626,ĠAmendment,95,0
14627,Ġlaptop,95,2155
14628,ĠSaudi,95,2
938,Ġac,94,12
1034,ury,94,10
1273,Ġcle,94,81
2543,iled,94,2
2695,ires,94,0
4988,Ġge,94,38
5369,Ġfreed,94,0
6586,ĠGall,94,0
6596,Ġrat,94,34
7224,ĠFer,94,0
7433,Ġbust,94,16
7489,TA,94,22
7771,ĠJeff,94,0
8174,Ġborrow,94,0
8283,Ġgrin,94,22
9165,ĠTest,94,0
9593,DS,94,18
9969,CE,94,28
10068,fire,94,0
10150,Ġmini,94,80
11878,about,94,0
12893,Ġapt,94,0
13346,Ġobjection,94,0
13564,Ġselfish,94,0
13600,ĠHo,94,1
14566,ĠĠĠĠĠĠĠĠĠ,94,0
14629,):,94,0
14630,95,94,5
14636,Ġmower,94,21
14641,Ġeagle,94,46
14649,Ġsectors,94,0
14650,Ġfrowning,94,9
14652,ĠLots,94,83
14656,Ġyelling,94,9
14663,Ġhandy,94,0
14665,Ġinvaders,94,0
14666,Ġgenre,94,0
14667,Ġinterference,94,0
14668,Ġintersection,94,45
14669,Ġproducers,94,0
14671,Ġimported,94,0
14672,Ġcontinuous,94,0
14673,Ġsunk,94,0
14676,ĠScots,94,0
14679,ĠAssistance,94,0
14680,Ġbloody,94,9
14682,ĠMadge,94,0
14683,Ġwarmly,94,24
14684,Ġ1922,94,0
14686,Ġtitled,94,22
14687,Ġsenses,94,0
14688,Ġsculpted,94,6
14689,Ġdecoration,94,41
14690,ĠAnnette,94,0
14692,ĠCommunications,94,0
14694,Ġadministrators,94,0
14695,Ġblessing,94,1
14697,Ġwithdrew,94,0
14698,Ġconventional,94,1
14699,Ġbidding,94,0
14700,ĠEllen,94,0
14701,Ġgraphic,94,29
14702,Ġdialects,94,0
14703,Ġintentions,94,0
14704,ĠTibbits,94,0
14705,ĠTurner,94,1
14706,Ġrenewed,94,0
14707,ĠSerbia,94,0
14708,ĠMohammed,94,0
14709,Ġindigenous,94,7
14711,ĠFernando,94,0
14712,Ġsouvenirs,94,0
14713,ĠIndividual,94,0
14714,Ġshrugged,94,0
14715,ĠMumbai,94,0
15,+,93,0
759,Ġpo,93,50
1405,Ġext,93,17
1785,Ġmount,93,16
3523,Ġep,93,2
4617,Ġreact,93,0
5400,ĠTre,93,1
6332,Ġdetect,93,0
7136,ĠBor,93,0
7318,Ġunp,93,13
7336,ĠVol,93,3
9108,ĠBre,93,1
10116,Ġdepth,93,0
10403,Ġimpatient,93,0
10433,ni,93,3
10469,har,93,0
12088,MA,93,8
13317,Sure,93,0
14716,600,93,0
14725,Ġsaints,93,3
14727,Ġhug,93,16
14733,Ġnude,93,10
14736,Ġbeams,93,19
14740,ĠCBS,93,0
14743,Ġdella,93,0
14752,ĠUse,93,0
14753,Ġdonated,93,0
14754,Ġoffensive,93,0
14757,Ġdisorder,93,0
14760,Ġflock,93,69
14761,Ġlookout,93,2
14766,ĠLeader,93,0
14768,Ġ68,93,11
14770,Ġexplaining,93,3
14771,Ġdemolished,93,1
14773,Ġequation,93,0
14774,Ġequipped,93,2
14777,ĠTraining,93,1
14778,Ġfiling,93,17
14779,ĠGuinea,93,0
14781,Ġexclamation,93,0
14782,Ġbalancing,93,15
14784,ĠDrake,93,1
14786,Ġchallenged,93,0
14787,Ġverb,93,0
14788,Ġsensitivity,93,0
14789,Ġpraying,93,33
14792,Ġlogic,93,0
14793,Ġbucks,93,7
14796,ĠBetter,93,2
14797,ĠTripp,93,0
14798,Ġvenue,93,6
14799,Ġdisclosure,93,0
14800,Ġmonasteries,93,0
14801,Ġassembly,93,7
14802,Ġwandering,93,0
14803,Ġsubsequently,93,0
14804,Ġinexpensive,93,0
14805,ĠWarsaw,93,0
14807,Ġlandlord,93,0
14808,ĠAdministrator,93,0
14809,Ġfancied,93,0
14810,Ġautonomous,93,0
698,ult,92,5
873,Ġke,92,42
1186,osed,92,3
1242,ames,92,3
1425,Ġdet,92,3
1733,arch,92,2
2136,band,92,105
2630,ager,92,9
2775,atter,92,102
2840,ences,92,0
2968,TER,92,152
3311,osing,92,4
5311,Ġdread,92,3
5615,ĠCave,92,0
5787,iveness,92,0
9057,ĠHart,92,0
9100,aus,92,3
9244,anna,92,26
10255,ĠKey,92,18
11131,ĠRa,92,0
12105,ĠFall,92,4
12544,woman,92,12
12809,Ġscholar,92,0
12842,Ġlip,92,55
13104,ĠFed,92,9
13548,Ġpoly,92,24
13654,ĠHorse,92,159
14812,March,92,0
14814,good,92,0
14825,Ġthief,92,1
14826,Ġnave,92,26
14832,ĠCeter,92,0
14835,ĠWait,92,6
14839,ĠNutt,92,0
14845,Ġsafer,92,0
14851,ĠUh,92,0
14854,Ġoverboard,92,0
14858,Ġflavor,92,5
14862,Ġskipper,92,0
14863,Ġairports,92,0
14866,Ġ51,92,11
14867,Ġformally,92,47
14868,ĠBeresford,92,0
14869,Ġ63,92,3
14871,Ġmainstream,92,0
14872,Ġ92,92,1
14873,Ġpracticed,92,0
14874,Ġexpects,92,0
14875,Ġoperational,92,0
14876,ĠScouts,92,13
14877,Ġsuccessor,92,0
14878,Ġlegally,92,1
14879,ĠXIII,92,0
14880,Ġpulls,92,18
14881,Ġarmour,92,0
14882,Ġassisted,92,0
14883,Ġwarmth,92,0
14884,Ġradiation,92,0
14885,Ġhyper,92,0
14886,ĠJesse,92,0
14887,Ġignoring,92,1
14888,Ġforeigners,92,5
14889,Ġassumes,92,0
14890,Ġdisposition,92,0
14891,ĠWindsor,92,1
14892,Ġdecorations,92,86
14894,Ġheroic,92,0
14895,Ġintegral,92,0
14896,Ġmutual,92,0
14899,Ġrescued,92,0
14900,Ġlegendary,92,0
14901,ĠLeonardo,92,0
14903,Ġuneasy,92,0
14905,Ġhikers,92,94
14906,Ġribbon,92,145
14907,ĠNazi,92,0
14908,Ġarcade,92,8
14909,Ġsanctuary,92,1
14910,ĠVizier,92,0
14911,Ġexquisite,92,0
14912,ĠSeabrooke,92,0
710,Ġapp,91,8
845,Ġfo,91,10
1128,ility,91,2
1258,Ġref,91,72
1443,Ġed,91,12
1447,used,91,8
1770,ases,91,9
2785,eter,91,19
3180,ĠIr,91,0
3776,Ġver,91,1
4449,ĠRec,91,2
4905,ishes,91,10
5479,Ġsung,91,20
5872,ours,91,1
7362,ĠPot,91,15
7797,Ġbend,91,27
8078,CA,91,9
8495,ĠMat,91,4
11096,Ġlend,91,0
11188,Ġrepublic,91,1
11337,Ġconfirm,91,0
11636,Ġjealous,91,0
12766,ĠToo,91,2
13586,OD,91,138
13911,Ġpatch,91,139
14913,Nord,91,1
14921,Ġ|,91,0
14922,Ġok,91,31
14923,ĠAFC,91,1
14928,ĠCBO,91,0
14929,ĠMis,91,3
14930,ĠMom,91,14
14934,Ġchoosing,91,2
14937,Ġsails,91,14
14941,Ġappointment,91,1
14943,Ġcrowned,91,0
14944,Ġattic,91,4
14946,Ġslides,91,11
14947,Ġswam,91,0
14948,Ġprovider,91,2
14950,ĠShall,91,0
14951,Ġ43,91,15
14952,Ġ74,91,14
14953,Ġhumble,91,0
14954,Ġenjoyment,91,0
14956,Ġhearty,91,1
14957,ĠHarrington,91,0
14958,Ġdivine,91,0
14960,Ġcease,91,0
14963,Ġcamel,91,42
14964,Ġenvy,91,0
14965,Ġimpacts,91,0
14968,ĠOlder,91,106
14969,Ġ1923,91,1
14970,Ġshrubs,91,30
14971,Ġsurvival,91,1
14972,Ġsurviving,91,0
14974,ĠBayliss,91,0
14976,Ġaffordable,91,0
14977,Ġconditioning,91,1
14978,Ġtowel,91,254
14979,Ġexpanding,91,0
14980,Ġdiseases,91,0
14981,ĠMelaka,91,0
14982,ĠRobinson,91,0
14983,Ġdepicting,91,4
14984,Ġinterface,91,0
14985,ĠRubin,91,0
14986,ĠPalestinian,91,5
14987,ĠLinda,91,0
14988,Ġspoil,91,3
14990,ĠNicholas,91,0
14991,ĠPedro,91,0
14992,Ġinevitable,91,0
14994,ĠBennett,91,0
14995,ĠApollo,91,1
14996,Alexander,91,0
14998,ĠHussein,91,0
3574,owing,90,8
5314,Ġconstruct,90,0
5422,ero,90,8
5672,ĠTer,90,8
6027,ĠPet,90,3
6283,Ġthorough,90,0
6377,rey,90,2
8250,ĠXV,90,0
8900,ĠBh,90,0
9764,Ġrefuge,90,1
10174,On,90,0
10245,Ġmaid,90,7
11215,ĠHorn,90,2
11584,Ġcoward,90,0
12289,Ġawkward,90,4
13088,69,90,5
13129,Ġneglect,90,0
13601,Ġrue,90,0
14048,Ġboost,90,1
15002,km,90,0
15008,Ġtag,90,329
15009,Ġtame,90,0
15010,Ġcunning,90,0
15011,Ġdash,90,20
15014,Ġnasty,90,10
15017,ĠHomer,90,0
15019,Ġdoomed,90,0
15023,ĠDraft,90,0
15027,ĠGiven,90,0
15031,ĠOK,90,3
15033,Ġshelf,90,174
15034,Ġtheirs,90,0
15035,Ġwhoever,90,0
15037,Ġrocking,90,62
15038,Ġblown,90,4
15039,Ġcomparing,90,0
15041,ĠVilla,90,0
15042,Ġspeeches,90,0
15044,Ġnewest,90,1
15045,Ġbetrayed,90,0
15047,Ġrecipe,90,2
15048,ĠUnless,90,0
15049,Ġfinances,90,0
15052,Ġbusiest,90,0
15054,Ġvisual,90,3
15056,Ġ52,90,12
15060,Ġopenly,90,0
15061,ĠDeep,90,4
15062,Ġvalleys,90,0
15063,Ġbasilica,90,0
15065,Ġinfection,90,0
15066,Ġsentences,90,0
15067,Ġtechnological,90,0
15068,Ġexpectation,90,0
15069,Ġvariation,90,1
15070,Ġdealer,90,4
15072,Ġlayers,90,25
15074,ĠPerry,90,0
15075,Ġidentification,90,5
15077,Ġcrypt,90,0
15078,ĠReduction,90,0
15079,ĠQuarter,90,7
15080,Ġmachinery,90,57
15084,Ġlaboratory,90,12
15085,Ġpanels,90,15
15086,ĠHenri,90,0
15087,Ġringing,90,1
15089,Ġrented,90,0
15090,Ġtenth,90,0
15091,Ġrestricted,90,0
15094,Ġmotionless,90,0
15095,Ġcracked,90,18
15096,Alpes,90,0
15097,Maybe,90,0
15098,Ġstirred,90,0
15099,Ġbuffalo,90,35
15102,ĠRhode,90,0
15104,ĠHungary,90,0
15105,ĠThanksgiving,90,1
15107,ĠHugo,90,0
15108,Ġnickname,90,0
15110,Ġclerk,90,3
15111,ĠMonsieur,90,0
15112,ĠProtestant,90,0
15113,Ġaggregate,90,0
15114,ĠPentagon,90,0
811,enc,89,16
1461,ense,89,7
1934,SC,89,7
2101,ishing,89,10
2979,ĠJew,89,1
3570,astic,89,14
3979,rs,89,6
3994,ĠMart,89,1
4510,ading,89,75
6117,OP,89,117
8983,Ġmunicipal,89,1
9107,Ġweigh,89,0
9696,zo,89,2
10192,ella,89,6
10977,lock,89,42
11124,run,89,0
11182,ĠGang,89,0
11364,Ġraid,89,2
12128,Ġharvest,89,6
13609,aba,89,0
13619,Ġbuzz,89,13
13757,ĠDark,89,214
13856,boats,89,5
13919,ĠCFO,89,0
15116,57,89,2
15124,Ġtiles,89,44
15126,Ġsour,89,7
15127,Ġwretched,89,0
15128,Ġcousins,89,0
15130,ĠSally,89,0
15133,Ġweighed,89,0
15143,ĠParson,89,0
15148,Ġintimate,89,1
15150,Ġbluff,89,3
15151,ĠUm,89,0
15154,Ġworkplace,89,1
15156,Ġspelling,89,4
15158,Ġdeserved,89,0
15160,Ġentertained,89,0
15161,Ġglowing,89,17
15163,Ġwarfare,89,0
15164,Ġcurtain,89,91
15165,Ġorganisms,89,0
15166,Ġspecified,89,0
15167,Ġsingers,89,72
15168,Ġbreeding,89,0
15170,Ġpretended,89,0
15171,Ġviewers,89,16
15172,Ġwinners,89,8
15173,Ġeconomies,89,0
15174,Ġpromising,89,0
15176,Ġfreeze,89,1
15177,Ġfilmed,89,1
15178,ĠGoing,89,2
15179,Ġhorseback,89,63
15180,".'""",89,0
15182,Ġrespective,89,4
15184,Ġlogical,89,0
15185,Ġdebts,89,0
15186,Ġsprings,89,3
15187,Ġethics,89,0
15188,Ġrubbed,89,0
15189,Ġcomparatively,89,0
15190,Ġobligations,89,0
15191,Ġcarpets,89,3
15192,ĠCambridge,89,0
15193,ĠPersians,89,0
15194,Ġcertified,89,0
15196,ĠOrganizations,89,0
15198,Ġmanufacturer,89,0
15199,Ġallocation,89,0
15200,Ġsurprisingly,89,0
15201,Ġchatting,89,3
15202,Ġamendment,89,0
15203,ĠVersailles,89,0
15204,Ġacknowledged,89,0
15205,ĠRamses,89,0
15206,Ġhelicopter,89,49
15207,ĠWickham,89,0
15208,Ġmicroscope,89,74
15209,ĠMagazine,89,5
15211,Ġpavement,89,88
15212,ĠGingrich,89,0
15214,Ġaroused,89,0
884,ady,88,10
1086,Ġdr,88,32
1348,ision,88,0
1473,rol,88,7
1958,eng,88,2
2098,erm,88,19
2149,rest,88,79
4342,oles,88,16
4998,Ġfright,88,1
5001,cher,88,91
5396,illy,88,0
5755,imp,88,21
6828,ĠMill,88,1
9199,ands,88,9
9660,Cl,88,0
11129,ĠSi,88,3
12333,ĠOliver,88,0
12881,Ġscholarship,88,0
12979,ĠOm,88,0
15215,Very,88,0
15220,Ġsessions,88,0
15222,Ġbacking,88,8
15225,Ġtoes,88,62
15226,Ġdusk,88,11
15229,Ġnapping,88,3
15232,Ġhen,88,9
15234,Ġstumbled,88,0
15237,ĠHappy,88,25
15238,ĠDame,88,2
15244,Ġleagues,88,0
15245,Ġabilities,88,0
15250,Ġspelled,88,2
15252,Ġbooth,88,159
15253,Ġpolitely,88,0
15258,Ġwalkway,88,119
15259,Ġorganic,88,8
15261,Ġpossibilities,88,0
15263,Ġpleasures,88,0
15267,Ġ97,88,1
15268,ĠZoo,88,1
15269,Ġ1500,88,0
15270,Ġorigins,88,1
15271,Ġoriginated,88,0
15272,Ġhurricane,88,1
15273,Ġcrosses,88,36
15274,ĠCafe,88,13
15275,Ġpicks,88,6
15276,ĠJustus,88,0
15277,Ġsimilarly,88,43
15279,Ġmasterpiece,88,1
15281,ĠDeputy,88,0
15282,ĠAcross,88,0
15283,Ġindependently,88,0
15284,Ġtribute,88,0
15285,Ġ1924,88,0
15288,Ġremainder,88,0
15289,ĠPrix,88,0
15290,Ġschedules,88,0
15292,Ġblankets,88,98
15293,Ġcontainer,88,566
15294,ĠEstimate,88,0
15295,Ġabandon,88,1
15296,ĠBetty,88,3
15297,ĠTrail,88,3
15299,Ġrevolving,88,24
15300,Ġromance,88,0
15301,Ġguarantees,88,0
15302,Ġfiercely,88,0
15303,ĠBecky,88,1
15304,Ġreckless,88,0
15305,Ġsampling,88,1
15306,Ġtempted,88,0
15308,Ġinquiries,88,0
15309,Ġspoiled,88,0
15310,Ġceremonies,88,0
15311,Ġtactics,88,0
15312,ĠIndustrialist,88,0
15313,Ġmanuscripts,88,0
15314,ĠMajesty,88,0
15315,Ġclasped,88,11
15316,Ġbrutal,88,0
15317,ĠExhibit,88,1
15319,January,88,0
15320,ĠRockefeller,88,0
15321,ĠRoosevelt,88,2
981,Ġob,87,24
1435,Ġbas,87,48
1781,Ġaw,87,14
2010,utes,87,21
2340,lled,87,6
2513,iff,87,11
3293,aded,87,33
3562,lly,87,38
3683,ĠSy,87,0
3966,anch,87,10
4486,ĠSum,87,1
6121,Ġvent,87,19
6231,ĠStr,87,1
7191,esh,87,8
7787,ENT,87,29
7849,Ġenforce,87,0
8649,ĠLang,87,1
9099,IM,87,36
9725,Ġlung,87,5
11039,aye,87,0
11393,Ġgymnast,87,44
12789,Ġcaution,87,27
13596,Ġhence,87,0
14046,Ġinstitutional,87,0
14298,ĠErnest,87,0
15324,La,87,0
15330,Ġwishing,87,1
15332,Ġbait,87,2
15334,Ġmalls,87,0
15335,Ġpaved,87,67
15337,ĠTotal,87,0
15338,Ġniece,87,0
15343,ĠSAT,87,2
15345,ĠMummy,87,0
15349,Ġshady,87,6
15350,Ġshapes,87,64
15352,Ġdearest,87,0
15355,ĠDanish,87,0
15356,Ġchased,87,2
15357,Ġchampions,87,1
15358,ĠNaval,87,1
15363,Ġoutlook,87,2
15371,Ġincumbent,87,0
15373,Ġobey,87,0
15374,Ġlasting,87,0
15375,Ġrestoration,87,1
15376,ĠLeading,87,3
15377,ĠOnline,87,0
15379,Ġ54,87,12
15381,Ġextension,87,7
15383,Ġconfiguration,87,0
15384,ĠEdo,87,0
15386,Ġcertainty,87,0
15387,Ġborne,87,0
15389,Ġmailer,87,0
15390,Ġfavored,87,0
15391,Ġspecialized,87,7
15392,Ġconsiderations,87,0
15394,Ġdraws,87,0
15395,Ġcaptive,87,13
15396,Ġmasses,87,1
15397,Ġsecrets,87,0
15398,Ġbreathe,87,0
15399,Ġconvicted,87,0
15400,Ġinvestigations,87,0
15401,Ġpermits,87,0
15403,ĠDirectors,87,0
15404,Ġconflicts,87,0
15405,Ġflooded,87,4
15407,ĠReporting,87,0
15409,ĠMallorca,87,0
15410,Ġphotographed,87,3
15411,ĠPotter,87,2
15412,ĠOrganization,87,0
15413,Ġelevator,87,11
15415,Ġvalidity,87,0
15416,ĠOakdale,87,0
15418,Ġenclosed,87,15
15420,Ġobscure,87,2
15422,ĠPicasso,87,0
15423,Ġsquirrel,87,18
15424,Ġoverlooked,87,0
15425,skinned,87,97
15426,Ġfarewell,87,0
15427,ĠPremier,87,1
15428,ĠQueensland,87,0
15429,Ġverdict,87,0
15430,Ġceramics,87,1
15431,Ġejaculated,87,0
15432,Ġexterior,87,11
15433,Ġgroceries,87,65
921,Ġass,86,90
1284,Ġmus,86,27
1427,ilt,86,21
1754,oun,86,7
2441,Ġap,86,7
3545,ĠRos,86,0
4451,ĠHel,86,5
4583,bon,86,8
5229,rose,86,5
5806,esc,86,1
6140,iano,86,1
6600,ĠKr,86,1
7774,ĠIns,86,2
8210,profit,86,0
8423,AP,86,88
8447,dale,86,7
8647,ĠCop,86,8
8721,ĠBauer,86,0
8757,Ġtap,86,17
8926,Ġmal,86,36
9052,LA,86,95
9248,Ġprecise,86,0
9664,makers,86,1
10739,inn,86,7
10979,vo,86,2
11196,Ġsquad,86,74
13116,ĠShah,86,0
13267,Ġcoup,86,0
13272,Ġprofound,86,0
13384,has,86,1
13923,Ġsew,86,1
14005,rying,86,6
14011,Ġfox,86,18
14128,Ġborough,86,0
15436,August,86,0
15442,Ġwines,86,20
15443,Ġbaking,86,17
15445,Ġtoe,86,35
15447,ĠTaking,86,1
15451,Ġyarn,86,61
15453,ĠSound,86,0
15454,ĠSky,86,10
15459,ĠBased,86,0
15463,ĠParents,86,26
15465,Ġragged,86,9
15466,Ġranges,86,0
15472,Ġchambers,86,0
15476,Ġupcoming,86,0
15477,Ġtrapped,86,1
15479,ĠThirty,86,0
15481,ĠKitchell,86,0
15488,Ġlonging,86,0
15491,ĠAsk,86,0
15492,Ġmonster,86,9
15493,ĠLegend,86,1
15494,Ġmetro,86,21
15495,Ġworlds,86,0
15497,Ġconfined,86,0
15498,Ġsleepy,86,11
15501,Ġprivately,86,0
15503,Ġstrongest,86,0
15504,Ġportraits,86,19
15505,ĠMinnie,86,4
15506,ĠUSPS,86,1
15507,Ġaccepting,86,1
15509,Ġcops,86,7
15510,Ġargues,86,0
15511,Ġemerging,86,1
15513,Ġcelebrities,86,2
15514,ĠRegion,86,0
15515,ĠDesert,86,1
15517,Ġshores,86,2
15519,Ġturkey,86,51
15520,Ġstruggles,86,1
15521,Ġskinny,86,91
15522,Ġprogressive,86,0
15523,Ġ1861,86,0
15524,Ġvegetation,86,35
15525,Ġthriving,86,1
15526,Ġjournalism,86,0
15527,Ġevaluating,86,0
15528,Ġwitnessed,86,0
15530,Ġpuppet,86,21
15531,Ġaccompanying,86,2
15532,Ġspinning,86,20
15533,Ġacquainted,86,0
15534,Ġcinema,86,2
15535,Ġoutskirts,86,1
15536,ĠTestament,86,1
15537,ĠGranby,86,0
15538,Ġstrengthened,86,0
15539,Ġtherapy,86,0
15540,Ġgorgeous,86,2
15541,Ġpencil,86,52
15542,Ġcorridor,86,6
15543,ĠMaskoki,86,0
15544,Ġadapted,86,0
15545,Ġsodium,86,6
15546,Ġtemporarily,86,0
15547,ĠRussell,86,2
750,ction,85,10
1117,orts,85,12
1375,ital,85,3
1543,oot,85,13
1708,Ġca,85,20
2306,anger,85,55
3123,ĠAlex,85,1
3415,ĠReg,85,1
4247,ivity,85,0
4813,aks,85,7
4881,Ġcongress,85,1
5166,Ġrub,85,1
5313,oop,85,30
5447,bled,85,13
6443,arts,85,16
6810,gs,85,52
7222,da,85,3
8054,elle,85,18
8450,sters,85,19
9020,zy,85,3
9546,ĠLab,85,12
10072,ĠTs,85,0
10472,mes,85,5
10645,Ġwithdraw,85,0
10735,UN,85,57
11749,Ġdisgust,85,2
11921,Ġassassin,85,0
11961,ĠMinor,85,0
12266,ĠRat,85,1
12741,ĠHugh,85,0
12942,Ġtimid,85,0
13762,ĠRE,85,39
13836,ĠFew,85,5
13849,Ġincorrect,85,0
15548,"""--",85,0
15555,uz,85,7
15558,Ġmath,85,6
15559,Ġpp,85,1
15560,Ġhi,85,21
15565,Ġnerve,85,0
15566,Ġlocks,85,4
15567,Ġgens,85,0
15569,ĠAges,85,0
15570,Ġbeans,85,137
15575,Ġhail,85,12
15577,ĠDoto,85,0
15578,Ġcone,85,113
15579,ĠRural,85,0
15581,Ġexcluded,85,0
15583,ĠHebrew,85,3
15584,Ġintently,85,10
15585,ĠIncome,85,0
15586,Ġaging,85,3
15587,Ġroared,85,0
15588,Ġenabled,85,0
15591,Ġjustify,85,0
15592,ĠChamber,85,0
15595,Ġseeks,85,0
15596,Ġbackward,85,14
15600,Ġboiling,85,7
15601,Ġrelied,85,0
15605,Ġsignals,85,15
15607,Ġparticle,85,0
15608,Ġ86,85,0
15609,Ġcontinually,85,0
15610,Ġgenerals,85,0
15614,ĠNorthwest,85,1
15616,ĠMuseo,85,0
15617,Ġpeacefully,85,0
15618,Ġdoubtful,85,0
15619,Ġnationwide,85,0
15621,Ġadministered,85,0
15622,Ġlacked,85,0
15623,Ġpurchasing,85,1
15624,Ġexercises,85,3
15625,Ġbiking,85,23
15626,Ġbiography,85,0
15629,Ġnurses,85,53
15630,Ġninth,85,1
15631,Ġtiming,85,0
15633,Ġpillar,85,40
15634,ĠSelf,85,0
15635,Ġpsychology,85,0
15636,Ġinstructor,85,22
15638,Ġvirtual,85,2
15640,Ġgrasped,85,1
15641,Ġpersuade,85,0
15642,ĠUkrainian,85,1
15643,Ġbarrier,85,55
15644,Ġstabbed,85,2
15645,ĠHughes,85,0
15646,ĠNavajo,85,0
15647,ĠFriends,85,23
15648,Ġsupreme,85,8
15649,Ġtrampoline,85,70
15651,Ġfranchise,85,0
15652,ĠHitchiti,85,0
726,ict,84,5
875,get,84,5
1106,ĠĠĠĠĠĠĠĠ,84,0
2031,ended,84,2
2947,Ġhop,84,2
2956,ĠDem,84,2
3988,nes,84,3
4461,boy,84,17
5089,oms,84,51
5239,Ġmut,84,6
5430,under,84,1
6167,ĠPlay,84,8
6308,ĠMass,84,0
7551,ĠHy,84,2
8411,ĠDa,84,2
8467,At,84,1
9143,ifies,84,0
10695,Ġhind,84,133
11257,ĠAM,84,7
11371,ista,84,5
11515,Ġlandmark,84,1
12393,ĠChile,84,0
13035,62,84,1
13838,ĠLakes,84,1
14089,ĠClay,84,5
14362,ĠOriental,84,41
14424,Ġcomprehend,84,0
14520,OT,84,153
15654,Take,84,0
15665,Ġmachete,84,21
15667,Ġnets,84,37
15669,ĠAirlines,84,20
15670,Ġreins,84,24
15672,Ġstables,84,0
15673,ĠCasa,84,0
15678,ĠFish,84,2
15684,ĠJoint,84,0
15687,Ġtearing,84,0
15688,Ġblamed,84,0
15691,ĠChange,84,1
15693,Ġmule,84,13
15694,Ġrecalled,84,0
15695,Ġsometime,84,0
15700,Ġglancing,84,1
15701,Ġrests,84,47
15702,Ġhighlights,84,10
15703,Ġrealistic,84,0
15705,Ġnightlife,84,0
15708,Ġdrill,84,39
15710,Ġextinct,84,0
15711,Ġpolitically,84,0
15712,Ġlover,84,2
15713,Ġanimation,84,0
15714,Ġaccounted,84,0
15715,Ġportions,84,2
15716,Ġsends,84,0
15717,Ġhopefully,84,0
15718,Ġofferings,84,2
15719,Ġmassacre,84,0
15720,Ġpressing,84,7
15721,Ġpacket,84,7
15723,Ġelders,84,11
15724,ĠEarl,84,0
15726,ĠEgyptians,84,0
15727,Ġappropriations,84,0
15729,Ġbananas,84,889
15730,Ġprocedural,84,0
15732,Ġproudly,84,1
15734,Ġdistinctive,84,0
15736,ĠGetting,84,1
15737,ĠRyder,84,0
15738,ĠInsurance,84,0
15739,Ġworksharing,84,0
15740,Ġborrowing,84,0
15743,Ġrejoined,84,0
15745,Ġenthusiastic,84,13
15747,ĠFlytrap,84,0
15748,Ġtaxpayers,84,0
15749,ĠTerritory,84,0
15751,ĠSoutheast,84,4
15752,Ġlegitimate,84,0
15753,Ġbarbecue,84,40
15755,ĠSicily,84,0
15756,Ġsurvivors,84,2
15758,Ġdestroying,84,1
15759,ĠPhoenix,84,1
15760,ĠStuart,84,0
15761,ĠKentuckian,84,0
903,ident,83,6
1205,ump,83,13
2015,ories,83,5
2528,itor,83,4
2773,oud,83,2
2928,aul,83,4
3221,add,83,5
3283,gar,83,27
3385,Ġskate,83,170
3528,reg,83,0
4347,Ġimpress,83,0
5104,iel,83,6
6000,ĠSel,83,0
7268,gers,83,15
7449,ĠDen,83,1
7755,Ġrum,83,5
8520,ĠDi,83,2
8551,ĠOak,83,0
8730,Ġflour,83,26
9526,ĠMu,83,0
10619,ĠWalk,83,7
11987,anne,83,0
12561,ĠDisc,83,1
12715,Ġhumid,83,0
13529,ĠSA,83,11
14373,46,83,5
15762,April,83,0
15770,Ġ?,83,1
15772,Ġsack,83,32
15773,Ġsizes,83,19
15774,Ġponies,83,0
15781,Ġlions,83,2
15782,Ġliner,83,7
15783,Ġlamps,83,54
15791,ĠSinai,83,0
15793,ĠMile,83,0
15794,ĠMamma,83,0
15795,ĠHuns,83,0
15798,Ġraining,83,2
15799,Ġsegment,83,3
15805,Ġchorus,83,13
15806,Ġsoda,83,165
15811,Ġteens,83,58
15817,Ġpreference,83,0
15818,Ġchildish,83,0
15819,Ġwhereupon,83,0
15820,Ġattributed,83,0
15821,ĠAndy,83,0
15822,Ġgovernors,83,0
15824,Ġmetropolitan,83,0
15825,ĠReich,83,0
15827,Ġpromotion,83,2
15828,ĠGrammy,83,0
15830,ĠTrinity,83,0
15832,ĠXII,83,0
15833,Ġapology,83,0
15834,Ġencountered,83,0
15835,Ġphotography,83,10
15836,Ġwildlife,83,2
15837,ĠResources,83,0
15838,Ġtreating,83,0
15839,Ġ250,83,3
15840,Ġradical,83,0
15841,Ġ1921,83,0
15842,Ġ1925,83,0
15844,Ġdocumented,83,0
15845,Ġhunger,83,0
15846,Ġcellar,83,2
15847,Ġlitter,83,27
15848,Ġmissionary,83,2
15849,Ġboundary,83,9
15851,Ġ1860,83,0
15852,Ġtrailer,83,193
15853,Ġcircumstance,83,0
15854,ĠAudit,83,0
15855,Ġtargeted,83,4
15856,ĠTourists,83,65
15857,ĠNorway,83,0
15858,Ġanalyze,83,0
15859,Ġhonestly,83,1
15860,Ġhesitation,83,0
15861,Ġvirtue,83,0
15862,Ġadvocate,83,1
15863,ĠAgainst,83,0
15865,ĠNearby,83,0
15866,ĠDuncan,83,0
15867,Ġacknowledge,83,0
15868,Ġdeposit,83,0
15869,Ġblazing,83,0
15870,Ġribbons,83,66
15871,Ġlungs,83,0
15872,ĠEmployees,83,15
15874,Ġrenovated,83,0
15876,Ġracket,83,854
15877,Ġsupervision,83,3
15878,Ġfeathers,83,75
15879,Ġdreamed,83,0
15880,Ġphenomenon,83,0
15881,Ġdisguise,83,0
15882,ĠHispanic,83,35
15883,Ġpigeons,83,147
15884,ĠBenefits,83,0
15885,Ġsturdy,83,1
15886,Ġ------------------------------------------------------------------------,83,0
491,very,82,1
1330,iet,82,9
1393,hat,82,29
1607,orp,82,1
1834,mb,82,10
2651,HA,82,24
2941,bing,82,17
2948,udd,82,1
3406,set,82,7
4902,FA,82,58
5171,kins,82,8
5208,gun,82,14
5467,acks,82,35
5878,otic,82,2
6044,IV,82,8
6293,rad,82,0
8288,Ġsweat,82,52
8717,EM,82,34
9959,Ġflee,82,3
10813,ĠAuthor,82,0
11494,Ġmast,82,27
11986,Ġbin,82,75
15897,Ġwider,82,17
15902,Ġhula,82,72
15904,Ġloses,82,0
15909,Ġweights,82,11
15911,ĠCaretto,82,0
15914,Ġrains,82,3
15915,Ġrays,82,2
15916,ĠWalt,82,0
15919,Ġcharts,82,1
15920,ĠNBA,82,1
15921,ĠNuclear,82,0
15922,ĠNASA,82,2
15923,Ġconferences,82,0
15926,Ġknitting,82,36
15927,Ġexile,82,0
15931,ĠStirling,82,0
15936,Ġskies,82,55
15937,Ġskates,82,97
15939,Ġinstruction,82,3
15940,Ġsergeant,82,1
15945,ĠEdith,82,0
15946,Ġplebe,82,0
15947,Ġ71,82,6
15948,Ġaudited,82,0
15949,Ġtouring,82,1
15951,Ġexperiments,82,1
15952,ĠZekle,82,0
15953,ĠHarbor,82,0
15954,Ġoperator,82,8
15955,Ġinvested,82,0
15956,ĠSeason,82,0
15958,Ġreasonably,82,0
15959,Ġhurts,82,1
15960,Ġfacial,82,69
15961,ĠAmanda,82,0
15963,Ġcomplaint,82,0
15965,Ġreligions,82,0
15966,Ġcaptives,82,0
15967,ĠFranky,82,0
15968,Ġhistorically,82,0
15969,Ġassociate,82,0
15972,Ġdecorative,82,93
15973,ĠGreco,82,0
15974,Ġcontrolling,82,4
15975,ĠDelivery,82,1
15976,Ġlogs,82,47
15978,Ġdismay,82,0
15979,Ġrestriction,82,0
15981,Ġtimber,82,3
15982,ĠPanama,82,0
15983,ĠSurvey,82,0
15984,Ġmechanical,82,15
15985,Ġillustrations,82,2
15987,Ġchickens,82,33
15988,Ġpassionate,82,7
15989,ĠInvestment,82,0
15990,Ġaccommodate,82,0
15991,Ġrugby,82,87
15993,Ġdepths,82,0
15994,ĠHautes,82,0
15995,Ġcustody,82,0
15997,ĠAttorney,82,0
15998,ĠBavaria,82,0
15999,Ġsummoned,82,0
16000,ĠYugoslavia,82,0
16001,Ġshawl,82,53
562,hing,81,34
1556,aces,81,20
1872,aves,81,8
2361,gn,81,9
3396,Ġdam,81,3
4392,Ġbra,81,62
4592,aph,81,14
4718,olic,81,7
5529,yo,81,24
5625,iber,81,6
5862,ĠInt,81,5
6338,ii,81,441
6708,alled,81,6
7888,Ġmyth,81,2
8045,part,81,1
8079,cont,81,0
8807,Ġdrift,81,9
9241,ĠAlb,81,0
10075,ĠCertain,81,0
10098,GE,81,227
10468,EP,81,98
11020,Ġlobby,81,7
11227,akh,81,0
11455,uri,81,0
11631,ĠZen,81,0
12227,scale,81,1
12287,Ġ170,81,0
13543,ĠKan,81,0
14785,Ġepic,81,0
16003,43,81,2
16007,lit,81,17
16017,Ġpenny,81,4
16018,Ġlace,81,27
16019,Ġlounge,81,66
16021,ĠSide,81,22
16031,ĠWitch,81,0
16032,three,81,0
16033,ĠFiscal,81,0
16036,ĠLooking,81,22
16037,ĠRing,81,0
16040,Ġbutcher,81,15
16041,ĠHeart,81,3
16043,Ġyep,81,0
16044,Ġ1910,81,0
16048,Ġblades,81,16
16049,Ġblocked,81,130
16050,ĠStorm,81,0
16051,Ġnevertheless,81,0
16053,Ġimpulse,81,0
16056,Ġdesirable,81,0
16057,Ġseemingly,81,3
16060,ĠClose,81,30
16061,Ġunto,81,1
16063,Ġ66,81,7
16064,ĠAllyn,81,0
16065,Ġadvancing,81,0
16066,Ġbarge,81,15
16067,Ġvillagers,81,12
16069,Ġvaries,81,0
16070,ĠNotice,81,0
16071,Ġsweep,81,15
16073,ĠPercy,81,0
16076,ĠCapitol,81,2
16077,Ġlaughs,81,7
16078,Ġhallway,81,31
16079,ĠRegional,81,0
16080,Ġassessed,81,0
16082,Ġrespondents,81,0
16083,Ġgallant,81,0
16084,Ġexhibitions,81,0
16085,Ġproceeding,81,1
16086,Ġmosaic,81,8
16087,ĠStudios,81,0
16088,Ġaccidentally,81,0
16089,ĠKenneth,81,0
16091,Ġventured,81,0
16092,Ġsubstantially,81,0
16093,Ġdetective,81,0
16094,ĠAviv,81,0
16095,ĠDenver,81,1
16096,Ġvarying,81,17
16097,Ġcrawl,81,2
16100,Ġfragments,81,0
16101,Ġangels,81,16
16102,ĠThroughout,81,0
16103,Ġnegotiations,81,0
16104,Ġveterans,81,18
16105,Ġdeliberately,81,0
16106,Ġpedestrian,81,36
16107,Ġproclaimed,81,0
16108,ĠColombia,81,0
16109,Ġconspiracy,81,2
16110,Ġgranite,81,45
16112,ĠHudson,81,0
16113,ĠBeijing,81,3
16115,Ġvaudois,81,0
747,Ġgu,80,47
970,imes,80,27
3542,Ġprim,80,0
4071,oral,80,10
5127,ĠAp,80,1
5136,ĠWil,80,0
5547,asts,80,19
7907,ĠEve,80,0
8820,dy,80,29
8875,ques,80,0
11092,ĠPut,80,0
11268,Ġleisure,80,1
11662,ĠCry,80,0
12044,ĠCole,80,1
13233,gov,80,0
13680,ĠPR,80,5
13959,ĠMatthew,80,0
14233,ĠPick,80,2
14519,OS,80,280
16116,February,80,0
16117,Pl,80,1
16118,Pierre,80,0
16121,six,80,1
16124,Ġ+,80,3
16129,Ġbounds,80,1
16130,Ġbenches,80,199
16131,Ġcaring,80,4
16134,Ġpoop,80,6
16135,Ġtoad,80,18
16142,Ġstability,80,0
16143,Ġforcing,80,0
16144,ĠCf,80,0
16145,Ġwhipped,80,29
16150,Ġchases,80,1
16152,ĠLate,80,0
16153,ĠLott,80,0
16154,ĠRisk,80,0
16157,Ġsaves,80,0
16159,Ġpoker,80,26
16160,Ġcarving,80,7
16161,Ġcounts,80,0
16163,Ġdecides,80,0
16164,Ġstrings,80,55
16165,Ġevolved,80,0
16167,Ġ1850,80,0
16168,Ġ56,80,6
16169,Ġeasiest,80,4
16170,Ġmature,80,16
16171,Ġpublicity,80,0
16174,Ġexplored,80,0
16176,Ġstepping,80,37
16180,Ġgrowled,80,0
16181,Ġfreezing,80,1
16182,Ġoperas,80,0
16183,ĠTexans,80,1
16185,Ġstripped,80,149
16186,Ġmissiles,80,0
16187,ĠPolulu,80,0
16188,Ġdevil,80,10
16189,ĠPeak,80,0
16191,Ġviolently,80,0
16194,Ġsecretly,80,0
16195,Ġtaller,80,554
16197,Ġconsumed,80,2
16198,Ġsplash,80,37
16199,Ġrebels,80,0
16200,Ġ1868,80,0
16201,ĠCIA,80,0
16202,Ġheathen,80,0
16203,ĠCastro,80,0
16204,ĠSaturdays,80,0
16205,Ġcasinos,80,1
16206,ĠCassowary,80,0
16207,ĠPenelly,80,0
16208,Ġprotesting,80,0
16209,ĠMelbourne,80,0
16210,Ġadvocacy,80,0
16211,ĠKirk,80,0
16212,Ġbutterfly,80,66
16215,ĠVinci,80,1
16216,Ġignorance,80,0
16217,Ġminiature,80,37
16218,ĠArmstrong,80,0
16219,ĠCosworth,80,0
16220,ĠCustoms,80,0
16221,ĠCommerce,80,0
16222,ĠPaperwork,80,0
16223,Ġsurgeon,80,16
16224,ĠTreaty,80,0
16225,Ġmerchandise,80,84
16226,ĠBerkeley,80,0
924,irt,79,162
1045,ower,79,20
1436,Ġcre,79,57
1438,Ġav,79,53
1525,aster,79,48
2249,ping,79,5
3414,ston,79,1
3664,amm,79,29
4157,eg,79,4
4185,Ġgar,79,31
5261,eds,79,27
5401,road,79,6
5533,Ġmicro,79,11
5560,ĠTw,79,7
5794,DA,79,15
6441,ĠBus,79,101
6751,ĠSav,79,0
7700,tering,79,0
7770,ĠRet,79,4
9899,acc,79,0
10205,uv,79,1
10317,ĠRest,79,0
10436,Ġfare,79,15
10649,after,79,4
11368,ĠFat,79,15
11883,ĠKid,79,85
12390,ĠYam,79,6
12690,ĠHand,79,69
14015,Ġcareless,79,0
14281,handed,79,9
14392,ĠGot,79,0
14432,Ġdisgrace,79,0
14439,Ġmock,79,9
14565,Ġgoverness,79,0
14675,ĠPlant,79,29
14870,Ġpatrol,79,8
14993,ĠAmazon,79,1
16227,51,79,0
16232,Ġowing,79,0
16236,Ġpots,79,132
16240,ĠIOLTA,79,0
16243,ĠMA,79,10
16244,Ġnotably,79,0
16247,Ġfrown,79,12
16248,Ġchip,79,48
16251,Ġalarmed,79,0
16253,ĠEither,79,2
16254,igo,79,1
16259,Ġthereby,79,0
16264,Ġspouse,79,0
16265,Ġdisability,79,1
16269,Ġample,79,0
16270,Ġscare,79,13
16277,Ġfoundations,79,0
16280,Ġsubtle,79,0
16281,Ġdragging,79,10
16282,Ġsnack,79,83
16283,Ġelite,79,0
16284,ĠIsabel,79,0
16285,Ġ62,79,2
16288,Ġbrook,79,3
16289,Ġorganize,79,0
16290,Ġhalfway,79,26
16293,ĠReports,79,0
16294,Ġpromoting,79,0
16296,Ġvillas,79,0
16297,Ġdarker,79,539
16298,Ġdoubled,79,19
16299,Ġpainters,79,9
16300,Ġstripes,79,759
16301,Ġdeadline,79,0
16302,Ġclaiming,79,0
16303,Ġgravel,79,71
16304,Ġagreeable,79,0
16306,Ġhalls,79,0
16307,Ġ1926,79,0
16308,Ġpolicemen,79,65
16310,ĠBelle,79,3
16312,Ġcloset,79,218
16314,ĠConsider,79,0
16315,ĠMemphis,79,0
16316,Ġconsulted,79,0
16317,ĠJoan,79,1
16318,Ġmelted,79,17
16319,Ġcloudy,79,51
16321,Ġvendors,79,114
16323,Ġbubble,79,87
16324,Ġsustained,79,0
16325,Ġhorns,79,159
16326,ĠReno,79,0
16328,Sea,79,0
16329,ĠWolfe,79,0
16332,Ġconsolidated,79,0
16334,ĠTraditional,79,2
16337,ĠCheroki,79,0
16338,Ġtoilet,79,711
16340,ĠVermont,79,0
16341,Ġfeasible,79,0
16342,Ġenvironments,79,0
994,Ġstr,78,27
1505,Ġbro,78,134
1508,bers,78,18
1684,ipp,78,47
3628,ago,78,5
4658,aled,78,4
5033,ĠCons,78,0
5049,ĠMur,78,0
5069,ria,78,2
5784,ulate,78,0
6146,leg,78,14
6521,asy,78,3
6882,ĠHor,78,2
7343,win,78,6
8175,Ġho,78,13
9317,ĠAmb,78,0
9970,Ġwreck,78,17
10563,iya,78,0
12466,ĠRoberts,78,1
12755,bi,78,2
12912,ĠDin,78,1
13935,Ġgrid,78,15
14269,ĠPeru,78,0
14493,Ġnegro,78,1
14670,Ġ58,78,5
14735,ĠIron,78,2
14915,door,78,23
16343,God,78,0
16344,Hello,78,0
16349,iated,78,0
16354,Ġmelt,78,0
16355,Ġmakers,78,3
16360,ĠTree,78,9
16362,Ġnonsense,78,0
16363,Ġreverse,78,2
16368,ĠSaid,78,0
16369,ĠSister,78,0
16370,Ġstunning,78,5
16371,Ġweeds,78,19
16375,ĠCode,78,1
16382,third,78,0
16384,ĠDifferent,78,5
16385,ĠDNA,78,2
16386,ĠNovak,78,0
16390,Ġnod,78,0
16398,Ġcompact,78,21
16399,Ġoffense,78,0
16400,Ġperception,78,0
16401,Ġgracious,78,0
16404,Ġresisted,78,0
16406,Ġdaytime,78,3
16410,Ġhanding,78,25
16411,Ġindifferent,78,0
16412,ĠAlready,78,0
16413,Ġregime,78,0
16415,Ġendless,78,0
16417,Ġretorted,78,0
16418,Ġhardest,78,2
16419,Ġcharging,78,7
16421,Ġpleaded,78,0
16423,ĠFlight,78,1
16425,Ġelectrical,78,41
16428,Ġtravelled,78,0
16429,ĠWorking,78,0
16430,Ġcompetitor,78,8
16431,ĠTech,78,0
16433,Ġlabour,78,0
16436,ĠDepression,78,0
16438,Ġencourages,78,0
16439,Ġchiefs,78,0
16440,ĠApparently,78,0
16441,Ġbanking,78,0
16442,Ġroofs,78,19
16443,Ġprairie,78,6
16444,ĠWilley,78,0
16445,Ġrubbing,78,26
16446,Ġmandates,78,0
16447,Ġcomparable,78,0
16448,Ġmiracle,78,0
16449,Ġanalysts,78,0
16450,ĠGiants,78,12
16451,Ġmurderer,78,0
16453,ĠRepresentative,78,1
16454,ĠZealanders,78,0
16455,Ġabsorber,78,1
16456,Ġtossing,78,11
16457,Ġretrofit,78,0
16458,speaking,78,0
16459,Ġmathematics,78,0
16460,Ġrefugees,78,19
16461,Ġgigantic,78,6
16462,ĠWalker,78,0
16463,Ġvariables,78,0
16464,ĠOfficer,78,6
16466,Ġankle,78,29
16467,Ġaluminum,78,30
16468,Ġstockings,78,62
16470,Ġconstraints,78,0
16471,ĠCompanies,78,0
16472,ĠVatican,78,0
16473,Roanoke,78,0
437,Ġkn,77,43
786,Ġatt,77,8
983,gg,77,25
1720,upp,77,6
2380,iver,77,37
4059,ashed,77,15
4218,Ġtar,77,27
4356,wise,77,7
5220,igned,77,0
5394,lor,77,5
6463,llo,77,16
6594,ĠHay,77,1
6932,Ġsnowboard,77,426
7375,cho,77,26
7929,Ġdepict,77,0
8898,ĠCab,77,4
8955,ova,77,1
9502,ĠVar,77,0
9667,Ġdump,77,30
10502,ns,77,8
11275,Ġwarrant,77,0
11411,Ġtrim,77,120
11507,Ġcontempt,77,0
12880,Ġpremium,77,2
13388,uf,77,3
13823,Ġtooth,77,440
14012,Ġslim,77,12
15129,ĠTag,77,0
15218,pose,77,0
16474,41,77,2
16476,Dame,77,0
16483,mile,77,0
16498,Ġbeats,77,1
16500,Ġstack,77,170
16501,Ġstamps,77,1
16507,ĠPony,77,1
16511,Ġfraction,77,0
16519,Ġplague,77,0
16522,Ġabbey,77,0
16524,ĠStop,77,12
16525,Ġunions,77,1
16528,Ġretreated,77,0
16529,Ġdrowning,77,0
16530,Ġphases,77,0
16534,ĠBelden,77,0
16535,Ġedges,77,25
16536,Ġexploded,77,0
16537,Ġ700,77,1
16538,Ġprobable,77,0
16539,Ġrocket,77,26
16540,Ġ93,77,5
16541,Ġrounded,77,22
16543,Ġsolitary,77,1
16545,ĠLawyer,77,0
16546,ĠEmmy,77,0
16547,Ġdependence,77,0
16548,ĠEnquirer,77,0
16550,Ġoccurring,77,0
16551,Ġphysics,77,2
16552,Ġcitadel,77,0
16553,Ġmissionaries,77,0
16554,ĠRecent,77,0
16555,ĠSingh,77,0
16556,Ġappreciation,77,0
16557,Ġcasino,77,6
16558,ĠPenang,77,0
16561,Ġtalented,77,0
16562,Ġdialogue,77,0
16563,ĠSilence,77,0
16564,Ġrifles,77,40
16565,ĠSandy,77,1
16568,Ġelementary,77,28
16569,ĠDodds,77,0
16571,ĠHonda,77,23
16575,Ġmansions,77,0
16578,Ġadvertisements,77,77
16579,Ġcrouched,77,57
16580,Ġpupils,77,0
16581,Ġgloomy,77,1
16582,Ġresignation,77,0
16583,Ġlouder,77,0
16584,Ġfossil,77,13
16585,ĠAbdul,77,0
16587,Martin,77,0
16588,Ġabstract,77,11
16590,ĠSantiago,77,0
16591,Ġvengeance,77,0
571,ount,76,4
1424,Ġquest,76,0
1536,Ġmed,76,6
2013,Ġbur,76,59
3212,vert,76,3
3922,ech,76,14
3928,ĠBro,76,96
4634,hem,76,2
4894,ĠSpe,76,7
5255,ĠRel,76,3
5698,ĠBab,76,1
5910,Ġash,76,41
5939,ĠWin,76,0
6065,ĠGi,76,1
6545,ĠJo,76,0
6908,inger,76,0
7657,ĠAsh,76,1
8156,ĠHu,76,0
8722,ĠHun,76,2
9286,rer,76,2
9391,LS,76,10
10288,ĠDev,76,0
10749,ĠGh,76,1
10976,away,76,3
11265,Ġconvey,76,23
11775,ĠLau,76,0
12459,iko,76,3
12840,ĠPy,76,0
12852,Ġscrew,76,47
13576,ĠBOY,76,142
13658,Ġsustain,76,0
14144,Ġspaces,76,21
14387,Ġdeaf,76,0
14492,EST,76,310
14498,ĠGlen,76,0
14528,table,76,4
14614,ĠHonor,76,0
14769,Ġinsist,76,0
15121,pin,76,27
15217,lim,76,0
15256,ashi,76,0
15264,Ġinsight,76,0
16598,had,76,0
16610,Ġpub,76,9
16613,ĠActor,76,0
16617,ĠSri,76,0
16618,ĠSatheri,76,0
16621,ĠHope,76,1
16622,Ġatomic,76,4
16624,Ġdei,76,0
16627,ĠDiana,76,0
16630,Ġcones,76,227
16631,ĠRidge,76,2
16633,Ġknives,76,16
16634,ĠEric,76,0
16635,Ġ1917,76,0
16636,Ġ1915,76,1
16638,ĠInitial,76,1
16639,Ġroses,76,59
16644,Ġcompounds,76,0
16645,Ġquart,76,23
16648,ĠVSL,76,0
16651,Ġcrane,76,77
16653,Ġprescription,76,0
16654,Ġskater,76,168
16656,Ġcapability,76,0
16657,Ġhappier,76,3
16658,Ġprogramme,76,1
16659,ĠArc,76,1
16662,ĠIndies,76,0
16663,Ġintervals,76,0
16664,ĠSha,76,0
16665,Ġcurse,76,0
16670,Ġtransformation,76,0
16671,Ġsteak,76,45
16674,ĠBartow,76,0
16675,Ġwonderfully,76,0
16678,Ġworthwhile,76,0
16679,Ġstationed,76,2
16680,Ġexamines,76,0
16681,Ġtouches,76,14
16684,Ġbudgets,76,0
16685,Ġdrawer,76,33
16686,Ġseparation,76,0
16687,Ġplantations,76,0
16689,ESS,76,106
16690,Ġdepended,76,0
16693,Ġbroader,76,0
16695,Ġconversing,76,4
16696,Ġcookies,76,45
16699,Ġbanquet,76,10
16701,ĠDidn,76,0
16702,Ġpetition,76,1
16703,Ġpositively,76,0
16704,Ġharmless,76,1
16706,Ġadjustments,76,1
16707,Ġsheltered,76,2
16708,ĠMetropolitan,76,0
16710,Ġdisagreed,76,0
16711,Ġsatisfactory,76,0
16712,ĠBella,76,0
16713,Ġhurrying,76,0
16714,Ġcounseling,76,0
16715,Ġapplicants,76,1
16716,ĠBailey,76,0
16717,Ġdrummer,76,61
16719,Ġpistols,76,1
16721,ĠCabinet,76,0
16722,ĠMercury,76,1
16723,Ġdiagnosed,76,0
16724,ĠCommonwealth,76,0
16725,ĠBrothers,76,0
16727,ĠYankees,76,26
16728,ĠCortana,76,0
16729,Ġpreliminary,76,0
16730,Ġsaxophone,76,71
16731,Ġingredients,76,85
16732,ĠLebanon,76,0
909,Ġent,75,13
1023,ody,75,1
1126,Ġexp,75,7
1788,illed,75,2
1919,Ġprop,75,14
2611,ask,75,8
3200,lls,75,19
3216,hers,75,23
3685,Ġcoll,75,28
3917,zen,75,1
4320,hab,75,0
5726,Ġpill,75,41
5978,Ġconsult,75,1
6002,ulations,75,0
6139,ĠPenn,75,4
6777,aws,75,5
7250,aver,75,37
7954,ĠMo,75,1
9673,Ġrig,75,17
9812,aria,75,2
10017,boards,75,59
10323,Ġmargin,75,0
11170,pur,75,5
12159,Ġperil,75,0
12254,bel,75,1
12347,iki,75,2
12624,ĠBah,75,0
13696,Ġinteract,75,4
14074,Ġkin,75,3
14127,rec,75,0
14215,kh,75,0
14287,natured,75,0
14514,ĠCulture,75,0
15322,53,75,6
15347,ĠHale,75,0
15402,Ġvacuum,75,30
15435,93,75,0
16734,Please,75,0
16737,why,75,0
16740,Ġaisle,75,34
16745,Ġmaker,75,16
16746,Ġdarted,75,0
16749,Ġlame,75,0
16753,Ġstares,75,10
16756,Ġweaving,75,16
16759,ĠCoosa,75,0
16760,ĠCatherine,75,0
16765,ĠBrian,75,2
16766,ĠHatch,75,1
16767,ĠPapa,75,2
16769,ĠGros,75,0
16773,ĠOften,75,0
16775,Ġ1918,75,0
16776,Ġteaches,75,1
16777,Ġunrelated,75,0
16781,Ġripped,75,16
16782,Ġdownhill,75,13
16785,Ġflowed,75,1
16787,Ġcrashing,75,7
16788,Ġindication,75,1
16789,Ġincomes,75,0
16790,Ġsuppliers,75,0
16791,Ġobeyed,75,0
16792,Ġsecular,75,0
16794,Ġexport,75,0
16795,ĠShadow,75,8
16796,Ġcharter,75,3
16798,Ġdeputy,75,1
16799,Ġ61,75,2
16800,Ġconfusing,75,0
16803,Ġ87,75,1
16807,Ġparole,75,0
16809,Ġengaging,75,2
16811,Ġsuggesting,75,0
16812,ĠSouthwest,75,6
16814,Ġcapturing,75,0
16815,Ġcredits,75,0
16816,Ġmisery,75,0
16820,ĠBergen,75,0
16821,Ġshoreline,75,24
16822,Ġresponding,75,0
16823,ĠTIG,75,2
16825,ĠMilwaukee,75,0
16826,Ġnecklace,75,200
16827,Ġprinter,75,19
16829,shirts,75,288
16830,ĠEvan,75,0
16831,Ġinformal,75,0
16833,Ġcontacted,75,0
16834,Ġthrilled,75,0
16835,Ġfrock,75,12
16836,Ġcyclists,75,137
16837,Ġsurveyed,75,0
16838,Ġgraduates,75,16
16840,Ġconvenience,75,4
16841,Ġstirring,75,16
16842,ĠLeslie,75,0
16843,Ġfantasy,75,0
16844,Ġcrawling,75,8
16845,Ġdisagreeable,75,0
16846,Ġaffectionate,75,0
16847,Ġmotivation,75,0
16848,Ġdominant,75,6
16850,Ġhobbies,75,0
16851,ĠLyon,75,0
16852,Ġcautious,75,1
16853,Ġcooperation,75,0
16854,Ġsuburban,75,8
16855,ĠBelgium,75,0
16856,Ġallegations,75,0
16857,Ġexcursions,75,0
16859,Ġtransparent,75,22
16860,Ġhypothesis,75,0
16861,Ġextravagant,75,5
16862,Ġunsuccessful,75,0
16863,songwriter,75,0
16864,ĠTubacca,75,0
16865,ĠSpaniards,75,0
16866,Ġfinancially,75,0
16867,ĠJaffa,75,0
16868,ĠAmsden,75,0
16869,ĠEilat,75,0
503,ood,74,3
518,wo,74,5
661,wn,74,39
702,Ġbu,74,42
1050,ular,74,5
1440,Ġconf,74,4
1649,ional,74,6
1909,Ġvol,74,9
1910,ĠCount,74,0
2206,Ġsol,74,15
2233,ibility,74,6
2248,ned,74,1
2320,Ġhar,74,20
2713,iam,74,3
3448,oted,74,3
4148,cast,74,3
4906,ste,74,0
5247,Ġdeter,74,0
5492,aly,74,18
6041,Ġdescend,74,1
6047,ĠSC,74,55
6186,ĠKent,74,0
6522,ĠTy,74,1
6775,uns,74,2
6825,uan,74,2
6910,ĠImp,74,0
7466,ili,74,4
8170,RI,74,83
8764,ĠLy,74,1
9077,ĠTurn,74,3
9393,gi,74,7
10066,Con,74,0
10099,Mar,74,1
10675,Ġstrengthen,74,0
10751,Ġbutt,74,607
11109,ĠCommon,74,2
11757,sen,74,0
12615,enberg,74,0
14388,ĠFull,74,32
15030,ĠEight,74,136
15083,ĠSteel,74,2
15326,did,74,0
15342,stop,74,25
16870,400,74,1
16871,800,74,0
16874,eight,74,1
16877,tree,74,1
16879,would,74,0
16882,Ġbomber,74,3
16884,Ġpairs,74,49
16885,Ġditch,74,8
16886,Ġdainty,74,0
16889,Ġthieves,74,0
16892,ĠIX,74,0
16893,Ġrewards,74,0
16894,Ġonions,74,115
16895,ĠSave,74,0
16896,Ġstem,74,219
16897,iri,74,0
16898,ĠCars,74,28
16900,ĠMt,74,1
16901,ĠMister,74,0
16903,ĠBorough,74,0
16907,ĠGus,74,0
16908,ĠGhost,74,4
16914,Ġ1919,74,0
16915,Ġtech,74,12
16916,Ġblast,74,0
16918,ĠUruguay,74,0
16921,Ġprisons,74,0
16922,Ġperched,74,40
16924,ĠChambers,74,0
16928,Ġyourselves,74,0
16929,Ġrepaired,74,2
16930,Ġremoval,74,0
16931,ĠUniverse,74,0
16933,Ġslid,74,17
16934,Ġrunway,74,75
16935,ĠLeima,74,0
16936,Ġchewing,74,12
16937,ĠMarco,74,0
16939,Ġsigning,74,16
16941,Ġbasin,74,45
16943,Ġadvances,74,1
16944,Ġ82,74,3
16945,Ġoppose,74,0
16946,ĠConvention,74,0
16948,Ġswimmers,74,76
16949,Ġclothed,74,49
16950,Ġhurled,74,0
16951,Ġaffecting,74,0
16953,Ġfortified,74,0
16954,Ġwilderness,74,9
16956,Ġknowledgeable,74,0
16959,ĠValais,74,0
16960,Ġconversion,74,0
16963,Ġbirthplace,74,0
16964,Ġarranging,74,3
16965,Ġpreventing,74,1
16966,Ġafforded,74,0
16967,Ġbehaved,74,0
16969,Ġpatiently,74,2
16970,Ġcigar,74,54
16971,Ġcalculate,74,0
16972,Ġhideous,74,3
16973,Ġneatly,74,28
16974,Ġquantitative,74,0
16975,Ġfountains,74,27
16977,Ġcrooked,74,16
16978,ĠJoel,74,0
16980,ĠHinduism,74,0
16981,Ġcommissioned,74,0
16982,Ġwritings,74,11
16983,Ġgreeting,74,3
16984,Ġelevated,74,17
16985,ĠRetirement,74,0
16986,Ġbitterly,74,0
16987,Ġinnovation,74,0
16988,ĠEvelyn,74,0
16989,Ġsoutheastern,74,1
16991,Ġrepairing,74,3
16992,Ġadvisers,74,0
16993,Ġmonarchy,74,0
16994,Ġannoying,74,1
16996,Ġoverwhelmed,74,1
16997,Ġimpatiently,74,1
16998,Ġvineyards,74,1
16999,ĠTheodore,74,0
17000,Ġmornings,74,0
17001,Ġinvalid,74,0
17003,ĠOscar,74,1
17004,Ġnonfederal,74,0
17006,ĠAstronomer,74,0
17007,Ġconvincing,74,0
17008,Aubusson,74,0
823,Ġacc,73,3
891,Ġbel,73,4
1130,olog,73,0
1423,Ġtw,73,15
1935,ape,73,13
2274,read,73,19
2819,Ġaf,73,25
2923,ival,73,0
3657,aker,73,89
6102,Ġpsych,73,0
6309,eless,73,13
7394,Ġped,73,23
9466,Ġtransform,73,2
10319,aga,73,2
11100,Ġresign,73,0
11179,illo,73,1
11779,ĠStart,73,0
11805,Un,73,1
12166,Ġparagraph,73,0
12313,ao,73,0
12831,lan,73,2
12975,ĠDrug,73,0
13037,bout,73,0
13234,je,73,20
13363,ELL,73,149
13585,63,73,0
14151,ĠFront,73,37
14228,Ġstamp,73,31
14327,ichi,73,0
14973,Ġpunish,73,0
15366,ĠYard,73,0
15597,Ġcoin,73,22
15612,Ġ160,73,1
17010,KE,73,178
17012,Say,73,0
17013,Saint,73,0
17016,have,73,0
17023,Ġtug,73,30
17024,Ġtucked,73,20
17026,Ġbazaar,73,2
17030,Ġpudding,73,23
17032,ĠTask,73,0
17033,ĠTroy,73,1
17039,Ġheir,73,0
17046,ĠHaven,73,0
17051,Ġshaved,73,78
17052,Ġdeities,73,0
17056,Ġknocking,73,0
17057,Ġalright,73,0
17062,ĠThailand,73,0
17064,Ġclung,73,0
17066,Ġbrains,73,1
17068,Ġindex,73,27
17071,ĠFritz,73,0
17072,Ġconsensus,73,0
17075,Ġ59,73,12
17077,Ġexploration,73,0
17078,Ġexperimental,73,0
17079,Ġbenefited,73,0
17080,Ġreplacing,73,0
17081,ĠMinchin,73,0
17082,Ġprofessors,73,2
17083,ĠAbino,73,0
17084,2020,73,0
17085,Ġ130,73,1
17087,Ġcastles,73,21
17088,Ġauto,73,12
17089,ĠLouvre,73,2
17090,ĠCrown,73,1
17091,Ġmaintains,73,0
17092,Ġprimitive,73,4
17094,ĠPaula,73,0
17095,Ġinitiated,73,0
17096,ĠArtists,73,6
17097,Ġsummers,73,1
17098,ĠMetro,73,6
17099,ĠSunset,73,0
17100,Ġmoonlight,73,0
17101,Ġprompted,73,1
17102,Ġliquor,73,15
17103,Ġlobbying,73,0
17104,Ġobstacles,73,12
17105,Ġboldly,73,0
17106,Ġgraphics,73,5
17108,ĠCallie,73,0
17109,Ġtasted,73,0
17110,Ġtattoos,73,157
17111,ĠHunter,73,0
17112,Ġhiker,73,30
17115,Ġswallowed,73,0
17116,Ġreluctant,73,0
17119,ĠLinux,73,5
17120,Ġcorsairs,73,0
17121,Ġinjection,73,0
17122,ĠAdvisory,73,0
17124,Ġbacteria,73,0
17125,Ġstaggered,73,0
17127,ĠEstonia,73,0
68,`,72,12
2268,ights,72,6
2560,ashing,72,17
2723,Ġjack,72,81
2959,ician,72,5
4108,oses,72,1
4251,ota,72,14
4540,atively,72,1
6259,action,72,0
6263,bell,72,53
6422,RE,72,65
6778,ĠBeck,72,1
7823,ĠBang,72,3
7884,acious,72,0
8128,then,72,0
10045,ĠRh,72,1
10342,care,72,0
10442,ĠFern,72,2
11458,olo,72,3
11752,Am,72,0
13392,Ġblend,72,8
13467,resses,72,11
13545,Ġrod,72,43
13976,cons,72,0
14192,Ġtorrent,72,0
15606,Ġcrest,72,12
15627,Ġbarefoot,72,65
15680,ĠNathan,72,1
17128,Gannet,72,0
17135,Ġaided,72,0
17136,Ġaquarium,72,24
17140,Ġmoss,72,31
17142,Ġhatch,72,32
17143,Ġhuts,72,39
17145,Ġheated,72,4
17149,ĠMix,72,0
17157,ĠPlymouth,72,1
17158,Ġranging,72,0
17160,Ġshan,72,1
17163,ĠFoster,72,1
17167,ĠGiant,72,6
17168,Ġknot,72,14
17169,Ġvicious,72,0
17173,ĠOPM,72,0
17179,ĠChakswari,72,0
17183,Ġdownward,72,18
17188,Ġcoaching,72,2
17189,Ġwrath,72,0
17190,Ġenters,72,3
17191,Ġskis,72,595
17193,Ġexports,72,0
17197,Ġbroom,72,74
17198,Ġpatent,72,0
17199,Ġgenerating,72,0
17200,Ġ101,72,3
17202,Ġanniversary,72,3
17203,Ġquicker,72,0
17204,Ġsquares,72,81
17205,Ġdestinations,72,0
17206,Ġauthorization,72,0
17208,Ġscenic,72,18
17209,ĠMedia,72,0
17210,Ġspiral,72,33
17211,Ġoccurrence,72,0
17213,Ġsavages,72,0
17214,AST,72,27
17215,Ġassuming,72,1
17216,Ġundoubtedly,72,0
17217,Ġguardian,72,0
17218,Ġpursuing,72,2
17219,Ġrental,72,2
17220,Ġcommercials,72,0
17221,Ġcashier,72,9
17223,ĠMurphy,72,1
17224,ĠTwin,72,8
17225,Ġdrafted,72,0
17226,Ġefficiently,72,0
17227,Ġconsultant,72,0
17228,Ġmurders,72,0
17229,Ġrecipient,72,1
17230,Ġunpopular,72,0
17231,Ġpuzzle,72,20
17232,Ġinspector,72,4
17233,ĠPassaic,72,0
17234,Ġdepicts,72,0
17235,Ġyielded,72,0
17236,ĠPopulation,72,0
17237,Ġdoubted,72,0
17239,Ġallocated,72,0
17240,ĠPicture,72,31
17241,Ġannoyed,72,2
17242,Ġbattery,72,20
17243,ĠNYT,72,0
17244,Ġnicknamed,72,0
17245,ĠRailway,72,2
17246,communes,72,0
17247,Ġchaos,72,0
17248,ĠFifth,72,1
17249,ĠAlexandria,72,0
17250,Ġimprisoned,72,0
17251,ĠCaesar,72,0
17252,ĠPearl,72,1
17253,Ġsurveys,72,2
17255,Ġkhaki,72,362
17256,ĠFortunately,72,0
17257,ĠGuangzhou,72,0
17259,Ġprefectures,72,0
17260,ĠOntario,72,0
17261,ĠSainte,72,0
17262,Ġtrousers,72,65
17263,ĠNingthou,72,0
17264,ĠHAMILTON,72,0
767,erson,71,9
858,Ġcol,71,106
941,Ġpres,71,44
1172,rew,71,1
1262,ided,71,22
1377,Ġwa,71,16
2044,Ġavail,71,0
2876,wh,71,10
4184,ican,71,39
4618,Ġdeb,71,1
4741,Ġtick,71,25
5074,RS,71,16
5418,Ġjournal,71,2
5683,heim,71,0
6601,awa,71,1
6989,ĠBi,71,0
7150,oons,71,4
8108,rem,71,1
8132,play,71,14
8382,ĠMand,71,0
8429,chair,71,9
8776,pers,71,3
9016,IP,71,29
9847,ĠCas,71,0
11349,OW,71,225
11700,OM,71,44
12181,ĠPeters,71,0
12234,ĠTravel,71,2
12434,hard,71,0
12696,inks,71,2
12965,Ġcod,71,1
13383,Qu,71,0
13407,Ġoutrage,71,0
13441,Ġalleged,71,0
13682,Ġalter,71,3
14227,Ġrender,71,0
14966,office,71,0
15109,ĠAdventure,71,1
15142,open,71,2
15246,ĠOkay,71,7
17265,Dear,71,0
17271,page,71,6
17275,Ġoven,71,452
17278,Ġfoster,71,1
17279,Ġmowing,71,0
17281,Ġpaw,71,73
17283,ĠAw,71,2
17284,ĠAction,71,6
17288,Ġstance,71,17
17291,ĠMiles,71,0
17294,ĠPBS,71,0
17295,Ġkills,71,1
17296,Ġkittens,71,2
17298,ĠWITH,71,966
17302,ĠFEMA,71,0
17304,Ġconclude,71,0
17309,Ġexchanged,71,0
17310,Ġjest,71,0
17311,Ġworries,71,4
17312,Ġtraced,71,0
17313,Ġintensity,71,0
17314,ĠKuala,71,0
17315,Ġbland,71,2
17316,Ġblues,71,19
17321,Ġbuys,71,5
17322,ĠWeather,71,1
17323,Ġboyfriend,71,7
17326,Ġendure,71,0
17327,Ġprovincial,71,0
17329,ĠMarcus,71,0
17332,Ġdeposition,71,0
17334,Ġaffirmative,71,0
17337,Ġrevived,71,0
17340,Ġcomplications,71,0
17341,ĠEmma,71,0
17342,Ġfavorable,71,0
17344,Ġvictories,71,0
17345,Ġcorrected,71,0
17346,Ġstrokes,71,1
17348,Ġgarments,71,39
17350,Ġmortal,71,0
17351,Ġpetting,71,88
17352,._--,71,0
17354,Ġfrightening,71,0
17355,Ġdreadfully,71,0
17356,Ġlandscapes,71,0
17357,Ġnursery,71,2
17358,ĠPanthoibi,71,0
17359,Ġbleeding,71,0
17360,ĠWoods,71,0
17362,Ġ1890,71,3
17363,Ġdetected,71,0
17364,THE,71,2
17366,ĠAnglo,71,1
17367,party,71,0
17369,Ġdrifted,71,0
17370,Ġneighbourhood,71,0
17371,ĠAlbright,71,0
17372,Ġadvertisement,71,92
17373,ĠSurely,71,0
17374,ĠGilbert,71,0
17375,ĠShrine,71,0
17376,Ġsouvenir,71,0
17377,Ġchimney,71,16
17380,ĠNanjing,71,0
17381,Ġicon,71,4
17382,ĠLuxor,71,0
17383,Ġexplosion,71,2
17384,Ġbewildered,71,0
17385,ĠLuckily,71,0
17387,Ġinferior,71,0
17388,ĠGaston,71,0
17389,ĠSpirit,71,2
17390,Ġpandemic,71,0
17391,ĠInstruments,71,0
1344,cle,70,84
1510,oke,70,15
1796,Ġemploy,70,0
1930,ĠGer,70,2
3075,ests,70,14
3324,asc,70,3
3594,iqu,70,7
3837,een,70,7
4205,iring,70,1
6138,rant,70,11
6449,standing,70,4
6526,ĠConf,70,0
6659,acle,70,19
7749,vy,70,15
8468,ram,70,4
10081,rah,70,0
10223,ĠArm,70,34
11259,ĠSher,70,0
11267,Ġexempt,70,0
11388,Ġscrub,70,7
11395,Re,70,0
11939,ĠMess,70,1
12643,Ġcamps,70,0
12994,oku,70,1
13324,ĠCale,70,0
13861,Ġforecast,70,0
15340,ĠIRA,70,0
15490,Ġrecess,70,0
15593,Ġriot,70,32
17393,Mother,70,0
17394,November,70,0
17402,Ġcf,70,0
17403,Ġfried,70,52
17406,Ġlush,70,16
17410,ĠMind,70,0
17411,ĠMovie,70,1
17413,ĠBuck,70,1
17418,Ġrink,70,33
17419,ĠWriters,70,0
17420,Ġshaken,70,0
17421,Ġliability,70,0
17426,ĠGolf,70,2
17427,ĠRitz,70,1
17429,Ġjaguar,70,2
17431,ĠEye,70,3
17434,Ġcanoes,70,52
17435,Ġcluster,70,18
17436,ĠYuchi,70,0
17437,Ġfearing,70,0
17439,Ġadjacent,70,14
17442,Ġamended,70,0
17443,Ġattributes,70,0
17445,Ġslain,70,0
17447,Ġcountless,70,1
17449,Ġskip,70,2
17450,Ġswitched,70,5
17451,ĠLeave,70,0
17452,Ġrealm,70,0
17453,Ġ41,70,7
17454,Ġfireworks,70,43
17455,Ġpatio,70,78
17456,Ġpasture,70,23
17457,Ġawesome,70,12
17458,Ġcatcher,70,916
17459,Ġreduces,70,0
17460,Ġrounds,70,73
17462,Ġsouthwestern,70,0
17463,Ġreleases,70,1
17464,Ġlearns,70,0
17466,ĠPresidential,70,1
17467,Ġdevotion,70,0
17468,ĠPeel,70,0
17469,Ġ110,70,7
17470,Ġgladly,70,0
17473,ĠFrankie,70,0
17477,Ġpenalties,70,0
17478,Ġcomfortably,70,0
17479,ĠCommissioner,70,0
17480,Ġconvoy,70,5
17482,Ġchapters,70,0
17483,Ġcomplexity,70,0
17484,Ġoccupy,70,1
17485,ĠGreater,70,0
17486,Ġreveals,70,0
17487,Ġdecreasing,70,0
17488,Ġreflecting,70,17
17489,Ġoxen,70,19
17490,Ġrevolt,70,0
17491,Ġconceived,70,0
17492,Ġbutterflies,70,29
17494,Ġgleam,70,0
17495,Ġundertaken,70,0
17496,Ġhydrogen,70,0
17497,Ġenhanced,70,0
17498,ĠBoswell,70,0
17499,Ġphilosopher,70,0
17502,Ġbatteries,70,5
17503,Ġpartnership,70,0
17504,Ġsolemnly,70,0
17505,Ġconfessed,70,0
17506,ĠAmbassador,70,0
17507,ĠLabour,70,0
17508,ĠBertie,70,0
17509,Ġmigrant,70,12
17510,Ġcockpit,70,17
17511,ĠAnimals,70,1
17512,Ġbuttons,70,123
17513,ĠOriginally,70,0
17515,Ġawaiting,70,5
17516,Ġscrutiny,70,0
17517,ĠFemale,70,74
17519,Ġpodium,70,76
17520,General,70,0
17521,ĠMovement,70,0
17522,ĠBeverly,70,0
17524,ĠChatahuchi,70,0
17525,ĠAlgarve,70,0
17526,ĠHiiu,70,0
1039,gin,69,3
2169,ground,69,20
2199,unch,69,15
2652,rog,69,1
3679,Ġscar,69,5
3955,Ġconsist,69,4
4162,ented,69,6
4315,Ġir,69,4
4382,icate,69,0
5011,oned,69,3
5382,rim,69,1
5925,Ġdiss,69,0
6470,itated,69,1
7742,ĠOb,69,2
8022,point,69,15
8115,ĠOx,69,2
9101,cut,69,30
9311,vi,69,2
10280,ĠGil,69,1
10825,Ġmarvel,69,13
11198,offs,69,1
12251,FF,69,166
13534,ĠLai,69,0
14495,etta,69,1
14560,Ġbrow,69,18
14763,ĠAlt,69,2
14997,Ġdessert,69,192
15421,Ġrigid,69,0
15483,ĠStock,69,1
17527,Ad,69,0
17532,Our,69,0
17538,Ġti,69,33
17540,Ġsi,69,23
17541,Ġwires,69,56
17543,Ġpour,69,3
17545,ĠTab,69,2
17546,ĠTamil,69,0
17547,Ġgum,69,47
17551,Ġyacht,69,25
17553,ĠSP,69,62
17555,ĠSBA,69,0
17557,ĠMouse,69,19
17558,ĠMoses,69,0
17560,ĠPapers,69,2
17563,Ġshack,69,12
17564,Ġshaving,69,46
17565,Ġlied,69,0
17566,ĠFine,69,0
17567,ĠFashion,69,2
17570,ĠNEW,69,5
17573,Ġoral,69,2
17574,Ġherd,69,68
17576,Ġoutlets,69,0
17577,Ġupwards,69,28
17578,ichinomiya,69,0
17582,Ġoffended,69,0
17583,Ġoffshore,69,1
17584,Ġrivals,69,0
17587,type,69,8
17590,Ġboasts,69,0
17591,Ġincurred,69,0
17592,Ġinvade,69,0
17593,Ġgrouped,69,3
17594,Ġpresidents,69,0
17598,Ġstately,69,1
17599,Ġrefusing,69,0
17600,Ġcleans,69,0
17601,Ġroadside,69,16
17603,Ġparadise,69,0
17604,Ġbarred,69,12
17605,Ġsunrise,69,2
17607,Ġordering,69,9
17608,Ġappeals,69,0
17609,Ġreasoning,69,0
17610,ĠPeriod,69,2
17611,Ġcircles,69,70
17612,Ġgrandson,69,4
17613,Ġspecialty,69,4
17615,Ġsuperintendent,69,0
17617,Ġcirculation,69,0
17618,ĠSoccer,69,124
17619,Ġutilities,69,0
17620,Ġrespects,69,0
17621,Ġrespectable,69,0
17622,Ġregulated,69,0
17623,ĠDepartments,69,0
17624,Ġerotic,69,0
17625,Ġstraightforward,69,0
17626,Ġskateboards,69,71
17627,Ġflea,69,3
17628,Ġshrimp,69,68
17629,Ġsenator,69,0
17630,Ġgasoline,69,1
17631,Ġbordered,69,4
17632,Ġwillingly,69,0
17633,Ġwillingness,69,0
17634,ĠKeith,69,0
17635,Ġbreathless,69,0
17636,Ġunsure,69,1
17637,Ġrobbed,69,0
17638,Ġkicks,69,8
17639,ĠMedicine,69,0
17640,Ġdreaded,69,0
17641,ĠFamilies,69,51
17643,Ġconcepts,69,0
17644,ĠCanadians,69,0
17645,Ġunusually,69,8
17646,Ġmaple,69,25
17647,ĠImpact,69,0
17648,Ġramparts,69,0
17649,Ġpredictable,69,0
17650,Ġmasks,69,98
17651,ĠArgentine,69,0
17652,control,69,0
17654,ĠXVI,69,0
17655,Ġdeposited,69,0
17656,Ġelectronically,69,0
17657,Ġmentions,69,0
17658,ĠIndependent,69,0
17659,ĠSerbian,69,0
17660,ĠNicholson,69,0
17661,Ġbriskly,69,1
17662,Ġprosecutor,69,0
17663,ĠAssessment,69,1
17665,Ġlofty,69,0
17667,ĠCeltic,69,3
17668,Ġpropaganda,69,1
17669,Ġgossip,69,0
17670,ĠCraig,69,0
17671,Ġdiscontinued,69,0
17672,ĠDelta,69,22
17673,ĠInspector,69,0
17674,Ġsurrendered,69,0
17676,ĠSuleiman,69,0
17677,ĠDimmock,69,0
529,ther,68,10
670,other,68,6
1277,ds,68,26
1324,Ġimport,68,0
1452,ract,68,0
1506,rent,68,2
2024,Ġcor,68,29
2163,ĠPres,68,1
3275,acing,68,4
3579,cer,68,19
3585,Ġconv,68,1
4373,aste,68,0
5248,ĠCarol,68,0
5809,aved,68,13
6215,uted,68,4
6267,iana,68,1
6618,wan,68,0
7901,oid,68,14
7977,ĠPay,68,0
8117,Ġflu,68,0
9349,iva,68,2
9920,ĠĠĠĠĠĠĠ,68,0
10444,anted,68,15
10516,Ġgloom,68,0
11031,IG,68,132
11355,ti,68,3
12284,Ġinsult,68,0
14555,oys,68,14
14717,AD,68,102
14745,ĠNa,68,0
15213,Ġburdens,68,3
15439,Sc,68,1
15787,aya,68,17
15797,Ġrally,68,15
15901,Ġhol,68,10
16016,Ġmarsh,68,12
16146,ĠPel,68,1
16148,ths,68,1
16213,Ġunwilling,68,0
17678,://,68,0
17679,Get,68,0
17680,MP,68,61
17682,Up,68,0
17686,site,68,1
17689,Ġtanks,68,4
17694,Ġbaker,68,12
17695,Ġcivic,68,1
17696,Ġmare,68,0
17699,ĠTrent,68,0
17700,ĠTogether,68,0
17702,Ġlump,68,8
17703,Ġgee,68,1
17704,ĠAway,68,0
17708,ĠSite,68,0
17715,ĠPierre,68,0
17716,Ġshiny,68,104
17717,Ġdeeds,68,0
17718,Ġfrantic,68,0
17719,Ġmanages,68,0
17721,ĠFWI,68,0
17724,Ġknit,68,92
17726,ĠEagle,68,5
17727,Ġwheat,68,53
17730,Ġtractor,68,76
17731,ĠKL,68,10
17732,Ġdip,68,68
17736,Ġspan,68,3
17737,Ġsped,68,0
17738,Ġdownload,68,0
17740,Ġprehistoric,68,2
17741,Ġflashing,68,6
17742,Ġguitars,68,178
17743,Ġcrater,68,1
17745,Ġcommitting,68,0
17746,Ġslower,68,3
17748,Ġlasts,68,0
17750,Ġcheered,68,1
17752,Ġcurled,68,49
17753,Ġgovernmental,68,0
17754,Ġdepressed,68,2
17755,Ġtreasury,68,0
17756,Ġextending,68,10
17759,Ġwinters,68,0
17760,Ġbarrels,68,38
17762,Ġhurting,68,0
17763,Ġproductions,68,0
17764,Ġmerits,68,0
17765,Ġmotive,68,0
17766,Ġmotives,68,0
17767,ĠMinistry,68,0
17768,Ġhumanity,68,0
17769,ĠNowadays,68,0
17771,Ġdecidedly,68,0
17772,Ġslowed,68,0
17773,Ġfortifications,68,0
17774,Ġdefinite,68,0
17775,ĠPoste,68,0
17776,Ġrecognizes,68,0
17777,Ġexceptions,68,0
17778,ĠCoach,68,7
17779,ĠMademoiselle,68,0
17780,Ġlowering,68,3
17781,Ġconversations,68,0
17784,Ġshoots,68,3
17785,Ġappropriation,68,0
17786,Ġbillions,68,0
17787,Ġfrequency,68,0
17788,Ġhunter,68,2
17789,Ġprayed,68,0
17790,Ġprinces,68,0
17791,Ġnovelist,68,0
17792,Ġproposition,68,0
17793,Ġfunctioning,68,0
17794,2001,68,0
17795,ĠMagic,68,0
17796,Ġdissolved,68,0
17797,Ġcoalition,68,0
17798,Ġambition,68,0
17799,ĠPlayer,68,99
17800,payment,68,0
17802,Ġrumors,68,0
17803,Ġancestry,68,1
17804,Ġtemptation,68,0
17806,Ġcraftsmen,68,1
17807,Ġbolted,68,0
17808,Ġdisturbing,68,2
17809,Ġreservations,68,0
17810,Ġtrembled,68,0
17811,Ġlodge,68,3
17812,Ġmarvelous,68,0
17813,ĠSafety,68,0
17814,ĠEngineering,68,0
17815,ĠHolland,68,1
17816,Ġstylish,68,13
17817,Ġsupervisor,68,1
17818,Ġprototypes,68,0
17819,ĠSimilarly,68,10
17820,girls,68,31
17822,Ġthreshold,68,0
17823,ĠLorenzo,68,0
17824,Ġinsignificant,68,0
17825,Ġuncommon,68,0
17826,Ġinvisible,68,5
17827,ĠFormentera,68,0
17828,ĠRaleigh,68,0
795,self,67,8
806,ouse,67,17
1318,cept,67,0
1634,aim,67,2
1700,ature,67,8
2449,Ġcal,67,38
2498,ĠCent,67,0
2669,Ġexam,67,0
2782,aches,67,8
3607,ols,67,10
4944,rian,67,1
6049,ocking,67,26
6165,ĠDiv,67,0
6895,Ġremind,67,0
7157,shire,67,1
7308,Ġconvent,67,0
7452,Ġdivers,67,10
7533,Ġgreet,67,9
8234,Ġdismiss,67,0
9083,Ġspark,67,66
10482,ĠKam,67,0
11213,ĠColl,67,4
11772,ĠDE,67,12
12145,rac,67,0
12614,onian,67,0
12967,Ġhoss,67,0
12985,Ġbetray,67,0
13098,ione,67,0
13517,tis,67,22
13685,ĠKl,67,0
14367,Ġoverwhelming,67,0
14541,amo,67,2
14917,hop,67,2
15456,ĠMol,67,0
15500,ĠCommand,67,0
15913,oper,67,2
16020,acies,67,1
16120,cal,67,1
17751,ĠĠĠĠĠĠĠĠĠĠ,67,0
17829,!--,67,0
17830,October,67,0
17831,September,67,0
17838,size,67,5
17841,Ġtips,67,27
17843,Ġsins,67,0
17850,Ġmural,67,56
17853,Ġpiled,67,15
17854,Ġpunk,67,17
17855,Ġtoast,67,111
17856,legged,67,28
17857,Ġnay,67,0
17859,ĠThebes,67,0
17860,ĠAyers,67,0
17861,Ġbells,67,14
17866,season,67,1
17868,ĠMs,67,0
17869,ĠMale,67,89
17870,Ġante,67,12
17871,ĠBanks,67,0
17872,Ġhailed,67,0
17876,Ġrzburg,67,0
17877,Ġroused,67,0
17884,ĠName,67,1
17885,ĠLost,67,0
17891,Ġjaws,67,2
17893,Ġnobles,67,0
17900,Ġspacious,67,1
17901,ĠChan,67,1
17903,Ġgrapes,67,78
17904,Ġbrunette,67,196
17908,ĠAlps,67,0
17910,Ġcentered,67,13
17911,Ġdistribute,67,0
17913,Ġaddiction,67,0
17914,Ġbuilds,67,0
17915,Ġgenetic,67,0
17916,ĠClick,67,2
17917,sharing,67,0
17920,Ġpretending,67,7
17922,Ġforemost,67,42
17924,Ġpeers,67,18
17925,ĠManagers,67,0
17929,Ġgenerosity,67,0
17932,ĠGuide,67,2
17933,Ġspecialists,67,0
17935,Ġhangs,67,11
17936,Ġcelebrates,67,1
17937,Ġtended,67,4
17939,Ġlawsuit,67,0
17940,Ġdisplaying,67,57
17941,Ġfashioned,67,38
17942,Ġmanufactured,67,1
17943,Ġmagnitude,67,0
17944,ĠBelow,67,0
17945,Ġqualitative,67,0
17947,Ġfitness,67,3
17950,Ġpilots,67,7
17951,Ġcrews,67,8
17952,Ġseventies,67,0
17953,Ġminimize,67,0
17954,Ġidle,67,5
17955,Ġplateau,67,1
17956,Ġpoisoned,67,0
17957,ĠLeonard,67,0
17958,Ġsternly,67,0
17959,ĠEverett,67,0
17961,Ġmotivated,67,0
17962,Ġmathematical,67,0
17963,Ġabundance,67,1
17964,ĠCruz,67,4
17966,Ġcafeteria,67,5
17967,Ġfulfill,67,0
17968,Ġindignation,67,0
17969,Only,67,0
17971,ĠDrive,67,1
17973,Ġmolecules,67,0
17974,Ġexcavated,67,0
17975,ĠKells,67,0
17976,Ġenforced,67,0
17977,Ġdisliked,67,0
17978,ĠZelon,67,0
17982,Ġdwelling,67,0
17983,ĠEventually,67,0
17984,ĠNCAA,67,0
1343,Ġtre,66,23
1656,ivers,66,17
3007,anced,66,0
3040,hood,66,2
3509,alt,66,1
3699,Ġdisp,66,2
4055,ĠCle,66,4
4159,ulated,66,0
4678,using,66,0
5842,rom,66,5
5855,ĠLar,66,34
6144,ige,66,23
7339,amps,66,5
7757,ĠRod,66,0
8224,Ġamuse,66,1
9670,ĠDie,66,2
9726,ĠAle,66,0
10057,hips,66,1
10252,ĠSn,66,5
10618,kel,66,2
11617,iga,66,0
13201,ĠPlot,66,0
13425,Ġdisappear,66,1
13518,wall,66,6
13749,ido,66,2
13819,Ġcater,66,22
14312,Ġwig,66,56
15003,maid,66,9
15434,92,66,1
15582,people,66,0
15690,ĠChamp,66,0
16434,Ġcompliment,66,1
16478,MS,66,8
17985,"-,",66,1
17987,96,66,5
17989,His,66,0
17991,Little,66,0
18001,Ġairlines,66,12
18003,Ġsized,66,87
18005,Ġbakery,66,15
18009,Ġpuma,66,7
18011,ĠAS,66,12
18012,ĠAOL,66,0
18013,ĠAescendune,66,0
18015,ĠMaud,66,0
18016,Ġwharf,66,0
18018,Ġnotices,66,0
18019,ĠPretty,66,2
18020,Ġki,66,32
18022,Ġliking,66,0
18023,Ġproves,66,0
18024,quality,66,0
18027,ĠJapp,66,0
18028,Ġleash,66,181
18030,ĠKa,66,0
18031,Ġblouse,66,250
18032,Ġplayoffs,66,0
18033,ĠStay,66,1
18034,Ġquiz,66,0
18035,ĠChampions,66,1
18038,Ġsmashed,66,6
18039,Ġflats,66,11
18040,Ġattitudes,66,0
18041,Ġcoordination,66,0
18042,Ġactively,66,5
18045,Ġcolt,66,6
18046,Ġwrap,66,121
18048,Ġlottery,66,7
18049,Ġhomework,66,9
18051,Ġmustn,66,0
18052,).],66,0
18053,Ġrestless,66,0
18061,Ġmarijuana,66,15
18062,Ġ69,66,5
18063,Ġbreasts,66,9
18064,Ġrevival,66,0
18066,Ġpepper,66,337
18067,ĠConnor,66,0
18068,Ġ94,66,7
18069,Ġ96,66,4
18071,Ġunderstands,66,0
18072,ĠGrady,66,0
18073,Ġinvesting,66,0
18074,ĠParamount,66,0
18075,Ġtrades,66,0
18076,Ġsolar,66,18
18077,heads,66,0
18079,Ġcharacterized,66,0
18081,Ġcivilians,66,25
18083,ĠMadison,66,2
18084,ĠGlenn,66,0
18085,Ġimmune,66,0
18086,Ġcartoons,66,7
18087,ĠTemples,66,0
18089,Ġworrying,66,0
18090,Ġgroves,66,3
18091,ĠCOL,66,419
18092,Ġliberals,66,0
18093,Ġbuckets,66,114
18094,Ġthrill,66,2
18095,Ġsouls,66,1
18096,Ġbrands,66,2
18097,ĠLemuel,66,0
18098,Ġfloated,66,0
18100,ĠBono,66,0
18101,Ġpsychological,66,0
18102,Ġinterpreted,66,0
18103,Ġexplorer,66,2
18104,ĠHonours,66,0
18105,Ġtranslation,66,1
18106,Ġnerves,66,0
18107,Ġvenues,66,0
18108,Ġstrawberries,66,103
18110,Ġcrawled,66,0
18112,Ġundertake,66,0
18113,Ġskeleton,66,30
18114,Ġshoveling,66,3
18115,Ġfluid,66,10
18116,Ġamendments,66,0
18118,ĠCurrently,66,1
18120,Ġsquirrels,66,0
18121,Ġceremonial,66,28
18122,Ġleisurely,66,0
18123,Ġchloride,66,0
18124,Ġtuition,66,0
18125,ĠMunicipal,66,0
18126,Ġgravity,66,0
18127,ĠBalearics,66,0
18128,ĠAgriculture,66,0
18130,Ġnominee,66,0
18131,ĠArmenian,66,2
18132,ĠKaufman,66,0
18133,ĠAfghanistan,66,0
18135,Ġgarrison,66,0
18136,Ġadjoining,66,2
18137,Ġcatalog,66,3
18138,ĠCrayle,66,0
18139,ĠThrasher,66,0
681,Ġcont,65,13
1123,Ġgen,65,2
1773,ior,65,8
1899,ĠGA,65,33
3393,Ġfre,65,10
3702,ban,65,7
4364,icking,65,8
5226,ait,65,28
5516,oured,65,2
5715,osition,65,1
5742,Ġfro,65,21
6854,ĠYe,65,0
6955,eries,65,0
7507,Ġfold,65,100
8265,ĠDun,65,0
8403,eding,65,10
8624,ĠGP,65,3
8949,Ġrot,65,10
10308,Ġbureau,65,2
10578,state,65,0
10782,Ġuncon,65,0
11085,AA,65,1
11554,uda,65,4
12108,ĠRow,65,8
12201,Ġdwell,65,0
12210,ĠRic,65,0
12543,van,65,3
12982,izer,65,43
14374,maker,65,0
14728,Ġdough,65,385
14731,Ġnut,65,46
15073,Ġ128,65,0
15138,ĠBud,65,11
15446,ĠTak,65,2
15474,Ġjar,65,222
16034,ĠDol,65,0
16045,ĠThor,65,0
18146,Ġaught,65,0
18148,Ġbiting,65,37
18151,Ġpacking,65,10
18152,Ġhack,65,1
18155,ĠTiger,65,4
18156,ĠIsh,65,0
18157,ĠAIDS,65,1
18161,Ġstamped,65,2
18162,Ġfork,65,684
18166,Ġshattered,65,0
18168,Ġframes,65,62
18172,ĠNov,65,0
18173,ĠLITTLE,65,32
18175,Ġknelt,65,1
18176,Ġvines,65,16
18179,Ġoutline,65,16
18180,Ġgoverning,65,0
18181,Ġnoises,65,0
18185,Ġdonation,65,3
18187,Ġpriced,65,1
18191,Ġgoodbye,65,3
18192,Ġlonged,65,0
18196,Ġdiffers,65,0
18198,Ġcountenance,65,0
18200,Ġsketch,65,6
18201,Ġseeming,65,0
18203,Ġcosting,65,0
18204,Ġcheers,65,2
18205,Ġnumbered,65,90
18207,Ġstatutes,65,2
18208,ĠDoctors,65,2
18209,ĠFlo,65,1
18210,Ġbarracks,65,0
18212,Ġtestify,65,0
18215,Ġswell,65,0
18216,Ġlimb,65,15
18218,Ġhatred,65,0
18219,Ġstrips,65,51
18221,Ġidentifies,65,0
18222,Ġcasting,65,6
18223,ĠRichmond,65,0
18224,Ġmasterpieces,65,0
18225,Ġkiller,65,7
18227,Ġscreenwriter,65,0
18228,ĠIsraelis,65,0
18229,Ġcollective,65,1
18230,ĠFranco,65,0
18231,Ġinquire,65,0
18232,Ġbiology,65,2
18233,ĠMorrison,65,0
18234,Ġspeedily,65,0
18235,Ġcooler,65,74
18236,Ġboundaries,65,0
18237,ĠSalzburg,65,0
18238,Ġprints,65,20
18239,ĠHelp,65,0
18240,Ġyouthful,65,1
18241,Ġ1863,65,0
18242,Ġdeduction,65,0
18243,effective,65,0
18244,Star,65,1
18245,Ġrowed,65,2
18246,Ġharmony,65,0
18247,Ġshelves,65,54
18248,ĠRandy,65,0
18249,Ġoxides,65,0
18250,Ġbricks,65,89
18252,Ġtunnels,65,0
18253,Ġcitizenship,65,0
18254,ĠVisa,65,1
18256,Ġcycling,65,17
18257,Ġ1880,65,0
18258,Ġdescending,65,1
18259,Ġbursting,65,0
18260,Ġsmells,65,0
18262,ĠMalaysian,65,0
18263,Ġmysteries,65,0
18265,Ġmonumental,65,0
18266,Ġastonishing,65,1
18268,ĠHawaiian,65,35
18269,ĠNearly,65,2
18270,Ġexcessive,65,0
18271,Ġpanting,65,4
18272,Ġhooked,65,6
18273,Ġmentally,65,1
18275,Ġbolt,65,23
18276,Ġblaze,65,2
18278,Ġwardrobe,65,4
18279,ĠWeekly,65,2
18280,ĠWelsh,65,0
18281,Ġcomprised,65,1
18282,Ġdistracted,65,1
18283,ĠIncreasing,65,0
18284,Ġcancelled,65,0
18285,Indeed,65,0
18286,Ġreptile,65,0
18287,ĠThousands,65,0
18288,ĠSTORY,65,0
18289,Ġamerican,65,112
18290,Ġpromenade,65,0
18291,ĠAzerbaijan,65,0
18292,designated,65,0
18294,ĠVishnu,65,0
870,tern,64,21
1060,rib,64,15
1264,ield,64,2
1414,Ġval,64,2
1528,Ġty,64,30
2208,ills,64,1
2374,ancing,64,0
2714,itors,64,0
3714,Ġang,64,13
4602,MB,64,94
5064,ĠProv,64,0
5654,anda,64,1
8046,sp,64,5
8546,lem,64,2
8720,Ġbatter,64,880
9232,opping,64,1
9693,EA,64,38
10903,ĠKat,64,1
11222,ĠRu,64,0
12091,zer,64,18
12483,bat,64,2
12550,ĠTan,64,57
13063,Ġdinosaur,64,19
13095,ĠToy,64,11
13107,ĠInf,64,2
13502,ĠTransport,64,2
14138,ĠLion,64,1
14244,ĠOd,64,1
14544,rier,64,9
14634,ede,64,7
14658,ĠKo,64,2
14806,Ġrecruit,64,0
15059,Ġsingular,64,1
15437,CC,64,36
15499,ĠFlat,64,5
15594,Ġcontented,64,0
16336,ĠPunjab,64,0
16611,Ġhub,64,28
18296,150,64,1
18297,700,64,0
18302,filled,64,28
18308,Ġtails,64,36
18311,Ġpuddle,64,62
18314,ĠAma,64,0
18315,Ġbeige,64,457
18317,ĠSr,64,0
18325,Ġnoting,64,1
18330,ĠDance,64,0
18331,ĠDennis,64,0
18332,ĠNC,64,2
18333,Ġconverse,64,14
18335,ĠRita,64,1
18338,ĠHeights,64,0
18340,Ġintricate,64,20
18345,Ġpricing,64,0
18346,Ġspill,64,3
18349,Ġgrammar,64,0
18350,Ġsciences,64,0
18353,Ġhandles,64,104
18354,Ġcoaches,64,16
18355,Ġbelts,64,62
18356,Ġstrained,64,1
18357,Ġheadhunters,64,0
18358,Ġcareers,64,0
18360,Ġkindergarten,64,4
18361,ĠNoel,64,0
18363,Ġmetals,64,4
18364,Ġrealizing,64,0
18365,Ġcurves,64,1
18366,ĠSomehow,64,0
18368,Ġmatched,64,0
18370,ĠAdults,64,70
18371,Ġbaseline,64,1
18372,Ġedited,64,2
18373,Ġlisting,64,1
18374,Ġlistens,64,1
18375,Ġinsane,64,0
18376,Ġdesigning,64,3
18377,Ġloaf,64,45
18378,Ġparcel,64,1
18379,Ġtournaments,64,0
18380,Ġbarber,64,46
18381,Ġ91,64,3
18382,Ġ900,64,0
18384,Ġawakened,64,0
18385,Ġpictured,64,37
18386,Ġraids,64,2
18387,Ġappealed,64,0
18388,Ġfilming,64,7
18389,Ġcoral,64,21
18391,Ġfavors,64,0
18393,Ġbudgetary,64,0
18394,Ġescort,64,0
18395,Ġcaptivity,64,3
18396,Ġremarkably,64,0
18397,Ġcivilized,64,0
18398,Ġmouths,64,103
18399,Ġvictorious,64,1
18400,Ġalcoholic,64,43
18401,Ġcontractors,64,1
18404,Ġcruiser,64,8
18406,Ġcommands,64,0
18407,Ġsculptor,64,6
18408,ĠAnti,64,1
18410,Ġirregular,64,4
18411,Ġpossessions,64,9
18413,Ġpermitting,64,0
18414,Ġtransported,64,3
18415,Ġdecreases,64,0
18416,Ġrobust,64,1
18417,Ġ1871,64,0
18418,Ġevaluators,64,0
18420,ĠBasilica,64,0
18421,Ġillustrated,64,3
18422,Ġillustrate,64,0
18423,Ġfloods,64,0
18424,Ġjerk,64,3
18427,Ġerrand,64,0
18428,Ġhastened,64,0
18429,Ġkingdoms,64,0
18430,Ġscreams,64,1
18432,Ġcruelty,64,0
18433,Ġmorals,64,0
18434,Ġmaximize,64,0
18435,Ġfortunately,64,0
18436,ĠPointe,64,0
18437,ĠElectronic,64,0
18438,Ġexpenditure,64,0
18440,ĠMasters,64,0
18441,Ġshifting,64,0
18442,Ġjunction,64,0
18444,ĠSharston,64,0
18445,Ġdiscouraged,64,0
18446,Ġfisherman,64,33
18447,world,64,3
18448,ĠCultural,64,0
18449,Ġpreceding,64,0
18450,Ġtransmission,64,0
18451,ĠJenner,64,0
18452,Ġcanceled,64,0
18453,ĠToby,64,0
18454,Ġcondemned,64,1
18458,December,64,0
18459,ĠStrip,64,1
18460,Ġmingled,64,0
18462,ĠDudovitz,64,0
18463,ĠSoftware,64,0
18464,ĠGreenspan,64,0
18465,ĠPiedmont,64,0
18466,Ġnortherner,64,0
18467,Ġambitious,64,0
709,Ġmu,63,4
886,Ġbo,63,82
920,vern,63,1
1000,pect,63,10
1419,Ġmo,63,33
2040,iron,63,13
2168,agg,63,19
2355,ination,63,0
2367,ples,63,30
2744,Ġsurround,63,8
2945,roy,63,1
3633,ware,63,45
3831,mas,63,2
3920,ĠDor,63,1
4262,Ġspl,63,28
4588,itation,63,0
4693,ĠHans,63,2
5395,uous,63,0
5414,ĠJose,63,1
5994,BA,63,16
6161,OU,63,49
6540,Ġcro,63,42
7087,inal,63,0
7500,ifications,63,0
7705,going,63,0
8353,tes,63,15
9197,aman,63,1
9313,Ġboo,63,29
9495,ĠTal,63,1
10182,ĠFre,63,2
10313,ĠCard,63,1
10315,Ġrust,63,35
10571,post,63,47
10577,ente,63,1
10687,hu,63,0
11034,rum,63,0
11098,aren,63,0
12554,ĠHold,63,0
12616,ĠTu,63,0
12913,Ġchop,63,92
13530,Ġhaul,63,1
13613,ĠKu,63,0
13740,sa,63,3
13837,ĠLed,63,0
14200,Ġvocal,63,3
14321,ĠBow,63,4
14394,Ġunrest,63,4
14942,feld,63,0
15471,Ġchalk,63,65
15677,ĠWonder,63,3
16127,Ġoath,63,0
16311,ĠGrey,63,99
16335,Ġcompassion,63,0
16379,ĠPowers,63,0
16595,UE,63,339
16605,Ġsq,63,5
16764,ĠBros,63,0
18470,Poor,63,0
18473,Ġaims,63,1
18474,Ġbaked,63,55
18481,Ġdental,63,4
18482,Ġdairy,63,1
18487,Ġheed,63,0
18491,seven,63,0
18493,Ġweed,63,17
18496,Ġhauled,63,2
18499,Ġkettle,63,36
18501,Ġshine,63,8
18502,Ġshipped,63,0
18504,ĠFischer,63,2
18507,Ġplunder,63,0
18516,Ġunchanged,63,0
18517,Ġovertime,63,0
18518,Ġspur,63,13
18519,Ġspun,63,2
18520,Ġsphere,63,3
18523,Ġbrake,63,24
18525,Ġemperors,63,0
18526,Ġboast,63,1
18528,Ġmonk,63,35
18529,Ġmeanwhile,63,0
18531,Ġmineral,63,0
18532,Ġmuscle,63,21
18533,ĠAllies,63,0
18537,Ġinscription,63,2
18538,Ġtriple,63,6
18539,Ġshortage,63,0
18540,Ġpresenting,63,7
18541,Ġtraveler,63,3
18542,ĠParadise,63,0
18543,Ġswear,63,1
18545,Ġsorting,63,0
18546,Ġobjections,63,0
18549,ĠAbove,63,4
18551,borough,63,0
18552,Ġexpressions,63,17
18554,Ġnationally,63,0
18555,ĠMenorca,63,0
18556,Ġalcoholism,63,0
18558,Ġfreshwater,63,0
18559,ĠDescription,63,0
18560,risk,63,0
18561,Ġstrolling,63,1
18562,Ġfoliage,63,42
18563,Ġbiological,63,1
18564,Ġmagnet,63,16
18565,Ġforgetting,63,0
18566,Ġpersisted,63,0
18567,Ġdomain,63,0
18568,ĠAnnual,63,0
18569,Ġsplashing,63,2
18573,ĠMerchant,63,0
18575,Ġgeographic,63,0
18576,ĠTourism,63,0
18577,ĠStanding,63,49
18578,ĠWilkins,63,1
18579,Ġthriller,63,0
18580,ĠTrees,63,7
18581,Ġporcelain,63,17
18582,ĠPakhangba,63,0
18583,Ġinstructed,63,0
18584,Ġfaintly,63,1
18585,Ġgodmother,63,0
18586,ĠMahal,63,0
18587,ĠCEF,63,0
18588,Ġfeeble,63,0
18589,ĠFerdinand,63,0
18590,Ġgifted,63,0
18591,Ġghosts,63,0
18592,Ġprivileges,63,0
18593,Ġbachelor,63,0
18594,Ġrelieve,63,0
18595,Ġpaddling,63,14
18597,Ġregistration,63,3
18598,Ġdiscourage,63,0
18599,Ġricher,63,0
18600,Ġreceipts,63,2
18601,Ġinduced,63,0
18602,ĠConstantine,63,0
18603,Ġdiesel,63,0
18604,Ġpedestrians,63,285
18605,Ġmarginal,63,0
18606,ĠBelgian,63,0
18607,ĠShrines,63,0
18608,Ġboilermaker,63,0
18609,ĠMacedon,63,0
18610,Ġirrelevant,63,0
18611,ĠStarting,63,0
18612,ĠTallapoosa,63,0
18613,Ġorchard,63,0
18614,Ġpeasants,63,6
18615,Ġprettiest,63,0
18616,Ġpromulgated,63,0
18617,Ġproximity,63,0
18618,Ġtranquil,63,1
18619,Ġtrifle,63,0
18620,Ġvertical,63,78
18621,ĠStrategic,63,0
18622,Ġpilgrimage,63,0
18623,ĠCzarek,63,0
18624,Ġinadequate,63,0
18625,ĠCinderella,63,1
18626,Ġoutstretched,63,85
18627,ĠAlibamu,63,0
18628,ĠGarroway,63,0
18629,ĠAbramoff,63,0
831,igh,62,8
936,Ġinv,62,0
954,lect,62,28
997,xt,62,12
1066,Ġinst,62,1
1416,alf,62,5
2020,ached,62,22
2284,ume,62,1
2926,ĠBrad,62,1
3014,ĠRich,62,1
3588,raz,62,0
3890,arily,62,0
3945,Ġpun,62,2
4496,alls,62,1
4692,ĠHum,62,3
5172,rated,62,5
6055,ĠDar,62,0
6457,chers,62,43
6790,Ġinterrupt,62,0
6959,ĠMall,62,2
7275,agn,62,2
7289,Ġmor,62,2
7329,front,62,14
8516,mond,62,1
8518,imm,62,7
8531,ĠAdd,62,2
8791,Ġgarb,62,205
8872,ĠPoll,62,1
9756,una,62,0
9939,ĠCro,62,16
10032,Se,62,1
10446,Ġvault,62,8
10704,udge,62,6
11767,urg,62,0
11819,ĠLin,62,0
12446,Ġfrank,62,3
13339,Ġexplicit,62,0
13532,ĠNash,62,2
13845,aku,62,1
13907,atus,62,0
14087,Ġneedle,62,50
14522,cat,62,5
14794,ĠDirect,62,2
15790,ĠSak,62,0
16339,Ġlavish,62,1
16527,Ġacute,62,1
16672,ĠHerod,62,0
16742,Ġwax,62,34
16920,Ġunkind,62,0
17014,election,62,0
18630,52,62,7
18631,?),62,4
18632,Any,62,1
18638,later,62,0
18639,language,62,0
18640,mi,62,1
18643,Ġions,62,0
18644,Ġtense,62,2
18648,Ġmigration,62,0
18649,Ġpans,62,30
18650,Ġposed,62,7
18651,ĠTaj,62,1
18653,Ġgilded,62,0
18657,Ġstating,62,3
18661,ĠCSR,62,0
18662,ĠMIT,62,0
18665,Ġasylum,62,0
18667,ĠPG,62,0
18670,ĠPence,62,0
18671,Ġkitten,62,79
18672,Ġshades,62,115
18673,ĠFreedom,62,1
18674,ĠDome,62,0
18675,ĠDays,62,0
18677,Ġchooses,62,0
18679,Ġplausible,62,0
18680,ĠLoki,62,0
18681,ĠRound,62,17
18682,ĠRacing,62,2
18686,Ġsoaked,62,3
18687,Ġsocks,62,322
18688,Ġalleys,62,0
18690,Ġally,62,10
18692,Ġ1914,62,0
18693,Ġlikewise,62,0
18696,ĠKate,62,0
18698,Ġrosy,62,5
18703,Ġunicycle,62,40
18705,ĠSheldon,62,2
18706,Ġbackdrop,62,75
18708,Ġcrude,62,2
18710,Ġheadache,62,1
18711,Ġsworn,62,0
18713,Ġinterval,62,0
18714,Ġlocate,62,0
18717,Ġmilitia,62,0
18719,Ġorganizing,62,0
18720,Ġinfo,62,2
18721,Ġpeered,62,0
18722,Ġfireman,62,38
18724,Ġsoundly,62,0
18725,ĠBarik,62,0
18726,Ġdearly,62,0
18727,Ġremembering,62,0
18728,Ġhusbands,62,1
18729,Ġsettling,62,0
18730,Ġeducate,62,0
18732,ĠRomania,62,1
18733,Ġkidding,62,1
18735,Ġpressures,62,0
18736,Ġforgiveness,62,0
18737,ĠOtherwise,62,0
18738,Ġthreaten,62,0
18740,Ġcolonists,62,0
18742,Ġconsistency,62,0
18743,ĠWindermere,62,0
18744,Ġcupboard,62,5
18746,Ġinvestigators,62,0
18747,Ġspectrum,62,0
18748,Ġvegetarian,62,7
18749,Ġbonus,62,0
18750,Ġremembrance,62,0
18751,Ġethical,62,0
18752,ĠBuilt,62,0
18753,Ġattendant,62,11
18754,Ġexcitedly,62,3
18757,ĠProfessional,62,15
18758,ĠEconomics,62,0
18760,Ġreminds,62,0
18761,ĠSao,62,0
18762,Ġemphasize,62,0
18763,ĠCritical,62,0
18764,ĠDenmark,62,0
18765,ĠDodd,62,0
18766,ĠElijah,62,0
18767,Ġrewarded,62,0
18768,ĠRodrigo,62,0
18769,Ġsimpler,62,0
18770,Ġconstitute,62,0
18771,Ġnegotiate,62,0
18772,Ġtchi,62,0
18773,Ġweighs,62,0
18774,Ġtoxicity,62,0
18775,ĠVarious,62,129
18776,Ġrefreshing,62,6
18777,Ġdictator,62,0
18778,ĠRaphael,62,0
18779,Ġvariations,62,0
18780,ĠAuthority,62,0
18781,ĠCatalonia,62,0
18782,Ġaccumulated,62,0
18783,Ġfossils,62,13
18785,Ġexcursion,62,0
18786,Ġillustrates,62,0
18787,Ġfrankly,62,0
18788,ĠJunior,62,7
18789,ĠDomestic,62,0
18790,Ġworshipped,62,0
18791,ĠTibetan,62,6
18792,Ġharassment,62,0
18793,Ġpleasantly,62,0
18794,ĠArnold,62,0
18795,Ġescalator,62,39
18796,Ġpremiered,62,0
18797,ĠVaughan,62,0
18799,Ġenergetic,62,1
18800,ĠNorwegian,62,0
18801,Ġammunition,62,2
18802,ĠSimpson,62,0
18803,Ġunincorporated,62,0
575,ect,61,3
1092,oney,61,2
1589,aper,61,7
1713,ience,61,1
1915,mp,61,46
1969,Ġbab,61,13
2246,aving,61,3
2431,Ġdin,61,44
2699,bur,61,5
2777,ĠFin,61,2
3193,ken,61,6
3368,uel,61,2
3517,olly,61,1
3730,ugg,61,22
3909,Ġur,61,37
3934,usion,61,10
4303,Ġreb,61,1
4453,apt,61,76
5021,ĠStand,61,7
5536,ĠDO,61,108
5613,vis,61,9
5744,aming,61,2
5972,Ġsubs,61,0
6006,ĠMos,61,1
6491,III,61,1
6743,anche,61,0
6811,Ġwid,61,7
6931,Ġprompt,61,1
7281,Ġbrill,61,0
7413,etic,61,2
7735,Ġhom,61,0
7935,Ġmanufacture,61,0
8402,rich,61,0
8435,ailed,61,0
8681,okes,61,8
10932,Ġsway,61,1
10934,oria,61,1
10986,aco,61,32
11230,ĠUr,61,0
11536,LL,61,62
11622,olds,61,4
12041,uting,61,0
12312,SE,61,184
12370,De,61,2
12445,ĠHan,61,1
12695,ĠLiving,61,3
12973,ĠBorn,61,0
13542,ĠInn,61,4
13858,Ġmoist,61,1
14329,cker,61,92
14466,Ġindirect,61,0
14693,ALL,61,209
15243,ĠJam,61,1
16409,Ġattain,61,0
16593,Ben,61,0
16940,Ġsnap,61,7
17037,ĠID,61,13
18804,?--,61,0
18805,Mrs,61,0
18807,Wow,61,0
18810,rat,61,20
18811,Ġtumbled,61,0
18812,Ġtrenches,61,0
18813,Ġwoven,61,29
18816,Ġcork,61,57
18817,Ġfencing,61,32
18819,Ġpubs,61,0
18820,Ġpneumonia,61,0
18821,Ġhoops,61,26
18822,Ġinappropriate,61,0
18823,Ġlanes,61,24
18825,Ġyoga,61,23
18828,ĠSorry,61,5
18829,Ġstunned,61,2
18833,ĠCash,61,1
18837,Ġanthem,61,2
18839,Ġwhale,61,23
18840,ĠHHS,61,0
18841,ĠHousing,61,0
18850,Ġchilly,61,2
18851,ĠNora,61,0
18855,ĠGross,61,0
18859,Ġora,61,0
18861,Ġleaked,61,0
18863,Ġworms,61,1
18864,Ġgoats,61,53
18865,ĠHey,61,4
18866,ĠOwen,61,1
18868,Ġclinging,61,1
18873,Ġriots,61,0
18875,Ġreside,61,0
18877,Ġscales,61,5
18880,Ġdesks,61,100
18882,Ġfolly,61,0
18883,Ġrelies,61,0
18884,Ġconsume,61,0
18885,Ġcourthouse,61,0
18886,Ġstartling,61,0
18887,ĠMario,61,0
18888,Ġinteraction,61,0
18889,Ġinteractive,61,4
18890,Ġpaycheck,61,0
18891,Ġcurved,61,56
18892,Ġ53,61,13
18895,Ġcreeping,61,2
18896,ĠEdition,61,0
18901,Ġcamped,61,0
18902,Ġvet,61,1
18903,ĠPrado,61,0
18904,Ġtrio,61,47
18905,Ġcontinental,61,1
18906,Ġsentencing,61,0
18907,ĠColin,61,1
18909,Ġ125,61,0
18910,ĠBaron,61,0
18912,ĠActress,61,0
18914,Ġlabels,61,5
18915,ĠXI,61,0
18916,ĠHousehold,61,4
18917,Ġarrives,61,0
18918,ĠGene,61,0
18919,Ġassisting,61,1
18920,Ġfastest,61,0
18921,ĠPalma,61,0
18922,Ġtreatments,61,0
18923,Ġhilltop,61,4
18924,Ġwestward,61,0
18925,Ġstarving,61,1
18926,ĠMadame,61,0
18927,ĠCourts,61,0
18928,ĠParker,61,0
18929,Ġeldest,61,1
18930,ĠComments,61,0
18932,Ġarchitects,61,3
18933,Ġcommentary,61,0
18934,Ġtelegraph,61,14
18935,ĠFortress,61,0
18936,Ġbullion,61,0
18938,ĠMercedes,61,16
18939,Ġexperiencing,61,0
18940,Ġgroaned,61,0
18941,Ġbaths,61,1
18942,Ġsummons,61,0
18943,Ġcontacts,61,0
18945,ĠCorrect,61,0
18946,Ġmechanics,61,7
18947,Ġatmospheric,61,0
18948,ĠKarl,61,1
18949,ĠDarry,61,0
18950,Ġhesitate,61,0
18951,ĠWoodward,61,0
18952,Ġtorches,61,13
18953,ĠCosts,61,0
18954,ĠHomeland,61,0
18956,ĠNOX,61,0
18958,ĠSavoy,61,0
18959,Ġsanctions,61,0
18960,Ġpurely,61,1
18961,Ġrecycled,61,0
18962,Ġsubsidies,61,0
18963,Ġsimplicity,61,0
18964,Ġcomedies,61,0
18965,Ġdiameter,61,0
18966,Ġaccomplishments,61,0
18967,ĠOakland,61,5
18968,Ġgymnasium,61,13
18969,Ġgrimly,61,0
18970,ĠHurricane,61,0
18971,Ġpyramids,61,0
18972,ĠFelipe,61,0
18973,ĠCardinal,61,1
18974,Ġcollaboration,61,0
18975,ĠKamakura,61,0
18976,Ġeruption,61,0
18977,Ġluncheon,61,0
18979,ĠCadet,61,0
18980,Ġvibrant,61,37
18982,Ġdischarge,61,0
18983,ĠWarden,61,0
18984,Ġspecimens,61,2
18986,Ġdisadvantage,61,0
18988,ĠFenner,61,0
18989,Ġtheatrical,61,3
18992,ĠSophia,61,0
18995,Ġhorizontal,61,101
18996,Ġtragic,61,0
18997,ĠNetscape,61,0
18998,ĠLiverpool,61,2
837,Ġcomm,60,12
1759,dle,60,20
1985,Ġfil,60,7
2175,Ġtot,60,11
2814,olf,60,2
3053,oose,60,29
3136,isions,60,12
3144,iced,60,45
3602,iny,60,15
3717,Ġpred,60,0
4395,ĠSat,60,0
5962,ĠRom,60,1
6037,lying,60,0
6074,igan,60,65
6664,ube,60,9
6685,ĠNO,60,98
7398,anta,60,48
8270,ĠCarl,60,0
8281,fare,60,0
8332,ĠBed,60,51
8376,RO,60,47
8919,spe,60,0
9757,ĠNag,60,0
9871,BO,60,58
10853,ĠAP,60,43
12618,Ġrecl,60,91
12787,ĠPrim,60,2
13171,Ġthirst,60,1
13336,ĠWhit,60,7
13763,eled,60,68
14436,uke,60,2
14551,Ġplum,60,21
14842,ĠRun,60,3
15216,bin,60,0
15675,ĠPE,60,17
15763,aa,60,2
15816,issa,60,2
15888,Man,60,3
16241,ĠSor,60,0
16359,arl,60,0
16510,ĠWat,60,1
16676,Ġbreakdown,60,0
16819,ĠJesuit,60,0
16891,ĠIC,60,1
16926,ĠView,60,3
19001,94,60,2
19003,Drew,60,0
19004,Rosy,60,0
19006,bach,60,0
19007,conscious,60,1
19008,fired,60,0
19011,pop,60,3
19014,range,60,1
19017,Ġtigers,60,1
19018,hey,60,1
19019,Ġtheft,60,0
19024,Ġcrose,60,0
19029,Ġmow,60,2
19030,Ġmills,60,0
19031,Ġtopped,60,73
19032,ĠTheory,60,1
19038,Ġstooped,60,2
19042,ĠCemetery,60,0
19045,ĠBrett,60,0
19047,Ġraced,60,0
19048,Ġseize,60,0
19049,Ġsealed,60,3
19051,Ġdeity,60,0
19056,ĠLubbock,60,0
19057,ĠGutenberg,60,0
19061,Ġmeadow,60,21
19062,Ġtracking,60,0
19064,Ġsheriff,60,3
19065,aceae,60,0
19066,Ġclad,60,32
19071,Ġcoarse,60,2
19075,Ġinviting,60,1
19076,Ġinvention,60,1
19077,Ġmustache,60,234
19078,Ġgovernance,60,0
19081,Ġmarriages,60,0
19082,ĠAlliance,60,1
19086,ĠManning,60,0
19087,Ġprofiles,60,0
19088,Ġwalled,60,3
19090,ĠBarr,60,1
19091,Ġrecordings,60,0
19092,Ġprotects,60,2
19093,Ġinflatable,60,102
19095,Ġpublisher,60,0
19096,Ġattracts,60,0
19097,Ġdrinkers,60,0
19098,Ġcleaner,60,18
19099,Ġcredited,60,0
19104,Ġreportedly,60,0
19106,Ġsenators,60,0
19107,Ġbelongings,60,81
19108,ĠRooney,60,0
19109,Ġverify,60,0
19111,ĠChurchill,60,0
19113,ĠArabian,60,5
19114,Ġ1865,60,0
19115,Ġreactions,60,0
19117,Ġcolumnist,60,0
19118,Ġremembers,60,0
19119,Ġattendance,60,0
19120,Ġheavier,60,8
19121,Ġcalculations,60,0
19122,Ġminorities,60,0
19123,ĠDuomo,60,0
19124,Ġponds,60,0
19125,Ġvolunteered,60,0
19126,Ġidiot,60,6
19127,ĠSavannah,60,0
19128,Ġindicator,60,2
19129,Ġsnowboarding,60,49
19130,Ġpredictions,60,0
19131,ĠFairview,60,0
19132,Ġbroadcasting,60,0
19133,Ġlegends,60,0
19134,Ġeligibility,60,0
19135,Ġelevation,60,1
19136,Ġselecting,60,2
19137,Ġassassination,60,0
19138,Ġvigorous,60,0
19140,ĠPolitics,60,0
19141,ĠPollard,60,0
19142,Ġclowns,60,39
19143,Ġunlocked,60,0
19146,Ġcobbled,60,15
19147,Ġinduce,60,0
19148,ĠLisa,60,16
19149,ĠAkbar,60,0
19150,Ġlanterns,60,83
19151,Ġembarrassed,60,0
19152,Ġconfronted,60,0
19153,ĠAPHIS,60,0
19154,ĠFleming,60,0
19155,Ġtaxpayer,60,0
19156,Ġmajestic,60,4
19157,Ġresentment,60,0
19158,ĠVikings,60,2
19159,Ġgreedy,60,0
19160,Ġspokesman,60,0
19162,Ġsocieties,60,0
19164,Ġvigorously,60,0
19165,ĠBarker,60,1
19166,ĠPowell,60,2
19167,Ġbounty,60,8
19168,ĠWhistling,60,0
19169,ĠYokohama,60,0
19170,Ġenquired,60,0
19171,ĠVeterans,60,0
19172,ĠGiovanni,60,0
19173,Ġbizarre,60,0
768,ather,59,14
1132,Ġser,59,6
1521,stand,59,44
1775,raw,59,2
2550,iol,59,18
2762,Ġaut,59,4
2883,tered,59,8
3058,ems,59,2
3515,ims,59,13
3646,ements,59,14
4114,Ġtele,59,0
4653,iation,59,0
4694,Ġemb,59,0
6486,ĠKy,59,0
6494,Ġinterpret,59,2
7045,ĠVill,59,15
7586,ĠCow,59,75
7716,ĠNat,59,1
7775,ĠUt,59,3
8055,ags,59,17
8378,sm,59,5
8448,nie,59,13
8755,ridge,59,0
8960,ĠBarb,59,11
9937,utt,59,4
10067,ded,59,45
10305,din,59,0
10347,lee,59,27
10541,ĠSem,59,5
10700,usc,59,2
11033,po,59,1
11141,Ġdistract,59,0
11609,ĠPaper,59,1
12270,acked,59,5
12709,aze,59,24
13136,ĠPrior,59,0
13568,Ġhymn,59,0
13829,ĠCrow,59,1
14232,Ġhaw,59,22
14380,Ġgi,59,5
14833,cha,59,2
15325,UL,59,37
15367,ĠKaw,59,9
15496,Ġcreep,59,7
15563,ĠTalk,59,0
15746,ĠConcord,59,0
15786,Ġbean,59,104
16005,green,59,63
17343,help,59,0
17349,ĠMontana,59,6
19178,Certainly,59,0
19179,John,59,0
19181,Vaud,59,0
19182,cost,59,0
19192,Ġpel,59,35
19193,Ġpuck,59,49
19199,Ġlick,59,4
19203,Ġhealing,59,0
19206,Ġstain,59,70
19213,Ġshocking,59,1
19215,ĠDana,59,0
19216,Ġprose,59,0
19217,ĠLena,59,0
19219,ĠGor,59,0
19220,ĠRiding,59,2
19224,Ġsocially,59,0
19226,Ġoutreach,59,1
19228,ĠOst,59,0
19230,ĠYeltsin,59,0
19232,Ġwhence,59,0
19234,ĠStumpy,59,0
19236,Ġunity,59,0
19237,Ġoveralls,59,113
19243,Ġyoungster,59,5
19244,ovi,59,0
19245,Ġdiffering,59,1
19246,Ġboating,59,1
19248,Ġfamine,59,0
19250,Ġsubstances,59,1
19252,ĠAndre,59,2
19254,ĠClimate,59,0
19255,ĠSomebody,59,3
19256,Ġnightmare,59,0
19257,ĠForum,59,1
19258,Ġcompleting,59,0
19260,Ġwares,59,82
19262,ĠEddie,59,0
19263,Ġpeering,59,8
19265,Ġparcels,59,8
19268,ĠCommander,59,0
19269,Ġgenerators,59,0
19270,Ġsuccesses,59,0
19272,Ġlayout,59,1
19273,Ġhurdle,59,51
19274,Ġcompetitions,59,0
19275,Ġhopeful,59,0
19276,Ġharp,59,18
19279,Ġjudgments,59,0
19280,Ġcoasts,59,0
19281,ĠFinland,59,0
19283,Ġfavorites,59,0
19284,Ġrisky,59,0
19285,Ġcopied,59,0
19287,ĠQuite,59,0
19288,ĠQuick,59,1
19289,Ġregulate,59,0
19290,Ġgrantee,59,0
19291,ĠSerbs,59,0
19292,Ġassociates,59,0
19295,Ġsmoked,59,1
19299,ĠBrock,59,0
19301,Ġ1862,59,0
19302,Ġspectacle,59,4
19303,Ġdefeating,59,0
19304,ĠSpeaker,59,0
19305,Ġgeographical,59,0
19307,Ġestablishments,59,0
19309,Ġcasually,59,74
19311,Ġdeliveries,59,0
19312,ĠBasel,59,0
19314,Ġbronchitis,59,0
19315,Ġterrorist,59,2
19318,Ġsmoothly,59,0
19319,Ġhurriedly,59,0
19320,ĠSaviour,59,0
19321,ĠSeeing,59,0
19322,Ġtornado,59,0
19323,Ġdisclosed,59,0
19325,Ġdimly,59,12
19326,Ġrebuild,59,0
19327,Ġundertaking,59,0
19328,Ġbargaining,59,0
19330,Ġadequately,59,0
19331,Ġborrowed,59,0
19332,Ġdrunken,59,3
19333,ĠIndustry,59,0
19334,ĠAdditional,59,0
19335,Ġhoodie,59,488
19336,Ġdeposits,59,0
19337,Ġunlimited,59,0
19338,ĠFurthermore,59,0
19340,Ġcobalt,59,5
19341,Ġupdate,59,0
19342,Ġriches,59,0
19343,Ġrichest,59,0
19344,Ġunemployed,59,0
19345,ĠVincent,59,1
19346,Ġsynagogue,59,1
19348,Ġlabeled,59,61
19349,Ġamidst,59,2
19350,ĠNagasaki,59,0
19351,Ġresemblance,59,1
19352,Ġmaiden,59,2
19353,Ġtubes,59,31
19354,Ġkayak,59,86
19355,Ġcorps,59,0
19357,ĠGanga,59,0
19358,ĠOfficers,59,0
19359,ĠMullins,59,0
19360,ĠTerritories,59,0
19361,ĠCommercial,59,3
19362,Ġwallet,59,46
19363,Ġprecipitation,59,0
19364,ĠBrief,59,0
19365,ĠHigher,59,3
19366,Ġsqueeze,59,3
19367,ĠDigital,59,1
19368,Ġpursuant,59,0
19369,ĠPrussia,59,0
19370,Ġlaser,59,12
19371,ĠDawson,59,0
19372,Ġvoiced,59,0
19373,ĠBeautiful,59,11
19374,Ġadorned,59,6
19375,Ġvexed,59,0
19376,Ġinconsistent,59,0
19377,Ġalligator,59,24
19378,ĠCircuit,59,1
19379,Ġfatigue,59,2
19380,Ġprocurement,59,0
19381,Ġairline,59,18
19382,Ġpajamas,59,137
19383,ĠGinsburg,59,0
19384,ĠPhyllis,59,0
19385,ĠKramenin,59,0
1558,elt,58,3
2261,ĠĠĠĠĠĠĠĠĠĠĠĠĠĠĠĠ,58,0
2758,owers,58,6
3779,ller,58,10
3897,bre,58,41
4046,aching,58,2
5051,ĠLat,58,0
5099,pping,58,9
5232,Ġrestrict,58,0
6378,aters,58,25
6937,pan,58,50
8945,Ġing,58,5
9134,ĠAut,58,1
9430,ĠVin,58,1
9454,ĠHur,58,2
9611,ĠGran,58,1
9751,Ġcant,58,131
10073,omo,58,0
10401,izz,58,17
10760,Ġconfront,58,2
11948,oda,58,6
12694,ĠDom,58,5
14092,Ġextract,58,0
14129,orf,58,0
14441,Ġpunch,58,40
15369,Ġslap,58,1
15502,ĠWillis,58,0
15613,Ġadmiring,58,2
16271,Ġscorn,58,1
16872,VER,58,80
17335,ĠProcess,58,0
17400,Ġ----,58,1
17405,Ġni,58,0
19387,BLE,58,216
19392,bird,58,16
19394,hot,58,19
19395,hours,58,0
19408,Ġbred,58,4
19410,Ġinjustice,58,0
19412,Ġlumber,58,26
19413,Ġgaming,58,8
19414,ĠAqu,58,3
19416,ĠAbe,58,0
19419,Ġbeverage,58,110
19420,Ġbegging,58,1
19421,Ġhello,58,11
19424,ĠSE,58,96
19425,Ġweaker,58,0
19430,ĠMae,58,0
19433,ĠPine,58,4
19434,Ġrape,58,1
19435,Ġseating,58,64
19436,Ġneon,58,183
19437,Ġframed,58,79
19439,ĠNy,58,0
19440,ĠNine,58,106
19441,ĠLC,58,7
19445,ĠJalan,58,0
19446,ĠJasmine,58,1
19447,Ġvows,58,0
19449,Ġintensive,58,0
19450,Ġintriguing,58,0
19451,ods,58,12
19452,Ġ1913,58,0
19453,ĠYale,58,0
19458,ĠUCI,58,0
19460,Ġovernight,58,1
19463,ĠChampion,58,0
19465,Ġdisbanded,58,0
19466,Ġrip,58,2
19467,ĠVideo,58,1
19468,perhaps,58,0
19469,Ġparting,58,1
19470,Ġscent,58,0
19471,Ġsmarter,58,0
19474,Ġfloral,58,344
19475,Ġnewborn,58,23
19476,Ġdesolate,58,3
19477,Ġrightly,58,1
19480,Ġfinals,58,1
19482,Ġheadline,58,4
19485,Ġfries,58,162
19486,ĠMarines,58,13
19487,Ġartisans,58,0
19488,Ġmodification,58,0
19489,Ġfrontier,58,2
19491,Ġcommunicating,58,1
19493,ĠEdgerton,58,0
19494,Ġdevelopments,58,0
19495,Ġinfinite,58,0
19499,Ġdelays,58,0
19500,Ġmidday,58,0
19501,ĠPhone,58,9
19502,ĠTracy,58,0
19504,Ġsweaters,58,90
19505,Ġactivists,58,10
19506,ĠGeorgetown,58,0
19508,ĠGods,58,0
19509,Ġbuyer,58,0
19510,Ġspecialist,58,0
19511,Ġcomplaining,58,0
19512,Ġfortnight,58,0
19513,ĠFinance,58,0
19514,Ġmountainous,58,15
19515,ĠMedici,58,0
19516,Ġsightseeing,58,7
19519,Ġestablishes,58,0
19521,Ġcelebrations,58,0
19522,Ġfreight,58,10
19523,ĠGlobal,58,1
19524,ĠComing,58,0
19525,Ġdisputes,58,0
19526,Ġlengthy,58,0
19527,Ġcommanding,58,0
19533,Ġ603,58,1
19534,Ġmosques,58,0
19535,ĠApaches,58,0
19536,Ġcomparative,58,0
19537,ĠDouble,58,14
19538,Ġpausing,58,0
19539,Ġthrilling,58,0
19540,Ġdefender,58,9
19541,Ġ1908,58,5
19542,Ġdemonstrations,58,0
19543,Ġprofessionally,58,15
19544,Ġconsulting,58,0
19547,Ġsympathetic,58,0
19548,Ġjerseys,58,303
19549,Ġfolklore,58,0
19550,ĠStatement,58,0
19552,ĠVietnamese,58,8
19553,Ġemphasized,58,0
19554,Ġdisclose,58,0
19556,ĠBackground,58,6
19557,Ġincorporate,58,0
19558,Ġfragment,58,1
19559,Ġcoco,58,3
19560,ĠDunn,58,0
19561,Ġrevolutionary,58,0
19562,Ġexploit,58,0
19563,Ġprosperous,58,0
19564,Ġkilometres,58,0
19565,ĠBronx,58,0
19566,Ġswimsuit,58,90
19567,Ġcrouching,58,121
19568,ĠRhine,58,0
19569,Ġisolation,58,0
19571,Ġinefficient,58,0
19572,ĠBeatty,58,0
19573,Ġsummarized,58,0
19575,Ġreptiles,58,2
19576,ĠGenerally,58,0
19578,Ġcynical,58,0
19579,ĠPractices,58,0
19580,Ġdolphins,58,9
19582,Ġmascot,58,19
19584,ĠLadies,58,13
19585,ĠScreening,58,0
19586,Ġcinemas,58,0
19587,Ġcumulative,58,0
19589,ĠSugar,58,7
19591,Ġfederally,58,0
19592,Ġsubdued,58,1
19593,ĠMoffat,58,0
19594,Ġracetrack,58,44
19595,ĠKrugman,58,0
19596,ĠCromwell,58,0
1631,Ġprof,57,1
1941,oman,57,80
2138,ept,57,2
2301,ressed,57,4
3957,itude,57,0
3958,ounds,57,0
4292,ĠVen,57,1
5308,apa,57,1
5500,ault,57,3
6177,owned,57,5
6268,Ġimper,57,0
7435,ĠOp,57,1
7898,Ġjewel,57,44
9231,Ġstab,57,3
10004,erb,57,7
10536,Ġpad,57,65
11181,ĠFle,57,0
11354,rise,57,1
11404,Ġgorge,57,2
11815,ĠBox,57,12
12043,ĠCH,57,78
12255,lu,57,6
12452,weight,57,14
12487,itudes,57,0
12675,Gu,57,0
13361,Ġconquer,57,0
13862,Ġpeep,57,8
13903,lon,57,1
13969,ĠElectric,57,3
14157,Ġdiscretion,57,0
14531,isa,57,2
14633,Ġbos,57,2
15021,ĠWH,57,563
15032,Ġtrot,57,0
15043,inted,57,8
15119,face,57,16
15157,Ġflank,57,4
15286,ĠGlass,57,114
15365,aky,57,2
15653,Pro,57,0
15789,ĠSU,57,66
16228,88,57,1
16486,pre,57,2
16487,pat,57,13
16979,Ġconceal,57,0
17021,sw,57,13
17266,With,57,0
17301,ĠFisher,57,3
17614,Ġdevote,57,0
17642,Ġfrost,57,245
19598,Best,57,0
19608,past,57,0
19612,Ġ{,57,2
19613,Ġtier,57,21
19615,Ġwrought,57,14
19616,Ġcured,57,0
19620,Ġfits,57,1
19621,Ġhides,57,6
19624,Ġlining,57,7
19625,ĠIvan,57,0
19629,Ġheel,57,14
19634,amer,57,14
19638,ĠBou,57,1
19641,Ġnoticing,57,1
19642,Ġnotorious,57,0
19643,"Ġ"""".",57,0
19644,ĠPale,57,11
19652,ĠGoya,57,0
19654,Ġlease,57,7
19655,Ġherbs,57,30
19661,Ġclaws,57,3
19663,Ġdonate,57,3
19665,Ġpristine,57,5
19666,ĠChuck,57,0
19667,Ġpartition,57,8
19668,Ġscouts,57,50
19669,Ġimports,57,0
19671,Ġslipping,57,0
19673,Ġwaterfalls,57,6
19674,Ġglove,57,292
19675,Ġglobe,57,29
19676,Ġdistressed,57,2
19677,Ġ1812,57,0
19679,ĠReally,57,0
19680,ĠReese,57,0
19681,Ġridden,57,136
19682,Ġmaturity,57,0
19684,Ġwaiter,57,35
19686,Ġdirecting,57,5
19687,Ġpresenter,57,2
19688,Ġmemorable,57,0
19689,ĠHarcourt,57,0
19690,Ġbrighter,57,14
19693,Ġtrader,57,0
19694,Ġhaircut,57,86
19695,Ġclimber,57,55
19696,ĠMinutes,57,1
19698,Ġgrandchildren,57,2
19699,ĠGoddess,57,0
19700,Ġ140,57,1
19701,Ġpickup,57,123
19702,Ġperfection,57,0
19706,Ġskyline,57,16
19707,Ġstraightened,57,2
19708,Ġdestroyers,57,0
19709,ĠSaints,57,1
19710,Ġcombine,57,0
19711,Ġcomforted,57,1
19712,Ġnoticeable,57,2
19715,Ġstrolled,57,0
19716,Ġstrode,57,0
19718,Ġcabins,57,3
19719,Ġmixing,57,23
19721,ĠDiscovery,57,0
19722,Ġinvestigated,57,1
19723,ĠVenus,57,0
19724,Ġbounded,57,1
19725,Ġessays,57,0
19726,Ġlogo,57,223
19727,Ġdebates,57,0
19728,Ġrevealing,57,7
19729,ĠGarland,57,0
19730,Ġmandated,57,0
19732,ĠNorfolk,57,0
19733,Ġcalculation,57,0
19734,ĠSoviets,57,0
19735,Ġvastly,57,0
19736,Ġdemonstrates,57,0
19737,Ġdemonstrating,57,1
19738,Ġfaults,57,0
19741,Ġindicators,57,2
19743,ĠStatistical,57,0
19744,ĠWhenever,57,0
19745,Ġembracing,57,7
19746,Ġinspecting,57,5
19748,Ġasserted,57,0
19749,Ġrotten,57,5
19750,ĠLiberal,57,0
19751,Ġweighing,57,2
19752,Ġadoption,57,0
19754,ĠFelgate,57,0
19755,ĠBateman,57,0
19757,ĠProposed,57,0
19758,ĠJenkins,57,0
19759,Ġgymnastics,57,10
19760,Ġlandmarks,57,0
19761,ĠChinaman,57,0
19762,ĠDominican,57,0
19763,ĠPublishers,57,0
19764,Ġhedge,57,37
19765,ĠArchaeological,57,0
19767,Ġprejudice,57,0
19768,Ġmetaphor,57,0
19769,Ġnonexchange,57,0
19771,Ġsalamander,57,0
19772,ĠSalvador,57,0
19773,Ġeyebrows,57,10
19774,ĠSteele,57,0
19775,Ġmarvellous,57,0
19776,ĠLumpur,57,0
995,omm,56,29
1409,Ġaff,56,3
1688,ird,56,38
2074,Ġmer,56,20
2155,ĠTH,56,39
3256,ift,56,19
3294,come,56,0
3333,Ġcomb,56,21
3466,Ġsav,56,7
4177,hest,56,41
4267,anks,56,1
4391,ĠGre,56,3
5310,Ġpa,56,2
5603,ĠCass,56,0
5904,ĠBas,56,1
6881,ĠCE,56,5
7347,urb,56,0
7655,Ġaccord,56,5
8471,illing,56,21
8497,ushes,56,19
8513,FC,56,4
8690,oa,56,1
8829,Ġunb,56,5
9364,Ġerect,56,0
9694,iat,56,1
9721,Ġbun,56,240
10033,hill,56,1
10105,urt,56,3
10186,ĠChair,56,209
10275,Ġcock,56,34
10440,ĠCy,56,2
10698,rob,56,2
10805,bound,56,1
11310,ressing,56,2
11353,py,56,43
11620,Ġfeather,56,51
11937,adi,56,0
12054,ĠVe,56,4
12193,TON,56,12
12683,Ġmac,56,99
13005,Ġbankrupt,56,0
13248,usa,56,0
13918,ĠCete,56,0
14029,ĠMeet,56,0
14328,achi,56,23
14742,ĠPack,56,1
15800,Ġshaft,56,5
16111,Ġorphan,56,0
16238,Ġgown,56,85
16279,Ġdisturb,56,0
16347,bag,56,92
17307,ĠGun,56,0
17562,Ġserene,56,2
19777,",[",56,0
19778,85,56,1
19779,86,56,3
19780,87,56,3
19781,Ay,56,0
19782,Bessie,56,0
19790,non,56,0
19791,new,56,0
19796,Ġtile,56,82
19797,Ġtiled,56,34
19798,rell,56,3
19799,Ġsane,56,0
19806,Ġnigh,56,0
19807,Ġnuns,56,6
19809,Ġgout,56,0
19812,Ġbees,56,7
19813,Ġreigned,56,0
19814,Ġhears,56,0
19818,Ġstark,56,0
19823,Ġka,56,0
19824,Ġrated,56,0
19825,Ġrained,56,1
19827,Ġdeceived,56,0
19829,ĠDanny,56,0
19831,Ġplight,56,0
19833,ĠRules,56,0
19834,ĠRoute,56,0
19836,Ġvoid,56,1
19837,Ġalign,56,1
19843,Ġroast,56,23
19847,Ġspit,56,2
19848,Ġammonia,56,0
19850,Ġbrushing,56,169
19852,Ġpoets,56,0
19854,Ġcrimson,56,6
19856,Ġfoam,56,60
19858,ĠAsians,56,36
19860,Ġrelates,56,0
19861,Ġregained,56,0
19862,Ġpolished,56,4
19864,Ġsuppressed,56,0
19865,Ġyearlings,56,0
19867,Ġwarmer,56,1
19869,Ġairfield,56,4
19872,Ġaviation,56,2
19873,ĠPrinces,56,0
19874,Ġloads,56,5
19878,ĠHero,56,2
19881,Ġcapitalism,56,0
19884,ĠUSO,56,0
19886,Ġsimilarities,56,0
19887,Ġdefinitions,56,0
19888,Ġattracting,56,1
19889,ĠPortland,56,3
19890,Ġparticipant,56,9
19891,Ġcredible,56,0
19892,ĠLouise,56,0
19893,Ġstructured,56,0
19896,month,56,0
19897,ĠPatton,56,0
19898,Ġconnecting,56,1
19899,ĠGloria,56,0
19900,Ġseniors,56,15
19901,Ġfreshman,56,1
19903,Ġstreaming,56,2
19904,Ġrequesting,56,0
19905,Ġbiased,56,0
19906,Ġspeeds,56,4
19907,ĠBelize,56,0
19908,Ġchemist,56,0
19910,blue,56,46
19911,ITY,56,4
19913,Ġkisses,56,7
19914,Ġrevered,56,0
19916,Ġlawns,56,1
19917,ĠTournament,56,0
19918,ĠProvidence,56,0
19919,ĠAnyway,56,0
19920,Ġshelters,56,1
19922,Ġunclear,56,0
19923,ĠCoroner,56,0
19924,Ġsplendor,56,0
19925,ĠSidney,56,0
19926,Ġ1905,56,0
19927,ĠNortheast,56,0
19928,Ġcontributing,56,0
19929,Ġconsultation,56,0
19930,ĠPete,56,0
19932,Americans,56,1
19933,Ġimperfect,56,0
19934,Ġinnocence,56,0
19935,Ġindicating,56,5
19936,Ġhabitat,56,1
19937,ĠVolume,56,0
19938,ĠLuis,56,0
19940,Ġmurmur,56,0
19942,Ġworkshop,56,6
19944,Ġsponsor,56,2
19945,Ġinventory,56,0
19946,ĠSaxon,56,0
19947,Ġunexpectedly,56,0
19948,Ġhikes,56,4
19949,Ġfertility,56,0
19950,Ġhints,56,3
19951,ĠIdaho,56,0
19952,Ġoutlined,56,6
19953,Ġswallow,56,0
19954,Ġfulfilled,56,0
19955,ĠRulemaking,56,0
19956,ĠBrandon,56,0
19957,Ġconjunction,56,0
19959,ĠPilot,56,2
19961,ĠBoxer,56,0
19962,Ġparagraphs,56,1
19964,Ġprestigious,56,0
19965,ĠHMOs,56,0
19966,ĠAbsolutely,56,0
19967,Ġilluminated,56,19
19969,ĠHonsh,56,0
19970,ĠNigeria,56,0
19971,ĠWordsworth,56,0
19972,Ġhoofs,56,4
19973,ĠAppeals,56,1
19974,ĠUNESCO,56,0
19975,ĠTuscany,56,0
19976,ĠMonastery,56,0
19977,Ġcamouflage,56,181
19978,Ġsubscribers,56,0
19979,Ġgrandparents,56,4
19980,Ġmelancholy,56,0
714,irl,55,26
1333,Ġspec,55,21
1790,ĠComm,55,1
2132,Ġprep,55,3
2159,ĠEuro,55,0
2194,Ġdiv,55,1
4524,uated,55,0
4642,bles,55,15
4699,Ġren,55,2
5302,craft,55,13
5562,ĠProf,55,6
6017,Ġdial,55,20
6557,roll,55,3
6848,rep,55,0
8899,ĠCorn,55,4
9038,ibi,55,0
9397,Ġfer,55,27
10101,Ġsar,55,45
10212,olas,55,2
10352,ĠCos,55,0
10360,asted,55,5
10588,nell,55,0
11044,Ġrack,55,203
11231,ints,55,3
12155,ĠEnt,55,1
12436,inter,55,12
12448,ĠGra,55,2
12501,inder,55,78
12678,bling,55,3
13096,Ġlas,55,24
13385,len,55,2
13514,CK,55,163
13526,asi,55,0
13930,agi,55,1
15001,haw,55,5
15149,ĠKon,55,4
15354,ĠFun,55,1
15406,books,55,4
16255,ĠHeavy,55,2
16348,comp,55,1
16358,Ġinherent,55,0
16393,ĠKil,55,1
16757,ĠCou,55,30
17176,ĠKas,55,0
17395,core,55,0
17549,ĠAL,55,20
17572,ĠJe,55,24
17690,Ġafore,55,0
17926,Ġsentiment,55,0
19981,El,55,0
19982,Old,55,0
19985,fold,55,27
19986,high,55,15
19990,Ġtumbling,55,0
19991,Ġwits,55,0
19993,Ġowed,55,0
19994,Ġbats,55,47
19996,Ġcrib,55,50
19999,Ġpins,55,65
20000,Ġhull,55,13
20004,Ġlime,55,128
20009,Ġonward,55,0
20014,ĠMats,55,1
20015,ĠMaxim,55,0
20016,Ġhaired,55,378
20021,ĠFinding,55,0
20022,Ġchoked,55,2
20023,ĠNHTSA,55,0
20027,ĠRFP,55,0
20033,Ġanytime,55,0
20034,Ġ1912,55,0
20035,Ġunseen,55,21
20041,ĠWeld,55,6
20042,Ġbrushed,55,27
20044,Ġhowl,55,0
20045,Ġdesires,55,0
20048,Ġwatering,55,25
20051,Ġfinanced,55,0
20053,ĠNewcastle,55,0
20054,Ġretaining,55,3
20055,Ġgoverned,55,0
20058,Ġgenres,55,0
20059,Ġserial,55,2
20060,Ġvisa,55,1
20061,Ġvisions,55,0
20062,Ġbelieving,55,0
20064,Ġsimulations,55,0
20066,Ġcommunicated,55,0
20067,ĠSport,55,4
20068,Ġwindy,55,3
20069,Ġplea,55,0
20070,Ġrevision,55,0
20071,Ġislanders,55,0
20072,Ġsteering,55,48
20074,Ġshortened,55,1
20075,Ġpresentations,55,2
20076,Ġbarking,55,0
20078,Ġawait,55,2
20082,ĠHerbert,55,0
20083,ĠBlair,55,0
20085,ĠExcept,55,0
20086,ĠParmenio,55,0
20087,Ġlimp,55,2
20089,Ġobjected,55,0
20092,Ġjoking,55,0
20093,Ġjudging,55,3
20095,Ġobsession,55,0
20096,Ġbudgeting,55,0
20097,ĠMonument,55,1
20100,ĠBradshaw,55,0
20101,ĠJulia,55,0
20103,Ġemerge,55,1
20104,Ġverses,55,0
20105,ĠPatients,55,0
20107,Ġlawsuits,55,0
20108,ĠQuebec,55,0
20110,Ġscratch,55,1
20111,Ġdreaming,55,0
20113,ĠDelaware,55,0
20114,Ġrobbery,55,0
20115,ĠSingle,55,14
20117,Ġsymbolic,55,0
20118,Ġadministrator,55,0
20119,Ġcalculating,55,0
20120,Ġracist,55,2
20121,Ġracism,55,0
20122,Ġcarriages,55,5
20123,Ġquantities,55,1
20124,Ġtalents,55,0
20125,Ġsubstantive,55,0
20127,Ġexceeding,55,0
20128,Ġmausoleum,55,0
20130,Ġpoisoning,55,0
20131,Ġrecipes,55,1
20132,Ġcontestants,55,5
20133,Ġfortunes,55,0
20134,ĠIraqi,55,4
20135,ĠPopular,55,0
20136,Ġfragile,55,0
20137,Ġchampionships,55,0
20138,Ġintensely,55,2
20139,ĠMandates,55,0
20140,ĠConfederacy,55,0
20141,Ġprospects,55,0
20142,Ġgestures,55,63
20144,Ġtroublesome,55,0
20146,ĠCrusaders,55,7
20148,Ġresembles,55,3
20149,Ġfleece,55,34
20150,Ġbalconies,55,19
20151,Ġswayed,55,0
20152,ĠHistorical,55,0
20153,Ġrecreation,55,2
20155,ĠBorneo,55,0
20156,ĠBiden,55,5
20157,ĠPriority,55,0
20158,Ġdevastating,55,0
20159,ĠIssues,55,0
20160,Ġcheerleaders,55,161
20161,Ġcorrelation,55,0
20163,Ġmanganese,55,0
672,reat,54,2
935,Ġsur,54,13
957,Ġfin,54,15
1081,ually,54,0
1107,ific,54,2
1338,Ġsim,54,19
1363,Ġdri,54,14
1504,ither,54,0
1668,Ġprob,54,5
2428,hold,54,5
2990,Ġfa,54,2
3810,pper,54,58
4163,antic,54,3
4939,ĠAld,54,0
5161,week,54,0
5327,Ġsch,54,1
5924,ĠUs,54,8
6019,ipping,54,6
6317,ĠFig,54,0
6425,urd,54,2
6581,atically,54,2
6597,Ġsem,54,0
6829,ĠHon,54,1
7178,ĠRy,54,0
7750,Ġax,54,6
8500,ĠRad,54,0
8548,otes,54,37
8832,Ġ180,54,0
9481,Ġannounce,54,0
10005,Ġbout,54,15
10652,ĠTol,54,1
10779,ĠLam,54,0
11486,ĠIndustrial,54,0
12435,mate,54,4
13109,ĠViking,54,0
13176,aying,54,8
13286,ATION,54,4
13452,storm,54,0
13828,ĠCand,54,0
14444,Ġlag,54,2
14861,ĠFrances,54,0
16024,ĠCob,54,1
16030,Ġram,54,98
16353,aton,54,0
16376,ĠMS,54,3
16452,Ġmartyr,54,0
16726,Ġsoothing,54,0
17011,Pr,54,0
17433,Ġoutward,54,5
17905,Ġslaughter,54,0
17923,Ġsteer,54,16
17986,56,54,1
18000,mith,54,3
18014,ĠMann,54,0
20164,89,54,0
20165,Great,54,0
20167,San,54,0
20168,both,54,0
20176,Ġtying,54,25
20178,Ġtapped,54,0
20182,Ġoar,54,27
20189,Ġpiles,54,89
20190,Ġhips,54,107
20191,Ġtoil,54,6
20192,Ġdot,54,165
20195,ĠTina,54,0
20198,Ġlinking,54,0
20200,ĠIan,54,0
20205,ĠSai,54,0
20211,ĠMTV,54,1
20212,ĠHoney,54,0
20216,Ġivy,54,24
20219,Ġmanned,54,1
20223,Ġchic,54,7
20224,Ġchoking,54,1
20225,ĠGippie,54,0
20226,ĠRider,54,4
20229,Ġsued,54,0
20230,Ġjam,54,38
20231,Ġjinja,54,0
20233,Ġabused,54,0
20237,ĠThumb,54,3
20238,ĠInglis,54,0
20239,ĠKay,54,2
20240,ĠKobe,54,0
20241,ĠKatherine,54,0
20243,ĠStewardship,54,0
20246,Ġquotes,54,0
20247,Ġprone,54,0
20250,Ġribs,54,12
20255,Ġcrutches,54,13
20257,ĠUnfunded,54,0
20258,Ġboiled,54,9
20259,Ġbooming,54,0
20261,Ġregain,54,0
20262,ĠFran,54,0
20264,Ġbusily,54,1
20265,Ġholder,54,90
20269,Ġbestowed,54,0
20271,except,54,0
20272,Ġsnatched,54,0
20276,ĠEdwards,54,0
20277,Ġpleasing,54,0
20279,Ġaudiences,54,0
20280,Ġloading,54,24
20281,Ġpathetic,54,0
20283,Ġprocessed,54,1
20284,Ġelectoral,54,0
20285,ĠColony,54,0
20286,Ġsnowing,54,0
20288,ĠBlond,54,93
20289,Ġmagical,54,0
20290,ĠBarney,54,2
20291,Ġbandits,54,0
20292,Ġhorsemen,54,3
20295,Ġdeclaring,54,0
20297,Ġcourtroom,54,0
20298,Ġeastward,54,1
20299,Ġcoloring,54,33
20300,Ġexceptional,54,0
20301,ĠReducing,54,0
20303,Ġrespectful,54,0
20304,Ġjournals,54,2
20305,Ġdriveway,54,32
20306,Ġbowls,54,193
20308,Ġnortheastern,54,0
20310,Ġreferrals,54,0
20313,Ġgoalie,54,66
20314,Ġinvestigating,54,0
20315,Ġsickness,54,0
20316,Ġscratched,54,4
20317,Ġtouchdown,54,0
20318,Ġwelcoming,54,0
20319,Ġjudgement,54,0
20320,ĠUnderground,54,2
20321,Ġmotorcyclist,54,49
20324,Ġtexts,54,3
20325,2005,54,0
20326,ĠStandish,54,0
20327,Ġbothers,54,0
20328,Ġcomparisons,54,0
20329,ĠCampaign,54,1
20330,ĠCameron,54,0
20332,ĠBabylon,54,0
20333,ĠBasic,54,0
20334,Ġbravely,54,0
20336,ĠPlayers,54,40
20337,ĠStrong,54,0
20338,Ġgangs,54,0
20339,Ġterraces,54,0
20340,Ġmotioned,54,0
20341,Ġflooding,54,0
20342,ĠDefinitely,54,0
20343,Nothing,54,0
20344,Ġeliminating,54,0
20345,ĠBecker,54,0
20346,Ġabsorb,54,0
20347,ĠListen,54,0
20348,Ġsacrificed,54,0
20350,Ġimmigrant,54,1
20351,Ġbargains,54,0
20353,ĠBosnia,54,0
20354,Ġphrases,54,1
20355,Ġcocaine,54,1
20356,Ġanticipation,54,1
20357,Ġclinics,54,0
20358,ĠPoacher,54,0
20361,ĠCircus,54,2
20362,Ġflourished,54,0
20363,ĠCornell,54,0
20365,ĠCrusader,54,0
20366,Ġsparkling,54,8
20367,ĠMichelle,54,0
20368,ĠNazis,54,0
20369,ĠEleven,54,46
20370,Ġwiser,54,0
20371,Ġpregnancy,54,0
20372,Ġcantina,54,0
20373,Ġreluctantly,54,0
20376,Ġconfirmation,54,0
20377,Ġsleeve,54,313
20378,Ġfrustrated,54,0
20379,Ġperilous,54,0
20380,Ġmammals,54,0
20382,Ġvelvet,54,16
20383,Ġtributaries,54,0
20384,ĠGibson,54,2
20385,Ġzeal,54,0
20386,ĠBuffalo,54,0
20388,ĠRachel,54,0
20389,Ġcompatible,54,0
20391,ĠMozart,54,0
20392,Ġeagerness,54,0
20393,Ġtissue,54,26
20394,ĠKeene,54,0
20395,ĠHassan,54,0
20396,ĠOcala,54,0
20397,ĠWikipedia,54,0
20398,Ġshabby,54,0
20399,Ġsunbathing,54,2
543,ild,53,31
895,vel,53,5
898,eral,53,2
967,ject,53,1
1331,Ġdep,53,0
1391,ully,53,16
1721,Ġcond,53,32
1729,Ġcrow,53,44
1748,Ġanim,53,4
2019,uro,53,1
2173,pped,53,30
3115,ĠCHA,53,161
3248,erved,53,1
4691,iment,53,7
6178,aval,53,0
6385,ĠMalays,53,0
6891,Ġreject,53,0
7028,chief,53,8
7066,Ġhast,53,3
7070,ĠFa,53,0
7291,amin,53,0
7469,onds,53,0
7569,isms,53,0
8644,ester,53,6
8699,ĠLie,53,0
8761,rill,53,25
9782,ĠMult,53,14
10046,abs,53,12
10080,udes,53,7
10617,child,53,3
10975,PS,53,4
11029,Ex,53,0
11226,Ġintr,53,0
11297,NA,53,17
11585,ĠQueens,53,0
12512,oker,53,6
12630,ĠExt,53,0
12758,sl,53,7
12896,iser,53,25
12908,ĠPas,53,0
12923,lier,53,2
13174,Ġgreed,53,2
13985,ĠCond,53,2
14072,ooping,53,17
14111,guard,53,9
14323,Ġlemon,53,172
14464,tech,53,3
15280,ARD,53,95
15458,ĠBog,53,0
15707,Ġsincere,53,0
16381,ĠWord,53,2
16497,ĠAR,53,66
16544,Ġranking,53,1
16938,Ġdiscern,53,1
17155,ĠPau,53,0
17280,Ġporn,53,1
17919,ĠDeb,53,0
18142,Would,53,0
20400,.:,53,0
20401,After,53,0
20414,Ġah,53,5
20416,Ġbays,53,0
20418,Ġfoul,53,4
20419,Ġmotto,53,0
20420,Ġdues,53,0
20421,ĠTin,53,1
20422,ĠTampa,53,0
20428,ĠSony,53,8
20430,Ġstump,53,43
20433,ĠCrest,53,0
20435,ĠBear,53,87
20441,ĠPooh,53,7
20442,Ġrags,53,10
20443,Ġsha,53,0
20444,Ġneo,53,0
20449,ĠNurse,53,1
20452,ĠLily,53,0
20453,abe,53,3
20454,Ġoranges,53,377
20455,Ġalas,53,1
20456,Ġabolished,53,0
20460,Ġroaring,53,1
20461,ĠStalin,53,1
20463,izers,53,4
20466,Ġcompares,53,0
20467,Ġoffspring,53,1
20468,Ġspices,53,9
20469,Ġspike,53,9
20474,Ġflaming,53,61
20475,Ġcrab,53,37
20477,ĠAnlaf,53,0
20478,ovich,53,0
20479,Ġemblem,53,35
20480,Ġslice,53,1329
20488,Ġretiring,53,0
20490,Ġgenes,53,0
20492,Ġeyed,53,34
20496,Ġcommunes,53,0
20497,Ġideology,53,0
20498,ĠDegas,53,0
20501,Ġdemons,53,0
20504,Ġvilla,53,0
20505,ĠBlues,53,1
20506,ĠSean,53,0
20508,Ġcompetent,53,0
20509,ĠActually,53,0
20511,Ġportable,53,32
20512,ĠMinardi,53,0
20513,Ġreviewers,53,0
20514,Ġreleasing,53,0
20515,Ġranch,53,8
20518,ĠNeil,53,0
20519,Ġpalms,53,6
20520,Ġdevoid,53,0
20522,Ġcourtesy,53,0
20524,ĠMonet,53,0
20525,ĠMonroe,53,0
20527,Ġtreats,53,13
20528,ĠAfricans,53,37
20529,Ġmisfortune,53,0
20531,ĠSenor,53,0
20532,Ġignores,53,0
20534,Ġfreshly,53,41
20535,Ġscarlet,53,1
20536,Ġrepeating,53,0
20537,Ġlengths,53,2
20538,Ġchiefly,53,0
20539,Ġinquest,53,0
20540,Ġweakened,53,0
20541,Ġsplashed,53,2
20542,ĠSalon,53,1
20543,marks,53,1
20544,Ġ1869,53,0
20545,Ġtrailing,53,21
20546,Ġautomobiles,53,11
20547,Ġvacant,53,17
20550,Ġmillennium,53,0
20551,ĠCurly,53,4
20552,ĠFamous,53,1
20553,Ġimplied,53,0
20555,Ġmirrors,53,17
20558,ĠMajority,53,0
20559,Ġheavens,53,0
20560,ĠStanford,53,0
20561,Ġpitched,53,4
20562,Ġsacrifices,53,0
20563,Ġdisclosures,53,0
20564,ĠLightning,53,0
20565,Ġdimensions,53,0
20568,Ġpowered,53,12
20569,ĠTitian,53,0
20570,Ġtriumphant,53,0
20571,Ġauditorium,53,4
20572,Ġodor,53,0
20574,Ġcasualties,53,0
20575,Ġcantons,53,0
20576,Ġwrecked,53,3
20577,Ġindigent,53,0
20578,Connell,53,0
20579,ĠRaymond,53,0
20580,Ġrituals,53,0
20581,Ġoptimistic,53,1
20582,ĠAdventures,53,0
20583,Ġcoordinated,53,1
20584,ĠSherman,53,0
20585,Ġclutched,53,0
20586,Ġprefers,53,0
20587,Ġpatriotic,53,16
20588,Ġinherited,53,0
20589,Ġthirsty,53,0
20590,Ġdisposable,53,15
20591,ĠImmigration,53,1
20592,ĠBaptist,53,0
20594,ĠArena,53,0
20596,ĠKapoor,53,0
20597,Ġwarehouse,53,16
20598,Ġskyscrapers,53,43
20599,ĠStephanopoulos,53,1
20600,Ġhazardous,53,0
20602,Ġcommodity,53,0
20603,ĠMughal,53,0
20604,Ġfluoride,53,0
20605,Ġemergencies,53,0
20606,Ġfeudal,53,0
20607,Ġtapestries,53,1
20608,ĠPleasantville,53,0
20609,Ġlitigants,53,0
20610,Ġrespiratory,53,0
20612,Ġmicrowave,53,182
20613,ĠCanyon,53,2
20614,ĠJudaism,53,0
471,Ġwor,52,1
869,Ġdiff,52,2
947,Ġlar,52,3
1101,Ġgovern,52,0
1495,Ġrev,52,0
1823,aced,52,10
2196,Ġabs,52,3
3112,Ġfeat,52,2
3318,ĠCour,52,0
3693,iar,52,30
5251,oto,52,2
5608,stairs,52,1
5722,eman,52,11
5745,apes,52,10
5886,tha,52,1
5955,ubs,52,15
6203,ean,52,2
6344,ĠProt,52,0
6747,ĠMcG,52,2
6985,isk,52,1
7803,Ġgraph,52,2
8603,ĠDet,52,1
8619,alle,52,1
9251,Ġrenew,52,0
9254,FL,52,11
9421,real,52,0
9902,ĠCre,52,2
10692,atics,52,1
11550,Ġmanuscript,52,0
11882,ifer,52,2
11962,ĠTele,52,1
12151,andy,52,13
12256,mat,52,28
12385,ĠPad,52,0
13059,Ġpeas,52,21
13105,ĠLi,52,0
13152,ĠTibet,52,0
13164,iac,52,1
13181,ĠWard,52,1
14304,dr,52,4
15155,ials,52,3
15240,ĠNar,52,0
15360,ĠGy,52,2
16229,En,52,0
16408,obs,52,45
16484,nin,52,0
16597,bus,52,13
18267,ĠFormer,52,2
18277,Ġtavern,52,0
18316,ados,52,11
18383,ĠZucker,52,0
19000,77,52,4
20616,""":",52,0
20629,Ġtrench,52,52
20630,Ġtumble,52,16
20632,Ġthesis,52,0
20637,Ġbumper,52,58
20643,Ġmice,52,4
20644,especially,52,0
20645,Ġtoken,52,2
20649,Ġreared,52,0
20653,ĠCod,52,0
20657,ĠBAC,52,164
20662,Ġkit,52,57
20667,ĠWatch,52,3
20668,Ġdebris,52,58
20670,ĠDJ,52,18
20671,Ġchina,52,14
20674,ĠRi,52,2
20675,ĠRace,52,12
20677,ĠJazz,52,4
20678,ĠJasper,52,0
20679,ĠJupiter,52,0
20680,Ġalbeit,52,0
20683,ĠOR,52,82
20689,ĠThames,52,0
20690,Ġclapping,52,34
20691,ĠKill,52,1
20692,Ġblocking,52,57
20693,ĠSticks,52,1
20699,Ġspa,52,4
20700,Ġgrades,52,0
20704,Ġcrush,52,3
20707,ĠAswan,52,0
20708,Ġ3000,52,0
20709,Ġ360,52,5
20711,Ġheadphones,52,186
20712,Ġheadlines,52,0
20714,Ġwarming,52,7
20717,Ġrealignment,52,0
20720,Ġbehold,52,0
20721,Ġconfession,52,0
20722,Ġtransit,52,24
20724,Ġtrigger,52,13
20725,Ġcontinent,52,0
20727,Ġparrot,52,66
20728,Ġshoppers,52,109
20729,Ġpromotes,52,0
20730,ĠHarper,52,0
20731,Ġclassics,52,0
20733,Ġoperators,52,0
20734,ĠHermann,52,0
20735,Ġportal,52,0
20736,ĠGeorges,52,0
20737,Ġhealthcare,52,11
20738,Ġgrandeur,52,0
20740,Ġtoured,52,0
20742,Ġtrusting,52,0
20743,Ġhanged,52,3
20744,Ġconnects,52,0
20745,households,52,0
20746,Ġcarts,52,88
20747,Ġprecision,52,0
20749,Ġdeserts,52,13
20751,Ġnarrowly,52,0
20754,Ġrebel,52,1
20755,black,52,43
20757,Ġbehaviour,52,0
20758,Ġunfamiliar,52,0
20759,Ġbattered,52,3
20760,Ġinstrumental,52,1
20761,Ġ1878,52,0
20762,ICE,52,62
20764,Ġdeterrent,52,0
20766,ĠKenny,52,0
20767,Ġdecks,52,5
20769,ĠSubia,52,0
20770,Ġ1909,52,0
20772,ĠSelena,52,0
20774,Ġdetectives,52,0
20775,Ġfiery,52,3
20776,Ġtrendy,52,16
20777,Ġindustrialized,52,0
20780,Ġfabulous,52,0
20781,ĠFairy,52,0
20782,Ġgleaming,52,2
20783,Ġsulfate,52,0
20784,Ġsneak,52,1
20785,ĠAdditionally,52,2
20786,Ġcottages,52,0
20787,Ġaccommodation,52,0
20788,Ġwhistled,52,0
20789,ĠCreole,52,0
20790,Ġindignant,52,0
20792,ĠRestoration,52,0
20793,ĠIndonesian,52,1
20794,ĠMacedonia,52,0
20796,Ġrecreational,52,4
20797,Ġdisgusting,52,0
20798,ĠBurns,52,0
20799,Ġdubbed,52,0
20800,Ġchuckled,52,0
20801,Ġaccusation,52,0
20802,ĠJennings,52,0
20803,ĠJennifer,52,1
20804,Ġcushion,52,237
20806,Ġexaggerated,52,3
20807,Ġtwinkling,52,0
20808,ĠSleeping,52,5
20810,ĠKeswick,52,0
20811,Ġobedience,52,1
20813,ĠAdmiral,52,0
20814,ĠTudjman,52,0
20815,Ġquotation,52,0
20816,Ġwelding,52,16
20817,ĠElfwyn,52,0
20818,ĠViolence,52,1
20819,ĠSERIES,52,0
20820,ĠRochester,52,0
20821,ĠCredit,52,0
20822,ĠAlicante,52,2
20823,ĠGentilello,52,0
20824,ĠHaraoba,52,0
20825,Ġacquisitions,52,0
20826,ĠCincinnati,52,0
36,@,51,4
1613,oor,51,2
1652,Ġconc,51,3
1698,body,51,3
1774,Ġequ,51,6
2279,rug,51,6
3554,iant,51,1
3757,erve,51,2
3764,edy,51,5
3777,Ġsens,51,2
3853,oming,51,8
3910,ords,51,1
4418,mark,51,23
4809,BC,51,4
5772,ĠBet,51,0
5984,agged,51,1
5986,Ġamb,51,6
6284,ĠFore,51,2
6424,utions,51,0
6688,ĠKir,51,0
7003,Ġopt,51,0
7916,onia,51,0
7918,acher,51,8
8084,Ġtoss,51,1
8121,ĠĠĠĠĠĠĠĠĠĠĠĠĠĠĠĠĠĠĠĠĠĠĠĠĠĠĠĠĠĠĠĠ,51,0
8316,rick,51,6
8575,ĠGord,51,0
8677,ĠLind,51,0
9194,ashes,51,49
9431,cks,51,26
9576,ĠRoll,51,4
10621,ĠNav,51,0
10701,arded,51,17
10736,burn,51,16
10896,ĠSign,51,7
11555,berry,51,40
11830,wear,51,18
12038,ĠTall,51,159
12042,amas,51,2
12267,isting,51,1
12388,Ġvib,51,11
12687,arms,51,10
12805,ĠSimilar,51,0
13562,uki,51,6
13674,Ġfret,51,4
13925,ĠDal,51,5
14377,Ġcove,51,1
14539,imon,51,0
15026,ĠGreg,51,1
15140,ĠHi,51,2
15450,Ġles,51,6
15550,bank,51,3
15551,hal,51,14
15655,chen,51,0
15929,ĠYOU,51,24
16346,Sp,51,0
16508,ĠPunt,51,0
17130,West,51,0
17325,iba,51,4
17666,Ġrhythm,51,0
18184,Ġbloom,51,8
18489,ĠSex,51,1
18505,ĠDh,51,0
18506,ĠNu,51,0
18633,LY,51,47
20779,ĠĠĠĠĠĠĠĠĠĠĠĠĠĠĠĠĠĠĠĠĠĠĠĠĠĠĠĠĠĠĠ,51,0
20827,Ed,51,0
20828,First,51,0
20830,Two,51,0
20831,cart,51,9
20832,half,51,1
20839,Ġq,51,5
20842,Ġaft,51,1
20844,Ġwaking,51,1
20846,Ġcalf,51,177
20851,Ġfishes,51,0
20852,Ġpits,51,2
20853,Ġhasty,51,0
20856,Ġthither,51,0
20857,Ġgale,51,0
20858,Ġgaps,51,0
20864,ĠMack,51,0
20865,ĠHE,51,16
20866,Ġnotwithstanding,51,0
20869,Ġsecluded,51,3
20870,ĠWaters,51,0
20871,Ġshaded,51,23
20873,Ġshrill,51,0
20877,ĠNah,51,0
20878,Ġplural,51,0
20880,ĠLuther,51,0
20881,ĠGay,51,1
20882,ĠRO,51,85
20887,Ġsoaring,51,1
20888,Ġabortions,51,0
20889,ĠOro,51,0
20891,Ġ().,51,0
20893,Ġsomeplace,51,0
20895,Ġunjust,51,0
20897,Ġspoon,51,536
20899,ĠChoice,51,0
20901,Ġdisastrous,51,0
20903,ĠVille,51,0
20905,Ġsmokes,51,4
20906,Ġspears,51,1
20911,Ġslapped,51,1
20912,ĠAlways,51,0
20914,ĠButler,51,0
20915,Ġentries,51,0
20916,Ġassented,51,0
20918,Ġglare,51,11
20920,Ġendangered,51,0
20921,Ġrequester,51,0
20922,Ġcheery,51,0
20924,Ġschooling,51,0
20927,Ġkeeper,51,31
20930,Ġfactual,51,0
20932,Ġcommunist,51,0
20933,Ġcommunism,51,0
20934,Ġtwist,51,5
20935,Ġbusinessmen,51,13
20941,Ġminded,51,0
20942,ĠReporters,51,5
20944,Ġtechnically,51,0
20948,Ġsweeps,51,1
20949,Ġ1600,51,0
20950,Ġlimiting,51,0
20951,ĠBombay,51,0
20952,Ġtenants,51,0
20953,Ġdestined,51,1
20954,ĠIndianapolis,51,0
20956,2017,51,0
20957,Ġsummertime,51,0
20958,Ġentirety,51,1
20959,Ġsongwriter,51,0
20960,Ġstationary,51,27
20961,Ġdefining,51,0
20962,Ġpositioned,51,32
20963,Ġrecognised,51,0
20964,Ġrecognizing,51,0
20965,Ġafloat,51,2
20966,Ġacquiring,51,0
20967,Ġgardener,51,0
20968,Ġcomforting,51,1
20969,Ġrichly,51,2
20970,Ġdisputed,51,0
20971,ĠItaliane,51,0
20972,Ġdenim,51,172
20974,Ġscrambled,51,15
20975,Ġbombed,51,0
20976,Ġbravery,51,0
20978,ĠArtist,51,1
20979,Ġmadam,51,0
20980,Ġgeography,51,0
20981,Ġhonorary,51,1
20982,Ġpremises,51,0
20983,Ġblockade,51,0
20984,Ġcontainers,51,147
20985,ĠTrek,51,1
20986,Ġpillows,51,350
20987,ĠBasin,51,0
20988,ĠInterior,51,0
20990,Ġterrorism,51,0
20991,Ġconverts,51,0
20992,Ġreminder,51,0
20993,Ġmorality,51,0
20994,ĠAzad,51,0
20995,Ġnitrate,51,0
20996,ĠEllis,51,0
20998,Ġpantry,51,1
20999,Ġnarrator,51,0
21000,Ġworkshops,51,0
21001,Ġclinic,51,3
21002,Ġgrinning,51,17
21004,built,51,1
21005,Ġtapir,51,0
21006,Ġenclosure,51,42
21007,Ġdrifting,51,1
21008,Ġrejoiced,51,0
21009,ĠStevens,51,3
21010,Ġneighbours,51,0
21011,ĠBertric,51,0
21013,Ġrecovering,51,0
21014,Ġreproduction,51,0
21015,Ġdiagnosis,51,0
21017,Ġlobbyists,51,0
21018,Ġconveyed,51,0
21019,ĠWesley,51,0
21020,ĠColeman,51,0
21021,Ġhydroxide,51,0
21022,Ġdodged,51,0
21023,wheel,51,53
21025,Ġdinosaurs,51,9
21026,ĠHopkins,51,0
21027,sometimes,51,0
21029,Ġsprawling,51,2
21030,Ġnightclubs,51,0
21031,ĠCroatia,51,0
21032,ĠDillson,51,0
21033,Ġferocious,51,0
21034,Ġjurisdiction,51,0
21035,Ġpractitioners,51,0
21036,Ġorgans,51,0
21037,Germain,51,0
7,#,50,0
830,ought,50,6
929,Ġpol,50,52
1587,wards,50,7
1847,Ġori,50,30
2229,empt,50,1
2491,uct,50,3
2793,ĠJer,50,0
2995,omin,50,4
3132,iance,50,1
3227,athe,50,7
3715,iving,50,2
3741,cell,50,1
5006,ounded,50,3
5238,pes,50,24
5635,tt,50,9
5999,ĠTra,50,4
6151,apping,50,1
6281,mother,50,0
6830,rous,50,0
7363,ema,50,2
7416,uma,50,1
7723,Ġinspect,50,2
7739,Ġkil,50,4
7846,Ġjog,50,19
8519,ulating,50,2
8753,bu,50,1
9321,ĠFollow,50,0
9346,emen,50,11
9551,Ġarc,50,12
9859,agging,50,13
12158,Ġcompass,50,13
12332,Ġsob,50,1
12552,ĠMun,50,0
13444,low,50,5
13924,anti,50,1
14521,UT,50,129
14677,rooms,50,5
15018,ĠPier,50,2
15055,ĠShin,50,0
15082,Ġthrong,50,4
15219,Ġaz,50,2
15892,card,50,1
16880,zi,50,1
16962,ĠAngel,50,0
17041,ĠMust,50,1
17536,uate,50,0
17585,ĠVel,50,0
18144,di,50,1
18211,Ġmemoir,50,0
18468,Does,50,0
18511,ĠJed,50,0
18660,ĠCut,50,20
18700,orman,50,0
20778,ĠĠĠĠĠĠĠĠĠĠĠĠĠĠĠĠĠĠĠĠĠĠĠĠĠĠĠĠĠ,50,0
21038,'-,50,0
21041,King,50,0
21042,Like,50,0
21044,Maggie,50,0
21046,Par,50,0
21048,birds,50,0
21049,fi,50,0
21052,founded,50,0
21060,yan,50,0
21065,Ġbind,50,19
21066,Ġbaggage,50,31
21067,eda,50,0
21068,Ġfax,50,0
21069,Ġpaws,50,88
21070,Ġpagan,50,0
21072,Ġhoop,50,110
21073,Ġdomes,50,1
21074,Ġduration,50,0
21075,Ġdotted,50,47
21076,Ġdwelt,50,0
21082,Ġgases,50,0
21084,Ġreopened,50,0
21085,Ġya,50,14
21086,Ġonion,50,80
21089,ĠSearch,50,0
21093,selling,50,0
21096,ĠCities,50,0
21098,ĠCarson,50,0
21099,ĠCiscasset,50,0
21102,Ġanonymous,50,0
21103,Ġwhales,50,9
21108,Ġseals,50,0
21113,ĠFarther,50,3
21116,esses,50,1
21117,Ġchores,50,2
21120,Ġconcludes,50,0
21121,Ġconsole,50,18
21123,ĠGR,50,65
21124,ĠGamb,50,1
21128,ĠRum,50,0
21131,ĠJeopardy,50,0
21134,Ġleapt,50,0
21135,Ġjockey,50,103
21137,Ġcanopy,50,56
21140,---,50,6
21143,ĠKok,50,1
21149,Ġperjury,50,0
21150,Ġspurs,50,3
21151,ĠChi,50,0
21154,Ġcontributes,50,0
21155,Ġscoring,50,2
21160,fulness,50,0
21162,Ġremedy,50,0
21168,ĠArlington,50,0
21169,Ġrestrained,50,0
21170,ĠCloth,50,1
21172,Ġpassive,50,0
21173,Ġpassages,50,0
21177,Ġsnacks,50,106
21178,Ġrugs,50,25
21184,Ġveins,50,0
21185,Ġhumorous,50,3
21186,Ġsteaks,50,12
21187,Ġsteaming,50,7
21188,ĠManaging,50,0
21191,Ġequality,50,0
21193,ĠPlains,50,0
21194,Ġorderly,50,1
21195,ĠTrack,50,3
21196,Ġlinear,50,1
21197,Ġhearth,50,3
21198,Ġactivism,50,0
21199,ĠTea,50,9
21200,Ġcrosswalk,50,96
21201,Ġgrandpa,50,12
21202,Ġgrandmamma,50,0
21203,ĠXbox,50,3
21204,Ġsandstone,50,2
21206,Ġarchipelago,50,0
21207,Ġcamels,50,57
21208,Ġpotassium,50,0
21209,Ġaccessed,50,0
21211,Ġrainbow,50,152
21212,ĠJuliet,50,0
21213,ĠDragon,50,2
21214,Ġdamaging,50,0
21215,Ġshrink,50,0
21217,Ġpredators,50,0
21219,Ġuncovered,50,14
21221,Ġcardboard,50,83
21222,Ġprevention,50,3
21224,ĠTodd,50,19
21225,ĠSalmon,50,0
21226,ĠRecord,50,0
21227,Ġgrove,50,3
21228,Ġproceeds,50,0
21229,Ġjoyfully,50,0
21230,Ġfunctional,50,1
21231,Ġrobot,50,23
21232,Ġunfinished,50,16
21233,ĠNetflix,50,0
21234,2007,50,1
21235,ĠConsumer,50,0
21237,Ġtowering,50,2
21239,Ġracer,50,45
21240,Ġcopyright,50,4
21241,Ġbodily,50,0
21242,Ġplatforms,50,12
21243,ĠPersia,50,0
21244,Ġteachings,50,0
21245,ĠStrange,50,1
21246,Ġterrorists,50,0
21247,Ġvirtues,50,0
21249,Ġadvocated,50,0
21250,Ġjerked,50,0
21251,ĠStatistics,50,0
21253,Ġdynamic,50,1
21254,Ġsamurai,50,7
21255,Ġwireless,50,18
21256,Ġwarships,50,0
21257,Ġpanted,50,1
21259,Ġintellectuals,50,0
21260,ĠHungarian,50,0
21262,ĠPollock,50,0
21263,Ġjoints,50,0
21264,Ġneighbouring,50,0
21265,Ġexploits,50,0
21266,Ġpupil,50,0
21267,ĠConservatives,50,0
21268,Ġascended,50,0
21269,Ġtransept,50,0
21270,ĠPirates,50,0
21272,ĠLuxembourg,50,0
21273,ĠYankee,50,11
21274,Ġportrayal,50,0
21275,Ġbinoculars,50,37
21276,Ġpertaining,50,0
21277,Ġaccusations,50,0
21279,ĠToyota,50,17
21281,ĠHimalayas,50,0
21282,ĠBethlehem,50,0
21283,something,50,3
21284,Ġskeptical,50,0
21285,Ġoxidation,50,0
21286,ĠLloyd,50,0
21287,Ġhomosexuality,50,0
21289,Ġaffiliated,50,0
21290,Ġpeanuts,50,6
21291,ĠMussolini,50,0
21295,Ġsilhouette,50,77
21296,Ġstronghold,50,0
21298,ĠBracewell,50,0
21299,ĠCaterpillar,50,1
21300,ĠFranciscan,50,0
21301,Ġmonitored,50,0
21302,AIMD,50,0
21303,Landschaft,50,0
21304,Ġafternoons,50,0
1094,Ġche,49,37
1487,augh,49,0
1572,Ġpos,49,4
1662,illion,49,1
1972,Ġpriv,49,1
2085,fort,49,3
2156,ĠCong,49,0
2353,itted,49,11
2704,Ġphot,49,9
3090,walk,49,8
3201,ĠDep,49,0
3363,oly,49,0
3503,dom,49,1
3678,uals,49,0
3949,Ġtur,49,27
4735,Ġsac,49,8
4849,ĠEv,49,0
5281,ĠIll,49,0
5294,por,49,1
6004,Ġtal,49,12
7595,fa,49,17
7680,Ġhyd,49,6
8260,BS,49,12
8329,anes,49,4
9318,oting,49,2
9542,ĠMoh,49,0
9938,ĠSab,49,1
10187,angle,49,49
11038,acre,49,0
11409,ando,49,1
11417,ĠBrother,49,1
11664,ĠRams,49,2
12048,ĠHig,49,13
12116,Ġsupplement,49,0
12641,oka,49,0
12999,ĠExp,49,1
13544,ĠKur,49,0
13588,iate,49,0
13678,ĠCe,49,0
14406,ĠTeen,49,9
14454,ĠLav,49,0
14718,VE,49,44
15441,say,49,0
15659,nik,49,1
15661,ui,49,3
16155,abad,49,0
16754,sea,49,0
16758,ĠCarn,49,1
17017,lined,49,19
17049,ĠPink,49,114
17423,ĠLock,49,0
17586,Ġscam,49,0
17833,length,49,17
17839,wald,49,0
18054,Ġchew,49,3
18141,Was,49,0
18484,ĠTang,49,0
18694,Ġclam,49,19
18808,could,49,0
18857,ĠJu,49,24
21305,54,49,3
21306,71,49,5
21307,82,49,2
21308,Br,49,0
21309,Car,49,0
21310,Dr,49,1
21313,Royal,49,1
21314,Tom,49,0
21315,bad,49,1
21319,great,49,1
21320,home,49,1
21324,lived,49,0
21329,pot,49,31
21332,your,49,0
21333,zh,49,0
21334,Ġtens,49,0
21338,Ġbiblical,49,1
21340,Ġfists,49,28
21341,Ġmop,49,51
21342,Ġmaze,49,4
21344,Ġpaces,49,0
21351,ĠTip,49,0
21355,Ġeternal,49,0
21357,Ġheights,49,1
21360,ĠCats,49,1
21361,ĠMitchell,49,0
21362,ĠMaple,49,2
21363,Ġanime,49,9
21364,ĠBasketball,49,40
21365,Ġhaunted,49,0
21366,ĠHER,49,71
21367,ĠHilton,49,1
21369,Ġseam,49,3
21370,Ġseizing,49,0
21372,ĠWorth,49,0
21375,Ġfrying,49,18
21377,Ġliver,49,0
21379,ĠFace,49,13
21383,ĠDylan,49,0
21384,ĠNike,49,58
21385,ĠNights,49,0
21386,ĠNatives,49,0
21389,ĠRivers,49,0
21391,Ġjets,49,55
21392,ĠEul,49,0
21396,Ġ1916,49,0
21398,Ġcloses,49,123
21399,Ġclapped,49,0
21400,ĠKoh,49,0
21402,ĠStars,49,1
21404,Ġoverview,49,0
21405,Ġquo,49,0
21406,Ġarched,49,17
21408,Ġarrondissement,49,0
21409,Ġworkout,49,20
21410,clad,49,17
21414,Ġresume,49,0
21415,Ġami,49,0
21416,Ġcontests,49,0
21419,Ġspells,49,0
21420,Ġcoaster,49,68
21423,Ġslot,49,51
21425,Ġrunaway,49,1
21426,Ġreliance,49,0
21430,ĠBristol,49,0
21431,Ġfamed,49,0
21432,Ġsecuring,49,1
21433,Ġsetup,49,2
21436,Ġstudios,49,0
21438,Ġexpanse,49,9
21439,Ġintercept,49,0
21440,Ġairy,49,0
21442,Ġdepressing,49,0
21443,ĠJaps,49,0
21444,being,49,0
21445,ĠProvence,49,0
21446,Ġinsights,49,0
21447,Ġmeditation,49,0
21448,Ġinfections,49,0
21449,Ġdemographic,49,0
21450,Ġballot,49,18
21452,Ġtestified,49,0
21453,ĠColumn,49,0
21455,Ġsixties,49,0
21456,Ġnationalism,49,0
21457,Ġbeneficiaries,49,0
21459,ĠHerman,49,0
21460,ĠTrain,49,63
21461,Ġcorrection,49,0
21462,Ġproblematic,49,0
21463,ĠAmiga,49,0
21464,Ġindividually,49,1
21465,Ġresemble,49,3
21466,Ġsands,49,1
21467,Ġestimation,49,0
21469,Ġaccepts,49,0
21470,ĠSlave,49,0
21471,Ġmessy,49,36
21472,Ġcaptors,49,0
21473,Ġstructural,49,0
21474,Ġdoubtfully,49,0
21476,Ġhosting,49,0
21479,Ġcombines,49,0
21480,Ġanguish,49,0
21481,Ġcollects,49,0
21482,ĠSchools,49,0
21483,Ġgrilling,49,9
21484,Ġdryly,49,0
21485,ĠDanvers,49,0
21486,ĠFrancois,49,0
21487,Ġtelephones,49,2
21488,Ġinstalling,49,0
21489,Ġcooling,49,10
21490,Ġcandidacy,49,0
21491,Ġexhibited,49,0
21492,Ġyouths,49,81
21493,Ġreactor,49,0
21495,Ġjoyful,49,0
21496,ĠEvidence,49,0
21497,ĠHindi,49,0
21498,ĠCommunication,49,0
21499,ĠAnything,49,0
21500,Ġbrandy,49,2
21501,Ġ1904,49,0
21502,Ġ1907,49,0
21503,Ġanalyzing,49,0
21504,ĠWaterloo,49,1
21506,ĠINS,49,10
21507,Ġconsultants,49,0
21508,ĠChapelle,49,0
21510,ĠEconomy,49,0
21512,Ġinterpretations,49,0
21513,Ġmelody,49,0
21514,Ġtranslate,49,0
21516,Ġlobster,49,26
21518,winning,49,0
21519,Ġscreened,49,1
21520,Ġfolding,49,130
21521,ĠProduction,49,0
21522,Ġpierced,49,12
21523,Ġsponsors,49,4
21524,Ġpitching,49,31
21527,ĠEleanor,49,0
21528,ĠFrosty,49,1
21529,Ġcomprises,49,0
21530,Ġparliamentary,49,0
21531,Ġproportions,49,0
21532,Ġdeliberate,49,0
21533,Ġtolerance,49,0
21535,Ġreluctance,49,0
21536,ĠWolves,49,0
21537,ĠAnimal,49,40
21538,Ġtidings,49,0
21539,Ġhighlighted,49,7
21540,ĠUrban,49,0
21541,Ġdeceased,49,0
21542,ĠCAGE,49,2
21543,Ġnominal,49,0
21544,Ġassassinated,49,0
21545,Ġcorsair,49,0
21546,Ġdormitory,49,0
21547,Black,49,1
21548,Ġavenues,49,0
21549,Ġhosses,49,0
21550,Ġexplicitly,49,0
21551,Ġspecimen,49,5
21552,ĠRudolph,49,0
21553,Ġhymns,49,0
21554,Ġdolphin,49,22
21555,ĠHimalayan,49,0
21557,Ġdispleasure,49,0
21559,Ġpledge,49,0
21560,Ġduplicate,49,7
21562,ĠEffects,49,0
21563,Ġobservers,49,28
21564,ĠKerr,49,0
21565,ĠSoldiers,49,32
21566,Ġgalaxy,49,5
21567,Ġscaffolding,49,77
21568,ĠVentura,49,0
21569,Ġcavalry,49,0
21570,Ġprevalent,49,0
21571,Ġtadpoles,49,0
21572,ĠJessica,49,0
21573,Ġsnorkeling,49,4
21574,ĠPompeii,49,0
21575,Ġhilarious,49,1
21576,ĠMontenegro,49,0
21577,ĠBrittany,49,1
21578,Ġroommate,49,0
21579,Ġhectares,49,0
21581,ĠCOMPANY,49,0
21582,ĠVancouver,49,0
846,thing,48,2
1498,pend,48,2
1939,encies,48,0
2086,lf,48,34
2241,uation,48,0
2643,itary,48,1
2859,Ġnat,48,1
3307,ocked,48,5
3627,Ġtit,48,0
3676,ental,48,0
4053,ĠFranc,48,1
4236,Ġdecor,48,8
4245,aise,48,14
4656,oves,48,4
4960,vest,48,8
5374,istan,48,0
5637,owed,48,3
5884,DP,48,1
5982,Ġble,48,86
6159,ĠStep,48,2
6257,ĠFil,48,3
6824,bes,48,3
6938,Ġsan,48,38
7239,Ġstair,48,39
7477,Ġfet,48,15
8200,ĠRoc,48,0
8333,ĠBir,48,0
8524,ĠKos,48,0
8598,asm,48,4
8961,iji,48,0
9283,Ġcorrespond,48,0
9496,ĠId,48,0
9839,LES,48,79
10044,ĠLim,48,2
10215,Ġoverlook,48,7
10670,ugs,48,8
10737,fin,48,5
11172,Ġsed,48,0
11205,keeper,48,6
11557,Ġadapt,48,0
11716,oops,48,14
11771,ested,48,0
11959,Ġportray,48,0
12051,umm,48,2
12371,rot,48,473
12541,bro,48,3
12829,gas,48,3
12889,lic,48,5
13612,inky,48,5
14136,ĠPoly,48,2
14461,angs,48,33
14653,Ġmeek,48,1
15137,ĠBan,48,6
15932,ogen,48,0
16014,Ġcub,48,51
16090,written,48,0
16172,beat,48,1
16230,lies,48,0
16402,ĠVas,48,0
16492,Ġbury,48,1
16698,ĠLetter,48,1
16733,91,48,0
16808,Ġ177,48,0
16818,ettes,48,37
16909,ieu,48,0
17025,Ġbunk,48,125
17333,ĠJohann,48,0
17821,Ġsuspense,48,0
18060,Ġmarking,48,15
18193,Ġrepay,48,0
18206,ĠBeau,48,0
18806,Turk,48,0
18944,ĠMcCarthy,48,0
18999,Ġnotebook,48,91
21583,74,48,2
21584,Aside,48,0
21585,Her,48,0
21586,Jack,48,0
21587,Jesus,48,0
21589,"_,""",48,0
21592,dollar,48,0
21593,first,48,6
21595,las,48,0
21596,nine,48,0
21601,Ġsorbent,48,0
21602,Ġwipe,48,1
21605,Ġmates,48,16
21607,Ġmounds,48,7
21609,Ġpensions,48,0
21610,Ġhugged,48,21
21611,Ġdual,48,12
21612,Ġinability,48,0
21632,Ġrag,48,35
21634,Ġseaman,48,1
21637,Ġmanly,48,2
21639,ĠFowler,48,0
21641,Ġplunge,48,1
21646,ĠGrove,48,0
21648,Ġcompelling,48,0
21650,Ġjelly,48,85
21651,Ġoutbreak,48,0
21653,Ġagin,48,0
21657,Ġoverly,48,1
21659,ĠChancellor,48,0
21660,Ġgrunted,48,0
21662,Ġdisciples,48,0
21663,ĠVoth,48,0
21664,Ġprefecture,48,0
21666,Ġflush,48,3
21668,Ġcolours,48,2
21673,Ġendured,48,0
21675,Ġadditions,48,0
21676,ĠMarriage,48,0
21677,ĠNoble,48,0
21680,ĠRead,48,2
21681,ĠRebs,48,0
21682,Ġsignatures,48,0
21683,Ġmuscular,48,14
21687,Ġlighthouse,48,8
21689,Ġdevelopers,48,0
21690,ĠFlower,48,4
21691,Ġpatches,48,38
21692,Ġparody,48,1
21696,Ġsentimental,48,0
21697,Ġ1700,48,0
21698,ĠGrass,48,1
21699,Ġprophet,48,0
21701,ĠExactly,48,0
21702,ĠGuam,48,0
21703,ĠBartram,48,0
21706,ĠCanute,48,0
21707,ĠCalcutta,48,0
21708,Ġsolving,48,0
21709,Ġfaculty,48,0
21710,Ġdelivers,48,2
21712,Ġseasonal,48,0
21713,Ġsurprises,48,0
21714,Ġsubjected,48,0
21715,Ġcomplied,48,0
21717,Ġviolations,48,0
21718,Ġescaping,48,0
21721,Ġstarved,48,0
21724,Ġcombining,48,0
21725,ĠDemocracy,48,0
21726,Ġprevents,48,0
21728,Ġdamages,48,1
21729,ĠHistoric,48,0
21730,Ġspacecraft,48,0
21731,Ġdespised,48,0
21732,ĠCheck,48,2
21733,Ġscarves,48,103
21734,Ġurge,48,1
21735,ĠSocialist,48,0
21737,Ġvoter,48,0
21738,Ġgarlic,48,18
21739,Ġliteracy,48,0
21740,Ġalternate,48,2
21741,Ġadopting,48,0
21742,Ġadvertise,48,0
21743,Ġadvertised,48,0
21744,ĠDayton,48,0
21745,Ġbulbs,48,7
21746,Ġwheeled,48,41
21747,ĠJudy,48,3
21748,ĠEva,48,4
21749,Ġbathed,48,1
21751,Ġharmful,48,0
21752,Ġ1877,48,0
21754,ĠCatholics,48,0
21755,ĠGreene,48,0
21757,Ġsubmarine,48,19
21758,Ġcarpenter,48,4
21759,Ġillustration,48,2
21760,ĠCorporate,48,0
21761,ĠWoody,48,0
21762,Ġsmelled,48,2
21763,Ġuniversally,48,0
21765,ĠSupporting,48,0
21768,ĠMissionaries,48,0
21770,ĠPakistani,48,0
21771,Ġfascinated,48,6
21772,ĠSanders,48,0
21773,Ġstairway,48,29
21774,ĠRevolutionary,48,4
21775,Ġinspections,48,0
21776,Ġoverseer,48,0
21777,Ġtempting,48,0
21778,ĠRubens,48,0
21779,Ġaccommodations,48,0
21780,Ġfestivities,48,1
21781,ĠLiberty,48,4
21782,ĠTrustees,48,0
21783,Ġwarnings,48,0
21784,Ġcorresponding,48,0
21788,Ġdisgusted,48,2
21789,Ġbrowser,48,1
21790,Ġimmensely,48,0
21791,Ġmourning,48,1
21793,Ġjealousy,48,0
21794,Ġnominations,48,0
21795,Ġawaited,48,0
21797,ĠMinority,48,0
21798,ĠGriffin,48,1
21799,Ġsqueezed,48,9
21800,Ġpursuers,48,0
21801,Ġreunion,48,7
21802,ĠProperty,48,1
21803,ĠWyoming,48,0
21804,Ġtributary,48,0
21806,Ġhitherto,48,0
21807,Ġprescribed,48,0
21808,Ġbailiff,48,0
21809,Ġremnants,48,2
21810,Ġmosquitoes,48,0
21811,Ġdisappointing,48,0
21812,Ġprolonged,48,0
21813,ĠLeadership,48,0
21815,Ġdazzling,48,1
21816,ĠKurdish,48,0
21817,Ġirrigation,48,0
21818,ĠTerminal,48,0
21819,ĠHuntington,48,0
21820,ĠImagine,48,0
21821,Ġslippery,48,1
21822,ĠTresham,48,0
21823,Ġnoteworthy,48,0
1067,Ġfri,47,38
1235,Ġcou,47,37
1877,Ġra,47,40
2036,Ġlim,47,4
2710,Ġenv,47,0
2818,fact,47,0
3364,Ġhy,47,21
3595,Ġnorm,47,0
4725,Ġpros,47,3
5059,iable,47,3
5146,put,47,1
5279,Ġcas,47,26
5531,Ġcarp,47,11
5670,Ġpor,47,17
5677,elly,47,10
6361,hew,47,22
6546,ĠStan,47,0
7257,Ġovers,47,18
7356,ĠAnton,47,0
7543,ĠXX,47,0
7598,Ġnit,47,6
8610,Ġelectron,47,1
8765,acker,47,33
8933,eline,47,8
9331,ĠExpl,47,0
10185,izations,47,0
10437,Ġgig,47,4
11304,acles,47,1
11572,ippers,47,47
11759,Ġtab,47,107
11773,ĠDomin,47,0
11945,quest,47,1
11995,ĠEp,47,0
12101,ĠMort,47,0
12195,mont,47,0
12323,ĠSac,47,0
12887,OK,47,95
12936,Ġtroop,47,12
12984,Ġbrisk,47,0
12991,shore,47,0
13250,ĠDur,47,0
13402,ĠWa,47,8
14060,def,47,1
14386,ĠPur,47,0
14530,inas,47,6
14685,ĠBerg,47,2
14935,ĠNak,47,0
15905,ioned,47,17
15906,Ġreef,47,3
16494,ĠTR,47,76
16586,ĠGriffith,47,0
16700,ĠSuccess,47,0
16779,aha,47,17
17286,aca,47,15
17365,ĠYellow,47,200
17531,NC,47,2
17988,Every,47,0
18362,ologically,47,0
18522,weed,47,19
18656,Ġstew,47,35
18663,ĠBass,47,1
18697,ĠKind,47,0
18852,Ġplaster,47,16
18931,ĠSchwartz,47,0
18981,ĠKlein,47,3
19023,Ġcra,47,4
19188,oi,47,4
19196,arians,47,0
19308,ĠRelations,47,0
19403,tch,47,0
21824,02,47,0
21825,72,47,0
21826,;/,47,0
21828,MENT,47,4
21829,NHL,47,0
21833,dust,47,5
21836,name,47,1
21839,yu,47,0
21843,Ġcages,47,40
21844,Ġcedar,47,3
21848,Ġpending,47,0
21851,Ġinputs,47,0
21855,rod,47,1
21858,Ġstoop,47,24
21862,ĠMine,47,0
21863,ĠMend,47,5
21864,ĠBE,47,249
21866,ĠBoo,47,1
21869,ĠHerald,47,1
21870,ĠHafed,47,0
21871,Ġnothin,47,1
21873,Ġrash,47,7
21874,Ġraging,47,1
21875,ĠWan,47,0
21876,ĠWalking,47,4
21883,ĠNinja,47,0
21884,Ġplug,47,29
21886,ĠGigot,47,0
21887,ĠRica,47,1
21889,Ġknots,47,1
21891,Ġvowed,47,0
21894,Ġoutright,47,0
21897,ĠOle,47,0
21898,Ġupscale,47,1
21899,Ġtrotted,47,0
21904,Ġclues,47,1
21907,Ġagitated,47,0
21910,ĠKhuman,47,0
21911,Ġrogue,47,0
21912,Ġdiary,47,3
21913,Ġdipped,47,1
21920,Ġbackup,47,4
21921,Ġflannel,47,58
21922,Ġcramped,47,1
21923,Ġneeding,47,1
21925,Ġregiment,47,0
21926,Ġowning,47,0
21928,Ġdecree,47,0
21930,Ġglared,47,0
21931,Ġglances,47,3
21933,Ġblackened,47,1
21934,Ġdistances,47,0
21937,Ġaddicted,47,0
21940,Ġintermediate,47,0
21941,Ġhardships,47,0
21942,Ġmeter,47,502
21943,lessness,47,0
21944,Ġdefenses,47,0
21946,Ġcountrymen,47,0
21947,ĠBeaux,47,0
21948,ĠSpin,47,0
21949,ĠSpencer,47,0
21950,Ġeffected,47,0
21953,Ġplebes,47,0
21954,ĠManuel,47,0
21955,Ġtaxed,47,0
21957,Ġmomentary,47,0
21958,ĠHarvey,47,0
21959,Ġoriental,47,118
21960,Ġoriented,47,7
21961,ĠOrchestra,47,2
21963,ĠNotes,47,0
21964,Ġquestionable,47,1
21965,ĠGuys,47,35
21966,ĠPerkins,47,0
21967,ĠText,47,1
21968,Ġoutdated,47,5
21969,ĠAmsterdam,47,1
21970,ĠSecurities,47,0
21971,Ġdeclaration,47,0
21972,Ġjoins,47,2
21974,Ġcomputerized,47,0
21975,Ġcolder,47,0
21976,Ġsurrounds,47,4
21977,ĠMedal,47,0
21979,Ġmessed,47,3
21980,Ġkidney,47,0
21983,ĠPatricia,47,0
21984,Ġcontracted,47,0
21986,Ġtending,47,9
21987,ĠCharleston,47,1
21988,Ġstandardized,47,0
21989,ĠAntilles,47,0
21990,ĠBurke,47,0
21991,ISH,47,32
21992,ĠMilfort,47,0
21993,Ġqualifications,47,0
21994,1990,47,0
21995,Ġjumpsuit,47,84
21996,Ġprospective,47,1
21997,Ġbreathtaking,47,0
21998,ĠGoldberg,47,0
21999,ĠJudith,47,0
22000,Ġsucceeding,47,0
22001,Ġadjusting,47,20
22002,Ġdiscounted,47,0
22003,Ġduke,47,2
22004,Ġthrive,47,0
22005,Ġsalesman,47,6
22006,Ġevaluator,47,0
22010,Isn,47,0
22011,ĠLands,47,0
22012,ĠSixty,47,0
22013,Ġtorment,47,0
22014,Ġ1896,47,0
22016,ĠDisneyland,47,0
22017,ĠStanard,47,0
22018,Ġsemester,47,0
22019,Ġbustle,47,9
22020,ĠDodge,47,2
22021,Ġconfidently,47,0
22022,Ġinnovations,47,0
22023,ĠEducational,47,0
22024,Ġrandomly,47,0
22026,Ġdiamonds,47,8
22027,Ġancestor,47,0
22029,Ġsorely,47,0
22030,Ġrecruiting,47,0
22031,ĠCasino,47,2
22032,Ġutilized,47,0
22033,ĠSongs,47,1
22034,Ġinstincts,47,0
22035,ĠRhines,47,0
22036,Ġsubscribe,47,0
22037,Ġindignantly,47,0
22038,Ġpulse,47,0
22039,ĠFarmers,47,10
22040,Ġunconstitutional,47,0
22041,Ġstreak,47,15
22042,Ġvaguely,47,1
22043,ĠCollins,47,0
22044,ĠRupert,47,0
22045,Ġtrimmed,47,15
22046,ĠPlotz,47,0
22047,Ġomitted,47,0
22048,ĠKurds,47,0
22049,Ġpeeped,47,0
22050,Ġpanorama,47,0
22051,ĠCeteau,47,0
22052,Ġsyndrome,47,0
22054,Ġowes,47,0
22055,ĠLavinia,47,0
22056,ĠDowd,47,0
22057,ĠKendall,47,0
22058,Ġgauge,47,26
22059,Ġfirefighters,47,70
22061,Ġundergraduate,47,0
22063,Ġdishonest,47,0
22064,ĠEmmaste,47,0
22065,Ġconfederacy,47,0
22066,ĠLotus,47,0
22067,Ġintoxicated,47,0
22068,Ġindefinitely,47,0
22069,ĠSullivan,47,0
22070,Ġerupted,47,0
22072,ĠLexington,47,0
22074,ĠSurpluses,47,0
22075,ĠMontgomery,47,0
22076,ĠDiamond,47,1
22077,ĠDeLay,47,0
22078,ĠNEPDG,47,0
22079,ĠWatson,47,0
1018,Ġserv,46,6
1047,Ġdist,46,3
1225,Ġchar,46,20
1254,ason,46,2
1875,Ġsil,46,28
2026,oint,46,1
2584,oir,46,1
2629,bor,46,5
2679,Ġenc,46,0
3532,agon,46,14
4234,ĠChic,46,0
4880,ĠAud,46,8
4882,itty,46,1
5800,ĠArk,46,0
5953,ĠGard,46,0
6061,rees,46,8
6316,olved,46,0
6788,icked,46,5
6798,zed,46,0
6800,itan,46,0
6816,insky,46,0
6913,orted,46,0
7024,pack,46,17
7112,char,46,0
7124,ĠPu,46,2
7772,ĠElect,46,2
7922,acts,46,0
7976,ĠAst,46,3
8909,ipper,46,78
9131,Ġpard,46,0
9424,ĠCru,46,0
9574,ĠBert,46,0
9632,ĠPitt,46,0
9846,sex,46,1
10314,ĠBat,46,10
10572,inos,46,5
10659,Ġascend,46,2
11032,hart,46,2
11123,Wh,46,0
11406,ĠCA,46,75
12047,ĠBul,46,0
12059,ĠAlc,46,0
12481,Mart,46,0
12762,itis,46,2
13387,tel,46,0
13814,kers,46,1
13990,ĠHMO,46,0
14085,ĠVic,46,0
14135,ĠPin,46,6
14255,erers,46,0
14813,Ne,46,1
15016,Ġwhirl,46,0
15028,ĠRef,46,85
15792,ĠMut,46,3
16123,uy,46,3
16249,ĠLO,46,92
16320,Ġforbid,46,0
16614,idd,46,2
16875,hr,46,2
17002,Ġadminister,46,0
17114,ĠFuji,46,0
17144,lli,46,4
17297,Ġsect,46,0
17500,Ġhoarse,46,1
18170,ĠFo,46,0
18186,Ġadverse,46,0
18498,ĠPast,46,8
18508,quin,46,5
18685,Ġvow,46,0
19103,ORD,46,3
19396,jack,46,27
19407,atin,46,0
19409,Ġpomp,46,54
19490,uga,46,0
22080,73,46,0
22082,Big,46,0
22083,Bless,46,0
22087,KS,46,31
22089,RY,46,47
22090,Sm,46,1
22095,ju,46,0
22096,kan,46,0
22104,ref,46,1
22105,Ġtheology,46,0
22109,Ġbang,46,3
22114,Ġpipes,46,32
22116,Ġtopless,46,22
22121,ĠTerry,46,3
22122,ĠTropical,46,0
22124,Ġlava,46,14
22126,Ġbeheld,46,0
22128,Ġreversed,46,2
22129,Ġheaps,46,1
22130,rov,46,0
22131,Ġants,46,1
22135,ĠHIV,46,0
22137,ĠPath,46,0
22138,ĠWool,46,0
22144,emon,46,0
22145,ĠNadeshiko,46,0
22152,ĠJaguar,46,2
22153,Ġsuite,46,59
22155,Ġuphill,46,5
22156,Ġuprising,46,0
22158,Ġlikelihood,46,0
22159,Ġclocks,46,10
22160,Ġclenched,46,5
22161,ĠInland,46,0
22168,Ġworkload,46,0
22169,Ġspine,46,14
22171,ahan,46,0
22173,Ġgrotesque,46,1
22174,ĠVall,46,0
22177,ĠSheen,46,0
22180,Ġunderwear,46,59
22181,Ġaccuse,46,0
22184,Ġslippers,46,10
22186,Ġsupporter,46,1
22188,Ġdecisive,46,0
22189,Ġblacksmith,46,4
22191,Ġholdings,46,1
22192,ĠAndrea,46,0
22193,Ġhighways,46,0
22195,Ġwarmed,46,0
22197,Ġmetropolis,46,1
22198,ĠReferences,46,0
22199,Ġspecify,46,0
22200,Ġideals,46,0
22201,Ġaffluent,46,0
22203,ĠProblems,46,0
22205,ĠMystery,46,0
22206,ĠEdgar,46,0
22208,Ġrevisions,46,0
22209,Ġinsists,46,0
22211,Ġpeppers,46,100
22214,Ġcontinuously,46,0
22215,Ġprotesters,46,107
22216,Ġshortest,46,219
22218,Ġsupportive,46,0
22220,ĠNotable,46,0
22221,Ġfilter,46,41
22223,ĠMinoan,46,0
22224,Ġsaloon,46,1
22225,Ġceilings,46,3
22226,Ġstriving,46,0
22228,Ġmisses,46,2
22229,ĠPoles,46,0
22230,Ġfeller,46,0
22231,2011,46,0
22232,ĠPepper,46,7
22233,Ġhonors,46,0
22235,Ġsimilarity,46,0
22236,Ġcoldly,46,0
22237,ĠSwan,46,2
22238,Ġcaste,46,0
22239,Ġboxers,46,21
22240,ĠGovernors,46,0
22241,ĠJulie,46,0
22242,Ġbroadly,46,0
22244,ĠFlores,46,0
22245,ĠRegulations,46,0
22246,Ġshareholders,46,0
22247,Ġrapids,46,12
22248,Ġprediction,46,0
22249,Ġveranda,46,0
22250,Ġdenial,46,0
22251,Ġstrengthening,46,0
22252,ĠBrooks,46,0
22255,Ġwhisky,46,0
22256,ĠImmediately,46,0
22257,Ġmeasurements,46,3
22259,Ġessence,46,0
22260,Ġforthcoming,46,0
22261,ĠDelos,46,0
22262,Ġ401,46,0
22263,1991,46,0
22264,Ġvacations,46,0
22266,Ġjoyous,46,5
22267,Ġwrestle,46,0
22268,ĠTownship,46,2
22269,Ġ1875,46,0
22270,Ġconstructing,46,0
22271,Ġconservation,46,0
22272,Ġlearnt,46,0
22274,Ġtailored,46,0
22276,Ġconcentrate,46,3
22279,ĠTechnical,46,0
22280,ĠCorporal,46,0
22281,ĠEssex,46,0
22282,Ġexceeded,46,0
22283,Ġtraits,46,0
22285,Ġwisely,46,0
22286,ĠWouldn,46,0
22287,Ġ1857,46,0
22288,Ġaccordion,46,75
22289,Ġextensively,46,0
22290,ĠBosphorus,46,0
22291,Ġinstitute,46,0
22292,Ġearthquakes,46,0
22293,ĠBirmingham,46,2
22294,Ġtenderly,46,0
22295,Ġmonarchs,46,0
22296,Ġmotivational,46,0
22297,Ġnegotiated,46,0
22298,Ġdisciplines,46,0
22299,ĠEnders,46,0
22301,Ġprosecution,46,0
22302,ĠMontego,46,0
22303,Ġdilution,46,0
22304,Ġreservation,46,0
22305,ĠAlgeria,46,0
22308,Ġenthusiasts,46,9
22309,Ġdignified,46,0
22310,Ġvaulted,46,2
22311,Ġinfantry,46,0
22313,ĠOriginal,46,2
22314,Ġfeminist,46,0
22315,ĠShortly,46,0
22316,Ġtransmitted,46,0
22317,Ġdiplomat,46,0
22318,ĠMuller,46,0
22319,Ġadaptation,46,0
22320,Ġhammock,46,25
22321,Ġindulge,46,0
22322,ĠAlcinda,46,0
22323,ĠRobertson,46,1
22324,Ġchlorine,46,0
22325,Ġbankruptcy,46,0
22326,Ġnavigate,46,0
22327,ĠNashville,46,0
22328,Ġprestige,46,0
22329,Ġkidnapped,46,0
22330,ĠLynch,46,0
22331,ĠElectricity,46,0
22332,ĠMeeting,46,0
22333,Ġmeekly,46,0
22334,Ġhamburger,46,48
22335,Ġhamburgers,46,18
22336,ĠBLM,46,0
22337,ĠCoalition,46,0
22338,Ġpagoda,46,3
22339,Ġtransfers,46,0
22340,ĠRegardless,46,0
22341,Ġsuitcase,46,1295
22342,Ġmotorbike,46,126
22344,Ġcertificate,46,4
22345,Ġvouchers,46,0
22346,Ġeccentric,46,6
22347,ĠMehmet,46,0
22348,Ġmathematician,46,0
22349,ĠSummary,46,0
22350,Ġplentiful,46,0
22351,ĠUEFA,46,0
22352,ĠPokemon,46,9
22353,ĠFlemish,46,0
22354,ĠKowloon,46,0
22355,ĠSpielberg,46,0
956,Ġsupp,45,0
1029,Ġeff,45,0
1281,Ġmod,45,1
1373,Ġest,45,3
1403,Ġbre,45,22
1803,Ġvar,45,0
1959,ief,45,1
3327,Ġmater,45,0
4146,ushing,45,4
4493,eder,45,20
4727,Ġadvent,45,0
4766,vere,45,0
5135,acity,45,0
5195,verse,45,4
5448,look,45,54
5494,Ġimpl,45,0
6255,enne,45,0
6569,ĠSupp,45,1
6942,ĠStat,45,0
7273,ĠLoc,45,1
7501,ennes,45,3
7726,coming,45,1
8451,rost,45,2
8480,ighter,45,37
8740,ĠEqu,45,2
9189,hin,45,1
9257,Ġnaught,45,1
9363,ĠTai,45,0
9490,oan,45,4
9600,sts,45,0
9848,ĠMerc,45,0
9931,wick,45,3
10031,Com,45,0
11101,order,45,19
11184,Ġtramp,45,3
11332,AND,45,198
11809,eded,45,1
11832,ello,45,5
11909,ographical,45,0
12259,Ġreass,45,1
12547,Ġber,45,1
12770,ĠSep,45,1
12970,ĠTun,45,0
13231,cup,45,12
13287,human,45,0
13552,shi,45,0
14532,isi,45,0
14724,Ġsque,45,1
14847,agne,45,5
14860,Ġpolar,45,151
15013,asse,45,7
15378,shot,45,2
15448,omy,45,0
15903,Ġna,45,1
16378,ĠPA,45,10
17038,step,45,0
17073,ainted,45,3
17293,ĠPsych,45,0
17328,Ġdrain,45,39
17864,ĠSz,45,0
18854,ĠLamb,45,11
19316,THER,45,63
19660,Ġups,45,27
19664,rens,45,0
19713,ĠComplete,45,6
22357,79,45,4
22359,From,45,0
22360,Give,45,0
22361,Hold,45,0
22362,Mad,45,0
22363,Nay,45,0
22364,Sir,45,0
22365,Suppose,45,0
22366,TS,45,53
22367,"],",45,0
22370,game,45,4
22380,writers,45,9
22381,inch,45,0
22382,Ġwary,45,0
22384,Ġwolves,45,0
22385,Ġole,45,2
22391,Ġfading,45,1
22393,Ġpines,45,4
22395,Ġdashing,45,1
22396,Ġinlet,45,0
22397,Ġinmates,45,0
22399,Ġlicked,45,15
22401,Ġgoose,45,64
22404,Ġheating,45,1
22407,ĠSept,45,1
22408,ĠSource,45,0
22411,Ġstaged,45,4
22412,Ġstressed,45,0
22414,Ġforts,45,0
22415,Ġforlorn,45,1
22417,Ġweeping,45,2
22419,ĠCebu,45,0
22426,ĠPere,45,0
22427,ĠPizza,45,150
22429,Ġivory,45,7
22430,Ġdoom,45,0
22431,Ġseller,45,6
22432,Ġshudder,45,0
22434,Ġfrail,45,0
22435,Ġliable,45,0
22438,ĠDante,45,1
22439,ĠDowntown,45,2
22441,Ġchilled,45,1
22442,Ġchatter,45,0
22444,ĠNice,45,3
22445,ĠNova,45,0
22447,ĠLoral,45,0
22448,ĠRice,45,5
22451,Ġornaments,45,26
22453,Ġviable,45,0
22456,ĠEU,45,0
22458,Ġoutbound,45,0
22460,Ġcancel,45,0
22464,Ġrods,45,9
22467,ĠStore,45,6
22468,Ġunaffected,45,0
22471,Ġspider,45,83
22472,ĠChand,45,2
22473,Ġdisasters,45,0
22477,Ġaftermath,45,1
22478,Ġrecurring,45,0
22479,Ġsomethin,45,0
22480,Ġdiffered,45,0
22481,Ġslogan,45,2
22482,Ġgreatness,45,0
22483,ĠAlas,45,0
22485,Ġinvoices,45,0
22487,Ġpreservation,45,0
22488,Ġyearling,45,0
22489,Ġcentres,45,0
22490,Ġstrung,45,2
22492,ĠArcher,45,0
22495,ĠMarino,45,0
22497,Ġtownship,45,4
22498,Ġdiscon,45,5
22501,Ġnamely,45,0
22503,Ġlawful,45,0
22504,Ġdeficiencies,45,0
22506,Ġrefined,45,0
22507,Ġelimination,45,0
22508,Ġbrethren,45,0
22511,Ġhorribly,45,0
22513,Ġtransplant,45,0
22514,Ġveil,45,46
22515,Ġhumming,45,14
22516,ĠPradesh,45,0
22517,Ġfiremen,45,51
22518,Ġpaste,45,12
22519,Ġequity,45,0
22520,Ġunderstandable,45,0
22521,Ġposters,45,111
22524,Ġprojection,45,14
22525,Ġsorted,45,0
22527,ĠAmelia,45,0
22528,Ġperiodic,45,0
22529,Ġnoncompliance,45,0
22530,Ġinternationally,45,0
22531,2010,45,1
22532,Ġviolate,45,1
22533,Ġviolated,45,0
22535,ĠAssistant,45,0
22536,Ġtracked,45,0
22538,Ġhilly,45,5
22539,ĠReds,45,1
22541,Ġexpressing,45,0
22542,",--""",45,0
22544,ĠSerra,45,0
22545,Ġmentioning,45,0
22546,Ġforgiven,45,0
22547,Ġgrease,45,0
22548,INE,45,41
22549,Ġsadness,45,0
22550,ĠRegulation,45,0
22551,ĠCompliance,45,0
22552,ĠSchumer,45,0
22553,Ġcollision,45,2
22554,ĠDistributed,45,0
22556,Ġappropriately,45,0
22557,Ġverbal,45,0
22558,Ġhospitality,45,0
22560,Ġintroducing,45,0
22561,Ġstormy,45,1
22562,Ġcomplexes,45,0
22563,Ġgarment,45,24
22564,ĠRecently,45,0
22565,Ġreacted,45,0
22567,Ġpraises,45,0
22568,Ġreflective,45,187
22569,Ġhonorable,45,0
22571,Ġnodding,45,0
22572,ĠVisitor,45,0
22573,ĠMargry,45,0
22574,Ġflowering,45,8
22575,Ġambitions,45,0
22576,Ġambassador,45,0
22577,Ġ1881,45,0
22578,Ġ1882,45,0
22579,without,45,0
22582,ĠKyushu,45,0
22583,ĠAccounts,45,0
22584,Ġboilers,45,0
22585,ĠNormandy,45,0
22586,Ġlicenses,45,0
22587,Ġlicensed,45,0
22589,Ġgrabbing,45,45
22590,Ġelegance,45,0
22591,Ġ1854,45,0
22592,Ġundertook,45,0
22593,ĠLewisville,45,0
22595,ĠXVIII,45,0
22596,Ġspectacles,45,34
22597,Shall,45,0
22598,Ġhooded,45,168
22599,Ġcloister,45,0
22600,Ġbacon,45,88
22601,ĠTaxes,45,0
22602,Ġkneels,45,6
22603,Ġ1832,45,0
22604,ĠTarget,45,7
22606,Ġoutlines,45,1
22607,ĠEffective,45,0
22608,Ġlaunching,45,0
22609,Ġenvelopes,45,1
22610,Ġsloping,45,6
22611,Ġtidy,45,0
22612,Ġineffective,45,0
22613,Ġsubtropical,45,0
22614,ĠAdministrative,45,0
22615,Ġclutching,45,6
22616,Ġdreary,45,0
22617,ĠEntry,45,0
22618,ĠPetersburg,45,0
22619,Ġberries,45,37
22620,Ġdischarged,45,0
22621,Ġcherished,45,0
22622,ĠTransportation,45,1
22623,Ġhauling,45,13
22624,Ġvirus,45,0
22625,Ġcultivated,45,1
22626,ĠLynn,45,0
22628,Ġdisposal,45,1
22629,Ġpanoramic,45,1
22630,Ġbureaucracy,45,0
22631,Ġaristocratic,45,0
22632,ĠLevitt,45,0
22633,Ġlemonade,45,43
22634,Ġapplauded,45,0
22635,ĠBrewster,45,0
22636,Ġrefreshments,45,18
22637,Ġkiosks,45,2
22638,ĠJoliffe,45,0
22639,Ġpredecessor,45,0
22640,Ġgeometric,45,14
22641,Ġwistfully,45,0
22642,ĠBachelor,45,0
22643,Ġmandrake,45,0
22645,Ġreconstructed,45,0
22646,Ġacoustic,45,42
22648,Ġreconfiguration,45,0
22649,Ġbagpipes,45,30
22650,Ġcomforts,45,0
22651,Ġendorsed,45,0
22652,ĠImplementation,45,0
22653,ĠCoffee,45,16
22654,Ġdoctrine,45,0
22655,Ġjanitor,45,9
22656,Ġbulldozer,45,41
22657,ĠParalympics,45,0
22658,ĠYouTube,45,1
22659,Ġamenities,45,0
22660,ĠNicaragua,45,0
22661,ĠClyde,45,1
22662,Ġsandwiches,45,60
22663,ĠFarrakhan,45,0
22664,ĠFerguson,45,0
22665,Ġaustere,45,0
757,fore,44,1
1156,Ġvis,44,66
1296,Ġ202,44,0
1807,inking,44,2
2017,Ġexc,44,0
2774,Ġdro,44,7
2925,Ġgent,44,4
3165,erc,44,4
3493,Ġdesp,44,1
3731,atal,44,0
3752,nal,44,6
4005,ĠQue,44,0
4664,imate,44,0
5384,ania,44,5
5817,tle,44,5
6990,Ġven,44,1
7041,enger,44,6
7140,ender,44,3
7315,ĠDew,44,2
7714,Ġhal,44,12
7732,mans,44,3
7848,agu,44,4
8180,Ġbuff,44,4
8263,ĠMot,44,9
8623,ĠNic,44,0
8877,Ġunl,44,2
8935,Ġassert,44,0
9015,GA,44,13
9153,ĠBroad,44,0
10043,ĠNY,44,15
10276,onies,44,2
10278,Ġecho,44,0
10734,IES,44,51
10978,lights,44,91
11381,upon,44,0
11706,ington,44,3
12111,osity,44,0
12432,Bl,44,0
12902,ĠTro,44,2
13712,ARY,44,9
14226,stick,44,70
15152,izen,44,0
15473,ĠNi,44,0
15674,ĠMach,44,1
15742,course,44,2
16295,ĠZion,44,1
16365,acs,44,3
16388,ĠOil,44,1
16391,oding,44,2
16601,paper,44,25
16906,ĠGro,44,1
17043,rio,44,0
17324,text,44,0
17881,ulates,44,13
18299,Har,44,0
18739,END,44,17
18858,ĠJur,44,0
18860,Ġsuck,44,9
18879,Ġcrust,44,74
19229,Ġtract,44,1
19404,uer,44,23
19618,eno,44,20
20050,elled,44,1
22666,-',44,0
22667,120,44,0
22668,CO,44,1
22669,EAR,44,206
22670,Mamma,44,0
22671,NING,44,8
22672,Time,44,0
22673,Washington,44,0
22689,Ġmi,44,2
22690,Ġpours,44,2
22693,Ġdrought,44,0
22694,Ġduly,44,0
22699,ĠIPM,44,0
22701,Ġbeads,44,50
22704,Ġef,44,4
22705,Ġez,44,0
22708,Ġyonder,44,0
22713,ĠCite,44,0
22714,ĠCoral,44,0
22719,ĠBazaar,44,0
22725,ĠHang,44,1
22729,ĠPico,44,0
22730,ĠPCAOB,44,0
22732,ĠWP,44,0
22733,ĠWii,44,366
22737,thirds,44,1
22739,ĠFear,44,1
22740,ĠFFC,44,0
22741,umi,44,1
22742,ĠDale,44,0
22743,ĠDictionary,44,0
22745,Ġchunk,44,27
22746,Ġchattering,44,0
22747,ĠNippon,44,0
22748,Ġconform,44,0
22749,ĠGround,44,3
22754,ĠEy,44,0
22755,ĠEiffel,44,2
22756,ĠOSI,44,0
22757,ĠOPP,44,10
22763,ĠThy,44,0
22764,--',44,0
22765,ĠYemen,44,0
22768,Ġroasted,44,9
22769,Ġdonors,44,0
22774,Ġarising,44,0
22779,Ġbuggy,44,31
22780,Ġpreached,44,0
22782,Ġdaycare,44,0
22783,Ġundergo,44,0
22785,Ġaccusing,44,0
22787,Ġcommotion,44,0
22788,Ġremake,44,0
22790,Ġslab,44,23
22791,Ġslung,44,12
22793,Ġpolka,44,216
22794,Ġacre,44,0
22795,Ġskipped,44,0
22796,Ġswans,44,2
22797,Ġenduring,44,0
22798,Ġmonsters,44,1
22801,Ġdrown,44,0
22802,ĠLeo,44,0
22803,ĠLeaving,44,0
22804,Ġcheating,44,1
22805,ĠMarc,44,0
22806,ĠNoah,44,0
22808,Ġartillery,44,0
22809,ĠShip,44,16
22810,Ġbookstore,44,8
22811,Ġminerals,44,0
22812,Ġpointless,44,0
22814,Ġplanners,44,0
22815,Ġtwisting,44,2
22816,brown,44,44
22818,Ġinspected,44,1
22819,Ġinsufficient,44,0
22820,Ġhotline,44,1
22821,ĠCarney,44,0
22822,Ġfiretruck,44,72
22824,Ġgenera,44,0
22826,ĠYorkshire,44,0
22827,ĠHerstan,44,0
22829,Ġposter,44,117
22830,meaning,44,0
22831,ĠActing,44,0
22832,Ġmerrily,44,0
22835,ĠTeresa,44,0
22836,Ġsalute,44,0
22838,Ġgeneralizability,44,0
22839,Ġillusion,44,1
22841,ĠJerome,44,0
22842,Ġmodeled,44,0
22843,Ġcreator,44,1
22844,Ġseparating,44,0
22846,Ġdetermines,44,0
22847,ĠCohen,44,0
22848,Ġsocialist,44,0
22849,Ġprevailed,44,0
22850,Ġimaginary,44,0
22851,Ġdespise,44,0
22853,Ġshrinking,44,0
22854,Ġshrunk,44,0
22855,Ġfreshmen,44,0
22856,ĠSyrian,44,0
22857,ĠGoodman,44,0
22858,ĠRooms,44,0
22859,Ġrepeats,44,0
22861,Ġtruthful,44,0
22862,Ġtrophy,44,28
22863,Ġspringing,44,0
22864,Ġstrove,44,0
22865,Ġdrying,44,14
22866,Ġsellers,44,2
22867,Ġgallop,44,8
22868,Ġdomination,44,0
22869,Ġsleigh,44,10
22870,ĠHelena,44,0
22871,Ġfeeds,44,4
22872,Ġdebating,44,0
22873,Ġautomation,44,0
22874,1992,44,0
22875,ĠEvents,44,0
22876,Ġactresses,44,9
22877,Ġ1879,44,0
22878,2006,44,1
22879,ĠProvinces,44,0
22880,ĠApache,44,0
22881,Ġobserves,44,0
22882,ĠEmpress,44,0
22883,Ġpatterned,44,243
22884,ĠWallis,44,0
22885,ĠDOT,44,6
22886,Ġtunes,44,0
22888,Ġfloats,44,8
22889,Ġhonesty,44,0
22890,ĠWatergate,44,0
22891,ĠBernstein,44,0
22892,Ġdocket,44,0
22893,ĠSupper,44,0
22894,ĠSavings,44,0
22895,Ġoddly,44,8
22896,ĠAviation,44,0
22897,ĠĠĠĠĠĠĠĠĠĠĠĠĠĠĠĠĠĠĠĠĠĠĠĠĠĠĠ,44,0
22898,ĠVillars,44,0
22901,Ġshifts,44,0
22902,ĠPaheka,44,0
22904,Ġflourish,44,0
22905,ĠEquipment,44,0
22906,Ġassertion,44,0
22907,ĠFunding,44,0
22908,ĠStevenson,44,0
22909,ĠWilde,44,0
22910,Ġcorrespondent,44,0
22911,Ġcorrespondence,44,0
22914,Ġintends,44,0
22915,Ġbrowsing,44,2
22916,Ġembarrassing,44,1
22917,Ġlinen,44,5
22918,Ġdiplomatic,44,0
22920,Ġautonomy,44,0
22921,ĠCrystal,44,0
22922,Ġsobbed,44,0
22923,ĠPrimary,44,0
22924,Ġintervene,44,0
22925,Ġdisappearance,44,0
22926,ĠKuwait,44,0
22927,ĠBryant,44,1
22929,Ġpoorer,44,0
22930,Ġfirefighter,44,24
22931,Ġconsecutive,44,0
22932,ĠNaktche,44,0
22933,Ġwhirled,44,0
22936,Ġtreachery,44,0
22937,Ġconfidentiality,44,0
22938,ĠBeginning,44,0
22940,ĠSardinia,44,0
22941,ĠEinstein,44,1
22942,Ġparachute,44,61
22944,Ġstubborn,44,0
22945,ĠAlberto,44,0
22946,ĠClaudia,44,0
22947,ĠAlpha,44,1
22948,depth,44,0
22949,Ġimmortal,44,0
22950,ĠShanghai,44,2
22951,Ġrejoice,44,0
22952,ĠSlowly,44,0
22953,Ġreagent,44,0
22954,Ġalgorithm,44,0
22955,Ġstagnant,44,0
22956,ĠSpotty,44,0
22959,ĠCommodore,44,1
22960,Ġfurnishings,44,1
22961,ĠStrasbourg,44,0
22962,Ġcoconut,44,53
22963,ĠDavenport,44,0
22964,Ġmulticolored,44,236
22965,Ġreminiscent,44,0
22966,ĠGorbachev,44,0
975,ince,43,0
1042,Ġprov,43,1
1820,ĠBrit,43,0
2266,itten,43,20
2462,atives,43,0
2578,uge,43,13
3167,olution,43,0
3255,ĠMich,43,0
3952,rif,43,12
4590,isted,43,2
4668,fr,43,1
5678,ĠMarg,43,2
6469,Ġid,43,27
6690,anny,43,24
7495,ĠFur,43,26
7686,usive,43,0
8319,uter,43,10
8383,ouring,43,1
9340,alo,43,0
9527,ĠHit,43,2
9596,anas,43,20
9720,cus,43,1
10221,ĠBrand,43,0
10885,dog,43,12
10941,esty,43,1
11503,osis,43,0
11560,Ġhelm,43,3
11606,iman,43,3
11612,ĠJoy,43,1
11653,bet,43,15
11991,ĠSin,43,1
12046,ĠBri,43,1
12374,Ġdorm,43,2
12919,inda,43,0
13318,pen,43,28
13541,ĠThousand,43,0
13597,ethe,43,0
13921,ĠBent,43,6
14081,ĠKnow,43,0
14148,never,43,0
14180,ĠCrime,43,0
14642,roph,43,0
14645,ĠCart,43,2
15255,rowing,43,1
15485,Ġard,43,0
15924,ĠGaul,43,0
15943,Ġtread,43,5
16256,ĠOt,43,0
16389,Ġtram,43,17
16479,TC,43,1
16762,ĠBess,43,0
17131,bags,43,36
17287,ĠSyn,43,0
17514,modern,43,0
17707,uta,43,1
17761,ĠPharaoh,43,0
17993,TE,43,19
18047,Ġslack,43,1
18143,cz,43,0
18699,raising,43,0
19218,ĠGO,43,26
19225,Ġoutpost,43,0
19259,Ġesteem,43,0
19577,ĠEcuador,43,0
19630,ĠSH,43,557
19635,ĠCer,43,0
20020,ulator,43,22
20126,Ġidol,43,1
22971,Dick,43,0
22972,Es,43,0
22973,Mon,43,0
22974,Open,43,0
22975,PL,43,4
22977,Tis,43,0
22978,Wait,43,0
22983,million,43,0
22987,Ġicy,43,8
22988,Ġtat,43,20
22990,Ġtil,43,10
22994,Ġwanna,43,0
22997,Ġbilingual,43,0
22998,Ġfenced,43,55
23000,Ġpatted,43,2
23001,Ġhm,43,1
23002,Ġdives,43,1
23003,Ġinbound,43,0
23010,Ġlid,43,178
23011,Ġlure,43,1
23012,Ġlax,43,0
23013,Ġgems,43,1
23014,ĠIle,43,0
23016,ĠABA,43,0
23017,Ġyo,43,27
23018,Ġheal,43,2
23020,ĠSul,43,0
23021,ĠSale,43,1
23022,ĠSIP,43,0
23023,ĠSomme,43,0
23024,ĠSoho,43,0
23029,ĠCell,43,6
23031,ĠCAP,43,17
23034,ĠMAN,43,826
23035,ĠMLS,43,0
23039,ĠPig,43,4
23040,Ġdoin,43,0
23041,Ġdose,43,3
23042,Ġdoings,43,0
23045,ĠWings,43,0
23047,Ġdean,43,1
23051,ĠFlying,43,2
23052,ĠFAA,43,0
23053,ĠFollies,43,0
23057,ĠDub,43,1
23058,ĠDane,43,0
23062,ĠRector,43,0
23064,Ġcomin,43,0
23066,Ġherb,43,5
23069,ĠEagles,43,0
23071,Ġoutlet,43,17
23072,Ġcanals,43,0
23073,Ġuphold,43,0
23074,Ġ($,43,0
23075,Ġ1911,43,0
23077,ĠThai,43,3
23079,Ġplaywright,43,0
23085,avia,43,2
23086,Ġdisabilities,43,0
23088,ĠShepherd,43,4
23089,Ġbully,43,0
23090,Ġspeck,43,21
23091,Ġimply,43,0
23096,Ġdaybreak,43,0
23097,awed,43,0
23099,Ġunderwent,43,0
23100,necked,43,4
23101,Ġneedy,43,0
23102,Ġactuarial,43,0
23103,Ġbeforehand,43,0
23107,Ġcoloured,43,54
23108,Ġslate,43,1
23109,Ġslumber,43,0
23110,Ġslammed,43,0
23113,ĠAmericas,43,0
23115,Ġpreserving,43,0
23117,Ġglittering,43,2
23118,Ġevicted,43,0
23119,Ġcarelessly,43,0
23120,Ġcapitals,43,0
23121,Ġ1840,43,0
23122,Ġexpose,43,3
23126,Ġhardened,43,0
23127,Ġpopcorn,43,45
23128,Ġministers,43,0
23129,Ġchariot,43,18
23130,Ġdefines,43,0
23131,Ġmarina,43,7
23132,Ġformations,43,7
23133,Ġestates,43,0
23134,Ġdetection,43,0
23135,Ġfooting,43,0
23138,Ġissuing,43,0
23140,ĠCarlo,43,0
23141,Ġpeasant,43,2
23142,Ġfirearms,43,6
23144,Ġeconomical,43,0
23145,Ġgreenhouse,43,2
23146,ĠZero,43,2
23147,Ġgrowl,43,0
23150,Ġvols,43,0
23151,Ġproposes,43,0
23153,Ġmailing,43,1
23154,Ġcomputing,43,0
23156,Ġhusky,43,19
23157,ĠNeo,43,0
23158,Ġboardwalk,43,43
23159,Ġhonoured,43,0
23162,Ġstaffing,43,0
23163,ĠDemand,43,0
23165,Ġsurfaces,43,2
23167,ĠIrving,43,0
23168,Ġspirited,43,0
23169,ĠJackie,43,1
23170,ĠComplex,43,0
23173,Ġprecautions,43,0
23174,Ġappropriated,43,0
23176,Ġcentralized,43,1
23178,Ġexercised,43,0
23179,ĠBurmese,43,0
23180,Ġinvestigator,43,0
23181,125,43,1
23183,Ġoccupies,43,1
23184,Ġusefulness,43,0
23187,ĠContest,43,0
23189,Ġrobbing,43,0
23190,ĠEvidently,43,0
23191,Ġsailboat,43,85
23192,ĠMurder,43,3
23193,second,43,0
23195,Ġlandscaped,43,1
23196,Ġimplies,43,0
23198,ĠCamii,43,0
23199,Ġanalyst,43,0
23200,Ġmechanic,43,4
23201,Ġconsequently,43,0
23202,ĠUsers,43,0
23203,Ġaiming,43,2
23207,Ġcowboys,43,71
23208,ĠHaiti,43,0
23209,Ġpinch,43,0
23210,Ġhabitats,43,0
23211,ĠSaarinen,43,0
23212,Ġphotographers,43,50
23213,ĠLighton,43,0
23215,ĠTimothy,43,0
23216,Ġshovels,43,66
23218,ĠDawn,43,0
23219,Ġvulgar,43,1
23220,Ġcomposers,43,0
23221,Ġflourishing,43,0
23223,ĠPiper,43,0
23225,Ġtomato,43,217
23227,ĠAdvanced,43,0
23228,Ġvulnerabilities,43,0
23229,Ġfleeing,43,1
23230,Ġpreceded,43,0
23232,ĠSiena,43,0
23233,ĠHorner,43,0
23234,ĠIncreased,43,0
23235,ĠWessex,43,0
23238,Ġentrances,43,4
23239,ĠLegislative,43,0
23240,ĠPrussian,43,0
23241,Ġtroopers,43,0
23242,ĠDrugs,43,0
23243,Ġblossom,43,3
23244,Ġmoisture,43,1
23245,Ġbaptized,43,0
23246,Ġdispleased,43,1
23247,Ġelasticity,43,0
23248,ĠBMX,43,27
23249,Ġdiscretionary,43,0
23250,Ġoutlawed,43,0
23251,Ġgrieved,43,0
23253,Ġbruised,43,10
23254,Ġfugitive,43,0
23255,Ġclergyman,43,1
23256,Ġrefrigerator,43,160
23258,Ġpundits,43,0
23259,ĠJFK,43,0
23260,Ġransom,43,0
23261,Ġunanimous,43,0
23262,Ġlocomotive,43,24
23263,Ġshogunate,43,0
23264,Ġperceive,43,0
23265,Ġtheoretical,43,0
23266,Ġloyalty,43,0
23267,ĠQuayle,43,0
23268,Ġominous,43,1
23269,ĠAlzheimer,43,0
23271,Ġswollen,43,0
23272,ĠSOPHIA,43,0
23274,Ġutensils,43,46
23275,ĠPansy,43,0
23276,Ġlivestock,43,6
1096,ross,42,5
1522,Ġconst,42,1
1707,pri,42,4
2028,ĠTex,42,1
3502,Ġimm,42,1
4077,inary,42,0
4389,Ġsle,42,29
4477,orter,42,19
4633,ses,42,26
4647,Ġvac,42,4
4728,anged,42,0
4819,Ġbon,42,5
5628,ension,42,0
6353,Ġconver,42,1
6464,eling,42,9
6582,omer,42,2
6698,orial,42,0
6954,comm,42,1
7179,aping,42,6
7226,Ġrecon,42,0
7374,Ġmaxim,42,0
7470,ogue,42,0
7773,auer,42,0
7885,ĠBos,42,0
8029,ĠBO,42,204
8298,Ġwand,42,23
8893,atures,42,8
9136,ete,42,3
9284,ĠEnvironment,42,0
9668,ĠMam,42,1
9825,bridge,42,0
9889,Ġfresco,42,1
10708,Ġsubt,42,0
10747,ĠFriend,42,3
10886,pass,42,2
11135,rav,42,1
11299,rons,42,6
11348,EW,42,20
11726,ĠChin,42,0
11881,oded,42,5
12191,Ind,42,1
12192,SP,42,3
12215,oths,42,7
12418,ĠMethod,42,0
13587,dis,42,1
13603,ĠWy,42,2
14082,Ġadorn,42,4
15015,ĠIz,42,1
15147,ocation,42,0
15682,ĠRot,42,3
15831,Ġsquat,42,4
16804,ĠProm,42,1
17192,ĠAndr,42,0
17998,elect,42,0
18274,Ġfertil,42,0
18492,amel,42,27
18741,Ġpunct,42,1
19026,oux,42,0
19820,amine,42,0
19842,ĠInv,42,0
20143,keepers,42,1
20194,ĠTat,42,0
20199,ĠIl,42,0
20221,ĠFresh,42,19
20274,ĠAllah,42,0
22496,ĠĠĠĠĠĠĠĠĠĠĠ,42,0
23277,84,42,2
23278,About,42,0
23285,cock,42,13
23287,east,42,0
23294,wy,42,0
23295,won,42,5
23299,Ġwicker,42,98
23302,Ġboulevard,42,3
23304,Ġpoultry,42,4
23305,Ġhuddled,42,0
23307,Ġdazed,42,0
23310,ĠTige,42,0
23312,Ġthar,42,0
23314,Ġnoses,42,29
23316,Ġghetto,42,1
23318,ĠAUDIT,42,0
23320,states,42,0
23322,Ġrelying,42,0
23323,eta,42,4
23328,ĠCumberland,42,0
23329,ĠMets,42,5
23332,ĠHI,42,0
23337,Ġkg,42,0
23338,Ġray,42,1
23339,Ġrapper,42,2
23341,ĠWon,42,0
23343,ĠFukushima,42,0
23346,umen,42,0
23347,ĠDI,42,5
23352,ĠLana,42,0
23354,ĠGospel,42,0
23355,Ġexclude,42,0
23359,ĠEgg,42,3
23363,Ġtherein,42,0
23366,Ġclip,42,45
23367,Ġclans,42,0
23370,Ġoffence,42,0
23372,ĠChase,42,1
23374,ĠVP,42,0
23380,Ġscanned,42,0
23381,Ġsmash,42,9
23382,Ġbulls,42,20
23386,Ġflux,42,0
23387,Ġundergone,42,0
23388,Ġcracks,42,4
23389,Ġrecession,42,0
23390,ĠWhig,42,0
23391,Ġaccursed,42,0
23394,Ġslay,42,1
23395,Ġboasted,42,0
23396,Ġshowers,42,2
23397,Ġinvading,42,1
23398,Ġstillness,42,0
23399,Ġ330,42,1
23400,Ġskipping,42,2
23401,Ġheadlong,42,0
23402,Ġglor,42,1
23403,Ġswore,42,0
23405,Ġdistrust,42,0
23406,ĠArche,42,0
23407,ĠMarvel,42,1
23409,Ġuntouched,42,5
23411,ĠShanti,42,0
23412,Ġrealised,42,0
23415,ĠForces,42,1
23418,Ġpriory,42,0
23419,Ġprized,42,0
23421,Ġbroker,42,0
23422,ĠDoing,42,0
23423,Ġparticulate,42,0
23424,Ġseverity,42,0
23426,Ġpeek,42,2
23428,Ġnorthward,42,0
23429,Ġwoodland,42,3
23430,ĠGoals,42,0
23432,ĠWarm,42,0
23433,Ġgranddaughter,42,1
23435,Ġsoftened,42,0
23437,ĠResort,42,1
23438,Ġfixes,42,5
23439,ĠEvening,42,0
23440,Ġcampaigning,42,0
23442,Ġsexually,42,0
23444,household,42,0
23445,ĠBoone,42,0
23446,Ġjean,42,253
23448,Ġcruises,42,1
23450,Ġgasp,42,0
23451,Ġstrenuous,42,0
23452,Ġcollector,42,2
23453,Ġstroked,42,0
23454,Ġensured,42,0
23456,Ġurging,42,0
23458,Ġguarding,42,6
23459,Ġlisteners,42,11
23460,ĠKalyal,42,0
23461,ĠSatan,42,0
23463,ĠContreras,42,0
23464,Ġ604,42,1
23465,ĠKeys,42,1
23466,ĠKeeping,42,0
23468,Ġsprung,42,0
23469,Ġhomesick,42,0
23470,Ġrenting,42,0
23471,Ġfools,42,0
23472,Ġintegrate,42,0
23473,ĠStudio,42,0
23474,ĠAldonka,42,0
23475,Ġbothering,42,0
23478,ĠKhamba,42,0
23479,Ġroyalty,42,0
23480,Ġbreadth,42,0
23481,ĠNorton,42,0
23482,Ġconflicting,42,0
23484,Ġfaltered,42,0
23485,Ġcommitments,42,0
23486,Ġmileage,42,0
23487,Ġmurderers,42,0
23489,ĠJojasta,42,0
23490,Arts,42,0
23491,ĠAccountability,42,0
23492,ĠSarbanes,42,0
23493,Ġfainted,42,0
23494,ĠHonorable,42,0
23495,Ġstadiums,42,0
23496,Ġpredicts,42,0
23497,Ġincline,42,10
23498,ĠKnowing,42,0
23499,Ġreconstruction,42,0
23500,Ġwithdrawn,42,0
23501,Ġterrifying,42,0
23502,ĠProductions,42,0
23503,ĠMoving,42,1
23504,ĠBorder,42,1
23505,ĠByzantium,42,0
23506,Ġadmirable,42,0
23507,Ġunlucky,42,0
23510,Ġoutlays,42,0
23511,Ġroutinely,42,0
23512,Ġutilizing,42,2
23513,ĠSabah,42,0
23515,ĠMaugrabin,42,0
23516,ĠLimited,42,0
23517,largest,42,0
23518,ĠMuhammadan,42,0
23519,ĠConservation,42,0
23520,ĠCubans,42,0
23521,Ġgaily,42,0
23522,Ġjurors,42,0
23523,Ġfeminine,42,1
23524,Ġextends,42,2
23525,Really,42,0
23526,Ġlicensees,42,0
23527,ĠBangladeshi,42,0
23528,ĠIndividuals,42,20
23529,ĠAmendments,42,0
23530,Amato,42,0
23531,ĠDEAR,42,0
23532,Ġsolicited,42,0
23533,ĠMethods,42,0
23534,ĠAttorneys,42,0
23535,Ġsupervisors,42,1
23537,ĠPyrenees,42,0
23538,ĠSweyn,42,0
23539,Ġprosecutors,42,0
23541,Ġornamental,42,12
23542,ĠRiviera,42,0
23543,ĠKnowledge,42,0
23544,ĠPhillips,42,0
23545,Ġlagoon,42,2
23546,ĠRouge,42,0
23547,Ġlingered,42,0
23548,ĠChallenges,42,0
23549,Ġunhealthy,42,0
23550,Ġkiosk,42,17
23552,Ġdisapproval,42,0
23553,ĠNassau,42,0
23554,Ġnewcomer,42,0
23555,Ġpersecution,42,0
23558,ĠParsons,42,0
23559,Ġpromotional,42,1
23561,Ġhierarchy,42,0
23562,ĠAnglican,42,0
23563,Ġovercrowded,42,0
23564,ĠVigil,42,0
23565,Oxley,42,0
23566,ĠAubrey,42,0
23567,ĠLukas,42,0
23568,Ġtrivial,42,2
23569,Ġorientation,42,0
23570,Ġrazor,42,48
23571,Louis,42,0
23572,Ġunreasonable,42,0
23573,Ġshrieked,42,0
23574,formerly,42,0
23575,ĠInfrastructure,42,0
23576,Ġmundane,42,0
23577,Ġboudoir,42,0
23578,ĠIeyasu,42,0
23579,ĠMurdoch,42,0
871,Ġwr,41,14
2002,Ġmag,41,15
2158,lex,41,2
2437,Ġintern,41,0
3001,omes,41,2
3348,Ġrad,41,26
3369,Ġthr,41,16
3596,aped,41,3
3669,mit,41,5
3726,ulf,41,1
4149,Ġgall,41,1
4768,azz,41,2
4975,ection,41,12
5178,cious,41,2
6749,pay,41,0
6773,Ġlat,41,13
7240,usted,41,21
7463,zes,41,13
7795,ext,41,1
7826,istry,41,0
8080,zing,41,5
8903,Ġouts,41,1
9139,ceived,41,0
9185,ĠMichel,41,1
9362,Ġinex,41,0
9662,RC,41,1
9840,iors,41,3
10387,inian,41,0
10982,Ġinsect,41,12
10994,ĠVi,41,0
11538,mod,41,0
11660,imated,41,0
12265,ĠLog,41,4
12629,ĠJun,41,0
12851,Ġresent,41,0
12898,isation,41,0
13223,ĠProduct,41,0
13695,ixed,41,1
13914,Ġlos,41,1
14272,ships,41,0
14308,wind,41,8
14639,Ġlent,41,0
14640,ĠAren,41,0
14783,ĠQuest,41,1
14819,word,41,2
15131,ĠSah,41,2
16427,ĠBlanc,41,2
16736,overs,41,5
16748,ĠTon,41,2
17681,OC,41,39
17965,working,41,2
17997,date,41,0
18043,grown,41,0
18194,ĠAna,41,0
18494,ĠCann,41,0
18836,ĠMason,41,1
19497,ĠPrison,41,0
19968,Ġsovereign,41,0
19998,itas,41,1
20220,ĠFolk,41,0
20232,ĠEss,41,2
20567,ĠReturn,41,0
22375,mm,41,4
23580,!),41,4
23581,")""",41,0
23582,900,41,0
23583,Che,41,0
23584,Dec,41,0
23589,War,41,0
23592,dressed,41,62
23595,kill,41,0
23606,Ġsomeday,41,0
23607,Ġwilt,41,0
23608,Ġwoe,41,0
23615,Ġpaced,41,0
23617,Ġdrenched,41,0
23621,Ġnests,41,0
23622,Ġnanny,41,0
23623,Ġnieces,41,0
23624,Ġlgi,41,0
23626,ĠAisne,41,0
23627,Ġbee,41,39
23633,ĠSons,41,0
23635,ĠSSA,41,0
23639,ĠCV,41,3
23640,ĠCrose,41,0
23641,Ġhaze,41,0
23642,ĠHIS,41,138
23645,Ġranged,41,0
23646,Ġrushes,41,1
23648,ĠWak,41,0
23649,ĠWine,41,37
23650,Ġsham,41,4
23652,Ġshivered,41,0
23653,Ġdey,41,0
23655,those,41,0
23656,alla,41,16
23659,Ġchir,41,7
23660,Ġplots,41,1
23665,ĠGol,41,0
23666,ĠRust,41,1
23668,ĠRES,41,4
23673,Ġaback,41,0
23678,Ġupstream,41,0
23683,ĠUses,41,0
23684,ĠStores,41,0
23685,ĠStrait,41,0
23686,Ġunused,41,9
23689,Ġgrape,41,56
23691,Ġpartisan,41,0
23692,Ġdownstream,41,0
23693,Ġpreach,41,0
23696,Ġfounders,41,0
23698,Ġassignment,41,2
23699,ĠFranz,41,0
23700,Ġskimming,41,0
23701,Ġobsolete,41,0
23702,Ġheadband,41,243
23705,Ġrequesters,41,0
23706,Ġserpent,41,0
23708,Ġhardship,41,0
23709,Ġairborne,41,12
23710,ĠShore,41,2
23711,ĠShaw,41,0
23716,Ġcharitable,41,0
23717,Ġdefiance,41,0
23719,ĠIsle,41,1
23720,Ġ2024,41,0
23721,Ġdripping,41,3
23723,Ġtwilight,41,0
23725,Ġhorrors,41,0
23726,Ġparticulars,41,0
23727,Ġmedication,41,0
23728,Ġpeach,41,88
23729,nothing,41,0
23730,ĠManila,41,6
23731,Ġdesigners,41,0
23732,Ġsums,41,0
23733,Ġnationalist,41,0
23734,ĠCommons,41,0
23736,Ġgenerously,41,0
23737,Ġ106,41,1
23738,ĠPlain,41,7
23739,ĠOrders,41,0
23741,ĠBlock,41,4
23742,Ġbites,41,11
23743,ĠTruman,41,0
23746,Ġtenure,41,0
23747,Ġdestructive,41,0
23750,Ġharmed,41,0
23751,Ġfinely,41,1
23752,Ġinflow,41,0
23753,Ġlaborers,41,0
23754,Ġbuyers,41,0
23755,ĠXavier,41,0
23756,Ġfutile,41,0
23758,Ġfuriously,41,0
23759,Ġadmits,41,0
23760,Ġboxer,41,34
23763,ĠEmissions,41,0
23765,Ġinflux,41,0
23766,Ġpolicymakers,41,0
23767,Ġgraves,41,0
23768,ĠIraklion,41,0
23770,Ġburns,41,3
23771,ĠMexicans,41,0
23772,Ġangles,41,1
23773,Ġuncertainties,41,0
23775,Ġurgent,41,0
23776,Ġbikers,41,118
23777,ĠBurma,41,0
23778,ĠFortune,41,1
23780,Ġbombers,41,5
23781,Ġimpressions,41,1
23782,Ġfaithfully,41,0
23783,Ġdebated,41,0
23784,1993,41,0
23785,1995,41,0
23788,Ġfooled,41,0
23789,ĠJudiciary,41,0
23790,iyre,41,0
23791,ICK,41,46
23792,Ġironic,41,1
23794,Ġcereal,41,34
23795,ĠJoseon,41,0
23796,ĠTwice,41,0
23797,Ġdisagreement,41,0
23798,ĠRocky,41,1
23799,Ġhamlet,41,1
23800,Ġquantify,41,0
23801,ĠBuddhists,41,0
23803,ĠExecutives,41,0
23804,Ġdesperation,41,0
23805,Ġmysteriously,41,0
23806,Ġmelting,41,3
23807,ĠNOT,41,220
23808,ĠTorres,41,0
23809,Ġlocker,41,21
23810,Ġvenerable,41,2
23811,Ġoptional,41,0
23812,ĠLocated,41,0
23813,ĠAntoni,41,0
23814,ĠOprah,41,0
23817,ĠXXX,41,0
23818,ĠProduced,41,0
23819,ĠCowley,41,0
23820,Ġnicotine,41,0
23821,Ġincorporating,41,0
23822,Ġgrasping,41,10
23823,Ġdiscoveries,41,0
23824,ĠMirpur,41,0
23825,Ġanticipate,41,0
23826,Ġexpeditions,41,0
23827,Ġadvisory,41,0
23828,ĠXVII,41,0
23829,Ġvocals,41,0
23830,Ġadmiral,41,1
23831,Ġsuspects,41,0
23832,Ġcannons,41,1
23833,Ġprivileged,41,0
23835,Ġexecute,41,0
23836,specific,41,4
23837,ĠLaboratory,41,0
23838,ĠTurning,41,0
23839,Ġkeenly,41,1
23841,Ġdumped,41,1
23842,ĠAlec,41,0
23843,ĠBronze,41,1
23844,ĠLSNY,41,0
23845,ĠConservative,41,0
23846,onlyinclude,41,0
23847,Ġwithdrawal,41,0
23848,Ġpollutant,41,0
23849,Ġthumbs,41,101
23850,Ġcorpses,41,0
23851,Ġtattooed,41,27
23852,Ġsummarizes,41,0
23853,ĠMaxwell,41,0
23854,Ġsleeves,41,251
23855,ĠTelegraph,41,0
23856,Ġceramic,41,52
23857,ĠChilean,41,0
23858,ĠGraves,41,0
23859,ĠLegislature,41,0
23860,Ġpremiums,41,0
23861,Ġreorganization,41,0
23862,ĠCaleornia,41,0
23863,Ġflawless,41,0
23864,ĠBeauty,41,1
23865,Ġblossoms,41,12
23866,Ġloser,41,1
23867,Ġupgrade,41,0
23868,Ġconstituency,41,0
23870,ĠCompetition,41,0
23871,Ġsidelines,41,23
23872,Ġpresumably,41,3
23873,ĠMaurice,41,0
23874,Ġpredecessors,41,0
23875,ĠAurich,41,0
23876,Ġcongregation,41,12
23877,Ġsquatting,41,96
23879,ĠLithuania,41,0
23880,ĠSeminole,41,0
23881,Grand,41,0
23882,Ġlounging,41,15
23883,Ġpebbles,41,6
23884,ĠSpecifically,41,0
23885,Ġsiblings,41,4
23886,Ġunbelievable,41,0
23887,Ġintolerable,41,0
23888,Ġwretch,41,0
23889,ĠMazda,41,3
23890,Cohen,41,0
23891,ĠAppropriations,41,0
23892,ĠSunnyside,41,0
23893,Ġschemes,41,0
23894,Ġportfolio,41,3
23895,ĠHerzl,41,0
23896,benefit,41,0
23897,Ġapparatus,41,14
23898,Ġembroidered,41,12
23899,Ġinvariably,41,0
23900,ĠBielski,41,0
23901,ĠREMSAD,41,0
23902,Ġstammered,41,0
23903,Ġshuddered,41,0
23904,Ġunselfish,41,0
23905,Samtgemeinde,41,0
23906,Ġincomplete,41,5
23907,Ġbroccoli,41,1240
23908,Ġsovereignty,41,0
1332,Ġmil,40,4
1489,aken,40,0
2091,raft,40,0
2307,itional,40,2
2311,ocr,40,1
2582,Ġcompl,40,0
2597,Ġcam,40,229
3080,Ġfres,40,2
3703,ners,40,0
3755,rupt,40,0
4129,Ġlegisl,40,0
4140,Ġmagn,40,14
4335,Ġscr,40,27
4562,Ġcircum,40,0
4900,ĠColle,40,0
5102,nel,40,0
5221,pected,40,0
5266,uing,40,3
5954,osen,40,0
7252,ĠBra,40,1
7445,Ġdar,40,8
7520,ĠEli,40,0
8297,Ġaer,40,48
8335,ĠRub,40,0
8571,otted,40,20
8707,Ġannoy,40,0
9008,Ġneighbour,40,0
9234,umed,40,15
9603,uster,40,2
9975,ĠMau,40,0
10247,Ġpul,40,36
10391,ĠMarsh,40,2
10509,quis,40,0
10611,SI,40,15
11088,uber,40,1
11374,pling,40,17
11432,ĠPrem,40,1
11456,ĠPil,40,0
11581,itarian,40,1
11884,ubb,40,4
11983,lines,40,10
12196,nut,40,339
12250,CI,40,0
12381,utter,40,2
12572,interest,40,0
12782,oba,40,0
12977,ĠRab,40,0
13232,gon,40,1
13326,ĠHop,40,0
13334,obi,40,1
13457,ĠPle,40,0
13483,Ġloft,40,0
13983,store,40,0
14034,Ġescal,40,10
14218,race,40,8
14240,Ġsucc,40,1
14829,Ġrevel,40,10
14927,ĠChen,40,0
15024,ĠLl,40,0
15224,Ġhither,40,0
15512,ĠCoal,40,0
15768,pres,40,0
16004,IF,40,30
16192,government,40,0
16266,arks,40,0
16738,Ġtut,40,45
16905,uli,40,4
18169,ĠFR,40,41
18668,ĠPap,40,1
18814,Ġbough,40,0
18990,ĠBenedict,40,1
19227,Ġmeg,40,3
19431,ĠBend,40,0
19459,ĠStre,40,0
19650,ĠLob,40,0
19789,lest,40,37
19817,Ġsting,40,15
19983,PR,40,2
20181,Ġwed,40,23
20294,screen,40,36
20622,avers,40,6
20656,ĠBak,40,0
23909,'?,40,0
23910,08,40,1
23914,Life,40,1
23915,NO,40,1
23916,OMB,40,0
23919,VEN,40,13
23920,"_,--",40,0
23922,city,40,1
23923,cross,40,7
23929,rina,40,0
23931,hee,40,0
23933,Ġwot,40,0
23935,Ġoaks,40,0
23938,Ġbids,40,1
23939,Ġbanners,40,44
23945,Ġmul,40,31
23946,Ġpee,40,28
23947,Ġpills,40,0
23948,Ġpads,40,131
23950,Ġhilt,40,0
23951,Ġdsh,40,0
23952,Ġdarts,40,14
23954,ĠTou,40,0
23960,Ġgays,40,0
23961,ĠAmp,40,0
23964,adia,40,1
23967,imal,40,1
23969,ĠCu,40,1
23971,ĠBag,40,20
23972,ĠBach,40,0
23976,ĠPah,40,0
23977,ĠPRO,40,8
23978,Ġkilt,40,69
23979,Ġkites,40,53
23981,Ġration,40,0
23985,ĠWax,40,0
23990,Ġchaps,40,38
23992,Ġchopping,40,15
23994,Ġproving,40,0
23997,ĠGov,40,0
23998,ĠGWe,40,0
24003,Ġexpelled,40,0
24004,Ġleverage,40,0
24007,ĠElection,40,0
24009,ĠOber,40,0
24010,Ġcanyon,40,12
24013,Ġyells,40,0
24016,ĠKun,40,0
24017,ĠKaren,40,0
24019,Ġbliss,40,0
24020,Ġplayful,40,5
24022,iper,40,19
24023,Ġcompose,40,0
24024,Ġperils,40,0
24029,ĠVoice,40,0
24032,Ġresolute,40,0
24035,Ġdownright,40,0
24036,Ġpreferences,40,0
24039,Ġstandpoint,40,0
24041,Ġcrushing,40,0
24042,Ġhandwriting,40,2
24043,ĠUnit,40,1
24044,Ġslabs,40,31
24045,ĠAliens,40,0
24046,Ġcomeback,40,0
24047,Ġinvoice,40,0
24051,Ġstraps,40,68
24052,Ġstricken,40,0
24054,Ġswamps,40,0
24055,Ġconsented,40,0
24056,Ġretains,40,0
24058,Ġrestoring,40,0
24059,Ġturnout,40,0
24060,Ġsermon,40,0
24061,Ġdisco,40,2
24062,Ġinteractions,40,0
24063,Ġintercourse,40,0
24064,Ġsystematic,40,0
24065,Ġcurling,40,28
24066,Ġcurls,40,9
24068,Ġ512,40,0
24069,Ġnighttime,40,6
24070,Ġrefusal,40,0
24071,Ġrefrain,40,0
24072,Ġmodifications,40,2
24073,aja,40,0
24074,ĠIsikoff,40,0
24075,Ġgovernmentwide,40,0
24076,Ġapprovals,40,0
24077,ĠAdolf,40,0
24078,Ġteammates,40,156
24079,Ġextinction,40,0
24080,Ġfootage,40,1
24081,Ġavid,40,0
24083,although,40,0
24086,Ġinsurers,40,0
24089,their,40,0
24090,ĠManual,40,0
24091,Ġfirearm,40,1
24092,Ġtaxicab,40,1
24095,ĠHarlem,40,1
24096,ĠGrammar,40,0
24097,Ġreplica,40,6
24099,Ġcatfish,40,12
24100,Ġinvestor,40,0
24102,ĠBarack,40,3
24104,Ġhorseman,40,0
24105,Ġtroubling,40,0
24106,Ġsouthward,40,0
24107,ĠTeams,40,12
24108,Ġsalmon,40,24
24109,ĠĠĠĠĠĠĠĠĠĠĠĠĠĠĠĠĠĠĠ,40,0
24110,ĠMcD,40,2
24111,ĠNeville,40,0
24112,ĠAbu,40,0
24113,Ġdinners,40,3
24114,Ġapost,40,1
24116,Ġpotent,40,0
24117,Ġmethodologies,40,0
24118,ĠSlinky,40,0
24119,Ġsuperhero,40,1
24120,Ġsupernatural,40,0
24122,Ġassistants,40,0
24124,Ġviolation,40,0
24126,ĠPorte,40,0
24127,Ġescapes,40,0
24128,Ġmultitude,40,17
24129,Ġmassage,40,4
24130,ĠSmoke,40,0
24131,Ġagreeing,40,0
24132,Ġbackgrounds,40,5
24133,Ġhostility,40,0
24136,ĠMoreno,40,0
24137,Ġbattlefield,40,0
24139,Ġcartridges,40,0
24141,Ġhospitalized,40,0
24142,ĠLetters,40,0
24143,Ġresponds,40,0
24144,Ġlifts,40,4
24145,Ġgallon,40,6
24146,Ġoccupying,40,1
24148,Ġcrafted,40,2
24149,ĠAssociated,40,0
24150,Ġgroan,40,0
24151,Ġ1866,40,0
24152,Ġbehaviors,40,0
24153,Ġgathers,40,22
24156,Ġfrighten,40,0
24157,2004,40,0
24160,ĠCampo,40,0
24161,Ġtransferring,40,0
24162,Ġtunic,40,11
24163,Ġ1902,40,0
24164,ĠBaboo,40,0
24166,ĠBonnie,40,0
24168,Ġheavenly,40,0
24169,ĠSarawak,40,0
24170,ĠHaifa,40,0
24171,Ġpinned,40,10
24174,Mayflower,40,0
24176,Ġbedrooms,40,2
24178,Ġscandals,40,0
24179,ĠRajput,40,0
24180,ĠXXI,40,0
24181,ĠAshley,40,0
24182,Ġpassionately,40,0
24183,playing,40,1
24184,Ġoverseers,40,0
24185,Ġaffectionately,40,0
24186,ĠBroadcasting,40,0
24187,Ġferries,40,0
24188,ĠCruise,40,3
24190,Ġobscured,40,198
24191,Ġreproduced,40,0
24192,Ġtolerate,40,0
24193,Ġrenovation,40,0
24194,Ġcomrade,40,0
24195,ĠRailroad,40,4
24196,Ġlineman,40,2
24197,ĠRapids,40,0
24198,Ġoptimism,40,0
24199,Ġconfrontation,40,0
24200,ĠLamar,40,0
24201,Ġdensely,40,0
24202,ĠMacedonian,40,0
24203,Ġenterprises,40,0
24204,Which,40,0
24205,ĠWriting,40,1
24206,ĠZenana,40,0
24208,Ġdunes,40,21
24209,ĠCyclades,40,0
24211,ĠAgricultural,40,0
24212,ĠBentheim,40,0
24213,ĠBryan,40,0
24214,ĠAlbania,40,0
24215,ĠVicente,40,0
24216,Ġhawk,40,26
24218,Ġattentively,40,0
24219,Ġhandicapped,40,17
24220,Ġprowess,40,0
24221,Ġcrippled,40,1
24222,Ġtreacherous,40,0
24223,Ġcurtains,40,38
24224,ĠAvenger,40,0
24225,ĠActivities,40,0
24227,Ġwholesome,40,0
24228,Ġoverlap,40,0
24229,Ġaesthetic,40,0
24230,ĠLiterature,40,0
24232,Ġreferendum,40,0
24233,Crash,40,0
24235,Ġfoothills,40,1
24236,ĠElderly,40,43
24237,ĠHoffman,40,0
24238,Ġderivative,40,0
24239,Arctodus,40,0
24240,ĠBOOKS,40,1
24241,Ġbungalow,40,3
24242,Ġfantasies,40,0
24243,ĠHungerford,40,0
24244,Ġcurriculum,40,0
24245,Ġreferenced,40,0
24246,ĠInfantry,40,0
24247,ĠNeighborhood,40,1
24248,Ġstaunch,40,0
24250,Ġmonstrous,40,0
24251,ĠMykonos,40,0
24252,ĠCentrelink,40,0
1141,ember,39,0
1328,ution,39,0
2082,ĠBomb,39,1
2448,ensive,39,9
2473,ague,39,2
2815,Ġcirc,39,6
2913,ror,39,1
2937,Ġbes,39,11
3520,Ġje,39,12
4132,cend,39,0
4134,ggy,39,3
4796,Ġrob,39,1
5060,sec,39,0
5296,omas,39,1
5489,ĠTurk,39,0
5636,Ġflex,39,4
5911,ilian,39,1
6392,odes,39,0
6559,ules,39,0
7608,HL,39,6
7748,uce,39,5
8181,Ġretro,39,3
8308,Ġinvent,39,0
8445,Ġsympath,39,0
8541,Ġod,39,27
8780,unks,39,3
9754,imb,39,1
10007,ouch,39,73
10304,AY,39,14
10470,lie,39,5
10533,Ġtact,39,0
10549,Ġconj,39,0
10693,anz,39,0
10938,oped,39,4
11133,Ġabrupt,39,0
11362,ĠMull,39,2
11376,acht,39,2
11984,nor,39,0
12006,ĠExper,39,0
12100,ĠCort,39,0
12311,PP,39,17
12517,amba,39,0
12841,ĠPun,39,0
12914,ppers,39,2
14350,Ġharmon,39,0
14643,ĠSad,39,1
14817,list,39,0
15529,Ġdishon,39,0
15679,ĠFitz,39,0
15928,Ġclergy,39,3
15980,ILL,39,36
16137,Ġger,39,11
16778,Ġquint,39,10
17178,Ġoffend,39,0
17438,iph,39,5
17465,ĠNeed,39,0
17529,Col,39,0
17542,Ġcros,39,4
17691,eria,39,5
17834,mus,39,24
17883,ĠFab,39,0
18295,!_,39,0
18321,ĠCet,39,0
18514,Ġblunt,39,0
18876,Ġscant,39,7
18878,icts,39,0
19046,ĠHat,39,12
19080,Ġrefin,39,0
19389,NT,39,137
19401,named,39,0
19545,ĠDarwin,39,0
19601,bred,39,0
19821,ĠMathe,39,0
19839,ĠEX,39,13
20025,ĠGill,39,0
20036,Ġspat,39,69
20323,ECT,39,32
20375,IGHT,39,179
20470,ĠVo,39,0
20646,ĠTot,39,0
20655,ĠCox,39,2
20676,ĠJar,39,3
20925,atsu,39,0
24253,;&,39,0
24254,French,39,0
24255,German,39,0
24256,Ha,39,0
24258,Mer,39,0
24259,_!,39,0
24260,big,39,2
24264,god,39,0
24266,hurst,39,1
24267,little,39,1
24268,mos,39,28
24271,sided,39,1
24273,tale,39,2
24274,Ġion,39,3
24275,Ġtuba,39,27
24276,Ġtangled,39,2
24277,Ġaint,39,0
24281,isch,39,0
24282,Ġbog,39,9
24286,Ġfade,39,1
24287,Ġfumes,39,1
24288,Ġmocked,39,0
24291,Ġpend,39,22
24293,Ġdys,39,0
24295,arrondissements,39,0
24296,ĠTales,39,0
24297,Ġthine,39,0
24298,Ġgast,39,0
24303,ĠSales,39,0
24305,Ġstems,39,22
24306,Ġforged,39,0
24307,ĠMP,39,5
24310,ĠBody,39,8
24311,ĠBelt,39,1
24314,ĠHence,39,0
24319,ĠPoverty,39,0
24320,Ġhissed,39,0
24322,ĠFan,39,0
24323,ĠFate,39,0
24326,ĠDuck,39,14
24327,ĠDiet,39,1
24328,ĠDHS,39,0
24330,Ġchained,39,10
24331,ĠNeb,39,0
24334,ĠLanka,39,0
24335,ĠGiles,39,0
24336,ĠGrafton,39,0
24338,ĠJets,39,4
24341,Ġvase,39,1332
24342,Ġvases,39,61
24344,Ġjug,39,47
24347,Ġabode,39,0
24348,Ġoutputs,39,0
24349,Ġmeadows,39,0
24350,ĠHeath,39,1
24351,ĠOlsen,39,0
24353,akpa,39,0
24356,ĠThunder,39,0
24357,Ġtee,39,254
24358,Ġtease,39,0
24359,berger,39,0
24361,Ġdonkeys,39,16
24362,ĠStories,39,2
24363,Ġenlisted,39,0
24366,Ġunstable,39,0
24367,Ġoversee,39,0
24369,Ġcompiled,39,0
24370,Ġspice,39,3
24371,Ġgrinding,39,12
24375,Ġpreacher,39,1
24376,Ġbacklash,39,0
24378,Ġflown,39,9
24379,Ġflaws,39,0
24380,Ġwhereabouts,39,0
24381,Ġattained,39,0
24383,Ġcoves,39,0
24384,Ġcoherent,39,0
24385,Ġyoungsters,39,31
24386,ĠUnified,39,1
24387,Ġcallers,39,0
24388,Ġsling,39,23
24389,Ġsledding,39,1
24391,Ġincense,39,17
24392,Ġincidence,39,0
24393,Ġinvitations,39,0
24394,Ġfins,39,14
24395,Ġskiers,39,84
24399,Ġprovoked,39,0
24400,ĠArb,39,0
24401,Ġdrastically,39,0
24402,Ġsideways,39,226
24403,Ġairs,39,0
24404,ĠShields,39,0
24405,Ġpassport,39,5
24407,Ġ450,39,0
24408,Ġmodify,39,0
24409,Ġorganisation,39,0
24410,Ġdepiction,39,1
24417,Ġtransports,39,2
24420,ĠCarrie,39,0
24421,ĠFlossy,39,0
24422,Ġrockets,39,2
24423,Ġprocessions,39,0
24424,ĠCollection,39,0
24426,Ġvarieties,39,1
24427,ĠSox,39,16
24430,Ġ107,39,2
24431,ĠPlans,39,0
24433,ĠScout,39,5
24435,Ġsuccessors,39,0
24436,ĠSelect,39,0
24437,ĠTruth,39,0
24440,Ġcorral,39,5
24441,Ġdoubles,39,3
24442,Ġhairy,39,44
24443,Ġtrout,39,1
24444,ĠTeodoro,39,0
24445,Ġfiguring,39,0
24446,Ġsalon,39,12
24447,Ġhumanitarian,39,1
24448,Ġcritically,39,0
24449,Ġapiece,39,0
24450,Ġfurry,39,68
24451,ĠYesterday,39,0
24452,Ġ118,39,1
24453,ĠMalibu,39,1
24454,Ġquieter,39,0
24455,ĠAugustus,39,0
24456,ĠPalm,39,6
24457,Ġafar,39,2
24458,Ġsafeguards,39,0
24459,Ġjourneys,39,0
24460,Ġstarter,39,2
24461,Ġnegatively,39,0
24462,ĠBillboard,39,0
24463,Ġfearless,39,0
24464,Ġtrustworthy,39,0
24465,Ġsticky,39,8
24466,Ġbicyclists,39,119
24467,Ġradi,39,16
24468,ĠCrash,39,0
24469,Ġdamn,39,4
24470,ĠNewspapers,39,0
24471,ĠLouisville,39,2
24472,Ġrailways,39,0
24474,Ġfarmhouse,39,1
24475,Ġluckily,39,0
24476,ANCE,39,5
24477,Ġverification,39,0
24478,Ġsweetest,39,0
24481,Three,39,0
24482,Ġpersistent,39,0
24483,Ġperspectives,39,0
24484,ĠMorocco,39,0
24485,Ġdomed,39,5
24486,Ġmeaningless,39,0
24487,Ġshutting,39,0
24488,Ġoccupants,39,1
24489,Ġcontrasts,39,0
24490,Ġ1867,39,0
24491,ĠCOST,39,1
24492,ĠSinger,39,1
24493,ĠEvie,39,0
24494,ĠSpecies,39,0
24495,Ġaccomplishment,39,0
24496,ĠReliability,39,0
24497,ĠWorker,39,7
24498,ĠSubway,39,17
24499,Ġ1906,39,0
24500,ĠInto,39,0
24501,Ġbleachers,39,30
24503,Ġblessings,39,0
24504,Ġterminated,39,0
24505,Ġfascination,39,0
24506,Ġemphatically,39,0
24507,Ġdocks,39,6
24508,ĠSuperior,39,0
24509,ĠChiefs,39,2
24510,ĠClearly,39,0
24514,ĠYeats,39,0
24516,Ġinspire,39,0
24517,ĠJacques,39,0
24518,ĠBrave,39,1
24519,Ġmorally,39,0
24520,Ġmarrying,39,0
24521,ĠRembrandt,39,0
24522,Ġdiversion,39,0
24523,ĠGalilee,39,0
24524,friendly,39,1
24525,ĠAshoka,39,0
24527,Ġsinister,39,1
24528,ĠEverest,39,0
24529,Ġyields,39,0
24531,Ġsimplest,39,0
24533,Ġtortured,39,0
24534,ĠBirch,39,0
24535,ĠBirds,39,15
24536,Ġvocabulary,39,0
24537,Ġpumpkin,39,93
24538,Ġgratified,39,0
24539,Ġannoyance,39,0
24540,Ġwhistling,39,0
24543,ĠLiberation,39,0
24544,Ġhammering,39,1
24545,ĠSharon,39,0
24546,ĠBallmer,39,0
24547,Ġbundles,39,19
24548,ĠVenetians,39,0
24549,EAD,39,140
24550,Ġcooperate,39,0
24551,Ġutilize,39,0
24552,Ġ1791,39,0
24553,Ġrusty,39,16
24554,ĠPrudence,39,0
24555,Ġwhispering,39,3
24556,ĠCDs,39,11
24557,ĠJobs,39,1
24558,Ġchimed,39,0
24559,Ġastronomer,39,1
24560,ĠProtestants,39,0
24561,Ġindulged,39,0
24562,Ġinevitably,39,0
24563,Ġfrustrating,39,0
24565,ĠMunich,39,0
24566,ĠDinner,39,2
24567,ĠProductivity,39,0
24568,ĠMunicipality,39,0
24569,Ġoutrageous,39,0
24570,Ġallegedly,39,0
24571,ĠLairen,39,0
24572,ĠProperties,39,0
24573,Ġcushions,39,70
24574,ĠKlayman,39,0
24575,ĠMagnificent,39,0
24579,ĠClarke,39,0
24580,Ġlentils,39,1
24581,ĠGregory,39,0
24582,Ġnightclub,39,5
24583,Hallo,39,0
24584,ĠGaulle,39,0
24585,Ġtreadmill,39,23
24586,Ġreinforcements,39,0
24587,Ġounce,39,0
24588,ĠOSHA,39,0
24589,Ġndez,39,0
24590,ĠLenin,39,0
24593,Ġsmokers,39,0
24595,Ġprophecy,39,0
24596,Ġzombie,39,37
24597,ĠDeclaration,39,0
24598,Ġepidemic,39,0
24599,ĠMormon,39,1
24600,Ġrooftop,39,14
24601,Ġcourteous,39,0
24602,Ġcucumbers,39,37
24603,Ġbiscuits,39,7
24604,ĠRifleman,39,0
24605,ĠAnatolia,39,0
24607,ĠOblast,39,0
24608,Ġmuzzle,39,36
24609,ĠBritannia,39,0
24610,ĠPreparation,39,0
24612,ĠGracie,39,0
24613,ĠCathedrale,39,0
24614,Ġconspicuous,39,0
24615,Ġundisturbed,39,0
24616,Ġmotocross,39,60
24617,ĠAlejandro,39,0
24618,ĠSacramento,39,0
24619,ĠCrockett,39,0
24620,Ġshillings,39,0
24621,Ġorrery,39,0
24622,ĠBenidorm,39,0
24623,ĠGrasmere,39,0
24624,ĠDarjeeling,39,0
1659,rence,38,0
1889,inton,38,2
2067,uary,38,0
2142,idence,38,0
2533,avy,38,25
2563,attle,38,2
2705,ĠAf,38,2
2875,Ġesc,38,0
3000,iety,38,0
3701,ĠDist,38,3
3891,olid,38,0
4452,abor,38,0
4801,utch,38,3
5519,arsh,38,12
6218,Ġinstruct,38,1
6238,ĠColor,38,30
7510,ĠDod,38,2
7798,rig,38,5
7841,Ġtack,38,17
7869,ĠKath,38,0
7985,annon,38,0
8264,ĠBour,38,0
9435,Ġsyn,38,0
9904,ĠPic,38,6
10079,ĠLS,38,0
10560,boys,38,0
10688,mers,38,17
11379,Ġcarn,38,2
11663,ĠMaj,38,0
11814,ĠBurn,38,0
11910,Ġprecip,38,0
12170,ĠAmaz,38,3
13666,girl,38,19
14524,folk,38,0
14554,uds,38,0
14632,Ġsid,38,16
14841,ĠRac,38,12
14919,mill,38,0
14926,ĠCau,38,1
15484,Ġunm,38,0
15604,ĠMarx,38,5
15918,ulously,38,0
16062,Ġrefriger,38,9
16233,nds,38,9
16361,ĠTrib,38,0
16366,rock,38,1
16491,Ġbou,38,5
16688,ĠQuint,38,0
16902,ĠMiy,38,0
17129,LO,38,87
17180,ahar,38,0
17556,ĠCraft,38,0
17580,ĠKiss,38,2
17711,ĠMob,38,0
18158,ĠSit,38,2
18202,azi,38,1
18298,Cap,38,0
18488,ĠSaw,38,1
19015,tem,38,0
19221,ĠJain,38,0
19498,ĠConvent,38,0
19607,matic,38,1
19810,ĠAer,38,6
19832,ĠGas,38,5
20017,ĠHak,38,0
20217,illas,38,16
20270,shop,38,0
20661,ĠPred,38,1
20805,country,38,8
20847,onne,38,0
20884,ĠRaw,38,7
21087,ĠSig,38,0
21095,ĠCord,38,0
21106,ĠPond,38,0
21346,aru,38,5
24625,250,38,0
24627,Bye,38,0
24628,Cal,38,0
24631,LSC,38,0
24632,Mex,38,0
24633,Paul,38,1
24635,South,38,0
24637,horse,38,46
24640,must,38,0
24643,trees,38,0
24646,Ġay,38,2
24647,Ġauctions,38,0
24648,Ġsacks,38,52
24649,Ġwiping,38,11
24653,Ġfrench,38,99
24654,Ġmashed,38,24
24656,Ġmules,38,3
24658,Ġpm,38,113
24659,Ġpies,38,17
24660,Ġpew,38,27
24662,Ġdictionary,38,3
24665,ĠTalking,38,2
24668,ĠTheresa,38,0
24671,ĠAaron,38,2
24674,Ġyadda,38,0
24675,Ġhens,38,0
24679,Ġstunts,38,12
24680,ĠCM,38,1
24682,ĠCotton,38,0
24685,ĠMills,38,0
24686,ĠMotion,38,0
24688,ĠHost,38,1
24691,ĠHOME,38,4
24694,ĠPisa,38,1
24695,Ġraged,38,0
24696,ĠWing,38,1
24699,ĠWAS,38,30
24700,Ġshrug,38,3
24701,Ġshoved,38,1
24702,Ġneared,38,0
24704,Ġfrantically,38,0
24705,Ġmantle,38,19
24706,usually,38,0
24709,Ġbypass,38,1
24712,ĠNELL,38,0
24718,ĠGamma,38,0
24719,ĠGaza,38,1
24720,iez,38,0
24722,ĠJet,38,4
24724,Ġsoak,38,0
24725,Ġsucks,38,2
24726,Ġleak,38,0
24727,ĠEND,38,9
24728,ĠEvelina,38,0
24731,Ġmyriad,38,10
24735,Ġdire,38,0
24738,Ġimitation,38,0
24739,Ġqueried,38,0
24740,Ġsprayed,38,11
24741,ĠChios,38,0
24742,ĠChanging,38,0
24743,ahs,38,3
24746,ogo,38,17
24747,ĠWellington,38,0
24748,were,38,0
24749,Ġpreaching,38,0
24750,Ġimperson,38,1
24751,Ġbrim,38,12
24753,Ġflue,38,2
24754,Ġguiding,38,10
24755,Ġrighteous,38,0
24763,ibs,38,29
24764,Ġsurgical,38,32
24765,Ġfined,38,0
24766,ĠBring,38,0
24767,Ġskins,38,8
24768,Ġstrides,38,3
24769,Ġeviction,38,0
24770,Ġdistinctions,38,0
24772,Ġbuilders,38,2
24773,ĠMarl,38,5
24774,ĠCloud,38,0
24775,Ġsidebar,38,0
24776,Ġhardwood,38,23
24780,ĠShi,38,0
24782,Ġmetrics,38,0
24783,Ġwatchman,38,0
24784,Ġcharred,38,7
24785,Ġcharms,38,0
24786,inski,38,0
24787,aney,38,0
24788,Ġsignifies,38,0
24789,Ġnightly,38,0
24792,Ġcomplement,38,0
24796,Ġinscriptions,38,1
24798,Ġconstable,38,0
24799,Ġconstrained,38,0
24800,oots,38,4
24801,inae,38,0
24802,ĠPrices,38,0
24803,Ġguessing,38,1
24804,Ġaudible,38,0
24805,Ġpowerless,38,0
24806,Ġloom,38,48
24807,ĠFlag,38,5
24811,Ġsoundtrack,38,0
24812,ĠZimbabwe,38,0
24813,Ġequals,38,0
24814,Ġsnowed,38,0
24815,Ġraided,38,0
24817,meal,38,48
24818,ĠSeine,38,0
24821,Ġbandit,38,1
24822,Ġbandanna,38,121
24823,ĠWarford,38,0
24826,Ġpainfully,38,0
24827,Ġstripe,38,483
24829,ĠAbuse,38,0
24830,Ġnonetheless,38,0
24831,ĠPolar,38,5
24832,Ġboarded,38,6
24833,202,38,0
24834,Ġcamper,38,34
24835,Ġeducator,38,0
24836,Ġsupermarket,38,8
24837,Ġobsessed,38,1
24838,ĠPalacio,38,0
24840,Ġbrightness,38,0
24841,Ġseparates,38,0
24842,ĠEnron,38,0
24843,Ġzones,38,0
24844,ĠAgra,38,0
24846,Ġcombinations,38,0
24847,ĠValue,38,0
24848,Ġearthly,38,0
24851,Ġshrank,38,0
24852,Ġgraduation,38,21
24854,Ġencouragement,38,0
24855,Ġgrilled,38,40
24856,Ġcoffin,38,14
24857,ĠDorchester,38,0
24858,Ġturmoil,38,0
24859,Ġcommentator,38,0
24860,Ġcommentators,38,6
24861,Ġtelecommunications,38,0
24864,ĠMercy,38,0
24866,Ġbraves,38,1
24867,Ġnovelty,38,5
24868,Ġ1864,38,0
24869,Ġapprehension,38,1
24870,Ġreacts,38,5
24871,1994,38,0
24872,ĠMacDonald,38,0
24873,Ġrobber,38,0
24874,Ġliberation,38,0
24875,Ġfurnace,38,17
24876,Ġfurnish,38,0
24877,ĠOverall,38,0
24878,Ġ1876,38,0
24879,Ġcheapest,38,0
24880,ĠWilhelm,38,0
24881,Ġdismal,38,0
24882,Ġcigars,38,9
24883,Ġhillsides,38,0
24884,Ġlibraries,38,0
24885,ĠCoronel,38,0
24886,Ġattendants,38,10
24887,Ġsatisfying,38,0
24888,Ġtuna,38,11
24890,ĠSubcommittee,38,0
24892,Ġanalytical,38,0
24893,ĠMao,38,1
24895,ĠEconomists,38,0
24896,ĠInteractive,38,0
24897,ĠFeast,38,0
24898,Ġimperative,38,0
24899,Ġchestnut,38,15
24900,ĠSupport,38,0
24902,Ġabsorbers,38,0
24903,ĠTorah,38,1
24905,Ġsugarcane,38,0
24906,Ġglee,38,2
24908,Ġ1848,38,0
24909,Ġconstituted,38,0
24910,ĠMandaue,38,0
24911,Ġresearcher,38,0
24912,Ġstiffly,38,1
24913,Ġdisciplined,38,0
24914,Ġacquaintances,38,0
24915,Ġmentor,38,0
24916,Ġpartnerships,38,0
24917,Ġasserts,38,0
24918,Frank,38,0
24919,Ġapologized,38,0
24920,Ġsuperiority,38,0
24921,ĠAlbany,38,0
24922,ĠCEOs,38,0
24923,ĠRolling,38,1
24924,Ġcomprise,38,0
24925,Ġcomprising,38,0
24926,Ġbunny,38,70
24927,ĠBroncos,38,3
24928,ĠTsar,38,0
24930,Ġpulpit,38,19
24932,Ġbrowsers,38,0
24933,Ġchefs,38,44
24934,Ġkayaking,38,2
24935,Ġcoordinate,38,0
24936,ĠSignificant,38,0
24937,ĠAMIGA,38,0
24938,Ġdeceive,38,0
24939,Ġvoluntarily,38,0
24940,ĠChinatown,38,1
24941,Ġsolicitation,38,0
24942,ĠSinatra,38,0
24945,Ġreassuring,38,0
24946,Ġhelicopters,38,0
24947,ĠOliveri,38,0
24948,Ġascertain,38,0
24950,ĠBalearic,38,0
24951,Ġcongratulated,38,0
24952,Ġdevastated,38,0
24954,Ġaquatic,38,1
24955,Ġaqueduct,38,0
24956,Ġgiants,38,2
24957,Ġpunching,38,15
24958,ĠChallenge,38,1
24959,Ġassignments,38,0
24960,ĠChennai,38,0
24962,Ġobserver,38,5
24963,Ġoctagonal,38,1
24965,Ġcontingent,38,0
24966,Ġlacrosse,38,23
24967,ĠPietro,38,0
24968,Ġundermine,38,0
24969,Ġcatastrophic,38,0
24970,ĠFactory,38,1
24971,ĠQuinta,38,1
24972,ĠRanking,38,0
24973,ĠToward,38,0
24974,Ġclustered,38,0
24975,Ġboulders,38,45
24976,ĠSikhs,38,0
24977,Ġappraisal,38,0
24978,ĠLalley,38,0
24979,Ġwrinkled,38,8
24980,Ġuneasiness,38,0
24981,Ġphilanthropist,38,0
24982,ĠCunliffe,38,0
24983,Ġtwenties,38,0
24984,Ġdizzy,38,2
24985,Ġskydiving,38,7
24986,Ġseawater,38,0
24987,Ġphosph,38,0
24988,Ġparadox,38,0
24989,Ġbartender,38,21
24990,Ġincapable,38,0
24991,Ġdisdain,38,0
24992,ĠCottage,38,0
24993,ĠKinsley,38,0
24994,ĠBundesliga,38,0
24995,ĠKaiser,38,0
24996,Ġadolescents,38,26
24997,Ġvintage,38,52
24998,ĠBonaparte,38,0
24999,ĠBajorum,38,0
25000,Ġgraveyard,38,2
25001,ĠNeptune,38,0
25002,ĠEglise,38,0
853,ubl,37,1
979,gram,37,0
1001,Ġ199,37,0
1617,ission,37,0
1724,ived,37,1
2030,aught,37,0
2262,wer,37,24
2312,idge,37,10
2554,ament,37,0
2911,icle,37,48
3073,hib,37,3
3118,omen,37,0
3899,Ġcolon,37,0
4779,Ġwrest,37,0
5272,ĠDou,37,1
5433,Ġinterp,37,0
5946,uzz,37,16
6111,ĠFoot,37,9
6193,ĠIb,37,0
6481,ding,37,14
7448,uls,37,12
7568,inity,37,0
7801,ĠEll,37,0
8160,Ġgrate,37,27
8387,encing,37,0
9129,bow,37,27
9396,Ġbot,37,27
10274,wed,37,23
10383,bal,37,3
10404,Ġbrows,37,3
10479,ĠGab,37,0
10532,Ġtid,37,0
10884,aire,37,1
10969,ĠOrigin,37,0
11618,arest,37,13
12160,erer,37,4
12198,uously,37,0
12387,usk,37,53
12788,Ġsummon,37,0
13393,anese,37,6
13688,Ġflaw,37,0
13832,olving,37,0
13920,ĠMes,37,0
14216,power,37,0
14547,Ġshri,37,0
15117,Hall,37,0
15440,WA,37,5
15480,ĠKer,37,0
15552,kn,37,4
15850,marked,37,0
15907,ayer,37,2
16140,Ġhem,37,0
16599,iary,37,1
17020,si,37,0
17161,than,37,1
17425,ĠGri,37,5
17693,Ġbrew,37,2
17898,ĠUl,37,0
18050,cio,37,0
18070,prints,37,5
18174,istically,37,0
18476,anic,37,0
18572,proof,37,16
18637,horn,37,21
18642,wife,37,0
18652,omi,37,0
18707,icals,37,0
19189,oct,37,1
19324,ulsion,37,0
19411,ĠTru,37,2
19619,ener,37,15
19822,ĠBright,37,17
20008,stones,37,0
20209,ĠCanton,37,1
20249,Ġgrind,37,4
20472,icting,37,0
20495,Ġapproving,37,0
20763,ĠHawks,37,6
20926,umping,37,15
21132,Ġvirgin,37,8
21349,ĠTam,37,0
21558,ĠCliff,37,1
21616,icates,37,0
25003,"'?""",37,0
25004,CT,37,3
25006,Roman,37,0
25007,Ste,37,0
25011,Term,37,0
25012,"_.""",37,0
25014,comb,37,14
25017,since,37,0
25018,tan,37,4
25019,tower,37,1
25034,Ġfished,37,0
25035,orian,37,4
25036,Ġmorrow,37,0
25037,Ġpouch,37,12
25039,Ġdine,37,0
25040,Ġdye,37,37
25044,Ġnaming,37,0
25047,Ġgor,37,32
25048,Ġgeese,37,24
25050,Ġheck,37,1
25051,adas,37,1
25052,rolling,37,4
25053,ĠSV,37,4
25054,ĠSounds,37,0
25055,ĠSoto,37,0
25056,ĠSpending,37,0
25058,ĠCel,37,1
25061,ĠMabel,37,0
25063,ĠBunker,37,0
25064,Ġhaunt,37,0
25067,Ġnotions,37,0
25071,andering,37,6
25072,Ġrim,37,76
25074,Ġshave,37,6
25076,Ġshivering,37,0
25079,ĠDukakis,37,0
25081,ĠNolan,37,0
25084,ĠGian,37,0
25085,ĠRPH,37,0
25087,Ġvag,37,0
25089,ĠEP,37,0
25090,ĠEt,37,1
25091,Ġabide,37,0
25095,Ġthereafter,37,0
25098,Ġclone,37,1
25099,Ġclumsy,37,0
25104,Ġroaming,37,0
25106,Ġimminent,37,0
25110,Ġadrift,37,0
25111,Ġcomplying,37,0
25113,Ġgrub,37,0
25114,Ġripe,37,27
25115,ĠViolet,37,1
25116,Ġresided,37,0
25118,Ġbucking,37,29
25121,Ġunderway,37,0
25123,Ġcrate,37,64
25124,Ġcrashes,37,1
25126,Ġhandstand,37,28
25127,Ġrepr,37,1
25131,Ġremorse,37,0
25132,Ġindifference,37,0
25133,Ġwrists,37,19
25136,Ġstrap,37,203
25137,Ġstraining,37,1
25139,Ġcheat,37,0
25140,ĠMaroon,37,9
25141,ĠIndre,37,0
25143,ĠClaire,37,0
25144,Ġbestow,37,0
25145,Ġpopped,37,3
25146,Ġpopulous,37,0
25147,Ġlocking,37,2
25148,show,37,0
25149,Ġartworks,37,0
25150,central,37,0
25151,Ġdifferential,37,0
25152,ĠReading,37,1
25153,Ġcharities,37,0
25154,"!"".",37,0
25156,"...""",37,0
25157,Ġsnapping,37,2
25158,Ġmodes,37,5
25162,ĠAdair,37,0
25163,Ġideological,37,0
25164,ĠDepending,37,0
25165,Ġdetained,37,0
25166,Ġconfuse,37,0
25167,Ġeditions,37,0
25168,Ġwindsurfing,37,2
25171,Ġpleading,37,0
25173,Ġconsternation,37,0
25177,Ġpeaked,37,0
25179,ĠFlint,37,0
25180,ĠChristie,37,0
25181,Ġmounting,37,6
25182,Ġdealings,37,0
25185,Ġproposing,37,0
25186,ĠExcuse,37,0
25187,Ġtravellers,37,0
25188,Ġ1200,37,1
25189,Ġ1620,37,0
25190,Ġtrademark,37,0
25191,ĠGoa,37,0
25192,Ġchurchyard,37,0
25193,Ġprojector,37,50
25195,ĠUSSR,37,0
25196,Ġdeclares,37,0
25197,ĠXIX,37,0
25198,Ġcritique,37,0
25199,Ġestimating,37,0
25201,Ġarrivals,37,1
25202,ĠPeaks,37,0
25203,Ġpublishes,37,0
25204,Ġarchives,37,0
25205,ĠWestminster,37,0
25207,Ġmodernization,37,0
25208,ĠRussert,37,0
25209,ĠTurin,37,0
25210,Ġstrait,37,2
25211,Ġrainfall,37,0
25212,Ġavoids,37,1
25213,ĠEnc,37,0
25216,ĠDeputies,37,0
25217,Ġfearfully,37,0
25218,ĠAcquisition,37,0
25220,ĠRiverside,37,0
25222,Ġshooter,37,3
25223,Ġprimaries,37,0
25224,Ġsenate,37,0
25225,ĠCheers,37,0
25226,Ġuniformed,37,106
25228,Ġcollectively,37,0
25229,Ġensures,37,0
25231,Ġcellular,37,16
25232,Ġwhiskey,37,2
25233,Ġlegislators,37,0
25234,ĠHighlands,37,0
25235,Ġinvestigative,37,0
25236,Ġspeeding,37,8
25237,Ġnecks,37,44
25238,Ġsplashes,37,11
25239,Ġnorthernmost,37,1
25240,Ġirony,37,0
25241,Ġscratching,37,14
25242,Ġthicket,37,0
25244,Ġ605,37,0
25245,Ġdedication,37,0
25246,Ġpetty,37,1
25247,Ġrobots,37,2
25248,Ġbathtub,37,79
25249,ĠScotch,37,0
25250,ĠGarc,37,0
25251,Ġmadness,37,0
25252,Ġ1873,37,0
25253,ĠCurb,37,0
25254,ĠReligion,37,1
25255,Ġobligated,37,0
25257,Ġconception,37,0
25258,ĠCataract,37,0
25259,Ġ1885,37,0
25261,Ġ1898,37,0
25262,Ġthoroughfare,37,0
25263,ĠBernini,37,0
25264,ĠHolyrood,37,0
25265,ĠKristol,37,0
25266,Ġstupa,37,0
25267,ĠEdmonton,37,0
25268,Ġwidth,37,3
25269,ĠMalla,37,0
25270,Ġfabrics,37,21
25271,Ġlicence,37,3
25272,Ġreconciliation,37,0
25273,Ġrewarding,37,0
25274,ĠLuke,37,1
25275,ĠNaturally,37,0
25276,Ġhomestead,37,1
25277,Ġaxes,37,15
25278,Ġrumor,37,0
25279,ĠKathleen,37,0
25280,Ġdiscovering,37,0
25281,Ġpronunciation,37,0
25282,ĠĠĠĠĠĠĠĠĠĠĠĠĠĠĠĠĠĠĠĠĠĠĠĠĠĠĠĠĠĠĠĠĠĠĠ,37,0
25283,Ġjuvenile,37,7
25284,ĠPhilippine,37,0
25285,ĠHarding,37,0
25287,ĠNicole,37,0
25288,ĠLindsay,37,0
25289,ĠHersh,37,0
25290,Ġendeavor,37,0
25291,ĠSharp,37,2
25292,Ġrenewal,37,0
25293,Ġdawned,37,0
25294,ĠAmbleside,37,0
25295,Ġairplanes,37,19
25296,Ġovertaken,37,0
25297,ĠWelfare,37,0
25298,ĠRollo,37,0
25300,Ġdumpster,37,36
25301,Ġassuredly,37,0
25302,ĠBruins,37,0
25303,Ġ556,37,1
25304,Ġenthusiastically,37,1
25305,ĠMaureen,37,0
25306,Ġclarify,37,0
25307,Ġstoutly,37,0
25308,ĠMerrimans,37,0
25309,Ġoverlooks,37,0
25310,Ġharshly,37,0
25311,ĠWTO,37,0
25312,ĠDriving,37,0
25313,ĠConcert,37,4
25314,Ġprotocol,37,0
25316,Ġswaying,37,2
25317,ĠPutin,37,0
25318,Ġrepublican,37,0
25319,ĠHauts,37,0
25320,ĠUrdu,37,0
25321,Ġaccumulate,37,0
25323,Ġdwellings,37,0
25325,Ġpigeon,37,40
25326,Ġhumidity,37,0
25327,Ġnominees,37,0
25328,Ġuninhabited,37,0
25329,Ġvocalist,37,10
25330,ĠCitizens,37,2
25331,Ġpledged,37,0
25332,ĠArafat,37,0
25333,Ġbosom,37,0
25335,Ġnostrils,37,4
25336,ĠCaucasian,37,65
25337,Ġskyscraper,37,6
25338,Ġcontingency,37,0
25339,Ġnaive,37,0
25340,ĠJOE,37,0
25341,ĠApplied,37,0
25342,sleeve,37,156
25343,sleeved,37,208
25344,ĠBlanca,37,0
25345,Ġlinguistic,37,0
25346,ĠOfficials,37,4
25347,ĠJardin,37,0
25348,Ġsausage,37,117
25349,ĠESPN,37,2
25350,Ġlandfill,37,0
25351,Ġbeggar,37,0
25353,service,37,2
25354,Ġtorpedo,37,13
25355,ĠAndersen,37,0
25356,ĠHorton,37,2
25357,ĠHundreds,37,15
25358,ĠAlsace,37,0
25359,Ġsketches,37,3
25360,ĠManufacturing,37,0
25361,ĠTripoli,37,0
25362,ĠPreston,37,0
25363,Ġautobiography,37,0
25364,Ġmischievous,37,1
25365,Ġnegotiation,37,0
25366,Ġhassle,37,0
25367,ĠResearchers,37,0
25368,ĠBermuda,37,0
25369,ĠFHWA,37,0
25370,ĠCyprus,37,0
25371,Ġgenocide,37,1
25372,ĠArawak,37,0
25373,ĠMoslems,37,0
25374,Ġbuffaloes,37,0
1471,Ġple,36,4
1842,rought,36,0
1991,rench,36,0
2178,tain,36,1
2193,osp,36,0
2321,ĠSec,36,0
2414,lement,36,0
2503,Ġsuff,36,0
3037,ĠNob,36,0
3756,aven,36,0
4587,erry,36,12
4674,iques,36,0
4680,roud,36,9
4724,change,36,0
5128,chan,36,0
5582,lam,36,1
5848,while,36,0
6100,Ġast,36,0
6631,Ġsequ,36,20
7072,agan,36,0
7128,ception,36,0
7274,arted,36,1
8050,Ġpant,36,180
8129,stan,36,0
8617,rist,36,1
8850,uis,36,0
8885,rels,36,0
8918,ports,36,1
9463,Ġovert,36,0
9482,ugging,36,4
10069,lar,36,1
10417,Ġcollabor,36,0
10513,inding,36,2
10663,ĠRap,36,0
10726,Ġoptim,36,0
11061,ĠBeat,36,1
11545,itter,36,11
12148,Ġinject,36,0
12202,alia,36,6
12260,lder,36,0
12569,ĠStri,36,62
13404,quer,36,3
13405,igs,36,17
13922,rik,36,1
14061,nia,36,0
14383,urk,36,6
14395,ounding,36,0
15012,asu,36,0
15145,ardi,36,9
15233,ĠSag,36,0
15462,ĠPant,36,1
15470,ĠDer,36,3
15660,ski,36,4
15664,Ġbail,36,0
15894,uen,36,0
16055,Ġflav,36,7
16420,apper,36,3
16477,Gr,36,0
16612,Ġginger,36,29
16709,writing,36,1
16772,ĠOS,36,0
17058,oshi,36,1
17059,Ġmend,36,1
17076,Ġtrek,36,9
17165,ĠNit,36,1
17399,tra,36,1
17530,Int,36,0
17701,Ġlust,36,1
17994,bid,36,2
18140,Ter,36,0
18163,ĠMY,36,2
18177,Ġsullen,36,1
18347,ahi,36,0
18838,Ġwhit,36,136
18874,ĠVie,36,0
19034,stead,36,0
19069,ahu,36,0
19085,ĠDoll,36,2
19197,Ġthigh,36,13
19393,bread,36,43
19583,Ġshriek,36,0
19606,hor,36,1
19639,ĠBun,36,3
19828,ĠDL,36,0
19877,hyl,36,0
20056,ĠMarse,36,1
20169,every,36,0
20188,Ġpall,36,0
20248,Ġperch,36,3
20424,Ġlinger,36,0
20502,Ġcavern,36,1
20611,Ġshrewd,36,0
20648,ĠAG,36,2
20669,ĠFind,36,0
20719,Ġrefund,36,0
21374,Ġshred,36,50
21378,ĠFol,36,1
21603,itic,36,0
21622,ĠCL,36,191
21630,ĠPor,36,1
21669,Ġacrose,36,0
21694,otta,36,4
22028,building,36,0
25375,350,36,4
25376,78,36,0
25377,Ab,36,0
25379,Cent,36,1
25380,Cont,36,0
25382,House,36,1
25384,People,36,0
25385,SO,36,1
25390,bler,36,0
25392,elected,36,0
25399,pos,36,1
25404,women,36,1
25407,Ġtapping,36,2
25409,Ġtheorem,36,0
25411,Ġsash,36,33
25412,Ġsided,36,10
25413,Ġssi,36,0
25414,Ġwink,36,2
25416,Ġbible,36,7
25417,Ġbump,36,5
25418,Ġbathe,36,0
25421,Ġfills,36,4
25422,Ġfences,36,15
25429,Ġlain,36,0
25430,Ġgut,36,18
25431,Ġgulf,36,0
25433,oway,36,0
25439,Ġstolid,36,0
25440,ĠCim,36,0
25441,ĠCool,36,3
25442,ĠMAY,36,1
25443,ĠBrill,36,0
25444,ĠBoeing,36,4
25449,Ġkla,36,0
25450,Ġkangaroo,36,21
25451,Ġdos,36,2
25452,Ġdove,36,6
25455,ĠFountain,36,0
25456,ĠFlynn,36,0
25458,ĠDorn,36,0
25459,ĠDances,36,0
25461,ĠNames,36,0
25462,ĠNadu,36,0
25467,ĠRates,36,0
25469,ĠRunning,36,2
25470,ĠRiley,36,0
25472,ĠJungle,36,1
25474,Ġorbit,36,0
25475,Ġviv,36,1
25476,Ġleaks,36,0
25477,Ġabuses,36,0
25478,Ġabusive,36,0
25480,Ġworm,36,15
25481,Ġupheld,36,1
25484,Ġteau,36,0
25489,ĠStamp,36,0
25491,Ġunite,36,5
25494,Ġoverweight,36,48
25495,Ġperish,36,0
25496,Ġspicy,36,2
25497,Ġspikes,36,4
25498,ĠChart,36,0
25499,ĠVance,36,0
25500,percent,36,0
25501,Ġpartisans,36,0
25502,Ġscold,36,0
25503,ĠWeiss,36,0
25504,Ġmug,36,332
25505,Ġapparel,36,46
25507,Ġflashes,36,0
25508,Ġfluffy,36,91
25509,Ġflattened,36,1
25510,Ġcrap,36,9
25511,Ġattribute,36,0
25517,Ġcaller,36,1
25519,Ġlotus,36,2
25521,Ġsupplier,36,0
25522,Ġ350,36,12
25524,ĠNewt,36,0
25525,Ġstray,36,3
25527,Ġheadaches,36,0
25529,Ġgliding,36,1
25531,Ġhousekeeper,36,0
25532,Ġstartup,36,0
25535,ĠArctic,36,0
25536,Ġdrained,36,1
25537,ĠMarina,36,0
25538,ĠMarilyn,36,0
25539,Ġinterruption,36,0
25540,Ġuntrue,36,0
25541,ĠShops,36,1
25542,Ġrealism,36,0
25543,Ġdefault,36,0
25544,Ġsnows,36,68
25545,Ġmaroon,36,324
25547,ĠBears,36,1
25549,Ġavant,36,0
25552,Ġdeveloper,36,0
25553,ĠCarbon,36,0
25555,Ġtaxation,36,0
25558,Ġsentry,36,0
25559,Ġsentiments,36,0
25560,Ġtechnician,36,4
25561,Ġsounding,36,0
25562,Ġvillains,36,0
25563,ĠAfterwards,36,0
25565,Ġvariant,36,0
25566,Ġtablets,36,4
25570,Ġswelling,36,0
25571,Ġswelled,36,0
25572,Ġmagician,36,0
25573,Ġmillionaire,36,0
25574,ĠActs,36,0
25575,ĠPresidents,36,0
25576,ĠCalvin,36,4
25577,Ġsolicit,36,0
25578,ĠDavy,36,0
25579,Ġladen,36,4
25580,Ġstrive,36,0
25583,2016,36,0
25585,Ġsuffix,36,0
25586,Ġ1300,36,0
25589,ĠSlovakia,36,0
25590,ĠWhitewater,36,0
25591,ĠMonster,36,5
25593,Ġdrawers,36,12
25594,Ġgentes,36,0
25595,ĠRomanian,36,0
25596,Ġmurky,36,10
25597,Ġexpressive,36,0
25598,ĠQuinn,36,1
25599,Ġquarre,36,0
25600,Ġacquitted,36,0
25601,Ġpenis,36,4
25602,Ġcheckers,36,25
25603,Ġhostess,36,2
25604,ĠRivera,36,0
25605,Ġhype,36,0
25606,ĠJesuits,36,0
25607,Ġcustomary,36,1
25608,Ġdespatch,36,0
25609,ĠBois,36,0
25610,Ġjeep,36,76
25612,Ġfarmworkers,36,0
25613,Ġforested,36,5
25614,Ġwearily,36,0
25616,Ġbillboard,36,25
25617,Ġcardinal,36,15
25618,ĠPaulo,36,0
25619,Ġcommenters,36,0
25621,Ġnarrowed,36,0
25622,Ġdecorate,36,1
25624,Ġfestive,36,62
25625,Ġbearings,36,0
25626,Ġscrambling,36,0
25627,Ġstrategically,36,0
25628,ĠSaturn,36,0
25629,Ġthickness,36,0
25632,Ġradioactive,36,0
25634,Ġtemperate,36,0
25635,Ġadventurous,36,1
25636,Ġrents,36,0
25637,ĠEvil,36,2
25638,ĠStudent,36,15
25639,ĠOutlook,36,0
25640,Ġpremier,36,2
25641,Ġrestrictive,36,0
25642,ĠReligious,36,6
25643,Ġderby,36,28
25645,Ġmirth,36,0
25646,Doctor,36,0
25647,Ġdramat,36,0
25648,Ġconceptual,36,0
25649,Ġ1888,36,0
25650,ĠPetit,36,0
25652,ĠInterstate,36,0
25653,Ġvolunteering,36,0
25654,ĠPlaying,36,4
25655,Ġ1894,36,0
25656,ĠFilms,36,0
25657,ĠEspecially,36,0
25659,Ġnervously,36,1
25661,Ġstrawberry,36,70
25663,Ġsubsidized,36,0
25664,ĠCoward,36,0
25665,ĠHonduras,36,0
25666,ĠOttomans,36,0
25667,ĠTito,36,0
25668,ĠClassical,36,0
25669,Ġinstituted,36,0
25670,Ġallocate,36,0
25671,Ġethnicity,36,3
25672,ĠPaolo,36,0
25674,ĠCorner,36,12
25675,speed,36,2
25676,Ġbolts,36,3
25678,Ġarchaeologists,36,2
25679,Ġlodges,36,0
25680,Ġ1793,36,0
25682,ĠPlanet,36,1
25683,Ġplunging,36,0
25684,ĠLambs,36,0
25685,Ġstallion,36,1
25686,ĠProphet,36,0
25687,Ġdiplomacy,36,0
25688,Ġsophistication,36,0
25689,ĠPirah,36,0
25690,Ġicons,36,11
25691,ĠExperience,36,0
25692,Ġdodge,36,1
25693,ĠSacred,36,0
25694,Ġprototype,36,1
25695,ĠTrophy,36,0
25696,Ġchopped,36,43
25697,Ġworshippers,36,0
25698,Ġintervening,36,0
25699,Ġcontemplating,36,1
25700,Ġkidnapping,36,0
25701,Ġelasticities,36,0
25702,founder,36,0
25703,ĠBMW,36,24
25704,ĠLionel,36,0
25705,ĠCrimea,36,0
25707,driven,36,1
25708,ĠKendal,36,0
25709,ĠHonshu,36,0
25710,Ġbarbarians,36,0
25711,Phil,36,0
25712,Ġlibertarian,36,0
25713,knife,36,15
25714,Ġremnant,36,0
25715,Ġsaber,36,2
25716,ĠTrinidad,36,0
25717,Ġfloppy,36,39
25718,ĠOtto,36,0
25719,ĠAdvocacy,36,0
25720,Ġdentist,36,4
25722,Ġounces,36,2
25723,ĠMcKinney,36,0
25724,Ġmournful,36,0
25725,ĠNitrogen,36,0
25726,garde,36,0
25727,ĠEugene,36,0
25728,Ġdisregard,36,0
25729,Ġmercenary,36,0
25730,ĠCrawford,36,0
25731,ĠEmbassy,36,0
25732,Ġvolatile,36,0
25733,ĠBaghdad,36,0
25734,ĠHideyoshi,36,0
25735,ĠClaude,36,0
25736,ĠIberian,36,0
25737,ĠNehru,36,0
25738,ĠProofreading,36,0
25739,ĠZarco,36,0
25740,Ġedifice,36,1
25741,Ġweddings,36,0
25742,Ġwetsuit,36,183
25744,ĠLinares,36,0
25745,Ġinexperienced,36,0
25746,ĠReynolds,36,0
25747,Ġlettuce,36,161
25748,ĠReorganization,36,0
25750,ĠWalsh,36,0
25751,ĠLopez,36,0
662,ittle,35,2
1115,erest,35,0
1272,Ġru,35,2
1619,ention,35,1
1789,Ġbenef,35,0
1799,lev,35,2
1851,Ġrepl,35,0
2006,ĠWor,35,0
2100,angu,35,1
2216,Ġfig,35,13
2323,reed,35,0
2425,ety,35,0
2800,itar,35,0
4227,ĠSus,35,1
4538,ĠAlf,35,1
4799,ĠJud,35,0
4926,pic,35,0
4952,rial,35,0
5227,Ġox,35,37
5552,nam,35,0
5591,otion,35,1
5624,eer,35,1
5741,Ġbod,35,21
6084,angers,35,2
6400,ession,35,0
6483,tery,35,7
6630,Ġmel,35,41
6719,attered,35,7
6924,ĠIra,35,0
7973,iot,35,3
8826,oster,35,1
8925,orous,35,1
9310,rical,35,3
9370,phy,35,0
9669,ĠFu,35,0
9738,load,35,5
10109,ĠFel,35,1
10434,yer,35,7
10870,works,35,0
11086,HS,35,2
11444,kind,35,0
11661,ghan,35,7
11778,aug,35,0
12384,ĠPent,35,1
12757,rain,35,8
12956,falls,35,7
13089,eur,35,0
13469,oga,35,2
13535,ĠRud,35,0
13745,Ġpuff,35,41
13770,Ġappoint,35,0
13955,IST,35,13
14396,rup,35,18
14550,ĠDow,35,0
14678,Ġapplaud,35,0
15000,gone,35,0
15135,ĠMang,35,1
15796,ĠPra,35,0
16158,uded,35,1
16263,Ġquad,35,21
16287,Ġconfidential,35,0
16629,ĠNik,35,1
16739,hero,35,1
17706,Ġrect,35,51
17865,ĠSend,35,0
17875,andra,35,0
17948,Ġcategor,35,0
18150,enburg,35,0
18535,ĠProgress,35,0
18893,aji,35,0
19074,ibles,35,3
19195,Ġdart,35,30
19200,ĠAin,35,0
19329,Ġpronoun,35,0
19402,tri,35,3
19756,dogs,35,3
20013,ĠCher,35,2
20047,ĠButter,35,4
20601,Ġentrepreneur,35,0
20863,ĠMi,35,0
20917,cible,35,0
20936,ĠEditor,35,0
21100,ĠMant,35,0
21118,ardon,35,6
21125,ĠRA,35,14
21171,ĠShop,35,7
21767,Ġmelod,35,0
21847,Ġpent,35,0
21865,ĠBing,35,1
22097,lia,35,2
22150,aby,35,2
22217,otti,35,0
25752,-),35,5
25753,.).,35,0
25754,".),",35,0
25755,Aren,35,0
25756,CDP,35,0
25757,EPA,35,0
25760,Pretty,35,0
25761,Today,35,0
25762,_:,35,0
25770,money,35,0
25773,take,35,0
25774,uji,35,0
25776,Ġil,35,0
25778,Ġsacked,35,0
25779,Ġsomber,35,0
25784,Ġbitten,35,32
25785,Ġbribe,35,0
25786,Ġcords,35,16
25790,Ġmoored,35,1
25793,Ġhoe,35,18
25794,Ġhires,35,0
25796,Ġdshi,35,0
25797,alist,35,0
25800,Ġlaps,35,27
25801,Ġloneliness,35,0
25804,ĠIbyn,35,0
25813,imi,35,0
25815,Ġstitch,35,1
25816,Ġsteward,35,5
25820,ĠMR,35,0
25821,ĠMovies,35,1
25823,ĠBaring,35,0
25824,ĠBoss,35,0
25825,ĠBug,35,0
25828,ĠPull,35,1
25830,ĠPAC,35,0
25832,Ġroman,35,16
25833,olt,35,0
25834,Ġseamen,35,8
25835,Ġfringe,35,11
25836,Ġ119,35,0
25837,ĠFN,35,0
25838,ĠFactor,35,0
25839,alli,35,0
25842,ummer,35,0
25844,Ġchast,35,0
25845,Ġchanced,35,0
25849,Ġpluck,35,0
25852,ĠLucky,35,2
25853,ĠRican,35,1
25854,ĠRua,35,0
25855,ĠJR,35,1
25856,ĠJessie,35,0
25858,Ġvans,35,12
25859,Ġaloft,35,1
25864,Ġbutler,35,0
25866,Ġallied,35,0
25867,Ġallotted,35,0
25868,Ġknowed,35,0
25876,Ġclutch,35,3
25880,Ġ205,35,1
25881,ĠKad,35,0
25882,ĠKef,35,0
25885,Ġcomposing,35,0
25886,Ġquay,35,0
25887,Ġquilt,35,37
25888,Ġquiver,35,0
25889,Ġquivering,35,0
25891,Ġarises,35,0
25894,ubber,35,0
25895,Ġthinkin,35,0
25897,Ġgrudge,35,0
25900,Ġampl,35,28
25902,Ġflocks,35,0
25903,Ġpoking,35,22
25904,Ġpolling,35,0
25905,Ġthence,35,0
25907,Ġcrumbling,35,2
25908,Ġwherein,35,0
25910,Ġrecalls,35,0
25911,near,35,1
25913,Ġembedded,35,1
25915,Ġslacks,35,92
25916,Ġbooths,35,45
25919,Ġpreserves,35,6
25920,Ġdecay,35,0
25923,ĠArrow,35,1
25924,Ġbuilder,35,0
25925,ĠMarne,35,0
25926,Ġexported,35,0
25927,Ġinterl,35,27
25928,Ġpops,35,22
25929,Ġschoolroom,35,0
25930,ĠShut,35,3
25931,Ġrealization,35,0
25932,Ġwatchful,35,0
25933,Ġpassword,35,2
25934,Ġnightfall,35,0
25936,Ġmaritime,35,0
25937,Ġmuslin,35,0
25938,ĠForster,35,0
25939,Ġimportation,35,0
25940,Ġmarker,35,44
25942,These,35,0
25943,brother,35,0
25944,ĠEdge,35,2
25945,Ġhourly,35,0
25948,Ġtransgender,35,0
25949,Ġexplores,35,0
25950,Ġballroom,35,8
25955,ĠFloyd,35,0
25956,Ġespecial,35,0
25958,Ġdelights,35,0
25960,Ġcutters,35,13
25961,Ġgeneric,35,0
25962,ĠPhantom,35,0
25964,Ġprivatization,35,0
25967,Ġ126,35,0
25968,ĠTexoma,35,0
25969,ĠGAOas,35,0
25970,Ġmerge,35,0
25971,Ġbandage,35,25
25972,Ġclimax,35,0
25973,Ġsquash,35,29
25976,Ġstorefront,35,54
25977,ĠCalle,35,0
25979,Ġladders,35,24
25980,Ġeighteenth,35,0
25981,Ġinflated,35,13
25983,ĠAbyss,35,0
25984,Ġboarders,35,6
25985,2015,35,0
25986,ĠJustin,35,0
25987,Ġaccessories,35,30
25988,Ġdeepest,35,1
25989,ĠLaws,35,0
25990,ĠMedieval,35,0
25991,ĠCapt,35,1
25992,Ġmurals,35,8
25993,Ġstrapped,35,23
25995,Ġbowing,35,5
25997,Ġregulators,35,0
25998,Ġdestroyer,35,0
25999,ĠJacks,35,0
26000,Ġimmunity,35,0
26002,Ġfarmland,35,2
26003,ASS,35,167
26004,ĠChevy,35,12
26005,Ġemptied,35,1
26006,Ġdispose,35,0
26007,Ġpredator,35,1
26008,ĠGrandpapa,35,0
26009,Ġgripped,35,1
26010,ENCE,35,9
26011,ĠBrok,35,0
26013,ĠLetitia,35,0
26014,ĠMidwest,35,0
26015,ĠDiscover,35,0
26016,ĠYours,35,0
26017,Ġsplitting,35,1
26018,ĠSimone,35,0
26019,ĠSimple,35,0
26021,ariat,35,0
26022,Ġtemperament,35,0
26023,Ġstrengths,35,0
26024,Ġbatting,35,75
26025,ĠTours,35,1
26026,Ġ1872,35,0
26027,Ġ1874,35,0
26028,2008,35,0
26030,ĠLatino,35,6
26032,ĠKoreans,35,0
26033,ĠCassidy,35,0
26034,Ġsuspiciously,35,2
26035,ĠMiddleton,35,0
26036,Ġfroze,35,0
26037,Ġcounterparts,35,0
26039,Ġdissaving,35,0
26040,Ġcycles,35,22
26041,Ġ1889,35,1
26042,ĠHampton,35,0
26043,ĠGiotto,35,0
26044,Ġasthma,35,0
26045,ĠArchive,35,0
26046,Ġdetecting,35,0
26047,Ġmaids,35,4
26048,ĠTyre,35,1
26049,ĠAhmed,35,0
26050,Ġinclusion,35,0
26051,Ġbroadcasts,35,0
26052,Ġbrilliantly,35,0
26054,Ġmasked,35,6
26055,ĠEllison,35,0
26056,Ġtackled,35,3
26057,ĠBallet,35,0
26058,Ġyielding,35,0
26059,Ġcocoa,35,2
26060,Ġpronounce,35,0
26061,ĠĠĠĠĠĠĠĠĠĠĠĠĠĠĠĠĠĠĠĠĠĠĠĠĠĠĠĠĠĠĠĠĠ,35,0
26062,Ġworkshared,35,0
26063,ĠPhilippe,35,0
26064,ĠFinnish,35,5
26065,Ġancestral,35,0
26066,ĠMotors,35,0
26067,Ġflowered,35,158
26068,ĠPalestinians,35,0
26069,Ġdominate,35,1
26070,ĠLibya,35,0
26071,Ġpumps,35,15
26072,ĠCoptic,35,0
26073,Ġpaddles,35,22
26075,Ġwinged,35,6
26076,ĠTarzan,35,0
26077,Ġexploitation,35,0
26078,Ġimpeached,35,0
26079,Ġrivalry,35,0
26080,Ġoverturn,35,0
26081,ĠRollins,35,0
26082,Ġreserves,35,0
26083,Ġadvertisers,35,7
26084,Ġdeliberations,35,0
26086,Ġclarinet,35,25
26087,Ġrenovations,35,0
26088,Ġembarrassment,35,1
26089,Ġboomers,35,0
26090,Ġrationale,35,0
26092,Exactly,35,0
26093,Ġdealership,35,1
26094,Ġwarranted,35,0
26097,Ġportraying,35,0
26098,Ġsupplementary,35,0
26099,Ġdubious,35,0
26100,ĠHughie,35,0
26101,ĠPaso,35,0
26102,ĠSweet,35,0
26103,ĠContinental,35,1
26104,Ġsuspension,35,3
26105,Ġupgraded,35,0
26106,ĠAraos,35,0
26107,Ġindirectly,35,0
26113,Ġlesbian,35,1
26114,Ġliberties,35,0
26115,Ġreefs,35,7
26116,htm,35,0
26117,ĠNongda,35,0
26118,Ġcontrived,35,0
26119,ĠPulitzer,35,0
26120,Ġoverheard,35,0
26121,ĠBirthday,35,6
26122,Ġcoolly,35,0
26123,represented,35,0
26124,ĠLahore,35,0
26125,Ġsparsely,35,2
26126,ĠFlorentine,35,0
26127,Ġphilosophical,35,0
26128,Ġlangue,35,0
26129,Ġillegally,35,0
26130,Ġreinforced,35,1
26131,Ġlucrative,35,0
26132,Michel,35,0
26133,Ġaggrav,35,0
26135,ĠRaiders,35,2
26136,ĠSleuth,35,0
26137,ĠHumphrey,35,0
26138,ĠCONTENTS,35,0
26139,ĠGoogle,35,5
26140,Ġtrolley,35,67
26141,Ġconscientious,35,0
26142,ĠRajasthan,35,0
26144,Ġunnoticed,35,0
26145,ĠBrinkley,35,0
26146,ĠSymphony,35,0
26147,ĠPromenade,35,0
712,Ġspe,34,20
735,Ġfir,34,9
1647,Ġprot,34,1
1738,Ġprom,34,9
2092,Ġmot,34,99
2294,ilar,34,1
2862,nect,34,2
3079,rodu,34,2
3981,ipped,34,15
5174,ĠHaw,34,0
5202,gged,34,0
5431,ĠTok,34,0
5493,Ġnin,34,7
5823,iture,34,5
6487,idential,34,0
6488,ucky,34,4
7152,ario,34,0
7173,oti,34,1
7307,ĠBes,34,1
7396,ador,34,3
7902,uations,34,0
8334,usions,34,3
8357,Ġvoc,34,0
8863,ographic,34,0
9161,erg,34,2
9162,Ġcob,34,16
9441,Ġstead,34,0
9594,tic,34,1
9861,uku,34,0
10386,skin,34,1
10808,Ġol,34,14
11208,aned,34,3
11264,ĠNan,34,0
11740,Ġirre,34,0
11806,giving,34,0
11873,Ġdeem,34,0
11890,Ġsurge,34,0
12036,eras,34,3
12567,ĠKle,34,1
12636,gging,34,11
12971,ĠMans,34,3
13038,mart,34,0
13041,Ġreorgan,34,0
13822,Ġpod,34,3
14059,count,34,0
14451,keeping,34,0
14823,ithe,34,0
15414,manship,34,0
15457,ĠBot,34,0
16058,Ġendorse,34,0
16149,uming,34,0
16261,ĠKor,34,0
16480,cia,34,0
17022,Ġnd,34,15
17148,ĠSikh,34,0
17185,Ġappra,34,0
17430,ĠEug,34,0
18025,ĠRaf,34,0
18171,alling,34,1
18303,hire,34,0
18309,Ġsap,34,0
18412,ĠContract,34,0
18550,boro,34,4
19028,orio,34,0
19101,ATE,34,135
19180,Te,34,0
19238,ahn,34,0
19417,ĠALL,34,35
19432,ophy,34,1
19530,Ġinquiring,34,0
20309,ORT,34,60
20459,ĠKit,34,1
20650,ĠSau,34,3
20854,Ġinh,34,1
20902,ĠVir,34,1
20909,Ġrepent,34,0
21101,ĠMik,34,0
21105,ĠPam,34,0
21312,PC,34,0
21618,Ġgn,34,2
21623,ĠME,34,27
21679,ĠShim,34,0
21936,Ġdraught,34,0
22093,del,34,0
22117,around,34,1
26148,"'.""",34,0
26149,.-,34,0
26150,Din,34,0
26151,Em,34,0
26152,Even,34,0
26153,Father,34,0
26154,GO,34,18
26156,Jean,34,0
26158,Loire,34,0
26159,Listen,34,0
26160,Nor,34,0
26161,NET,34,3
26166,bas,34,1
26167,best,34,0
26169,cream,34,24
26170,dance,34,5
26175,kis,34,3
26181,rh,34,1
26183,running,34,0
26184,south,34,0
26185,supp,34,0
26189,Ġaide,34,3
26191,Ġbinding,34,11
26192,Ġbuds,34,3
26196,anus,34,0
26197,eni,34,0
26198,ench,34,2
26203,Ġnailed,34,2
26204,Ġlull,34,0
26206,ĠIde,34,1
26207,ĠIvy,34,0
26209,Ġbeverages,34,112
26212,Ġwasting,34,0
26214,Ġurea,34,0
26219,ĠSections,34,0
26221,Ġstumbling,34,0
26223,ĠCaval,34,1
26224,ĠMick,34,1
26228,ĠBrent,34,0
26229,ĠHood,34,8
26232,ĠHetty,34,0
26233,Ġascent,34,0
26234,Ġnotify,34,0
26235,Ġnotification,34,0
26238,Ġrouse,34,0
26241,Ġsegments,34,4
26243,ĠWinton,34,0
26244,ĠWistert,34,0
26245,Ġshiver,34,0
26248,thought,34,0
26249,Ġliar,34,0
26250,ĠFast,34,12
26252,ĠFerry,34,4
26256,ĠDaddy,34,1
26257,ĠNay,34,0
26258,ĠNAS,34,0
26259,ĠLives,34,0
26260,ĠLok,34,0
26261,ĠLanguage,34,0
26262,ĠLeroy,34,0
26263,ĠGem,34,0
26265,ĠGambling,34,0
26268,ĠJove,34,0
26269,Ġvapor,34,5
26270,Ġvantage,34,0
26271,Ġsue,34,0
26272,Ġjams,34,1
26277,Ġshepherd,34,16
26278,Ġintending,34,1
26280,Ġanyways,34,0
26282,Ġclash,34,0
26283,ĠInflu,34,0
26286,Ġblinked,34,0
26287,Ġdipping,34,28
26291,Ġimitate,34,0
26292,Ġunofficial,34,0
26293,Ġprudent,34,0
26294,Ġspilled,34,3
26297,Ġgrains,34,13
26298,Ġgrumbled,34,0
26299,ĠVCR,34,0
26300,ĠVoters,34,0
26301,Ġresidences,34,0
26302,igning,34,0
26305,Ġfluttering,34,3
26306,Ġgull,34,1
26307,Ġattachment,34,2
26308,Ġhandmade,34,21
26312,athlon,34,0
26313,Ġ'',34,0
26315,Ġrelish,34,23
26316,Ġassuring,34,0
26317,Ġincur,34,0
26318,Ġacids,34,0
26319,Ġhomemade,34,42
26320,Ġpresume,34,0
26321,ĠBrice,34,0
26322,Ġskimmers,34,0
26323,Ġmonitors,34,71
26324,Ġdistorted,34,2
26325,ĠLevy,34,0
26326,Ġturnover,34,1
26327,Ġ1830,34,0
26328,Ġwarlike,34,0
26329,Ġdiscos,34,0
26330,Ġeachother,34,10
26331,Ġnumb,34,1
26334,Ġdeferred,34,0
26335,ennial,34,0
26336,Ġspeculation,34,0
26337,Ġtreason,34,0
26338,ĠDeg,34,0
26339,Ġdetached,34,6
26341,Ġreceiver,34,2
26342,Ġorganizers,34,2
26343,Ġtyping,34,57
26344,Ġroadway,34,16
26345,Ġviewpoint,34,1
26346,Ġinfinitely,34,0
26347,ĠCarre,34,0
26349,Ġtriangular,34,23
26351,Ġpasta,34,91
26352,price,34,0
26353,Ġmidfielder,34,0
26354,Ġmomentum,34,1
26355,Ġpercentages,34,0
26356,Ġ103,34,1
26357,Ġ104,34,1
26358,1975,34,0
26359,ĠScr,34,1
26360,ĠHeroes,34,0
26363,Ġdarkened,34,5
26364,Young,34,0
26365,Ġbitterness,34,0
26366,ĠGuild,34,0
26367,Ġcompetence,34,0
26368,ĠEnglishmen,34,0
26369,Ġdivides,34,0
26370,Ġrecordkeeping,34,0
26371,Ġprotections,34,0
26372,Ġfairies,34,0
26374,Ġseafront,34,0
26375,Ġfells,34,0
26376,2013,34,0
26377,Ġapplause,34,0
26378,Ġgoldfish,34,18
26379,Ġbirch,34,2
26380,Ġsubjective,34,0
26381,Ġfocal,34,5
26383,Ġdefinitive,34,0
26384,Ġenvious,34,0
26385,Ġantagonist,34,0
26386,ĠMonth,34,0
26387,Ġsighted,34,0
26389,Ġhopping,34,3
26390,ĠDrudge,34,0
26391,Ġgrazing,34,149
26392,Ġstarboard,34,1
26393,Ġspotlight,34,14
26394,ARS,34,13
26395,ĠMusicians,34,21
26396,ĠAgreement,34,0
26397,ĠPatan,34,0
26399,Ġsexy,34,22
26400,ĠCricket,34,0
26401,ONE,34,63
26402,ĠRegular,34,0
26403,ĠBoat,34,54
26404,ĠComedy,34,0
26405,ĠScholars,34,0
26408,Ġverified,34,0
26409,Ġsensational,34,0
26410,Ġensued,34,0
26411,Ġdenying,34,0
26412,ĠMartini,34,0
26413,Ġstormed,34,0
26415,Ġearns,34,0
26416,ĠPriest,34,0
26417,Ġprinters,34,0
26418,ĠSimpsons,34,4
26420,Ġdeparting,34,0
26421,Ġjoys,34,1
26422,Ġbulb,34,15
26423,Ġwheelbarrow,34,44
26426,ĠRelated,34,0
26427,ĠTreasure,34,0
26428,Ġflexibilities,34,0
26429,Ġdrafting,34,0
26430,Ġ1901,34,0
26431,Ġfrocks,34,0
26433,Ġmedicines,34,0
26434,Ġpondered,34,0
26435,ĠMaori,34,0
26436,Ġquantified,34,0
26437,Ġlifelong,34,0
26438,Ġ1884,34,0
26439,ĠPetra,34,0
26440,ĠSixth,34,0
26442,ĠSteps,34,0
26443,ĠDivan,34,0
26444,Ġ1895,34,0
26445,Ġadvancement,34,0
26446,Ġcertifying,34,0
26447,ĠLooks,34,6
26448,Ġponytail,34,236
26449,Ġconverting,34,1
26450,Ġuttering,34,0
26451,Ġtraversed,34,0
26453,Art,34,0
26454,ĠKrishna,34,0
26455,Ġpitiful,34,0
26456,ĠEDs,34,0
26458,ĠKnox,34,0
26460,ĠBosnian,34,0
26461,Ġtriumphal,34,1
26462,Ġ1849,34,0
26464,Ġsufferings,34,0
26465,Ġcompensated,34,0
26466,ĠClassic,34,1
26468,Ġpiercing,34,6
26469,Ġdismissal,34,0
26470,Ġinventor,34,0
26471,Ġnegotiating,34,0
26472,ĠMatters,34,0
26473,ĠCircular,34,2
26474,ĠATM,34,40
26475,Ġcomposite,34,0
26476,ĠDownes,34,0
26477,Ġrejoicing,34,0
26478,ĠPollution,34,0
26479,Ġwarns,34,0
26480,ĠSonora,34,0
26481,ĠWildlife,34,0
26482,Ġbotanical,34,0
26483,ĠTaliban,34,0
26484,Ġaggressively,34,1
26485,Ġrecruited,34,0
26486,Ġnephews,34,0
26487,Ġrafting,34,5
26488,Ġrhyme,34,0
26489,Ġclarified,34,0
26491,ĠBaltic,34,0
26492,ĠCardinals,34,2
26493,Ġrustic,34,9
26495,Ġvolcanoes,34,0
26497,Ġascending,34,1
26498,Ġgaol,34,0
26499,Ġfeminists,34,0
26500,ĠSafire,34,0
26501,Ġwarranty,34,0
26502,Ġ1789,34,0
26503,ĠExperts,34,0
26504,Ġirritating,34,0
26506,Ġimprisonment,34,0
26507,Ġavenge,34,0
26508,Ġaluminium,34,0
26510,Ġforecasts,34,0
26511,Ġrhythms,34,0
26512,ĠAlbanian,34,0
26513,Ġunrestricted,34,0
26514,ĠBergman,34,0
26516,Ġalligators,34,0
26517,Ġperpetual,34,0
26518,Ġpenetrated,34,0
26519,Ġsprinkler,34,39
26520,ĠCroatian,34,1
26521,Ġqueens,34,0
26522,ĠOccasionally,34,0
26523,ĠOwens,34,0
26524,ĠSeminoles,34,0
26525,ĠMARCH,34,0
26526,ĠOilers,34,0
26527,ĠMoynihan,34,0
26528,Ġwholesale,34,2
26530,ĠTonight,34,0
26532,Ġplaque,34,10
26533,Ġimaginative,34,0
26534,ĠKemp,34,2
26535,ĠQualitative,34,0
26536,Ġlizards,34,0
26537,ĠBulgaria,34,0
26538,Ġpesticides,34,0
26539,ĠBreakfast,34,3
26540,ĠGiuliani,34,0
26542,ĠFilipino,34,0
26543,Ġiodide,34,0
26544,ĠDARESBY,34,0
26545,Ġnucleus,34,0
26546,Ġghastly,34,0
26547,ĠKagoshima,34,0
26548,pgdp,34,0
26549,Ġoutnumbered,34,0
26550,ĠEtruscan,34,0
26551,ĠSantorini,34,0
26552,Ġauberge,34,0
26553,Ġcrystalline,34,0
26555,Ġefficacy,34,0
26556,ĠMesopotamia,34,0
26557,ĠLammie,34,0
26558,ĠGifford,34,0
26559,ĠPerpignan,34,0
26560,Ġlabyrinth,34,0
26561,ĠChevrolet,34,10
26563,ĠBlumenthal,34,0
26564,ĠHokkaido,34,0
26565,ĠIngrid,34,0
26566,Ġgruesome,34,0
26567,ĠMinneapolis,34,0
26568,ĠFletcher,34,0
26569,ĠDresden,34,0
1076,formation,33,0
1359,Ġpri,33,0
1545,ife,33,14
1952,cial,33,2
2192,iod,33,0
2365,Ġdecl,33,0
2930,Ġdoc,33,6
3370,stit,33,0
4255,ĠPri,33,1
5304,ĠEmp,33,0
6060,iens,33,0
6440,Ġmart,33,11
6602,Ġboil,33,0
6763,anges,33,44
8356,ortion,33,2
8573,Ġmans,33,208
8741,eps,33,3
9030,keys,33,13
9080,ardo,33,0
9460,quet,33,38
9581,ovo,33,1
9727,umble,33,0
9901,irs,33,1
10665,ogy,33,0
10859,Ġsup,33,0
11063,Ġmole,33,19
11350,cular,33,5
11498,ĠPir,33,0
11719,ulu,33,0
11821,quire,33,0
11925,food,33,14
11985,oking,33,1
12693,ooped,33,0
12906,ĠCycl,33,12
12963,Ġaven,33,0
13448,Ġom,33,16
13460,ĠLor,33,0
13524,Ġpap,33,22
13590,liness,33,0
13951,flies,33,1
13999,ĠRiv,33,0
14007,Ġunin,33,0
14224,omot,33,1
14247,berries,33,57
14336,ĠClar,33,0
14462,orship,33,0
14523,cos,33,0
14635,Ġmit,33,12
14726,atable,33,1
14734,Ġgau,33,27
14775,ĠPlat,33,1
14780,workers,33,7
14904,ĠCirc,33,0
15005,sky,33,0
15228,ĠTut,33,0
15452,rolled,33,4
15554,sing,33,3
15807,Ġsund,33,50
16531,ĠClare,33,0
16533,ĠBegin,33,0
17151,ĠHab,33,2
17258,Ġdwarf,33,1
17306,ĠLal,33,0
17474,ĠOfficial,33,3
17805,ĠBirth,33,0
17928,ĠQual,33,0
17990,IAN,33,5
18510,iston,33,0
18641,tin,33,4
18664,ĠBald,33,36
18669,ĠPos,33,0
19116,Ġembark,33,0
19602,bone,33,2
19633,irk,33,4
19637,ĠMul,33,0
19802,Ġba,33,13
19838,ĠER,33,3
19857,athy,33,0
20409,jour,33,2
20642,orph,33,1
20681,eland,33,0
20855,Ġinward,33,0
21331,uating,33,0
21688,Ġtransmit,33,0
21831,URE,33,32
21846,Ġmes,33,1
21852,alone,33,0
22119,ĠTi,33,0
22141,Ġmantel,33,0
22376,mag,33,0
22398,ĠTouch,33,0
22403,stri,33,24
22406,ĠSed,33,0
22772,onda,33,14
26457,ĠĠĠĠĠĠĠĠĠĠĠĠĠĠĠĠĠĠĠĠĠĠĠĠĠĠĠĠĠĠ,33,0
26570,;',33,0
26571,Aunt,33,0
26572,Day,33,0
26573,GG,33,13
26574,LING,33,8
26578,cir,33,23
26579,cats,33,1
26583,know,33,0
26584,lis,33,0
26585,lane,33,55
26593,Ġwailing,33,0
26597,Ġbake,33,1
26598,Ġbins,33,38
26599,Ġcapped,33,6
26604,orat,33,0
26605,Ġmats,33,45
26606,Ġmute,33,0
26609,Ġpals,33,0
26611,Ġhoc,33,0
26612,Ġinhouse,33,0
26614,ĠTate,33,0
26621,Ġgait,33,0
26623,Ġeb,33,1
26624,station,33,11
26626,stra,33,0
26628,Ġrearing,33,10
26630,Ġuric,33,0
26631,Ġstacked,33,101
26632,Ġforcibly,33,0
26638,ĠMing,33,0
26640,ĠMath,33,0
26643,ĠBle,33,6
26646,ĠBologna,33,0
26650,Ġnotified,33,0
26651,Ġatoms,33,0
26652,"Ġ"""",",33,0
26654,ĠPee,33,0
26655,Ġrallied,33,0
26657,ĠWow,33,2
26658,ĠWide,33,2
26659,ĠWise,33,0
26660,Ġdere,33,1
26662,Ġdell,33,17
26664,Ġmankind,33,0
26665,ĠFASAB,33,0
26667,ĠDell,33,24
26668,ĠDuty,33,0
26669,ĠDenton,33,0
26671,Ġprostrate,33,0
26672,Ġplump,33,2
26673,Ġplugs,33,4
26676,ĠLunga,33,0
26678,ĠGut,33,0
26680,ĠRanger,33,0
26681,ĠRising,33,0
26682,istered,33,0
26685,Ġordeal,33,0
26687,Ġexcludes,33,0
26688,Ġjars,33,44
26690,Ġtraps,33,1
26691,Ġtrait,33,0
26692,Ġ(_,33,0
26695,Ġteasing,33,1
26697,ĠKai,33,0
26698,ĠKitchen,33,25
26700,ĠKurt,33,1
26702,ĠKasi,33,0
26705,Ġmoreover,33,0
26707,ĠStick,33,1
26709,ĠStyle,33,0
26711,Ġuncover,33,0
26712,Ġunprofitable,33,0
26714,Ġspire,33,0
26715,Ġspurred,33,0
26716,ĠCham,33,0
26718,ĠChau,33,0
26721,Ġresiding,33,0
26722,Ġresolutely,33,0
26723,Ġamiable,33,0
26725,Ġscowl,33,0
26726,Ġscissors,33,245
26727,Ġsmoker,33,0
26728,ĠWein,33,0
26729,ĠWealth,33,0
26732,Ġflips,33,4
26736,Ġpoke,33,7
26739,Ġindian,33,51
26744,Ġpolish,33,56
26745,Ġhomeward,33,0
26746,Ġpresort,33,0
26748,Ġsecrecy,33,0
26749,Ġefficiencies,33,0
26750,Ġwhitewashed,33,0
26751,Ġsubmerged,33,12
26753,Ġgenie,33,4
26754,Ġdiscarded,33,9
26756,Ġstatehood,33,0
26757,Ġrealities,33,0
26758,Ġsystematically,33,0
26759,ĠRevenge,33,0
26760,Ġdefences,33,0
26762,Ġmodules,33,0
26763,ĠIsabella,33,0
26764,ĠForget,33,0
26765,ĠAdult,33,44
26767,ĠBeleza,33,0
26768,Ġvaliant,33,1
26769,Ġbasics,33,0
26770,ĠMyers,33,0
26771,ĠEdwin,33,0
26774,Ġhumility,33,0
26776,ĠCarmel,33,1
26777,Ġcontinual,33,0
26778,Ġpatrons,33,39
26779,Ġbarges,33,0
26780,Ġcolleague,33,5
26781,Ġpractised,33,0
26782,Ġexpectancy,33,0
26783,Ġnationality,33,1
26784,Ġgrowling,33,6
26785,Ġbedtime,33,0
26786,Ġ108,33,1
26787,ĠPlaces,33,2
26788,1970,33,0
26789,Ġposting,33,0
26790,Ġposture,33,4
26793,ĠSeleyman,33,0
26795,Ġfilters,33,1
26797,Ġportrays,33,0
26798,Ġsquaw,33,0
26800,Ġsolitude,33,1
26801,Ġsaluted,33,0
26802,ĠAmph,33,0
26803,Ġeighties,33,0
26804,Ġharbors,33,0
26807,Ġdiner,33,15
26808,Ġcalmed,33,0
26809,2019,33,0
26810,2018,33,0
26811,2012,33,1
26812,Ġadmissions,33,0
26813,Ġ111,33,3
26814,ĠMona,33,0
26816,Ġcreativity,33,1
26817,Ġsafeguard,33,0
26820,ĠMadam,33,0
26821,stricken,33,0
26822,Ġcontracting,33,0
26823,Ġspecification,33,0
26824,Ġfreak,33,2
26825,ĠRegiment,33,0
26826,ĠBerry,33,0
26827,ĠBoats,33,0
26828,Ġtendencies,33,0
26829,Ġcookie,33,113
26830,Ġhateful,33,0
26831,ĠAuntie,33,0
26833,Ġverge,33,0
26834,Ġsweetness,33,0
26835,Ġwhispers,33,0
26836,ĠImportant,33,2
26837,ĠBlacks,33,1
26838,Ġscramble,33,7
26839,Ġforthright,33,0
26841,Ġheroine,33,0
26842,ĠAlfonso,33,0
26843,Ġrelaxation,33,1
26844,1996,33,0
26845,Ġpageant,33,3
26846,Ġamazingly,33,0
26848,Ġembroidery,33,6
26850,ĠSingleton,33,0
26851,Ġbonnet,33,24
26852,ĠScotty,33,0
26854,2002,33,0
26855,ĠGreenberg,33,0
26856,ĠAnyhow,33,0
26857,Ġmuttering,33,0
26858,ĠDoug,33,0
26859,Ġadministrations,33,0
26860,ĠNorris,33,0
26861,Ġimplants,33,0
26862,Ġtailor,33,1
26863,Ġconquests,33,0
26865,ĠTerrace,33,0
26866,Ġblinded,33,0
26867,Ġtightened,33,0
26868,Ġdissent,33,0
26869,Ġbleak,33,1
26870,Ġ1886,33,0
26871,IVE,33,7
26874,Ġpsychologists,33,0
26875,Ġ1897,33,0
26876,Ġ1899,33,0
26877,Ġtongues,33,9
26878,Ġlatitude,33,0
26879,Ġinspiring,33,0
26880,Ġbattalion,33,0
26881,ĠMailers,33,0
26884,Ġgracefully,33,0
26885,Ġ1855,33,0
26886,ĠObviously,33,0
26887,ĠJeffrey,33,0
26888,Ġbends,33,8
26889,Ġsimplified,33,0
26890,Ġgratefully,33,0
26891,Ġadvisable,33,0
26892,Ġcanoeing,33,0
26893,Ġresearched,33,0
26894,ĠDiocese,33,0
26895,Ġpadded,33,20
26896,Ġbosses,33,0
26897,Ġalleyway,33,22
26900,Ġscraps,33,5
26901,Ġlovingly,33,1
26902,ĠPrivacy,33,0
26903,Ġrefreshed,33,0
26904,Ġanchored,33,3
26905,Ġbundled,33,7
26906,ĠMercia,33,0
26907,Ġresembling,33,2
26908,Ġtremendously,33,0
26909,Ġrhymes,33,0
26910,Ġcrouches,33,5
26911,Ġrustling,33,0
26912,Ġcollaborative,33,0
26914,Ġendeavouring,33,0
26915,Ġcorpse,33,0
26916,Ġhoneymoon,33,0
26917,Ġexcavation,33,1
26918,Ġexcavations,33,0
26919,Ġallegiance,33,0
26921,ĠFatimeh,33,0
26922,ĠKellogg,33,0
26923,Ġretailers,33,0
26924,ĠHistorically,33,0
26925,Ġdatabases,33,0
26926,Ġphenomena,33,0
26927,Ġhammered,33,0
26928,Ġacceleration,33,0
26929,Ġtiresome,33,0
26930,ĠMortality,33,0
26932,Ġstimulating,33,0
26934,ĠBavarian,33,3
26936,ĠCycling,33,0
26937,ĠManson,33,0
26938,ĠProducts,33,0
26940,ĠLEON,33,0
26941,Ġbaptism,33,0
26942,Ġharmonica,33,39
26943,Ġcoveted,33,0
26944,ĠFaculty,33,0
26946,Ġunheard,33,0
26947,Ġrecollection,33,0
26948,Ġdiscriminate,33,0
26949,Ġpenetrate,33,0
26950,ĠWHO,33,41
26951,Ġtrotting,33,4
26952,ĠBogart,33,0
26953,ĠDerwent,33,0
26955,Ġcoincidence,33,0
26957,Ġgalaxies,33,0
26958,Ġendorsement,33,1
26959,ĠKoran,33,0
26960,ĠKelantan,33,0
26961,Ġforbidding,33,0
26962,ĠPAGE,33,1
26963,ĠIntegrity,33,0
26964,Ġhypocrisy,33,0
26965,Ġnewcomers,33,0
26967,ĠMcKinley,33,0
26970,Ġboulder,33,41
26971,Ġoffenders,33,0
26972,Ġscalp,33,17
26973,Ġhorrified,33,1
26974,Ġrectangular,33,67
26975,ĠFukui,33,0
26976,ĠFukuoka,33,0
26977,Ġdeductible,33,0
26978,Ġpredominantly,33,20
26979,Ġacclaimed,33,0
26980,Ġplagued,33,0
26981,Ġuninteresting,33,0
26983,Ġsmoothed,33,0
26984,Ġdepreciation,33,0
26985,ĠWendy,33,1
26986,Ġprotein,33,0
26987,Ġquestionnaires,33,0
26988,Ġcrocodile,33,6
26989,Ġenlarged,33,3
26990,Ġassailants,33,0
26991,Ġruthless,33,0
26992,Ġbesieged,33,0
26993,Ġabbreviated,33,0
26994,Ġsubscription,33,0
26995,Ġpianist,33,4
26996,ĠToulouse,33,0
26997,ĠLeimarel,33,0
26998,ĠBASEBALL,33,27
26999,ĠKodak,33,0
27000,ĠValencia,33,0
27001,literally,33,0
27004,ĠGuatemala,33,0
27005,ĠPortsmouth,33,0
27006,Ġdilemma,33,0
27007,Ġunconsciously,33,0
27008,Ġslaughtered,33,0
27009,ĠGandolfini,33,0
27010,Ġdishwasher,33,55
27011,Ġfashions,33,0
27012,ĠStronghold,33,0
97,},32,2
481,eop,32,1
1109,cess,32,1
1984,fect,32,3
2137,Ġdest,32,2
3433,Ġign,32,0
3479,phone,32,50
3694,riage,32,1
3986,vey,32,2
3993,uries,32,0
4176,oved,32,0
4181,Ġpers,32,14
4378,icles,32,8
4619,apped,32,6
4748,Ġspr,32,5
5010,nic,32,2
5153,ĠGeorg,32,0
5719,Ġemp,32,4
6110,ĠPoss,32,0
6164,ĠMic,32,2
6350,isse,32,0
6962,iza,32,11
7012,ĠNorm,32,0
7253,ĠBarn,32,1
8125,addy,32,6
8697,ĠAff,32,0
8828,ifully,32,1
9259,rove,32,0
9512,ĠSerb,32,0
9753,adu,32,0
10203,Per,32,0
10742,Ġga,32,4
11043,ĠPed,32,3
11125,orable,32,1
11180,ĠFal,32,0
12676,Jan,32,0
12768,llers,32,7
12854,oval,32,0
13043,ĠBid,32,1
13070,seeing,32,3
13257,angled,32,0
13556,ĠPhys,32,0
13825,ĠAth,32,2
14160,rows,32,6
14241,ĠEsc,32,0
14306,tail,32,7
14480,ĠSoft,32,4
14744,ĠFen,32,0
15025,ĠLad,32,4
15071,ĠScreen,32,20
15134,ĠCON,32,20
15144,ĠNA,32,11
15239,ĠDoc,32,2
15650,Ġhazard,32,11
15668,ĠAllow,32,0
15754,ĠEthel,32,0
15962,ĠAbb,32,0
16377,ĠMAR,32,15
16668,ilted,32,11
16763,ĠBath,32,3
17305,ĠLen,32,1
17476,helm,32,0
17840,Ġts,32,1
18164,ilation,32,0
19073,ĠAlm,32,0
19444,ĠJosh,32,0
20311,Ġturret,32,1
20407,cap,32,40
21437,ĠArd,32,0
21561,Ġtumult,32,0
21638,unct,32,0
21879,Ġsho,32,34
21916,Ġspar,32,7
21981,etti,32,5
21985,ĠCrist,32,0
22085,Comm,32,0
22127,Ġrever,32,0
22132,Ġwhim,32,0
22163,ĠKra,32,0
22170,ĠChal,32,0
22207,iku,32,0
22312,Ġastronaut,32,4
22356,!!,32,14
22423,ilated,32,1
22443,ĠNab,32,0
22627,Ġmanifest,32,0
22681,nick,32,3
22976,QU,32,12
22979,eh,32,22
23194,guns,32,2
26575,MM,32,1
27013,05,32,0
27014,Bar,32,0
27015,DEN,32,10
27016,Hey,32,0
27018,Land,32,0
27019,Most,32,0
27022,Super,32,0
27023,disc,32,0
27024,distance,32,0
27027,jin,32,0
27035,tur,32,0
27038,Ġtasty,32,10
27040,Ġaching,32,0
27042,Ġbony,32,0
27043,ono,32,2
27047,anth,32,0
27049,Ġmint,32,34
27050,Ġmph,32,0
27051,Ġpasha,32,0
27052,Ġpioneer,32,3
27054,Ġdarned,32,0
27056,Ġinhib,32,0
27058,ĠTRA,32,85
27059,Ġthorn,32,18
27060,Ġng,32,0
27061,Ġgin,32,0
27062,Ġgilt,32,0
27064,ĠAI,32,0
27065,ĠAung,32,0
27066,ĠAvis,32,0
27068,Ġbefallen,32,0
27069,ĠeBay,32,0
27076,ĠSeth,32,0
27079,Ġstakes,32,1
27084,ĠCR,32,13
27088,ĠHamm,32,0
27090,ĠPS,32,5
27092,ĠPresent,32,1
27093,Ġrails,32,37
27095,ĠWant,32,0
27099,esting,32,1
27102,ĠNut,32,3
27103,ĠNope,32,0
27109,ĠLil,32,1
27110,ĠLoring,32,0
27113,ĠRover,32,4
27114,istle,32,3
27117,Ġexits,32,3
27118,Ġexiled,32,0
27119,Ġsofter,32,1
27120,Ġsucked,32,3
27121,Ġjuries,32,0
27123,ĠEk,32,0
27131,Ġnovice,32,0
27134,iferous,32,4
27137,ĠYosh,32,0
27140,Ġplayfully,32,0
27141,Ġenrolled,32,0
27145,Ġunmarried,32,0
27146,Ġunloading,32,6
27147,Ġpriceless,32,0
27148,Ġjustices,32,0
27149,Ġperimeter,32,1
27150,Ġworkmanship,32,0
27151,Ġspies,32,0
27152,Ġsperm,32,0
27153,ĠChang,32,1
27156,Ġdisl,32,0
27157,Ġdisorders,32,0
27158,Ġrigged,32,1
27159,performing,32,0
27160,Ġresented,32,0
27161,Ġscaling,32,0
27162,Ġscolded,32,0
27165,Ġbrakes,32,2
27166,Ġflora,32,5
27167,Ġunderbrush,32,0
27168,Ġcrone,32,0
27169,Ġcrates,32,100
27170,Ġcrows,32,7
27171,Ġcrabs,32,5
27172,Ġcricketer,32,1
27176,Ġindications,32,0
27177,many,32,0
27178,ĠAlright,32,0
27179,Ġassent,32,0
27180,Ġfinale,32,0
27182,ĠBranch,32,0
27183,Ġmuster,32,0
27185,Ġsecession,32,0
27187,lio,32,0
27188,Ġearmarked,32,0
27189,ĠArmed,32,14
27190,Ġrestrain,32,0
27191,Ġdrab,32,5
27192,ĠLeith,32,0
27193,Ġgenial,32,0
27195,ĠClive,32,0
27196,Ġairing,32,1
27197,should,32,0
27202,Ġminus,32,3
27203,Ġsnorted,32,0
27204,Ġclearer,32,5
27206,Ġdepot,32,10
27207,ĠJohor,32,0
27208,before,32,1
27209,Ġbreeds,32,8
27211,brick,32,1
27212,Ġincremental,32,0
27214,Ġinfected,32,0
27215,Ġeleventh,32,0
27216,Ġcontinuity,32,0
27217,ĠZone,32,0
27218,ĠQuit,32,0
27219,Ġequations,32,1
27220,Ġclassmates,32,15
27222,ĠGrim,32,0
27223,Ġ102,32,1
27224,Ġ105,32,1
27225,Ġfreeway,32,4
27226,ĠPluto,32,0
27227,ĠOrrin,32,0
27229,letter,32,0
27230,ĠSelden,32,0
27232,Ġanalogy,32,0
27233,Ġhurdles,32,18
27235,ĠDonkey,32,5
27237,ĠMinamoto,32,0
27238,Ġsalvation,32,1
27239,Ġauthorize,32,0
27241,Ġculturally,32,0
27242,Ġdeclines,32,0
27244,ĠNeal,32,0
27245,ĠAbner,32,0
27246,Ġdevised,32,0
27248,Ġ112,32,5
27249,Ġcompliments,32,0
27250,ĠWeston,32,0
27251,ĠElche,32,0
27252,Ġwrongly,32,0
27253,Ġexams,32,0
27254,Ġjacks,32,0
27256,ĠFinancing,32,0
27257,Ġexclamations,32,0
27258,hammer,32,37
27259,ĠTurtles,32,0
27260,Ġrainforest,32,0
27262,Ġrespectfully,32,0
27263,Ġstarve,32,1
27265,ĠEnough,32,0
27266,Ġzip,32,28
27267,ĠSenators,32,0
27268,Ġgreens,32,105
27269,Ġgreasy,32,2
27270,Ġhostage,32,0
27271,ĠCourbet,32,0
27273,IND,32,102
27276,Ġsecretaries,32,2
27277,Ġdamned,32,0
27278,ĠParks,32,0
27279,Ġdoctorate,32,0
27282,ĠRosenberg,32,0
27283,Ġsenor,32,0
27285,Ġcorrective,32,0
27288,ANT,32,23
27290,floor,32,2
27291,flowers,32,26
27292,ĠAreas,32,0
27293,Ġcommanders,32,0
27294,Ġcardiac,32,0
27295,Ġcabbage,32,31
27296,Ġconsuming,32,0
27298,Ġpolluted,32,0
27299,ĠPrevious,32,0
27300,Ġpreferable,32,0
27301,Ġpreferring,32,0
27302,Ġbanjo,32,33
27303,Ġlistener,32,1
27305,Ġskinned,32,39
27306,ĠSamos,32,0
27307,Ġcrafting,32,0
27308,Ġspeechless,32,0
27311,1997,32,0
27312,Ġreverence,32,0
27315,ĠJudicial,32,0
27316,Ġtextile,32,5
27317,Ġtargeting,32,0
27318,ĠCommunism,32,0
27319,ĠConsidering,32,0
27320,ĠBuy,32,2
27321,ĠJamaicans,32,0
27322,Ġrubble,32,12
27323,Ġrubbish,32,2
27324,Ġcriticizing,32,0
27326,Ġconstructive,32,0
27327,Ġtimeline,32,0
27328,ĠTwins,32,2
27330,Ġ1903,32,0
27331,ĠPenrith,32,0
27333,Ġcounterpart,32,3
27334,Ġponder,32,0
27335,ĠIntelligence,32,0
27336,Ġcontributors,32,0
27337,ĠWinston,32,0
27338,Ġambulance,32,43
27340,Ġventures,32,0
27342,Ġidly,32,0
27344,Ġmaize,32,0
27345,ĠHaghia,32,0
27346,Ġmagnificence,32,0
27348,ĠStatements,32,0
27350,Ġinclination,32,0
27351,Ġtornadoes,32,0
27352,Ġcourtyards,32,0
27353,Ġcrisp,32,4
27354,Ġgreetings,32,1
27355,ĠXXII,32,0
27356,Ġrebuilding,32,0
27357,Ġnitric,32,0
27358,ĠAshton,32,0
27359,Ġincorporates,32,0
27360,Ġmyths,32,0
27361,ĠDeaths,32,0
27362,Ġsneered,32,0
27363,Ġ1842,32,0
27365,ĠReviewers,32,0
27366,Ġtasting,32,5
27367,Ġbuffet,32,57
27368,ĠHardly,32,0
27369,Ġhooks,32,22
27371,ĠOperations,32,0
27372,ĠMatisse,32,0
27373,ĠDiary,32,0
27374,Ġregretted,32,0
27375,ĠInvestors,32,0
27376,Ġassertions,32,0
27377,ĠDeveloping,32,0
27378,Ġbreezes,32,0
27379,ĠAuto,32,1
27382,Ġnestled,32,7
27384,Ġlodging,32,0
27385,ĠAdvance,32,0
27386,Ġrafts,32,34
27387,Ġcrystals,32,3
27388,ĠGuardian,32,0
27389,Ġresembled,32,0
27390,Ġreproductive,32,0
27391,Ġviolinist,32,7
27392,Ġclarity,32,0
27393,Ġwhipmasters,32,0
27394,ĠLSSM,32,0
27395,Ġbridle,32,21
27396,Ġcocktail,32,19
27397,Ġvaults,32,1
27398,ĠISO,32,0
27399,Ġtidal,32,0
27400,Ġskulls,32,7
27401,Ġstrewn,32,5
27402,Ġstreamed,32,0
27403,Ġsupervised,32,0
27404,Ġsquadron,32,0
27405,Ġexemption,32,0
27406,Ġhammers,32,6
27407,Ġmajors,32,0
27408,Ġmornin,32,0
27409,Ġsobbing,32,0
27410,ĠHispanics,32,0
27411,Ġberth,32,0
27412,ĠBodo,32,0
27413,ĠEtheling,32,0
27414,Ġfidelity,32,0
27415,Ġpertinent,32,0
27416,Ġcautioned,32,0
27417,Ġinvaluable,32,0
27418,ĠLorimer,32,0
27419,ĠLorraine,32,0
27422,ĠBOYS,32,4
27424,ĠTWO,32,100
27425,Ġcommemorate,32,0
27426,Ġpremiere,32,0
27427,Ġsmugglers,32,0
27428,Ġflanked,32,6
27429,Ġextremes,32,0
27430,Ġcripple,32,0
27431,Ġsundown,32,1
27432,ĠJOHN,32,1
27433,ĠBurgundy,32,1
27434,ĠCarthage,32,0
27435,Ġruffian,32,0
27436,Ġparameters,32,0
27437,Ġmemorabilia,32,13
27438,Ġenlightenment,32,0
27439,ĠAthletic,32,0
27440,ĠTunisia,32,0
27441,Ġuneasily,32,0
27442,Ġrestraining,32,0
27443,Ġglamour,32,0
27444,ĠSendai,32,0
27445,ĠWEASEL,32,0
27446,Ġcategorized,32,0
27447,Ġlizard,32,25
27448,ĠRafael,32,3
27449,Ġhysterical,32,0
27450,Ġunscathed,32,0
27451,Ġscrutinized,32,0
27452,Ġcosmopolitan,32,0
27453,ĠMafia,32,0
27454,ophryne,32,0
27455,processed,32,0
27456,Ġbaffled,32,0
27457,ĠVernon,32,0
27458,ĠHubbell,32,0
27459,Ġrhetoric,32,0
27460,Ġtuxedo,32,90
27461,ĠAdvertising,32,1
27462,ĠObservatory,32,0
27464,ĠLusitania,32,0
27465,ĠUCLA,32,0
27466,English,32,0
27467,ĠBastille,32,0
27468,ĠGrowth,32,0
27469,Ġspontaneous,32,0
27470,Ġparalyzed,32,0
27471,ĠCummins,32,0
27472,Better,32,0
27473,ĠJANUARY,32,0
27474,Ġductwork,32,0
27475,Ġuproar,32,0
27476,ĠTadminster,32,0
27477,ĠAUTHOR,32,0
27478,Ġkimono,32,50
27479,Ġoblivious,32,0
27481,ĠWagner,32,1
27482,ĠDiane,32,0
27483,ĠMacleod,32,0
27484,ĠVladimir,32,0
27485,ĠCarmichael,32,0
27487,Ġsublime,32,0
27488,Ġunpredictable,32,0
27490,ĠClinger,32,0
27491,ĠAPRIL,32,0
27492,Ġubiquitous,32,0
27493,ĠBetsy,32,0
27494,ĠCaravaggio,32,0
27495,ĠPoynings,32,0
27496,ĠCarrisford,32,0
27497,Ġcathedrals,32,1
27499,Ġdilapidated,32,13
27500,disambiguation,32,0
478,Ġwhe,31,6
752,omet,31,0
1431,ĠEng,31,0
1636,Ġaud,31,3
2252,Ġfac,31,16
2579,Ġjud,31,0
2685,yle,31,2
2701,Ġtyp,31,1
3326,teen,31,13
3421,ential,31,2
3476,enced,31,2
3919,issions,31,0
3932,idents,31,0
3950,ĠSund,31,0
4408,lend,31,0
4509,Ġgro,31,1
4979,ishment,31,0
5043,hens,31,0
5175,umes,31,0
5209,Ġmand,31,25
5257,Ġsubm,31,1
5524,Ġtim,31,3
5592,ĠSqu,31,6
5655,ĠVis,31,6
5665,ĠNap,31,2
5765,ĠMade,31,0
6081,Ġtor,31,3
6301,press,31,0
6360,oom,31,1
6398,uits,31,46
6461,atre,31,0
6532,ĠOri,31,2
6847,uction,31,0
7361,owl,31,2
7767,Ġmas,31,4
7915,Ġsne,31,15
9054,Ġmic,31,49
9173,Ġrib,31,6
9260,ĠSob,31,0
9351,amped,31,1
9427,ĠKash,31,0
9695,tles,31,0
9873,orus,31,0
10858,orting,31,1
10890,inet,31,19
11206,PM,31,2
11397,jud,31,0
11710,etch,31,3
12082,Ġhydro,31,0
12314,whe,31,21
12382,amen,31,2
12776,ĠEc,31,0
12857,irts,31,20
12888,die,31,12
13249,unts,31,0
13323,vell,31,0
13538,Ġabst,31,0
13540,ighty,31,0
13675,enter,31,2
13831,ĠBeth,31,0
14071,ĠAbs,31,0
14552,ĠGa,31,0
14723,vation,31,13
14755,Ġperpet,31,0
15704,Ġcurt,31,3
15944,owski,31,1
16010,vol,31,0
16015,Ġcens,31,0
16262,ĠKel,31,0
16475,BE,31,13
16514,ĠFont,31,0
16572,ENTS,31,1
16619,ĠBac,31,1
16650,ervation,31,0
16735,Sam,31,0
16771,ĠEin,31,0
17015,fo,31,10
17299,ulum,31,14
17408,immer,31,2
17888,ĠJa,31,0
17895,akin,31,3
18815,Ġbob,31,7
19053,Ġchant,31,0
19204,ĠSou,31,2
19427,ĠCock,31,1
19631,ĠSHA,31,21
19646,gel,31,0
19793,test,31,1
20084,ĠBloom,31,0
20145,build,31,0
20623,got,31,12
21040,HO,31,1
21388,ĠRoth,31,0
21588,LAN,31,12
21796,Ġcondemn,31,0
22009,ĠPanjab,31,0
22099,mission,31,0
22178,igny,31,0
22273,Ġimplicit,31,0
22277,Ġempower,31,0
22371,hall,31,0
22386,eration,31,0
22387,atz,31,0
22436,ĠDj,31,0
22605,Ġstabil,31,1
22691,Ġhog,31,2
22786,grand,31,0
22789,Ġslam,31,6
22852,Ġrapt,31,0
22912,ĠWelch,31,0
23008,icia,31,0
23124,Ġinterchange,31,1
23455,breaking,31,0
27364,ĠĠĠĠĠĠĠĠĠĠĠĠĠĠĠĠĠĠĠĠĠĠĠĠĠĠĠĠĠĠĠĠĠĠĠĠ,31,0
27501,"%,",31,0
27502,Aksa,31,0
27503,Ber,31,0
27505,Comp,31,0
27508,Net,31,0
27509,Port,31,0
27510,Red,31,0
27511,Send,31,0
27513,dar,31,1
27514,eastern,31,8
27515,far,31,1
27517,him,31,0
27521,mast,31,0
27522,member,31,3
27526,pole,31,31
27529,ser,31,2
27531,too,31,0
27532,uya,31,0
27535,watch,31,27
27538,Ġtrough,31,35
27539,Ġakin,31,0
27540,iners,31,4
27543,Ġwan,31,1
27544,Ġwrench,31,18
27545,Ġwinked,31,0
27547,Ġbounce,31,11
27548,Ġcope,31,2
27552,Ġfared,31,0
27553,Ġmg,31,0
27556,Ġmasts,31,1
27557,Ġmumbled,31,0
27558,Ġpacing,31,0
27559,Ġporter,31,0
27560,Ġhush,31,3
27561,Ġdarn,31,1
27562,Ġinlaid,31,0
27565,asco,31,1
27566,ĠTA,31,210
27567,ĠTill,31,0
27568,ĠTables,31,0
27569,ĠTRI,31,5
27572,Ġlua,31,0
27573,Ġlonesome,31,1
27574,Ġgem,31,13
27576,ĠIG,31,0
27578,ĠAires,31,0
27579,Ġbein,31,0
27580,idian,31,0
27581,Ġreimbursement,31,0
27583,eto,31,8
27586,Ġweep,31,0
27590,ĠMitch,31,0
27591,Ġwhither,31,0
27592,Ġwhipping,31,2
27593,ĠBit,31,0
27595,ĠBiblical,31,1
27596,Ġhaunting,31,0
27599,ĠHBO,31,1
27603,Ġatom,31,0
27608,ĠPerm,31,0
27610,Ġraking,31,1
27613,Ġshit,31,60
27616,Ġfray,31,0
27618,ĠFounded,31,0
27620,ĠFirth,31,0
27622,ĠDove,31,1
27625,Ġchoke,31,2
27626,Ġchatted,31,0
27627,Ġcholera,31,0
27628,ĠNyon,31,0
27630,Ġplank,31,23
27631,ĠGren,31,0
27633,ĠGwen,31,0
27635,ĠJetty,31,0
27637,Ġlever,31,3
27639,ĠEh,31,0
27641,Ġoutlying,31,0
27643,ĠOct,31,2
27644,ongs,31,7
27645,Ġtracing,31,0
27646,Ġtracts,31,0
27647,agna,31,20
27648,Ġsheds,31,0
27651,Ġwillow,31,3
27652,ĠThou,31,0
27653,Ġ203,31,0
27654,Ġagitation,31,0
27655,Ġroc,31,0
27656,Ġrooted,31,0
27657,Ġblushed,31,0
27658,ĠUT,31,5
27659,assi,31,0
27660,Ġdont,31,31
27661,ĠStaying,31,0
27664,Ġimpending,31,0
27665,Ġarid,31,1
27666,Ġspins,31,1
27669,Ġgrampa,31,1
27672,ĠVou,31,0
27673,ĠVista,31,0
27678,Ġcontaminated,31,1
27679,Ġpartake,31,7
27680,ĠShepard,31,4
27682,Ġpreambles,31,0
27685,Ġimplements,31,2
27686,Ġbroth,31,10
27687,Ġbrushes,31,38
27688,Ġflipping,31,7
27689,Ġflinging,31,1
27691,Ġcracking,31,0
27692,Ġmenace,31,0
27693,Ġcoils,31,2
27694,Ġrecount,31,0
27695,Ġneedles,31,2
27699,Ġslashed,31,1
27701,Ġinvoked,31,0
27703,Ġstrat,31,0
27704,Ġevolving,31,0
27705,Ġswarming,31,0
27707,Ġtermed,31,0
27710,Ġcheated,31,0
27711,ĠMarian,31,0
27712,ĠMarble,31,1
27713,Ġserver,31,29
27714,Ġcursed,31,0
27715,Ġlawmakers,31,0
27716,ĠRelease,31,0
27717,ĠReception,31,0
27718,Ġmarbles,31,4
27719,Ġmused,31,0
27720,Ġmattered,31,0
27723,Ġlandings,31,0
27724,Ġmoat,31,0
27725,Ġconfounded,31,0
27726,Ġconfronting,31,0
27727,Ġstature,31,1
27730,Ġvector,31,0
27731,Ġhumour,31,0
27732,Ġhumiliation,31,0
27733,Ġtripped,31,0
27735,ĠFlowers,31,11
27736,ĠFlorry,31,0
27737,Ġmainframe,31,0
27738,uffed,31,24
27740,Ġprominence,31,0
27741,Ġ175,31,1
27743,Ġclassifications,31,0
27744,Ġreplaces,31,0
27745,Ġrisking,31,0
27746,ĠOrt,31,0
27747,Ġcrowding,31,0
27748,ĠGerth,31,0
27750,ĠExxon,31,0
27751,Ġhurricanes,31,0
27752,ĠParque,31,0
27753,Ġexcused,31,0
27755,Ġmergers,31,0
27756,ĠCanon,31,2
27757,ĠCanterbury,31,0
27758,Ġ.),31,0
27759,Ġfacades,31,0
27760,Ġstepmother,31,0
27761,Ġperiodically,31,0
27762,ĠUSD,31,1
27764,Ġnonfinancial,31,0
27765,Ġcaliph,31,0
27766,Ġdeviation,31,0
27767,Ġ117,31,2
27768,Ġ135,31,0
27770,ĠAugustana,31,0
27772,Ġantelope,31,22
27773,ĠMonaco,31,0
27774,Ġfamously,31,0
27775,Ġmountainside,31,18
27776,uka,31,1
27777,ĠPalmer,31,0
27778,ĠEmilia,31,0
27779,Ġafrican,31,109
27780,ĠRespiratory,31,0
27782,Ġdisplaced,31,0
27784,ĠEnemy,31,0
27786,ĠAirways,31,9
27788,Ġbloodshed,31,0
27789,Ġpersonalities,31,0
27790,Ġeras,31,0
27791,ĠCourse,31,0
27792,ĠCrane,31,1
27793,Ġfilmmakers,31,0
27794,Ġkitchens,31,1
27795,ĠBooth,31,1
27796,ĠHalloween,31,11
27798,Ġgasping,31,0
27799,Ġveritable,31,1
27801,Ġtricked,31,0
27802,ĠAntichrist,31,0
27803,ĠForty,31,0
27807,block,31,7
27808,Ġqualification,31,0
27809,Ġqualifying,31,0
27810,Ġthickly,31,0
27812,Ġdeductions,31,0
27813,Ġbriefcase,31,90
27814,Ġsucking,31,14
27815,Ġwrestled,31,0
27816,Ġwheelie,31,23
27817,Ġ291,31,0
27820,ĠAudrey,31,3
27821,ĠScotia,31,0
27822,ĠProviding,31,0
27823,Ġbillionaire,31,0
27824,ĠApart,31,0
27828,Ġheaved,31,0
27829,ĠKennedys,31,0
27830,ĠAtlas,31,0
27831,Ġmanageable,31,0
27833,ĠEstimated,31,0
27834,ĠMadeleine,31,0
27835,ĠBasque,31,0
27836,ĠUser,31,0
27838,Ġsubsided,31,0
27839,Ġsubspecies,31,0
27840,Ġambiguous,31,0
27841,ĠPossibly,31,0
27842,ĠHadrian,31,0
27843,ĠTriomphe,31,0
27845,ĠClearport,31,0
27846,trans,31,0
27848,Ġtranslates,31,0
27849,ĠHolt,31,0
27851,Ġerratic,31,0
27852,Ġbattling,31,1
27853,ĠFairfax,31,0
27854,ĠSmaller,31,85
27855,Ġconventions,31,0
27856,Ġcrawfish,31,0
27857,Ġniche,31,0
27858,Ġworshiped,31,0
27859,Ġhomage,31,0
27860,Ġpowders,31,7
27861,Ġenhancing,31,0
27862,Ġsneakers,31,245
27864,Ġconstitutes,31,0
27865,Ġwrapping,31,31
27866,Ġhoisted,31,1
27867,Ġuneven,31,4
27869,ĠATV,31,19
27870,Ġintentionally,31,0
27871,Didn,31,0
27872,Ġmoderately,31,0
27873,ĠSpringfield,31,0
27874,Ġmaloca,31,0
27875,ĠCrusoe,31,0
27876,Ġ1831,31,0
27877,ĠAutumn,31,1
27878,Ġexploited,31,0
27879,Ġgoddesses,31,0
27880,Ġscripts,31,0
27881,Ġovertake,31,0
27882,Ġoverturned,31,12
27883,ĠConstitutional,31,0
27884,Ġinducted,31,0
27885,Click,31,0
27886,ĠFuente,31,0
27887,ĠEmployment,31,0
27888,ĠSabbath,31,0
27889,ĠMaui,31,0
27890,ĠLimestone,31,0
27891,ĠLSFO,31,0
27893,ĠDevon,31,0
27894,Ġmargins,31,0
27895,Ġheyday,31,0
27896,ĠGhana,31,0
27897,Ġfoggy,31,9
27898,ĠIceland,31,0
27899,ĠInitially,31,0
27900,ĠFleet,31,0
27901,Ġconsolidation,31,0
27902,ĠHollings,31,0
27903,Ġsitcoms,31,0
27904,Ġwalnut,31,13
27905,Ġsearches,31,0
27907,Ġhopelessly,31,0
27909,Ġdisguised,31,2
27910,Blue,31,2
27911,Ġcampsite,31,4
27912,Ġcynicism,31,0
27913,Ġscrewed,31,1
27914,Ġhypotheses,31,0
27915,ĠWhitney,31,0
27916,Ġsustainable,31,0
27917,Ġinteracting,31,12
27918,Ġaristocracy,31,0
27919,Ġskepticism,31,0
27920,Ġoverwhelmingly,31,0
27921,Ġproxy,31,0
27922,ĠDirectly,31,1
27924,Ġrattled,31,0
27925,Ġrattling,31,0
27926,Ġsincerely,31,0
27927,ĠPrairie,31,0
27928,ĠYOUNG,31,29
27929,ĠCretan,31,0
27930,Ġoverthrow,31,0
27931,Ġoverthrown,31,0
27932,Ġcassette,31,13
27933,ĠDartmoor,31,0
27934,Ġgamblers,31,0
27935,ĠCrafts,31,1
27936,ĠKissinger,31,0
27937,Ġdistributing,31,0
27938,Ġpostponed,31,0
27939,ĠPundit,31,0
27940,ĠMcLaughlin,31,0
27941,ĠEthiopian,31,1
27942,ĠCUPPLES,31,0
27943,ĠLombardy,31,0
27945,ĠTasmania,31,0
27946,Ġsubclasses,31,0
27947,ĠValentine,31,0
27948,Ġdensities,31,0
27949,ĠPitre,31,0
27950,ĠThurmond,31,0
27951,Ġungrateful,31,0
27952,ĠCecil,31,0
27953,Ġballerina,31,29
27955,Ġmattress,31,98
27956,Ġrascal,31,0
27957,Ġwatermelon,31,54
27958,ĠBuenos,31,0
27959,Ġhovering,31,7
27960,Ġsuccumbed,31,0
27961,ĠInvestigations,31,0
27962,ĠDeVos,31,0
27963,ĠCorinthian,31,0
27964,ĠSulfur,31,0
27965,Ġnobility,31,0
27966,ĠIndigenous,31,9
27967,Ġstaggering,31,0
27968,Ġliaison,31,0
27969,ĠClintons,31,0
27970,Ġmediocre,31,0
27971,sponsored,31,0
27972,Russian,31,0
27973,Ġcradle,31,0
27974,Ġreddish,31,105
27976,ĠYazoo,31,0
27977,Ġrelevance,31,0
27978,ĠMiguel,31,0
27979,ĠParcells,31,0
27980,ĠBalkans,31,0
27981,Ġshrouded,31,1
27982,Ġsupremacy,31,0
27983,ĠConqueror,31,0
27984,Ġimpatience,31,0
27985,Ġhypothetical,31,0
27986,Ġgolfer,31,11
27987,ĠCuthbert,31,0
27988,ĠCunningham,31,1
27989,ĠBledsoe,31,0
27990,ĠGorswen,31,0
27991,Ġcruelly,31,0
27992,Ġobnoxious,31,0
27993,Ġunreliable,31,0
27994,Ġunacceptable,31,0
27995,ĠSegovia,31,0
27996,ĠGlasgow,31,1
27997,ĠLeavenworth,31,0
972,Ġsy,30,0
1173,Ġloc,30,3
1307,Ġben,30,10
1491,Ġpolit,30,0
1901,ument,30,10
1926,airs,30,8
2329,Ġstri,30,12
3057,Ġmach,30,1
3647,agers,30,15
3974,rene,30,1
4263,Ġfest,30,0
4677,Ġreve,30,1
4722,itzer,30,0
5478,eed,30,1
5985,ĠChap,30,1
6458,host,30,0
6484,ilda,30,4
6579,ĠAccount,30,0
6856,obe,30,2
7001,mir,30,0
7264,Ġhyp,30,0
7628,oration,30,0
7737,oty,30,0
7952,oked,30,4
8192,UD,30,21
8317,organ,30,0
8331,ĠSud,30,0
8438,Ġmotiv,30,0
8743,ipur,30,0
8779,ĠHers,30,1
8967,BM,30,0
9163,oric,30,0
9170,active,30,0
9343,iments,30,20
9455,oof,30,12
9842,Ġtas,30,17
10394,unted,30,0
10531,wich,30,113
10952,ikh,30,0
11212,section,30,7
11568,ĠEngine,30,11
11654,mind,30,0
11657,isp,30,0
11753,Bill,30,0
12153,ĠDuc,30,6
12433,bons,30,0
12438,inge,30,14
12844,essions,30,0
12897,isan,30,4
13522,Ġcul,30,3
13717,worthy,30,0
14162,ucks,30,8
14418,Ġdupl,30,1
14526,pieces,30,9
14815,iop,30,0
14848,ighting,30,5
15467,ĠWords,30,0
15657,hol,30,0
15829,ographer,30,5
15971,ĠBurg,30,0
16437,Ġdisappoint,30,0
16609,Ġpag,30,0
16813,zzo,30,0
16947,Ġmemor,30,0
17042,ril,30,3
17170,Ġexh,30,0
17698,aron,30,0
17722,essed,30,0
18182,rys,30,0
18319,amar,30,0
18831,ĠCU,30,46
18913,ambles,30,0
19005,bie,30,16
19205,ĠSind,30,0
19423,rope,30,11
19902,backs,30,2
20179,rev,30,0
20203,ĠSom,30,1
20210,ĠMO,30,53
20312,ija,30,0
20595,ĠGonz,30,1
20697,Ġoverd,30,1
20705,Ġcommence,30,0
20876,ĠDust,30,2
21112,ĠFant,30,0
21141,eph,30,2
21764,ĠEsp,30,1
21906,ĠYak,30,0
21908,ĠKab,30,0
22212,ĠManager,30,1
22306,worked,30,0
22703,idly,30,0
22716,ĠBret,30,0
22887,boxes,30,0
23063,Ġorthodox,30,4
23188,Ġdigest,30,0
23205,OUR,30,52
23334,ĠHorses,30,9
23373,Ġdisrupt,30,0
23375,ĠVa,30,1
23598,pipe,30,13
23722,bearing,30,1
27240,ĠĠĠĠĠĠĠĠĠĠĠĠĠĠĠĠĠĠĠĠĠĠĠ,30,0
27349,ĠĠĠĠĠĠĠĠĠĠĠĠĠĠĠĠĠĠĠĠĠĠĠĠĠ,30,0
27998,'--,30,0
27999,07,30,2
28000,130,30,0
28001,"=""",30,0
28002,Boy,30,0
28003,Federal,30,0
28004,Gothic,30,0
28005,Has,30,0
28006,Jeopardy,30,0
28008,Mark,30,0
28010,National,30,0
28011,Pe,30,0
28012,Pok,30,0
28015,TT,30,47
28016,Won,30,0
28017,bush,30,1
28018,cake,30,185
28020,eating,30,0
28026,late,30,12
28031,tax,30,0
28034,wil,30,0
28036,Ġtangle,30,0
28037,Ġtilted,30,55
28040,Ġwitty,30,0
28041,Ġov,30,1
28044,Ġbatch,30,30
28045,Ġbuns,30,12
28047,Ġciting,30,0
28051,Ġpang,30,0
28052,Ġpiling,30,0
28054,Ġhue,30,1
28055,Ġhugs,30,8
28056,Ġhometown,30,0
28057,Ġtoiled,30,0
28058,ĠTines,30,0
28059,ĠTennis,30,74
28061,Ġnons,30,0
28062,Ġnoodles,30,68
28063,Ġlashed,30,0
28064,Ġlumps,30,2
28065,Ġgamble,30,0
28066,ĠIse,30,0
28068,ĠAve,30,3
28069,Ġbeaming,30,3
28070,Ġeve,30,1
28071,Ġeuro,30,9
28072,Ġego,30,0
28073,Ġrez,30,0
28074,Ġrevers,30,2
28077,ayana,30,0
28079,ĠSources,30,0
28080,ĠSoul,30,0
28082,Ġstooping,30,4
28083,seek,30,0
28085,Ġwept,30,0
28086,ĠCaves,30,0
28087,ĠCron,30,0
28088,ĠCokie,30,0
28089,ĠMold,30,0
28090,ĠMolly,30,0
28091,ĠBair,30,0
28092,ĠBash,30,0
28095,ĠBenny,30,0
28097,ĠHook,30,0
28100,ĠHouses,30,0
28101,ĠHands,30,47
28105,ĠPER,30,4
28106,ĠPRC,30,0
28109,illness,30,0
28111,Ġshaky,30,0
28113,Ġlivery,30,0
28114,ĠFou,30,0
28115,ĠFight,30,0
28117,ĠDent,30,1
28119,ĠDancing,30,0
28121,Ġchinese,30,53
28122,ĠNove,30,0
28125,Ġplanks,30,28
28126,ĠLan,30,0
28128,ĠGE,30,5
28130,ĠGin,30,1
28132,ĠGedi,30,0
28133,ĠJin,30,0
28134,ĠJag,30,0
28135,ĠJorge,30,0
28137,Ġcoma,30,0
28138,Ġcomical,30,1
28140,Ġvit,30,0
28141,Ġsoy,30,17
28143,Ġalignment,30,0
28145,ĠElla,30,0
28147,Ġsauna,30,2
28148,igure,30,0
28149,ĠHeard,30,0
28150,Ġcanon,30,5
28151,Ġcanine,30,2
28152,Ġupturned,30,7
28156,Ġthereof,30,0
28159,Ġclaw,30,8
28160,ĠIncentives,30,0
28161,ĠKw,30,0
28162,ĠKak,30,0
28163,ĠKannon,30,0
28164,ĠUFC,30,3
28167,assing,30,0
28168,ĠStraits,30,0
28170,Ġunarmed,30,0
28171,Ġoverpowered,30,0
28172,Ġadhere,30,0
28174,Ġworkmen,30,13
28180,ogi,30,0
28182,Ġresides,30,0
28184,ĠShell,30,1
28188,Ġflirt,30,0
28189,Ġflatter,30,3
28192,Ġpoked,30,0
28195,Ġcranes,30,7
28196,Ġcoached,30,0
28197,Ġrecite,30,0
28201,Ġevenly,30,2
28204,ĠAlleg,30,0
28205,Ġregent,30,0
28206,Ġshowcase,30,0
28209,Ġpreschool,30,8
28212,Ġfines,30,0
28214,ĠBrady,30,0
28216,Ġstrains,30,0
28218,Ġswarm,30,1
28219,Ġendpoints,30,0
28220,Ġretention,30,2
28221,ĠArms,30,18
28222,Ġdrows,30,0
28223,Ġdraped,30,56
28224,ĠLead,30,5
28226,Ġmeanings,30,0
28228,ĠIndo,30,0
28229,ĠIndex,30,0
28231,shoot,30,0
28234,Ġrealise,30,0
28237,examination,30,0
28238,Ġdefiant,30,0
28239,Ġwalkers,30,39
28240,Ġelated,30,0
28241,Ġbehaving,30,1
28242,ombe,30,0
28244,ĠDeal,30,0
28245,Ġdetour,30,0
28246,Ġedit,30,0
28248,Ġstatic,30,0
28249,Ġpoliteness,30,0
28251,Ġinsured,30,0
28252,ĠDover,30,0
28254,Ġhotdog,30,375
28255,Ġcampers,30,19
28256,Ġinfancy,30,0
28257,Ġinfamous,30,0
28258,Ġdemoral,30,0
28259,Ġdemographics,30,0
28261,these,30,1
28262,Ġoppressive,30,0
28263,ĠConiston,30,0
28264,Ġlooming,30,1
28265,Ġloomed,30,0
28266,Ġconcise,30,0
28267,Ġparrots,30,3
28268,Ġgreenery,30,30
28270,Ġvillager,30,0
28271,Ġsixteenth,30,0
28273,Ġcurrents,30,1
28274,1980,30,0
28275,eye,30,2
28276,ĠNotwithstanding,30,0
28277,ĠSeems,30,0
28281,Ġclimbers,30,36
28282,ĠCanary,30,0
28283,ĠTeatro,30,0
28284,ĠTehran,30,0
28285,Ġbrownie,30,39
28286,Ġauthorizing,30,0
28288,ĠGodfather,30,0
28289,ĠMecca,30,0
28290,Ġinternally,30,0
28291,ĠMostly,30,10
28293,Ġdevoured,30,1
28294,ĠPeisley,30,0
28295,Ġhonours,30,0
28296,ĠElmslie,30,0
28297,ĠSlaves,30,0
28300,ĠSwords,30,0
28301,ĠSwimming,30,3
28302,ĠParts,30,2
28303,Ġwildest,30,0
28304,ĠEmission,30,0
28305,ĠPortrait,30,0
28306,ĠResidential,30,0
28307,Ġescorted,30,0
28308,Ġcaptures,30,1
28309,Ġhitch,30,4
28311,Ġforwarded,30,0
28312,Ġdisplacement,30,0
28313,Ġgrazed,30,0
28314,Ġstarvation,30,0
28315,Ġwaitress,30,14
28316,Ġmiserably,30,0
28317,ĠComposition,30,0
28320,Ġshotgun,30,3
28321,Ġpackets,30,14
28322,ORY,30,1
28323,ĠAcre,30,0
28324,INS,30,4
28327,ĠCheese,30,14
28328,Ġchapels,30,0
28329,Ġcruisers,30,0
28330,504,30,1
28331,Ġcollie,30,4
28332,Ġverbs,30,0
28333,Ġdenounced,30,0
28334,ĠDaniels,30,0
28335,ĠLakeland,30,0
28336,Ġbiographical,30,0
28337,ĠBurt,30,0
28338,Ġtariffs,30,0
28339,Ġcooled,30,0
28340,Ġshuttle,30,31
28341,ĠSalem,30,0
28342,Ġinterviewing,30,0
28343,Stop,30,0
28346,Ġunsafe,30,0
28347,Ġrowboat,30,19
28348,ĠJudah,30,0
28349,Ġintegrating,30,0
28350,ĠAuditing,30,0
28351,ĠSpeak,30,0
28352,ĠOverview,30,0
28353,ĠVictory,30,0
28354,2009,30,0
28355,ĠApartments,30,0
28356,ĠTrevor,30,0
28357,ĠPersonnel,30,1
28358,Ġdesktop,30,57
28359,Ġconquering,30,0
28360,Ġcalculus,30,0
28362,Ġdramas,30,0
28363,Ġhamper,30,2
28364,ĠWinners,30,0
28365,Ġfalcon,30,3
28366,ĠWalmart,30,13
28367,Ġuniquely,30,3
28368,Ġsmelling,30,19
28369,Ġ1893,30,0
28370,Ġterminals,30,12
28372,ĠType,30,0
28373,ĠOrient,30,1
28374,ĠKrakew,30,0
28375,paying,30,0
28376,Ġprincipals,30,0
28377,ĠMillions,30,0
28378,Ġpoisonous,30,0
28380,Ġcourageous,30,0
28381,ĠFarmer,30,0
28382,ĠĠĠĠĠĠĠĠĠĠĠĠĠĠĠĠĠĠĠĠĠĠĠĠĠĠĠĠ,30,0
28383,ĠNormally,30,0
28384,Ġducked,30,1
28385,Ġhandsomely,30,0
28386,Ġmorbid,30,0
28387,ĠBeside,30,0
28388,ĠGateway,30,0
28389,Ġfraudulent,30,0
28390,Ġpuzzles,30,5
28391,ĠDodecanese,30,0
28392,ĠRaja,30,0
28393,Ġcriterion,30,0
28394,ĠOrganizational,30,0
28395,Ġrumble,30,0
28397,ĠElliot,30,1
28398,Ġskeletons,30,7
28399,ĠBangalore,30,0
28401,Ġtoddlers,30,38
28402,ĠNepali,30,0
28403,Ġphilosophers,30,0
28404,ĠĠĠĠĠĠĠĠĠĠĠĠĠĠĠĠĠĠĠĠĠĠĠĠĠĠĠĠĠĠĠĠĠĠ,30,0
28405,Ġadviser,30,0
28406,Ġadvisor,30,0
28407,Ġinventions,30,0
28408,ĠConfederation,30,0
28409,ĠMatanikau,30,0
28410,ĠLyons,30,0
28412,ĠPoliticians,30,2
28414,1989,30,0
28415,ĠJuanito,30,0
28416,Ġdiscourse,30,0
28417,Ġscrape,30,1
28418,ĠHurry,30,0
28420,Ġchronicles,30,0
28421,Ġremotely,30,0
28422,ĠEmployee,30,1
28424,Ġcordially,30,0
28425,Ġtolerant,30,0
28427,Ġgenuinely,30,0
28428,Ġpounding,30,1
28429,Ġspraying,30,9
28430,Ġoptimal,30,0
28431,ĠVenezuelan,30,0
28432,Ġkayaks,30,33
28434,ĠFalcons,30,7
28435,Ġsquadrons,30,0
28436,Ġexemptions,30,0
28437,Ġhazards,30,1
28438,ĠEngineers,30,1
28439,Ġsoberly,30,0
28440,ĠDreams,30,2
28441,Ġfrustration,30,0
28442,Ġverdant,30,0
28443,Ġinsulted,30,0
28444,ĠAlexandra,30,0
28446,ĠLivingston,30,0
28447,Ġsurvivor,30,0
28448,Ġscholarships,30,0
28449,ĠLucknow,30,0
28450,Ġravine,30,5
28451,ĠOscars,30,0
28452,Ġdisadvantages,30,0
28453,Ġdislikes,30,0
28455,Ġpoorest,30,0
28456,Ġsynthetic,30,2
28457,produced,30,0
28458,ĠPlatte,30,0
28459,ĠQuestions,30,1
28460,Ġrevelation,30,0
28461,ĠIzmir,30,0
28462,ĠPantheon,30,0
28463,ĠMarxist,30,0
28464,Ġstereo,30,16
28466,Ġgeometry,30,0
28467,Ġfugitives,30,0
28468,Ġdelicacy,30,0
28469,Ġcatastrophe,30,0
28470,ĠIntegrated,30,0
28471,ĠGriffiths,30,0
28473,stadt,30,0
28474,Ġmandrakes,30,0
28475,ĠAndrade,30,0
28476,ĠMobil,30,0
28477,Ġsausages,30,21
28478,Ġcylinder,30,18
28479,ĠAnalysts,30,0
28480,Ġfuels,30,0
28481,ĠChronicles,30,0
28483,Ġdispersed,30,0
28484,Ġmultipollutant,30,0
28486,Ġdiscomfort,30,0
28487,Ġpeacock,30,36
28488,Ġdisappearing,30,3
28489,ĠVeronica,30,0
28491,ĠWynn,30,0
28492,Ġdismantled,30,0
28493,ĠSupplementary,30,0
28494,Ġcharisma,30,0
28496,Ġlittered,30,2
28497,Ġlattice,30,4
28498,ĠRibeira,30,0
28499,ĠStefan,30,0
28500,Ġcalamity,30,0
28501,ĠCambodia,30,0
28504,Ġnumerical,30,0
28505,Ġcobblestone,30,43
28506,Ġexhilarating,30,0
28507,ĠDisease,30,0
28509,Ġempirical,30,0
28511,Texas,30,0
28513,Ġfeebly,30,0
28514,Ġarguably,30,0
28516,Ġmasculine,30,0
28517,ĠAstrid,30,0
28518,ĠDulles,30,0
28519,Ġmoustache,30,30
28520,ĠNuneham,30,0
28521,Ġfarthest,30,662
28523,ĠZeppelin,30,0
28524,ĠWinnipeg,30,0
28526,ĠFEBRUARY,30,0
28527,ĠDonaldson,30,0
28528,Ġsuperstitious,30,0
28529,ĠVaranasi,30,0
864,Ġhel,29,16
1399,Ġide,29,1
1553,Ġsever,29,2
1595,Ġste,29,18
2282,Ġce,29,4
2732,ĠAust,29,0
2868,lected,29,15
2897,ledge,29,1
3027,Ġbal,29,53
3033,nce,29,1
3042,Ġcand,29,28
3068,Ġgra,29,42
3561,edd,29,17
3625,arrow,29,2
3631,Ġgrad,29,9
4362,Ġcandid,29,1
4468,Ġmort,29,2
4969,aza,29,0
5003,ĠLew,29,0
5084,force,29,4
5542,burgh,29,0
5553,Ġtun,29,12
5844,ĠRog,29,0
5892,cel,29,2
6129,aders,29,25
6156,uten,29,0
6408,Ġsou,29,21
6411,otte,29,1
6696,cas,29,4
6940,urally,29,1
7008,ĠĠĠĠĠĠĠĠĠĠĠĠĠĠĠĠĠĠĠĠĠĠĠĠ,29,0
8193,aft,29,1
8490,ture,29,1
8675,riz,29,2
8694,Ġment,29,3
8951,ĠLiber,29,0
9208,ĠShar,29,1
9342,etime,29,0
9423,Ġtom,29,29
10056,ierre,29,1
10193,ribe,29,3
10754,Ġbrace,29,31
10904,actor,29,0
10980,wen,29,3
11054,plex,29,2
11258,etary,29,2
11451,leton,29,0
11608,ĠHoll,29,2
11614,Ġvine,29,7
12032,MO,29,13
12798,ART,29,5
13168,itating,29,0
13453,acon,29,0
13455,ilia,29,0
13739,dam,29,0
13818,Ġcos,29,19
14126,yon,29,0
14457,Ġoutlaw,29,0
14664,Ġassign,29,0
14939,ĠKum,29,0
15318,Ġprocure,29,0
15333,Ġcum,29,21
15935,Ġcoax,29,0
16023,Ġweld,29,8
16054,Ġflop,29,14
16357,Ġdent,29,16
16482,locks,29,1
16505,chio,29,0
16518,Ġprolong,29,0
16602,taking,29,0
16642,asses,29,8
16705,Ġethn,29,0
16873,cott,29,1
17139,enh,29,0
17417,ĠPall,29,0
17528,Cr,29,0
17697,Ġpac,29,5
17992,PH,29,13
18058,uckle,29,0
18154,asis,29,0
18978,Ġscrutin,29,0
19021,Ġsor,29,15
19242,inting,29,2
19278,iffs,29,0
19438,ĠFra,29,0
19462,Ġbeck,29,0
19863,elling,29,3
19987,may,29,0
20049,Ġsurpass,29,0
20197,icable,29,0
20267,ĠArri,29,2
20516,ĠAmar,29,0
20654,ĠCause,29,0
20752,ĠBelarus,29,0
20791,ĠKeynes,29,0
21057,uaries,29,0
21081,Ġlament,29,0
21159,ometer,29,42
21223,Ġunders,29,80
21317,dling,29,2
21330,rans,29,1
21411,ĠVes,29,5
21600,rera,29,2
21640,ĠDat,29,1
21896,peak,29,0
22437,ĠDock,29,6
22510,iker,29,13
22676,fitting,29,5
22678,gain,29,0
22698,Ġnud,29,5
22759,agar,29,0
23007,omatic,29,0
23037,ĠHed,29,1
23148,ĠPhot,29,10
23283,breed,29,0
23286,dem,29,0
23293,var,29,1
23306,Ġduel,29,1
23597,pal,29,0
23644,ĠPO,29,14
23690,ĠVau,29,0
24134,OND,29,43
28530,.;,29,0
28531,83,29,0
28536,East,29,3
28537,Fort,29,0
28538,Gal,29,0
28540,Jane,29,0
28541,SS,29,18
28543,Sit,29,0
28544,XV,29,0
28551,iem,29,5
28552,noo,29,0
28554,pound,29,0
28557,serving,29,0
28558,turn,29,2
28562,Ġ],29,2
28563,Ġ00,29,22
28564,Ġtis,29,1
28565,Ġtensions,29,0
28568,Ġape,29,3
28570,Ġsill,29,11
28573,Ġbio,29,1
28576,oup,29,0
28579,Ġmite,29,0
28581,Ġpest,29,25
28582,Ġpail,29,12
28583,Ġpounded,29,0
28584,Ġhttp,29,0
28585,Ġdived,29,0
28586,Ġinactive,29,1
28587,asan,29,0
28588,ĠTis,29,0
28590,ĠTale,29,0
28591,ĠTigers,29,6
28592,ĠTitanic,29,0
28593,ĠTANF,29,0
28594,Ġnu,29,0
28598,Ġlicking,29,49
28599,Ġgaping,29,0
28600,Ġgospel,29,0
28601,ĠIv,29,0
28602,ĠIst,29,0
28603,ĠIqbal,29,0
28605,ĠAu,29,4
28609,Ġberet,29,43
28610,idity,29,0
28613,Ġeaves,29,5
28614,stained,29,1
28617,Ġheather,29,0
28619,ĠSitting,29,29
28621,ĠSesame,29,3
28622,imar,29,2
28624,Ġstumps,29,20
28625,sector,29,0
28629,ĠClement,29,0
28630,ĠCover,29,0
28631,ĠChess,29,3
28632,ĠMC,29,1
28633,ĠMou,29,0
28634,ĠMare,29,0
28635,ĠMace,29,0
28636,ĠMatch,29,0
28637,Ġanat,29,0
28639,ĠBR,29,20
28640,ĠBard,29,0
28642,ĠBills,29,1
28643,ĠBanda,29,0
28644,Ġwithheld,29,0
28645,ĠHes,29,0
28646,ĠHos,29,0
28647,ĠHetel,29,0
28651,ĠPec,29,0
28653,Ġrattle,29,13
28655,ĠWrap,29,2
28656,Ġshaggy,29,54
28657,Ġshanty,29,8
28658,ulp,29,0
28661,Ġdejected,29,0
28662,Ġfry,29,49
28665,ĠFile,29,0
28666,ĠFuel,29,1
28667,established,29,0
28670,Ġchilling,29,1
28671,Ġpropped,29,37
28672,Ġconcluding,29,0
28673,ĠLions,29,0
28675,ĠLachlan,29,0
28676,ĠGaga,29,0
28677,ĠGrico,29,0
28685,Ġjagged,29,20
28686,Ġaligned,29,4
28687,ĠEly,29,0
28688,Ġabound,29,0
28694,ocal,29,0
28695,ĠThought,29,0
28698,Ġushered,29,0
28699,ĠYMCA,29,3
28701,plane,29,37
28703,Ġblink,29,1
28704,Ġdonating,29,0
28705,Ġgettin,29,2
28706,Ġenables,29,0
28708,Ġunification,29,0
28709,Ġadobe,29,1
28710,Ġspelt,29,0
28711,ĠCharing,29,0
28715,Ġria,29,0
28716,Ġrigging,29,3
28717,ĠVit,29,1
28719,Ġscars,29,1
28720,Ġscares,29,0
28721,Ġimplying,29,0
28722,Ġflocked,29,0
28723,Ġbetting,29,0
28724,Ġundergoing,29,0
28725,telling,29,0
28726,Ġrecounted,29,0
28728,Ġneedless,29,0
28729,ĠWhilst,29,0
28730,ĠAnita,29,0
28733,ĠUnisphere,29,0
28735,Ġindec,29,0
28736,ĠAlba,29,0
28737,Ġrelic,29,0
28738,Ġsurcharge,29,0
28739,Ġlarvae,29,0
28742,Ġmustard,29,107
28745,Ġkinda,29,20
28746,Ġkinder,29,0
28748,ĠLearning,29,0
28749,Ġaddictive,29,0
28750,Ġ1835,29,0
28751,Ġ1821,29,0
28752,ĠThatcher,29,0
28754,Ġpopping,29,6
28757,ĠReade,29,0
28758,ĠReady,29,1
28759,Ġcharmed,29,0
28761,Ġsignaled,29,0
28763,atta,29,3
28764,ĠJohns,29,2
28765,Ġopenings,29,16
28766,ĠDebt,29,0
28767,Ġfootprints,29,21
28768,appa,29,1
28769,ĠMyanmar,29,0
28770,Ġforefront,29,64
28771,Ġrevive,29,0
28772,Ġhotter,29,0
28773,Ġcampuses,29,0
28774,Ġcampfire,29,16
28775,Ġweekdays,29,0
28776,Ġdemise,29,0
28778,Ġsteered,29,1
28779,Ġtaxis,29,24
28780,Ġoppressed,29,0
28781,ĠConsequently,29,0
28782,Ġbarc,29,20
28783,Ġsunken,29,2
28784,ĠColosseum,29,0
28787,Ġvariability,29,0
28788,ĠGrants,29,0
28790,ĠPlato,29,0
28791,1960,29,0
28792,Ġsilo,29,2
28795,ĠSeat,29,9
28796,ĠSeal,29,0
28797,ĠSeventh,29,0
28798,ographers,29,9
28799,ĠGupta,29,0
28800,Ġclearance,29,1
28801,Ġ122,29,4
28802,ĠTexaco,29,0
28803,Ġmailed,29,0
28804,Ġmailbox,29,33
28805,Ġcapitalist,29,0
28806,ĠActive,29,3
28807,Ġmerging,29,0
28809,Ġportals,29,0
28810,ĠPerot,29,0
28811,Ġprojecting,29,0
28812,Ġrelegated,29,0
28814,osphere,29,0
28815,Ġsalts,29,0
28816,Ġamounted,29,0
28819,ĠAmos,29,0
28820,Ġfairness,29,0
28822,2014,29,0
28823,aldo,29,2
28824,Ġadmitting,29,0
28825,Ġcommonplace,29,0
28826,Ġseasoned,29,5
28827,deck,29,1
28828,ĠMales,29,0
28829,Ġjudiciary,29,0
28830,psy,29,15
28831,Ġfifties,29,0
28832,Ġmethodological,29,0
28833,ĠSwamp,29,0
28834,Ġcasts,29,0
28835,Ġstatesman,29,0
28836,Ġdrooping,29,5
28837,ĠPalermo,29,0
28838,ĠResource,29,0
28839,Ġbeset,29,0
28840,Ġballets,29,0
28841,ĠJulian,29,0
28842,ĠQuam,29,0
28843,Ġspotless,29,0
28845,ĠCompared,29,0
28846,ĠComputers,29,0
28847,Ġzinc,29,0
28848,Ġiceberg,29,1
28851,Ġspecifications,29,0
28852,ĠRegent,29,0
28853,Ġannouncing,29,0
28854,Ġconvict,29,0
28855,ĠIsraelites,29,0
28856,ĠCheng,29,0
28857,ĠChester,29,0
28858,Ġcrucifixion,29,0
28860,Ġsociologist,29,0
28861,ĠGrandma,29,3
28862,Ġbilling,29,1
28863,Ġdenies,29,0
28864,Ġpunched,29,0
28865,Ġsculptors,29,0
28866,Ġcello,29,48
28867,Those,29,0
28868,ĠSusie,29,0
28869,"??,",29,0
28870,Ġspreads,29,4
28871,Ġstockholders,29,0
28873,ĠMerry,29,1
28874,Ġpossesses,29,0
28875,Ġrecommends,29,0
28876,Ġweighted,29,0
28877,Ġcorporal,29,0
28880,ĠJudgment,29,0
28881,Ġsucceeds,29,0
28882,ĠHotels,29,0
28886,Ġfrightful,29,0
28887,2003,29,0
28888,esteem,29,0
28889,Ġcheaply,29,0
28890,Ġpawn,29,7
28891,Ġduo,29,2
28892,Ġconfluence,29,0
28893,ĠIrishman,29,0
28894,Ġmicrophones,29,110
28895,Ġtuned,29,0
28896,ĠEstimates,29,0
28897,ĠTerror,29,0
28898,Ġ09,29,1
28899,Ġthinner,29,14
28900,ĠMaison,29,0
28901,ĠRomance,29,1
28903,Ġ1883,29,0
28904,ĠTraffic,29,11
28905,Ġacidic,29,0
28906,Ġpsychologist,29,0
28908,ĠDivine,29,0
28909,ĠTransformers,29,1
28910,ĠOslo,29,1
28911,Ġreliefs,29,0
28912,ĠWasn,29,0
28913,gao,29,0
28914,Ġexceeds,29,0
28915,Ġtraitor,29,0
28916,ĠJoey,29,0
28917,ĠGalleria,29,0
28919,Ġshadowy,29,21
28920,trained,29,0
28921,Ġunharmed,29,0
28922,ĠHorace,29,0
28923,ĠGetty,29,0
28924,Ġpinched,29,1
28925,Ġpredicting,29,0
28926,ĠHolmes,29,0
28927,Ġopted,29,0
28928,ĠNormans,29,0
28930,Ġearnestness,29,0
28931,ĠKnosses,29,0
28933,Ġunprepared,29,0
28934,Ġcontestant,29,6
28935,ĠLesvos,29,0
28937,Ġcontrasting,29,0
28938,ĠHyde,29,0
28939,Ġnicest,29,0
28940,Ġgleeman,29,0
28941,Ġmythical,29,1
28943,ĠAsthma,29,0
28944,ĠPayment,29,0
28945,Ġdoubling,29,0
28946,Ġ1847,29,0
28948,Ġadequacy,29,0
28950,ĠBourbon,29,0
28951,ĠByzantines,29,0
28953,Ġtenderness,29,0
28954,ĠKenya,29,0
28955,ĠMandarin,29,2
28956,Ġassassins,29,0
28957,Ġdominates,29,0
28958,ĠIndustries,29,3
28959,ĠPuerta,29,0
28960,ĠDowns,29,0
28961,Ġunbroken,29,0
28963,1982,29,0
28964,ĠCrusade,29,0
28965,Ġprohibits,29,0
28966,Ġblazed,29,1
28967,Ġsynonymous,29,0
28968,Ġarcades,29,0
28969,Ġfabricated,29,0
28970,Ġproportional,29,0
28971,Ġswallowing,29,0
28972,Ġreproduce,29,0
28973,Ġvoyages,29,0
28974,ĠFreud,29,0
28975,often,29,0
28977,Ġhinder,29,0
28979,Ġastronomy,29,0
28980,Ġmolecular,29,0
28981,Ġsavagely,29,0
28982,ĠCustomer,29,2
28983,Ġraiders,29,0
28984,Ġsleeveless,29,179
28985,ĠBriggs,29,0
28986,Ġdodging,29,2
28987,Ġdungeon,29,0
28988,Ġjetty,29,8
28989,Ġreassured,29,0
28990,Ġinsulting,29,0
28991,Ġirritated,29,0
28992,Ġlecturer,29,1
28993,ĠLivingstone,29,1
28995,ĠPasadena,29,0
28996,Ġdiminish,29,0
28997,Ġdiminished,29,0
28998,Ġbetraying,29,0
28999,Ġadministers,29,0
29000,Ġconqueror,29,0
29002,Ġomission,29,0
29003,Ġappointments,29,0
29004,Ġunsuccessfully,29,0
29005,Ġlingering,29,0
29006,Ġrecruitment,29,0
29008,Ġconsecrated,29,0
29009,Ġpolarization,29,0
29010,hausen,29,0
29011,ĠRefer,29,0
29012,Ġslapstick,29,0
29014,Ġcoaxing,29,0
29015,Ġscaffold,29,34
29016,ĠShelley,29,0
29017,Ġdelicately,29,0
29018,Ġburying,29,0
29019,ĠSopranos,29,0
29020,ĠNasser,29,0
29021,Ġintoxication,29,0
29022,Ġmisunderstanding,29,0
29023,Ġpundit,29,0
29024,ĠChemical,29,0
29025,Terre,29,0
29027,Ġsullenly,29,0
29028,Ġmercenaries,29,0
29029,ĠMongol,29,1
29030,Ġpesticide,29,0
29031,ĠBaldwin,29,0
29032,Ġuninterested,29,0
29033,Ġinserted,29,3
29034,Ġmitigate,29,0
29035,Ġchanting,29,0
29036,ĠSindh,29,0
29037,ĠFraud,29,0
29038,Ġbeckoned,29,0
29039,Ġencircled,29,0
29040,Ġfrenzy,29,0
29041,Ġinheritance,29,0
29042,Ġunattractive,29,0
29043,ĠWarrior,29,0
29044,Ġferns,29,6
29046,Ġcapacities,29,0
29047,Ġredoubled,29,0
29048,Ġphysicist,29,0
29049,Ġpioneers,29,0
29050,Help,29,0
29051,ĠGoblin,29,0
29052,ĠCPAs,29,0
29053,Ġthroats,29,0
29054,Ġcameraman,29,31
29055,ĠKhoriphaba,29,0
29056,Ġfuzzy,29,77
29057,Ġchampagne,29,79
29058,Ġheadscarf,29,89
29059,Ġchagrin,29,0
29060,ĠSpyro,29,0
29061,Ġcorrobor,29,0
29062,ĠRodriguez,29,0
29063,ĠLtd,29,1
29064,Ġoverhanging,29,2
29065,ĠNewfoundland,29,0
29066,Ġabbreviation,29,1
29067,Ġdemerits,29,0
29068,Ġcatamaran,29,1
29069,ĠLeopold,29,0
29070,Ġhorrendous,29,0
29071,ĠTaensa,29,0
29072,Ġtransparency,29,0
29073,ĠAttleboro,29,0
29074,Ġetiquette,29,0
29075,ĠErmengarde,29,0
29076,Ġvelocity,29,0
29077,ĠAppalachian,29,0
29078,ĠBARBARA,29,0
29079,Ġdementia,29,0
779,rough,28,0
2269,bt,28,3
2314,ption,28,2
2366,Ġinfl,28,1
2790,Ġviol,28,0
3644,Ġcru,28,4
3827,Ġgri,28,44
3879,Ġlau,28,4
3892,ĠOlymp,28,3
3960,ael,28,0
3969,Ġconsum,28,0
4197,ĠTem,28,0
4429,ici,28,1
5188,ĠRand,28,0
5326,ipe,28,5
5372,icing,28,5
5399,pir,28,0
5427,asty,28,1
5977,ingu,28,1
6080,equ,28,4
6118,Ġchick,28,91
6265,Ġult,28,0
6831,Ġjer,28,19
7384,holders,28,0
7886,olate,28,4
7919,uration,28,0
7921,Ġshove,28,0
8031,ĠArgent,28,0
8537,quarters,28,8
8922,Ġbol,28,17
9704,ĠLeg,28,37
9792,enny,28,1
9882,rett,28,3
9991,Ġ179,28,0
10134,atched,28,16
10344,hell,28,20
10487,enna,28,2
10654,Ġlin,28,7
10937,rians,28,2
11216,ĠHaut,28,0
11895,ikes,28,18
12357,attering,28,0
12542,mel,28,11
12610,pet,28,0
12681,Ġfid,28,3
12756,jan,28,0
12790,ounce,28,2
12910,thou,28,0
13366,court,28,0
13855,ĠIss,28,0
13904,song,28,0
13998,ieves,28,2
14019,ĠLev,28,2
14070,icans,28,8
14096,Ġvex,28,0
14455,ĠRou,28,3
14529,Ġze,28,288
15449,icating,28,0
15574,urring,28,0
15890,ben,28,24
16147,ĠPiet,28,0
16156,ĠElf,28,0
16356,Ġpy,28,1
16660,ĠLeaders,28,0
16683,yla,28,1
16797,Ġruff,28,17
17422,Ġplac,28,60
17588,Ġcrus,28,0
17757,brand,28,5
18695,iani,28,0
18900,ushi,28,2
19037,imeter,28,0
19058,ieve,28,0
19083,brush,28,408
19517,Ġmultip,28,0
20207,seat,28,11
20494,ieth,28,0
20701,Ġdowns,28,0
20910,hesis,28,0
21104,ĠHob,28,2
21111,ĠFA,28,3
21127,ĠRus,28,0
21147,Ġunreal,28,0
21190,Ġesp,28,1
21421,grade,28,0
21590,bek,28,0
21597,piring,28,1
21756,ĠApost,28,0
21769,Ġvenom,28,0
21841,requ,28,0
21903,ifs,28,0
21918,ĠChow,28,0
21978,nected,28,4
22015,Ġidi,28,0
22222,ĠPerfect,28,1
22389,Ġcogn,28,0
22679,hound,28,10
22723,ĠHA,28,77
22744,emin,28,0
22781,ensing,28,1
22968,Bob,28,0
22989,Ġtet,28,0
23068,elo,28,2
23080,ĠUP,28,45
23082,isha,28,1
23273,Ġrehears,28,0
23315,Ġloot,28,0
23378,Ġcontend,28,0
23417,atts,28,0
23425,Ġveto,28,0
23603,Ġtant,28,1
23614,ingle,28,5
23616,Ġholl,28,1
23697,Ġentreat,28,0
23714,ĠRequ,28,3
23769,Ġpenal,28,2
23932,Ġsly,28,2
23934,Ġost,28,3
23940,itious,28,0
23999,quite,28,0
24006,Ġalarming,28,0
24037,Ġimpr,28,0
24084,Ġplead,28,0
24278,inus,28,0
24321,unn,28,1
28817,ĠĠĠĠĠĠĠĠĠĠĠĠĠĠĠĠĠĠ,28,0
29080,04,28,1
29081,06,28,1
29083,Bad,28,0
29086,GS,28,18
29087,IZ,28,75
29088,Kar,28,0
29089,Ma,28,0
29090,Min,28,0
29091,Mont,28,0
29092,Note,28,0
29093,NFL,28,0
29095,Rep,28,0
29096,Sweet,28,0
29098,Tel,28,0
29099,Val,28,0
29101,WC,28,0
29103,dled,28,1
29105,iw,28,14
29107,kar,28,0
29108,lay,28,2
29109,lain,28,1
29111,pie,28,21
29114,painted,28,11
29115,pilot,28,0
29117,tier,28,3
29124,Ġaides,28,0
29126,Ġwager,28,0
29127,Ġwrigg,28,0
29128,Ġou,28,1
29129,Ġois,28,0
29130,Ġbud,28,11
29131,Ġbazaars,28,0
29132,ouk,28,0
29133,Ġmister,28,1
29134,Ġply,28,14
29135,Ġpious,28,0
29136,Ġpiety,28,0
29137,Ġpouches,28,1
29139,Ġtowing,28,7
29141,Ġdude,28,463
29142,Ġinert,28,1
29144,ĠTort,28,1
29146,Ġnun,28,23
29147,Ġlens,28,68
29148,Ġguez,28,0
29150,ĠAside,28,0
29151,ĠARE,28,32
29153,Ġheirs,28,0
29156,ĠStern,28,0
29157,ĠSaga,28,0
29159,Ġstony,28,2
29160,Ġstacks,28,65
29161,Ġstowed,28,0
29162,Ġford,28,14
29163,Ġforge,28,3
29165,ĠCody,28,0
29166,ĠCAT,28,90
29170,Ġwithstand,28,0
29171,river,28,0
29172,riers,28,0
29174,ĠHollow,28,0
29178,ilo,28,0
29179,"Ġ"",",28,0
29180,ĠPi,28,0
29182,ĠPaseo,28,0
29183,Ġras,28,2
29184,Ġrowers,28,31
29186,ĠWid,28,1
29187,ĠWang,28,0
29190,uni,28,0
29192,ĠDion,28,0
29197,ĠNacional,28,0
29200,ĠLing,28,0
29202,ĠGos,28,0
29203,ĠGond,28,0
29205,ĠGarm,28,0
29206,ĠGohan,28,0
29211,ĠJUD,28,0
29212,Ġorb,28,1
29214,Ġcomics,28,2
29215,Ġexiting,28,11
29216,Ġsobs,28,0
29217,Ġsuh,28,0
29221,Ġalabaster,28,0
29223,Ġouting,28,0
29225,ĠOU,28,1
29226,ĠOval,28,1
29227,Ġcanned,28,23
29237,Ġclog,28,7
29238,Ġteal,28,202
29239,Ġteased,28,0
29241,ĠKol,28,0
29244,plain,28,0
29245,assed,28,1
29246,Ġenabling,28,0
29247,Ġunman,28,1
29248,Ġarcher,28,10
29249,Ġspouses,28,0
29250,ĠChu,28,0
29251,acho,28,14
29252,club,28,0
29253,Ġthinker,28,0
29254,anga,28,0
29256,ĠVision,28,0
29259,Ġdownwards,28,10
29260,Ġbuoy,28,18
29261,Ġboyhood,28,0
29262,Ġbackwater,28,0
29265,Ġflound,28,1
29266,Ġbets,28,0
29269,growing,28,0
29271,Ġcommute,28,0
29272,ĠAlgon,28,0
29273,Ġrung,28,2
29274,Ġwaterway,28,17
29275,Ġinvasions,28,0
29277,Ġstranded,28,0
29279,Ġglaring,28,3
29280,Ġevoke,28,0
29281,Ġevapor,28,0
29282,Ġchewed,28,4
29283,ĠMarguerite,28,0
29284,Ġexpired,28,4
29285,Ġexposing,28,1
29286,Ġintersect,28,2
29287,Ġinteriors,28,1
29288,ĠClown,28,7
29289,ĠClaus,28,28
29290,Ġpayoff,28,0
29292,ĠShare,28,0
29293,Ġcurl,28,3
29294,Ġminer,28,0
29295,Ġministry,28,0
29296,ĠReb,28,0
29297,ĠReverend,28,0
29298,ĠSomewhere,28,0
29299,"!"",",28,0
29300,Ġsignpost,28,4
29301,Ġorganism,28,0
29302,ĠAdelaide,28,0
29304,ĠBeaver,28,0
29306,ĠDeM,28,0
29307,Ġmoons,28,0
29308,Ġtwigs,28,9
29309,Ġdetachment,28,0
29310,Ġconfinement,28,0
29312,arna,28,0
29313,Ġmedian,28,6
29314,Ġhistories,28,1
29315,Ġvegan,28,0
29316,Ġdoorstep,28,4
29319,Ġtriangle,28,123
29320,Ġtrilogy,28,0
29321,Ġpurity,28,0
29323,Ġwondrous,28,0
29324,Ġelectorate,28,0
29325,Ġpromontory,28,0
29326,Ġcloseup,28,45
29327,Ġ109,28,1
29328,ĠPhD,28,0
29329,Ġreplies,28,0
29330,ĠOrch,28,0
29333,ĠSeg,28,7
29335,Ġmarketed,28,0
29336,ĠExc,28,5
29337,Ġimproves,28,0
29338,ĠBartlett,28,0
29339,Ġ165,28,0
29340,Ġcompetes,28,2
29342,ĠGogh,28,1
29343,Ġmotions,28,4
29344,Ġtenant,28,0
29345,Ġprofessed,28,0
29346,Ġcircled,28,2
29347,Ġcircling,28,0
29348,Ġauthoritarian,28,0
29351,ĠCharter,28,0
29352,Ġprotector,28,12
29353,Ġinflicted,28,0
29354,ĠMega,28,1
29355,Ġcalib,28,0
29356,Ġsuffers,28,0
29360,Ġpublishers,28,0
29361,Ġtypewriter,28,25
29363,ĠElaine,28,0
29364,ĠPostage,28,0
29365,Ġmodernized,28,1
29366,Ġencased,28,0
29367,ĠLawless,28,0
29368,ĠGovernments,28,0
29369,",'""",28,0
29370,goers,28,42
29371,Ġhopscotch,28,15
29373,Ġexpressly,28,0
29374,ĠQuoth,28,0
29375,ĠSmoking,28,1
29376,Ġpressured,28,0
29377,Ġbroadcasters,28,3
29378,ĠMusical,28,4
29379,Ġemerges,28,1
29380,oula,28,0
29381,added,28,1
29382,ĠSerge,28,0
29383,Ġbottled,28,18
29384,Ġhostel,28,0
29385,Ġradius,28,0
29386,ĠIslanders,28,0
29387,ĠEarlier,28,0
29388,Ġdecisionmaking,28,0
29389,Ġconducts,28,0
29390,Ġfarmhouses,28,0
29391,ĠAustralians,28,0
29392,Ġstandardization,28,0
29393,ENE,28,1
29394,Ġsweetly,28,0
29395,Ġdryer,28,49
29396,Ġfrequented,28,0
29397,Ġbordering,28,0
29398,ĠGreatest,28,0
29399,ĠAnthem,28,0
29400,Think,28,0
29401,Ġmagnate,28,0
29402,Ġcommercially,28,0
29403,Ġinstallment,28,1
29404,ĠAlberta,28,0
29405,ĠMorse,28,1
29406,ĠTemper,28,0
29407,Ġdecorating,28,8
29408,ĠAnnan,28,0
29409,Ġsickly,28,0
29410,Ġshutters,28,5
29411,Ġoccupations,28,0
29412,probably,28,0
29413,Ġscratches,28,5
29415,ĠSalailen,28,0
29416,Ġsleek,28,4
29417,ĠSummit,28,1
29418,ĠSumatra,28,0
29419,Ġ607,28,0
29420,ĠLucinda,28,0
29421,Ġbulky,28,2
29422,ĠCastile,28,0
29423,ĠSkipper,28,0
29424,Ġliberated,28,0
29425,Ġaccidental,28,0
29426,Ġtexture,28,3
29427,Ġtextiles,28,8
29428,Ġtextbook,28,4
29429,Ġsummaries,28,0
29430,ĠGreenland,28,0
29431,Ġlandscaping,28,1
29432,ĠHavelock,28,0
29433,Ġmusicals,28,0
29434,Ġjournalistic,28,0
29435,IDE,28,151
29437,ĠBabies,28,3
29438,Ġblinds,28,7
29439,dozen,28,3
29440,Ġpondering,28,3
29441,Ġlifeless,28,0
29442,ĠBasse,28,0
29443,Ġcontributor,28,0
29444,Ġambush,28,0
29445,ĠMoslem,28,0
29446,Ġdescendant,28,1
29448,ranking,28,0
29449,baum,28,0
29450,Ġterraced,28,1
29451,ĠBellini,28,0
29452,Ġsymbolism,28,1
29453,Arab,28,0
29454,ĠCrossfire,28,0
29455,ĠJosephine,28,0
29457,Ġliquids,28,1
29458,ĠLocals,28,7
29459,Ġapplicant,28,0
29460,Ġbidders,28,0
29461,ĠLightfoot,28,0
29462,Ġfetus,28,0
29463,ĠDodgers,28,10
29464,Ġstringent,28,0
29465,ĠXXIII,28,0
29466,Ġgleamed,28,0
29467,Ġloosely,28,0
29468,Ġinspectors,28,0
29469,ĠRodr,28,0
29470,Ġtacky,28,2
29471,ĠOttawa,28,1
29473,ĠTitus,28,0
29474,Ġliberalism,28,0
29475,Ġfragrant,28,0
29477,ĠAstbury,28,0
29478,Ġtriumphantly,28,1
29479,ĠMasada,28,0
29480,Ġ1846,28,0
29481,Ġcompensate,28,0
29482,ĠCarlson,28,0
29483,Ġvainly,28,0
29484,ĠJournalists,28,0
29485,ĠHardy,28,0
29486,ĠOlive,28,0
29487,Ġcinnamon,28,33
29488,ĠAffirmative,28,0
29489,Ġacademics,28,0
29491,Ġoutsider,28,0
29492,Ġrotating,28,2
29493,ĠBarbie,28,14
29494,Ġstressful,28,0
29495,Ġsparks,28,22
29496,ĠSonny,28,0
29497,ĠTao,28,0
29498,ĠCrucifixion,28,0
29499,ĠDecision,28,0
29500,Ġarchaeology,28,0
29501,ĠFuzhou,28,0
29502,Ġvulnerability,28,0
29503,Ġrudely,28,1
29504,ĠCroaker,28,0
29505,ĠNYC,28,7
29506,Ġemotionally,28,0
29507,ĠScientific,28,2
29508,Ġpulp,28,3
29509,ĠSnake,28,0
29510,Ġcompromised,28,0
29511,Ġrebellious,28,0
29512,ĠAnimation,28,0
29515,Ġsubtract,28,0
29516,Ġendeavour,28,0
29517,burning,28,1
29518,Ġtwinned,28,0
29519,Ġfancies,28,0
29522,Ġscrubber,28,2
29523,ĠHistorians,28,0
29524,Ġclasping,28,2
29525,Ġauctioned,28,0
29526,ĠTobacco,28,0
29527,ĠMessines,28,0
29528,whether,28,0
29529,Ġlaptops,28,103
29530,brook,28,0
29531,ĠToobin,28,0
29532,ĠRabaul,28,0
29533,ĠOmaha,28,0
29534,ĠPractice,28,0
29535,ĠGentlemen,28,4
29537,ĠDurham,28,0
29538,Ġdestroys,28,0
29539,ĠContinue,28,0
29540,Ġflawed,28,0
29541,ĠLEILA,28,0
29542,defense,28,0
29543,Ġtorrents,28,0
29544,Ġrendering,28,0
29545,Ġoxidizing,28,0
29546,Ġsynthes,28,3
29547,Ġdoughnuts,28,19
29548,Ġsmuggled,28,0
29549,Ġattentive,28,27
29550,ĠPierce,28,0
29551,ĠShinjuku,28,0
29552,Ġexhaustion,28,0
29553,Ġgrieve,28,0
29554,Ġhomosexual,28,1
29555,Ġinauguration,28,0
29556,Ġinaugurated,28,0
29557,Ġsocietal,28,0
29558,ĠJolanta,28,0
29559,ĠKawaguchi,28,0
29560,ĠWillisau,28,0
29561,ĠEthelred,28,0
29562,preserved,28,0
29564,Ġparasailing,28,1
29565,Ġlurking,28,3
29566,Ġmosquito,28,32
29567,Ġundermined,28,0
29568,ĠMoyers,28,0
29569,ĠFactors,28,0
29570,Ġrollerblading,28,1
29572,ĠLetterman,28,0
29573,ucci,28,0
29574,Ġadministering,28,0
29575,Ġclusters,28,6
29576,Ġperfume,28,19
29577,ĠSynagogue,28,0
29578,Ġplacid,28,0
29579,Ġrestraint,28,0
29580,music,28,0
29582,ĠProgressive,28,1
29584,ĠAlmighty,28,0
29585,ĠJudea,28,0
29586,ĠImprovement,28,0
29587,ĠAberdeen,28,0
29588,Ġtabloid,28,0
29589,Ġtabloids,28,0
29591,Ġgenetics,28,0
29592,ĠPartnership,28,0
29593,Ġingenious,28,0
29594,Ġlazily,28,0
29595,ĠCheerleaders,28,22
29596,Ġbastion,28,0
29597,ĠSAME,28,5
29598,Ġoverflowing,28,6
29599,ĠSeymour,28,0
29600,Ġleopard,28,63
29601,Ġsophomores,28,0
29602,Ġjewellery,28,0
29603,Keep,28,0
29604,Ġscowled,28,0
29605,Ġarbitrary,28,0
29606,Ġdictatorship,28,0
29607,ĠMoirang,28,0
29608,Ġcolossal,28,0
29609,ĠScheck,28,0
29610,Ġfigurines,28,17
29611,Ġscoundrel,28,0
29613,ĠPfizer,28,0
29614,ĠFailure,28,0
29615,Ġexploratory,28,0
29616,Ġdemeanor,28,1
29617,Ġthirties,28,0
29618,Ġbackpacks,28,192
29619,World,28,3
29620,Ġhereditary,28,0
29621,Ġfuturistic,28,2
29622,ĠKangleipak,28,0
29623,ĠMcDonalds,28,12
29624,ĠDexter,28,0
29625,ĠBrunei,28,0
29626,Ġirresponsible,28,0
29628,Ġleggings,28,93
29630,Elysees,28,0
29631,Iberville,28,0
29632,ĠRoutha,28,0
29633,ĠBhaktapur,28,0
29634,ĠKhyber,28,0
29635,ĠErlenborn,28,0
29636,ĠShahjahan,28,0
1093,Ġrequ,27,2
1459,Ġstat,27,4
1718,ruct,27,0
1853,ctor,27,0
1944,Ġann,27,1
1996,ready,27,1
2077,ĠServ,27,2
2205,ead,27,3
2508,reek,27,6
2686,dd,27,8
3233,ushed,27,0
3732,ications,27,0
4254,ĠHen,27,0
4670,obile,27,25
5187,Ġwee,27,1
5674,Ġ190,27,2
5960,Ġcycl,27,2
6739,umin,27,0
7067,Ġincl,27,2
7334,umbo,27,5
7397,ĠFI,27,19
7490,friend,27,1
7822,ĠAgn,27,0
8220,Ġclin,27,0
8266,ouses,27,0
8476,ĠOper,27,0
8522,Ġcann,27,3
8758,Ġbac,27,24
9292,ĠNaz,27,0
9494,Ġindu,27,0
9539,bul,27,34
9597,edo,27,6
9932,inations,27,0
11219,Ġcha,27,21
11845,ĠMcK,27,0
12099,ĠCad,27,0
12271,arer,27,1
12276,ensed,27,1
12353,cover,27,4
12395,Ġpref,27,0
12498,Ġchuck,27,6
12504,erving,27,0
12899,oner,27,12
12986,Ġrepro,27,0
13049,ĠObs,27,0
13236,pool,27,0
13333,ampa,27,0
13641,strong,27,0
13672,anim,27,2
13884,ĠMagn,27,0
13905,Ġaqu,27,60
14123,found,27,0
14164,asha,27,0
14305,dri,27,10
14340,Ġinfer,27,0
14827,iche,27,25
14932,ĠBrew,27,1
15101,Ġexhaust,27,22
15221,athed,27,0
15775,Ġhoof,27,7
15889,SM,27,2
15896,Ġsab,27,2
16178,Ġparas,27,35
16246,ulus,27,0
17055,abi,27,0
17107,ropolis,27,0
17336,arned,27,0
17836,oin,27,1
17847,itches,27,3
17873,ĠHil,27,2
17879,olation,27,0
17896,urers,27,0
18010,alus,27,0
18145,mal,27,16
18165,olit,27,0
18547,reading,27,0
18574,ĠRecon,27,0
18911,umbered,27,4
19052,antan,27,2
19399,nity,27,0
19418,othe,27,4
19473,Ġimpart,27,0
19590,ĠTasman,27,0
19840,Ġabd,27,4
20098,ĠPartners,27,0
20405,UCK,27,41
20408,gie,27,0
20417,onation,27,0
20530,ĠEns,27,0
20626,tie,27,118
20919,Ġevac,27,0
20947,Ġbrig,27,1
21062,Ġwield,27,1
21126,ĠRol,27,0
21152,avi,27,0
21401,ĠUb,27,1
21627,ĠBatt,27,1
21665,ancer,27,5
21704,maids,27,0
21716,ĠSloven,27,0
21952,racted,27,0
22140,through,27,3
22172,cloth,27,34
22194,Ġgene,27,0
22278,ACK,27,90
22675,ele,27,1
22684,ws,27,2
22752,ĠRip,27,0
22800,ribes,27,0
23005,ĠTig,27,5
23252,ĠDocument,27,0
23300,erting,27,4
23657,ĠDah,27,0
23661,ĠLac,27,0
23682,rail,27,22
23712,ĠShoot,27,0
23802,ĠFellow,27,6
23913,Fe,27,0
23927,oj,27,0
24147,prov,27,0
24175,ĠBraun,27,1
24269,mund,27,0
24337,ĠRanch,27,3
24345,ĠEC,27,6
24664,arium,27,14
29349,ĠĠĠĠĠĠĠĠĠĠĠĠĠĠĠĠĠ,27,0
29637,Bel,27,0
29639,Des,27,0
29640,HE,27,6
29641,Hi,27,0
29644,Love,27,0
29645,Moudon,27,0
29646,NHH,27,0
29649,drawn,27,10
29651,full,27,9
29654,hof,27,0
29655,ipl,27,4
29658,lle,27,16
29659,last,27,2
29660,link,27,27
29661,nation,27,0
29664,ride,27,5
29666,tops,27,15
29667,xes,27,0
29668,yt,27,0
29670,zel,27,29
29671,Ġtiers,27,2
29672,Ġtipped,27,15
29673,Ġtiring,27,0
29674,Ġtugged,27,1
29678,Ġwano,27,0
29679,Ġwatered,27,2
29680,nde,27,0
29684,Ġfangs,27,7
29685,Ġmasonry,27,2
29686,Ġpikes,27,0
29687,Ġdas,27,2
29688,Ġdow,27,3
29690,Ġdaggers,27,0
29692,Ġinmate,27,0
29693,ĠTC,27,1
29695,Ġthud,27,0
29696,Ġnautical,27,2
29697,Ġlore,27,0
29698,Ġlords,27,0
29699,Ġlasso,27,4
29700,Ġgag,27,0
29701,Ġgage,27,1
29702,Ġgib,27,3
29705,ĠIOC,27,0
29706,ĠIPO,27,0
29707,ĠAri,27,0
29708,ĠAry,27,0
29709,ĠAverage,27,0
29711,Ġbeers,27,55
29712,Ġeg,27,2
29713,Ġek,27,0
29714,Ġeater,27,23
29718,Ġwasher,27,15
29719,Ġwashes,27,1
29720,Ġwastes,27,0
29724,ĠSame,27,0
29725,ĠSell,27,0
29726,ĠSear,27,0
29728,ĠSimeon,27,0
29729,imation,27,0
29731,Ġstumble,27,0
29733,Ġweaken,27,0
29734,Ġweakening,27,0
29736,ĠCore,27,0
29738,ĠCubs,27,5
29739,ĠCelle,27,0
29740,ĠCedar,27,0
29741,ĠMak,27,0
29743,ĠMaps,27,1
29744,ĠMera,27,0
29745,ĠMerton,27,0
29747,Ġanew,27,0
29748,ĠBin,27,1
29751,ĠHack,27,0
29752,ĠHour,27,0
29754,ĠHuge,27,1
29755,ĠHAR,27,3
29756,chy,27,4
29758,"Ġ""...",27,0
29759,opp,27,0
29761,ĠPike,27,2
29763,ĠPasc,27,0
29764,ĠPRE,27,9
29765,Ġrites,27,0
29766,Ġsevered,27,0
29767,ĠWen,27,0
29768,ĠWong,27,1
29769,ĠWitt,27,3
29770,ĠWah,27,0
29771,ĠWRIG,27,0
29772,Ġhissing,27,0
29774,Ġshakes,27,4
29775,Ġshaping,27,0
29776,Ġdeception,27,0
29780,Ġliabilities,27,0
29781,ĠFres,27,0
29783,ĠFidel,27,0
29786,ĠDuchy,27,0
29788,Ġchord,27,1
29789,Ġchattered,27,0
29790,Ġchassis,27,4
29791,ĠNHH,27,0
29792,ĠNueva,27,0
29793,Ġproctor,27,0
29795,ĠLay,27,0
29796,ĠLap,27,2
29797,ĠLone,27,8
29798,ĠLamp,27,2
29799,ĠLund,27,0
29800,ĠLines,27,1
29802,ĠLiffey,27,0
29803,ĠGould,27,0
29804,ĠGone,27,0
29805,ĠGiza,27,0
29806,ĠGrowing,27,0
29809,ĠRise,27,0
29810,ĠRole,27,0
29811,ĠRamb,27,0
29813,Ġknocks,27,0
29814,Ġsock,27,52
29815,Ġlee,27,3
29818,eli,27,0
29820,ĠEasy,27,2
29821,Ġabreast,27,0
29822,Ġmellow,27,1
29823,Ġmeats,27,13
29824,ĠOz,27,1
29825,ĠOmega,27,0
29826,Ġtricycle,27,35
29828,Ġwills,27,0
29830,urer,27,0
29831,Ġclap,27,9
29832,ĠYu,27,1
29834,ĠKota,27,0
29835,Ġdivert,27,0
29836,pty,27,81
29839,Ġcompel,27,0
29840,Ġcompost,27,17
29842,Ġquivered,27,0
29843,Ġjustification,27,0
29844,Ġspans,27,0
29845,Ġspanned,27,0
29847,ĠChamps,27,0
29848,avour,27,0
29849,ateral,27,0
29850,Ġdisks,27,1
29851,ĠVor,27,0
29852,ĠVend,27,22
29853,ĠVale,27,0
29854,ĠVald,27,0
29856,Ġpartying,27,0
29857,Ġdownfall,27,0
29858,Ġscree,27,1
29859,Ġscattering,27,0
29861,Ġimpass,27,0
29862,Ġflap,27,3
29864,Ġhowled,27,0
29866,fellow,27,0
29867,Ġpoisons,27,0
29868,Ġcrises,27,0
29869,Ġcrammed,27,2
29871,Ġreputed,27,0
29872,Ġcozy,27,2
29873,Ġcaravans,27,1
29876,Ġaccents,27,43
29877,grass,27,1
29878,"Ġ',",27,0
29879,ĠAshe,27,0
29880,ĠAsher,27,0
29881,ĠAsiatic,27,0
29883,Ġslapping,27,1
29885,Ġached,27,0
29886,Ġacros,27,1
29887,Ġacorns,27,1
29889,Ġevolve,27,0
29890,Ġswap,27,0
29891,Ġswine,27,1
29892,Ġendurance,27,0
29893,Ġendowed,27,0
29895,Ġopulent,27,1
29896,Ġcape,27,58
29897,Ġholders,27,16
29900,Ġfriezes,27,0
29901,ĠAndroid,27,0
29902,Ġrestlessly,27,0
29903,ĠLeila,27,0
29904,Ġ1820,27,0
29905,Ġdiscreet,27,0
29906,Ġredheaded,27,43
29907,Ġpharaoh,27,1
29909,ĠClifton,27,0
29910,Ġbelievable,27,0
29911,center,27,0
29912,ĠShane,27,1
29913,ĠShuger,27,0
29916,Ġmatron,27,0
29917,Ġmilitar,27,0
29918,Ġfactions,27,0
29919,Ġestuary,27,0
29920,ĠBean,27,2
29921,Ġbreakeven,27,0
29922,Ġaffinity,27,0
29924,Ġfunnel,27,18
29926,Ġbadminton,27,14
29927,Ġrevise,27,0
29928,Ġloveliest,27,0
29929,ĠChronic,27,0
29930,Ġtranscend,27,0
29931,Ġtyphoon,27,0
29935,ĠConcepts,27,1
29937,Ġpatting,27,7
29938,Ġelectrons,27,0
29940,Ġequestrian,27,15
29941,ĠGrampu,27,0
29942,ĠBritons,27,0
29943,ĠPhase,27,0
29944,ĠPlus,27,0
29946,Ġpostmodern,27,0
29947,Ġaccountant,27,0
29948,Ġaccountants,27,0
29949,ĠBeneath,27,1
29951,Ġsuccessive,27,0
29953,ĠCountries,27,0
29955,ĠGuess,27,0
29956,ĠParc,27,0
29957,ĠParade,27,7
29958,Ġburger,27,122
29959,Ġexcise,27,0
29960,ĠDonna,27,0
29961,Ġbandaged,27,6
29962,Ġpopularly,27,0
29963,Ġdearie,27,0
29965,Ġbreakers,27,1
29967,ĠCaletta,27,0
29968,ĠBye,27,0
29969,Ġstrife,27,0
29970,ĠNowhere,27,0
29971,ĠAbingdon,27,0
29972,Ġdiners,27,1
29973,Ġdevout,27,0
29975,ĠMalabar,27,0
29976,Ġilliterate,27,0
29977,Ġfifteenth,27,0
29978,ĠAugustine,27,0
29979,ĠSwift,27,1
29981,Ġenvision,27,0
29982,Ġgladness,27,0
29983,Ġtiller,27,1
29986,ĠStatewide,27,0
29987,ĠAssam,27,0
29988,ĠAssisi,27,0
29989,Ġmessing,27,2
29990,Ġcreators,27,0
29992,Ġrespecting,27,0
29993,ĠSmart,27,5
29996,Ġmisty,27,2
29997,ĠMusk,27,0
29998,Ġemerald,27,13
30000,Ġpacks,27,17
30001,Ġpackaging,27,1
30003,Ġhostilities,27,0
30004,ĠAccept,27,0
30005,Ġhybrid,27,1
30006,Ġthrush,27,0
30007,Ġnaturalist,27,0
30008,rights,27,0
30009,Ġrapture,27,0
30010,Ġconvictions,27,0
30011,Ġthreatens,27,0
30012,Ġgradual,27,0
30013,Ġweariness,27,0
30015,Ġinnumerable,27,0
30016,flight,27,3
30017,Ġmeasurable,27,0
30019,Ġpunches,27,1
30020,Ġturf,27,19
30021,Ġturban,27,69
30023,Ġsculpting,27,0
30025,ĠPrevention,27,0
30026,Ġinitiate,27,0
30027,Ġweakest,27,0
30028,Ġwhiskers,27,2
30029,ĠHighness,27,0
30030,Ġgalloped,27,0
30031,ĠBurlington,27,0
30032,ĠSussex,27,0
30033,Ġscrubs,27,72
30034,Ġslew,27,0
30035,ĠBrowning,27,0
30036,Ġflagship,27,0
30037,Ġexcellence,27,0
30039,ĠCounter,27,2
30040,Ġtransporting,27,3
30041,Ġbreathlessly,27,0
30042,ĠUnderstanding,27,1
30043,ĠCastillo,27,0
30044,ĠSkin,27,5
30045,Ġunfiled,27,0
30046,ĠAuditor,27,0
30047,Ġcongressman,27,0
30048,ĠSpeaking,27,0
30049,Ġgeared,27,2
30050,Ġgeological,27,1
30051,Ġdismounted,27,0
30052,Ġpremise,27,0
30053,Ġpoetic,27,0
30054,Ġobservatory,27,0
30055,Ġtowels,27,47
30056,Ġthrift,27,1
30057,Ġinterposed,27,0
30058,ĠSecrets,27,0
30060,Ġmanagerial,27,0
30061,ĠEstate,27,0
30062,laws,27,0
30063,ĠVisit,27,0
30064,ĠVisibility,27,0
30065,Ġdrafts,27,0
30066,Ġdisagrees,27,0
30067,Ġabandoning,27,0
30068,ĠIntel,27,0
30069,Ġquantifiable,27,0
30071,ĠWinnie,27,10
30072,Ġ1887,27,0
30073,ĠLikewise,27,0
30074,ĠInterventions,27,0
30076,OUND,27,58
30077,Ġ1892,27,0
30078,Ġinstructors,27,6
30080,ĠOsborne,27,0
30083,ĠHolyhead,27,0
30086,ĠMahatma,27,0
30087,Ġabsorbing,27,0
30088,Ġreckoned,27,0
30089,ĠStatue,27,5
30090,ĠĠĠĠĠĠĠĠĠĠĠĠĠĠĠĠĠĠĠĠĠĠĠĠĠĠ,27,0
30091,ĠNormal,27,0
30093,ĠBrava,27,0
30094,Ġlaunches,27,0
30095,ĠWheat,27,1
30096,ĠFurlong,27,0
30097,Ġsubsidiary,27,0
30098,Ġfavourable,27,0
30099,ĠRodin,27,0
30100,Ġpersuasive,27,0
30101,Ġdoubly,27,0
30102,Ġunwanted,27,0
30103,Ġreigns,27,11
30105,ĠReviews,27,0
30106,ĠHuang,27,0
30107,Ġtortoise,27,2
30108,Ġangered,27,0
30109,Ġaerial,27,12
30110,Ġinterfering,27,0
30111,Ġtremble,27,0
30112,small,27,3
30113,Ġdominance,27,0
30114,Ġvigour,27,0
30116,Ġridiculously,27,0
30117,ĠNickelodeon,27,0
30118,ĠCopper,27,0
30120,ĠLiberals,27,0
30121,Ġhinted,27,0
30122,Ġamends,27,0
30123,ĠPCs,27,3
30125,Ġsulfuric,27,0
30127,ĠMohawk,27,24
30128,ĠLabrador,27,6
30129,Ġmildly,27,1
30130,Ġdictated,27,0
30131,Ġswordsman,27,0
30132,Ġmistakenly,27,0
30133,Ġeclectic,27,18
30134,ĠDamascus,27,0
30135,Ġrigorous,27,0
30136,Ġcooperative,27,0
30137,Ġmobil,27,0
30138,Ġmigrated,27,0
30139,Ġinstinctively,27,0
30140,Connor,27,0
30141,large,27,2
30142,Ġlandlords,27,0
30143,ĠKeyes,27,0
30144,ĠDevil,27,2
30145,ĠUniversities,27,0
30146,ĠISLAND,27,0
30147,Ġdiverted,27,0
30148,finance,27,0
30149,ĠVersace,27,0
30150,Ġauthenticity,27,0
30152,ĠExamination,27,0
30153,Ġmastered,27,0
30154,ĠWrong,27,0
30155,ĠMotorcy,27,82
30156,ĠTaiwanese,27,0
30158,ĠFifty,27,2
30159,Ġexplosive,27,0
30160,ĠEphesus,27,0
30161,Ġharvesting,27,1
30163,ĠRatty,27,0
30164,ĠTreatment,27,0
30165,Ġentrusted,27,0
30166,ĠHanukkah,27,0
30167,ĠHolding,27,12
30168,Ġchainsaw,27,36
30169,ĠKleiman,27,0
30171,Ġmingle,27,2
30172,Ġpencils,27,11
30173,ĠSMI,27,0
30174,Ġscholarly,27,0
30175,Ġtrooper,27,2
30176,ĠMansion,27,0
30177,Ġankles,27,12
30178,ĠPublishing,27,0
30179,Ġcherries,27,23
30180,ĠDawlish,27,0
30181,ĠBenefit,27,0
30182,ĠPhysicians,27,0
30183,Ġpuffed,27,1
30184,ĠRivas,27,0
30185,ĠFrontier,27,0
30186,Ġtwinkle,27,0
30189,ĠCombs,27,0
30190,Ġthronged,27,0
30191,ĠJamie,27,0
30192,Ġadmiringly,27,0
30193,ĠAllowance,27,0
30194,Ġshafts,27,0
30195,Ġblooming,27,9
30196,ĠCobalt,27,0
30197,Ġflavors,27,0
30198,Ġentrepreneurs,27,1
30199,Enter,27,0
30200,ĠOwl,27,2
30201,ĠAdvocates,27,0
30202,Spanish,27,0
30203,Ġcassettes,27,0
30204,ĠClarence,27,0
30205,ĠFriedrich,27,0
30206,ĠFujiwara,27,0
30207,Ġenlightened,27,0
30208,ĠJFMIP,27,0
30209,Ġimaginable,27,0
30210,Ġdiligently,27,0
30211,ĠSituated,27,0
30212,Ġpearls,27,8
30213,Ġmaneuver,27,5
30215,ĠEthiopia,27,0
30216,Ġembarked,27,0
30217,ĠBROWN,27,161
30218,ĠBuildings,27,0
30219,Something,27,0
30220,Sometimes,27,0
30221,Ġeloquence,27,0
30222,ĠBartolom,27,0
30223,ĠBartolome,27,0
30224,ĠAlpine,27,0
30225,Ġtangible,27,0
30226,Ġinsurrection,27,0
30227,Ġplumbing,27,2
30228,Ġoyster,27,14
30229,Ġsyllables,27,1
30230,ĠReeves,27,0
30231,Ġbushrangers,27,0
30232,ĠLancaster,27,0
30233,Ġtelevised,27,0
30234,Ġarrogant,27,0
30235,ĠShakti,27,0
30236,ĠTypically,27,0
30237,ĠMaintenance,27,0
30238,ĠClinical,27,0
30239,Ġprecincts,27,0
30240,ĠGIRL,27,241
30242,ĠPDFA,27,0
30243,Ġmarauders,27,0
30244,Ġembellished,27,3
30246,Ġfathom,27,0
30247,Ġhormones,27,0
30248,Ġinequality,27,0
30250,Ġalleviate,27,0
30251,Ġsentinels,27,0
30252,ĠVolunteer,27,1
30253,ĠLiefering,27,0
30254,ĠMaggiore,27,0
30255,Pilgrim,27,0
30256,Ġtedious,27,0
30258,Ġglimpses,27,0
30259,ĠHellenistic,27,0
30260,ĠChrysler,27,2
30261,ĠSissach,27,0
30264,Ġmonotonous,27,0
30266,Ġbystanders,27,85
30267,ĠSymposium,27,0
30268,Ġcrumpled,27,1
30269,ĠRebellion,27,0
30270,ĠFitzgerald,27,0
30271,British,27,0
30272,Ġechoes,27,0
30273,Ġunfriendly,27,3
30274,Ġbewilderment,27,0
30275,ĠWaikiki,27,0
30276,Ġrenaissance,27,5
30278,ĠKerala,27,0
30279,ĠManitoba,27,0
30280,ĠBalochistan,27,0
30281,ĠPedestrians,27,125
30283,Ġaprons,27,65
1017,Ġcour,26,2
1163,Ġnum,26,14
1323,leep,26,3
1691,icy,26,20
1717,Ġtechn,26,0
2273,Ġdeli,26,17
2644,imin,26,1
2746,dden,26,1
3038,irty,26,10
3400,gle,26,7
3419,Ġconvers,26,0
3936,inct,26,1
4241,anton,26,0
4497,Ġcontr,26,1
4569,Ġspect,26,12
4842,yal,26,0
4928,Ġpil,26,2
4973,ĠHind,26,2
5214,Ġobserv,26,0
5495,Ġunderst,26,1
5701,enses,26,0
5899,ĠTechn,26,0
5949,ĠMem,26,0
6052,fall,26,3
6509,iger,26,1
6530,Ġcraz,26,1
6683,ĠSup,26,2
6701,Ġmyst,26,0
6706,isters,26,8
6720,onents,26,0
6834,Ġtransl,26,0
7068,leys,26,10
7290,acco,26,0
7493,ĠWhe,26,2
7580,ĠOrgan,26,0
7611,Ġgle,26,1
7975,itable,26,2
8153,yers,26,0
8166,ĠPhilipp,26,0
8824,Ġexec,26,1
8825,pelled,26,1
9056,irm,26,1
9104,armed,26,2
9532,ĠConstant,26,0
9697,Ġcooper,26,3
9699,agle,26,13
9845,owa,26,0
10010,kee,26,1
10324,attan,26,6
10471,lav,26,0
10492,Ġembarrass,26,0
10550,ĠRail,26,3
10738,rained,26,0
10939,ĠFly,26,2
10983,arth,26,0
11323,Ġ178,26,1
11769,ĠMoor,26,1
12634,bery,26,2
12700,Ġpert,26,0
12722,ĠGener,26,0
12761,reated,26,1
12763,itivity,26,0
12894,inia,26,0
12926,umps,26,1
13618,ruck,26,39
13759,ĠLE,26,147
13827,Ġstocking,26,26
14001,Ġsax,26,47
14021,ucking,26,1
14153,ohn,26,11
14525,produ,26,0
14648,ĠBuff,26,0
14730,omers,26,0
14750,ĠKap,26,0
14849,ĠKes,26,0
14925,imer,26,1
14931,ĠBL,26,387
14999,Ph,26,1
15339,icity,26,0
15808,ĠOcc,26,0
15875,children,26,0
16072,Ġcorrel,26,0
16239,ĠIR,26,2
16245,oping,26,1
16640,rave,26,1
17018,oire,26,3
17300,unting,26,1
17414,ctive,26,1
17561,Ġrans,26,0
17713,kered,26,4
17728,asta,26,4
17770,holder,26,14
17949,ĠSpecific,26,0
18149,itably,26,0
18159,imed,26,0
18322,ĠCun,26,0
18323,ĠCert,26,0
18513,ĠESP,26,0
18723,uffy,26,9
19110,ĠAppro,26,0
19145,ĠBreak,26,0
19239,avis,26,2
19240,ogical,26,1
19253,Ġpharm,26,2
19386,Bay,26,0
19599,ME,26,37
19659,ourt,26,0
19853,Ġcrank,26,18
20184,atches,26,0
20413,Ġtang,26,1
20440,ĠPand,26,1
20500,Ġinsur,26,0
20507,Ġanalog,26,0
20834,uil,26,0
20868,ĠPis,26,0
21045,NBC,26,0
21063,atri,26,1
21114,umann,26,0
21258,ROM,26,0
21394,ĠOwn,26,0
21395,ocated,26,0
21628,ĠHD,26,1
21656,ishly,26,0
21859,ĠCay,26,1
21882,ĠNam,26,0
21927,elles,26,1
22154,igi,26,0
22253,Ġturb,26,21
22522,aurus,26,2
22680,mad,26,0
22720,Ġhagg,26,0
22773,ondo,26,0
22969,Could,26,0
23123,Ġinterrog,26,0
23303,itism,26,0
23319,stown,26,0
23330,ĠBA,26,165
23601,worm,26,1
23619,algi,26,0
23637,amy,26,2
23926,hon,26,0
23958,Ġner,26,11
23975,ĠPU,26,19
23986,think,26,0
24002,Ġvom,26,0
24008,ĠOg,26,0
24101,engine,26,1
24159,Ġdeterior,26,0
24249,ĠLGBT,26,0
24272,tz,26,0
24304,Ġster,26,13
24636,Tw,26,0
24655,Ġmocking,26,0
24692,cht,26,0
24732,arers,26,0
24752,anca,26,1
24781,ĠShal,26,0
24810,Ġelectro,26,0
25096,owner,26,0
30284,81,26,0
30285,Air,26,2
30287,Acc,26,0
30289,City,26,1
30290,Er,26,0
30291,FI,26,3
30292,Far,26,0
30293,Friend,26,0
30294,MD,26,0
30295,MI,26,1
30296,MAN,26,11
30297,Out,26,0
30298,Put,26,0
30299,Post,26,0
30300,Papa,26,0
30301,Sch,26,0
30302,Social,26,0
30303,Ten,26,0
30305,cop,26,1
30308,fighting,26,0
30309,give,26,0
30314,mitt,26,1
30315,mine,26,12
30316,varsity,26,0
30318,worn,26,2
30322,Ġsipping,26,12
30323,Ġbash,26,1
30324,Ġbounced,26,0
30325,Ġcot,26,34
30326,Ġcite,26,0
30327,Ġcites,26,0
30330,Ġmum,26,3
30331,Ġmating,26,0
30333,Ġpi,26,5
30334,Ġhinges,26,0
30335,Ġhickory,26,0
30336,Ġtowered,26,0
30337,Ġdune,26,22
30338,Ġdukes,26,0
30339,Ġdangling,26,16
30340,aline,26,0
30341,album,26,0
30343,ĠTorn,26,1
30345,ĠTenn,26,1
30346,ĠTOP,26,37
30347,ĠTribe,26,0
30350,Ġnib,26,6
30351,Ġller,26,0
30354,ĠIQ,26,0
30355,owitz,26,1
30357,Ġerection,26,0
30358,Ġeerie,26,1
30359,staff,26,2
30360,sticks,26,88
30361,Ġonwards,26,0
30366,ĠSK,26,126
30367,ĠSans,26,0
30368,ĠSang,26,0
30369,ĠSites,26,0
30370,Ġstung,26,0
30371,uran,26,0
30372,ĠChes,26,0
30373,ĠMight,26,0
30375,ĠMALS,26,0
30379,ĠBART,26,0
30383,ĠHip,26,0
30385,Ġassemble,26,6
30386,ĠPes,26,1
30390,ĠPRA,26,0
30393,Ġrambling,26,0
30396,ĠWet,26,2
30399,Ġshines,26,1
30400,Ġnez,26,0
30401,Ġfrugal,26,0
30402,Ġmanor,26,1
30404,ĠFau,26,0
30405,ĠFans,26,36
30407,ĠDas,26,1
30408,ĠDil,26,2
30410,ĠDism,26,0
30413,ĠDixon,26,0
30414,ĠDarewell,26,0
30415,Ġchunks,26,19
30417,ĠNest,26,0
30419,ĠNina,26,0
30421,Ġplucky,26,0
30423,ĠLiz,26,0
30424,ĠLords,26,0
30425,ĠLakers,26,12
30426,ĠGraz,26,0
30430,ĠRourke,26,0
30431,iste,26,0
30432,istence,26,0
30434,Ġvampire,26,1
30435,Ġjade,26,6
30436,Ġjaguars,26,0
30437,ĠEb,26,0
30438,Ġsage,26,1
30439,igated,26,0
30442,ĠHeather,26,0
30444,ĠOcho,26,0
30445,Ġupbringing,26,0
30446,ivities,26,0
30448,odor,26,12
30451,Ġclips,26,11
30452,Ġclueless,26,0
30453,ĠIng,26,0
30455,ĠIncluding,26,1
30456,ĠYORK,26,0
30457,Ġfeats,26,0
30458,Ġagility,26,1
30459,Ġblush,26,1
30460,Ġplayoff,26,0
30462,ĠUnd,26,0
30466,Ġarisen,26,0
30467,Ġjustly,26,0
30468,Ġperished,26,0
30469,Ġpercept,26,0
30470,Ġspanning,26,1
30474,angles,26,15
30476,Ġgrit,26,0
30477,Ġdisqual,26,0
30478,Ġdisintegr,26,0
30480,Ġresounding,26,0
30483,Ġsmote,26,0
30484,Ġsmashing,26,4
30485,Ġwells,26,1
30486,Ġimposes,26,0
30487,Ġbackseat,26,23
30490,Ġflint,26,1
30491,Ġflakes,26,6
30496,Ġfoal,26,18
30501,ossa,26,0
30502,Ġrunways,26,0
30504,Ġentails,26,0
30506,Ġassists,26,4
30507,Ġassurances,26,0
30508,Ġpolishing,26,1
30509,Ġpresumed,26,0
30511,Ġskaters,26,34
30512,jection,26,0
30513,Ġobese,26,9
30514,ĠNewark,26,0
30516,Ġconsoles,26,0
30517,Ġconsolation,26,0
30518,Ġbusk,26,2
30519,Ġendemic,26,0
30525,Ġcostumed,26,37
30526,axe,26,1
30528,Ġdrastic,26,0
30529,ĠLeiden,26,0
30531,Ġ1815,26,0
30532,Ġinterstate,26,0
30533,Ġinterfered,26,0
30534,ĠClos,26,161
30535,ĠClock,26,25
30537,Ġbookcase,26,18
30538,Ġminaret,26,0
30539,Ġpassers,26,100
30540,Ġpassions,26,0
30541,Ġcoupled,26,0
30542,Ġworldly,26,0
30543,Ġelbows,26,26
30547,Ġlessened,26,0
30548,Ġmilestones,26,0
30549,atti,26,2
30550,Ġformats,26,0
30551,Ġapproves,26,0
30552,Ġdrills,26,1
30554,ĠAllan,26,0
30555,Ġaffords,26,0
30556,Ġmoor,26,0
30557,Ġdetest,26,0
30558,Ġedged,26,1
30559,oko,26,0
30561,ikan,26,1
30562,Ġlistings,26,0
30563,Ġconstellation,26,0
30564,Ġtyrant,26,0
30565,Ġhotly,26,0
30567,Ġhumbly,26,0
30568,Ġsteals,26,0
30569,Ġgrounded,26,4
30570,ĠPray,26,1
30571,Ġdesignate,26,0
30573,Ġshortfall,26,0
30574,Ġ9000,26,0
30575,ĠColonial,26,0
30578,Ġ1799,26,0
30579,hya,26,0
30580,Ġmounts,26,2
30581,Ġemploys,26,0
30582,ĠOrn,26,1
30583,ĠHerndon,26,0
30584,Ġpostman,26,0
30585,ĠSears,26,0
30586,Ġoriginals,26,0
30588,Ġreasoned,26,0
30589,Ġfilthy,26,2
30591,ĠGuided,26,0
30592,ĠBarts,26,0
30593,Ġ121,26,1
30594,Ġwatchers,26,12
30596,Ġcoronation,26,0
30597,Ġbeginners,26,0
30598,Ġlimitation,26,0
30599,Ġcompetencies,26,0
30600,Ġbandwidth,26,0
30601,Ġrepresentations,26,0
30602,Ġsquid,26,20
30603,comune,26,0
30606,ĠNeolithic,26,0
30607,Ġspecials,26,0
30608,ĠGenesis,26,0
30610,Ġtrainer,26,20
30611,Ġ114,26,8
30612,Ġ115,26,1
30613,Ġarchway,26,17
30614,ĠElsa,26,0
30615,Ġquieted,26,0
30617,Ġrecognise,26,0
30618,ĠFinals,26,0
30619,ĠStreets,26,0
30620,Ġstaffed,26,0
30621,Ġcaptains,26,4
30623,Ġhopped,26,0
30624,Ġsusceptible,26,0
30626,Ġexpresses,26,0
30629,Ġdangerously,26,0
30630,Ġvictor,26,0
30631,Ġregulating,26,0
30633,opsis,26,0
30635,Ġmaternal,26,1
30636,INT,26,12
30637,ĠCran,26,0
30638,ĠRoyko,26,0
30639,Ġbenchmark,26,0
30640,Ġmotorized,26,27
30642,ĠBoaz,26,0
30643,Ġrailings,26,29
30645,ĠGoodbye,26,0
30647,Ġuncanny,26,0
30648,Ġtruths,26,0
30649,Ġurine,26,0
30651,170,26,0
30653,Ġbanning,26,0
30654,ĠSuu,26,0
30655,ĠHighland,26,2
30656,Ġquarterly,26,0
30657,Ġtarp,26,87
30659,Ġliteral,26,0
30660,Ġlinkage,26,0
30661,ĠTodor,26,0
30662,Ġthankfully,26,0
30663,Ġbounding,26,0
30665,ĠSalle,26,0
30666,Ġheroin,26,0
30667,ĠSummers,26,0
30668,ĠCOO,26,0
30669,Ġdigs,26,1
30670,Ġtemperance,26,0
30674,ĠLucerne,26,0
30675,Ġflattered,26,0
30676,Ġrentals,26,0
30677,Ġfooling,26,0
30678,ĠJudas,26,0
30680,ĠGarter,26,0
30681,ĠGarvey,26,0
30682,ĠMuriel,26,0
30683,ĠOutstanding,26,0
30685,Ġsharpened,26,0
30688,Ġgolfing,26,1
30689,ĠCuric,26,0
30690,Ġcriticize,26,0
30691,Ġfruitless,26,0
30692,Ġdreadlocks,26,52
30693,Ġfreedoms,26,0
30694,Ġbranded,26,3
30696,ĠNorbit,26,0
30697,ĠTurkic,26,0
30698,ĠRomeo,26,0
30699,Ġconfirms,26,0
30700,Ġpigskin,26,0
30704,Ġblinding,26,1
30705,ĠMelody,26,0
30706,Ġquantum,26,0
30708,ĠFeel,26,1
30709,Ġterminus,26,0
30710,Ġterminology,26,0
30711,ĠIbn,26,0
30713,ĠStrat,26,1
30714,ĠTranscriber,26,0
30715,Ġgangster,26,0
30716,Ġupsetting,26,0
30717,ĠKyi,26,0
30718,Ġconceive,26,0
30719,ĠKrist,26,1
30720,Ġpuppets,26,16
30722,ĠLastly,26,0
30723,Ġcounselors,26,0
30725,Ġathletics,26,0
30726,ĠSolani,26,0
30727,Ġcontested,26,0
30730,Ġfetching,26,0
30731,Ġembraces,26,2
30732,ĠRajputs,26,0
30733,Ġ1853,26,0
30734,Ġ1859,26,0
30735,ĠAshleigh,26,0
30736,Ġsecurely,26,0
30738,Ġaxis,26,1
30739,ĠHawaiians,26,0
30740,Ġ1845,26,0
30742,ĠUNLV,26,0
30743,ĠHubert,26,0
30744,Ġjuicy,26,6
30746,ĠRuben,26,1
30747,ĠOperating,26,0
30749,ĠNatalie,26,0
30750,ĠNicola,26,0
30751,ĠNicolas,26,0
30752,ĠCopies,26,0
30753,Ġillnesses,26,0
30754,Ġmodesty,26,0
30755,Ġbridegroom,26,0
30756,Ġenclave,26,0
30757,Ġoutsiders,26,0
30758,ĠCrusades,26,0
30759,ĠAutonomous,26,0
30760,ĠThankfully,26,0
30761,ĠNonetheless,26,0
30762,Ġovertook,26,0
30763,ĠWelcome,26,4
30764,Ġaggression,26,0
30765,Ġobscurity,26,0
30766,Ġecological,26,0
30768,ĠEmployers,26,0
30769,Ġcombatants,26,3
30770,Ġcordial,26,0
30771,Ġwreckage,26,1
30772,Ġfulfilling,26,0
30773,Marne,26,0
30774,Ġswitching,26,1
30775,Ġvaulting,26,0
30776,Ġsanctum,26,0
30777,Ġendeavoured,26,0
30778,Ġassaults,26,0
30779,Ġastronomical,26,0
30780,Ġlending,26,1
30781,White,26,1
30783,ĠFalwell,26,0
30784,Ġchaired,26,0
30786,Ġraiding,26,0
30787,ĠPilgrims,26,1
30788,Ġcowardice,26,0
30790,ĠBengali,26,0
30791,Ġvividly,26,2
30792,ĠFemin,26,0
30793,ĠFemales,26,8
30794,ĠTraditionally,26,0
30795,Ġdwellers,26,1
30796,ĠRichelieu,26,0
30797,Ġmammal,26,2
30798,Ġfiddle,26,8
30799,Ġlipstick,26,32
30800,Ġdiminutive,26,0
30801,Ġprofoundly,26,0
30802,Ġharassed,26,0
30803,ĠArchaeologists,26,3
30804,ĠPhysical,26,0
30805,Ġnonfiction,26,0
30806,Ġmanifested,26,0
30807,Ġornamented,26,0
30808,Ġbureaucrats,26,0
30809,ĠDudley,26,0
30810,Ġingredient,26,3
30811,Ġkinship,26,0
30812,ĠSTORIES,26,0
30814,Ġstamping,26,1
30815,ĠCindy,26,1
30816,ĠPhillies,26,2
30817,Ġharmonious,26,0
30818,Ġcommemorates,26,0
30819,ĠRouen,26,0
30820,ĠCreator,26,0
30821,Ġbrowse,26,5
30822,ĠSadly,26,0
30823,Ġexertion,26,0
30824,Ġexertions,26,0
30825,Ġdelegates,26,0
30827,Ġsingularly,26,0
30828,Ġcheerleader,26,16
30830,ĠNiagara,26,0
30831,ĠTalker,26,0
30832,ĠSoldier,26,10
30834,Ġnarration,26,0
30835,ĠAvenida,26,0
30836,ĠSUV,26,178
30837,ĠDillon,26,0
30839,ĠApplication,26,0
30841,ĠCretans,26,0
30842,Ġbouquet,26,76
30843,ĠPunta,26,0
30844,ĠCarnival,26,2
30845,Ġperfumes,26,1
30846,Ġdrainage,26,3
30847,Ġpopulace,26,0
30848,ĠPalladio,26,0
30849,Ġperplexity,26,0
30850,Ġpancakes,26,32
30851,Ġdisregarded,26,0
30852,ĠSevilla,26,0
30853,Captain,26,0
30854,Ġunavailable,26,0
30855,ĠJoshua,26,1
30856,ĠSHAN,26,0
30857,Ġrepetition,26,0
30858,maybe,26,1
30859,Ġsurpassed,26,0
30860,Ġgenetically,26,0
30861,Ġsnarled,26,0
30862,Ġsnarling,26,1
30863,ĠAdriatic,26,0
30864,Ġecstasy,26,0
30865,Ġinconvenient,26,0
30866,Ġstifling,26,0
30867,Ġallergic,26,0
30868,Ġembodied,26,0
30869,Ġastrology,26,0
30870,ĠGustav,26,0
30871,ĠZhimo,26,0
30872,ĠChelsea,26,2
30873,ĠWeapons,26,0
30874,Ġreconciled,26,0
30875,Ġmisconduct,26,0
30877,Ġinvoluntarily,26,0
30878,ĠKrakowski,26,0
30879,Ġresurrect,26,0
30880,Ġadversary,26,0
30881,ĠAlamitos,26,0
30882,Ġimprovised,26,5
30883,ĠVittorio,26,0
30885,ĠSLATE,26,0
30886,ĠGREAT,26,0
30887,Ġflickering,26,0
30888,Ġrelentless,26,0
30889,Ġincompetent,26,0
30890,Ġthrobbing,26,0
30891,ĠPretender,26,0
30892,ĠCharacteristics,26,0
30893,ĠCarthaginians,26,0
30894,ĠSchedule,26,0
30895,Ġderegulation,26,0
30896,Ġspruce,26,0
30897,ĠGradually,26,0
30898,ĠEmirates,26,9
30899,Saturday,26,0
30900,Ġsegregation,26,0
30903,Ġamphitheater,26,0
30904,Ġpheasant,26,23
30905,Ġconjecture,26,0
30906,Ġundeveloped,26,0
30907,Ġundesirable,26,0
30908,ĠNumerous,26,68
30909,ĠInstitut,26,0
30910,Ġinspirational,26,0
30911,ĠBrantley,26,0
30913,Ġdaffodils,26,3
30914,ĠPyramid,26,0
30916,ĠStallone,26,1
30917,Ġcorrosive,26,0
30918,ĠTuvalu,26,0
30919,Ġbipartisan,26,0
30920,ĠSomerset,26,0
30921,ĠPJFF,26,0
30922,Ġcancellation,26,0
30923,Ġequilibrium,26,0
30924,Ġunspoiled,26,0
30925,Ġunprecedented,26,0
30927,Ġdetrimental,26,0
30928,ĠTintoretto,26,0
30929,ĠTUCKER,26,0
30930,Ġludicrous,26,0
30931,Ġonslaught,26,0
30932,Ġhaphazard,26,1
30933,ĠHancock,26,0
30934,ĠGuterres,26,0
658,ĠĠĠĠ,25,1
1641,Ġcontin,25,0
2487,Ġadm,25,0
2687,ĠIntern,25,0
2996,ference,25,0
2999,Ġstra,25,14
3142,Ġneg,25,0
3522,isl,25,1
3888,rance,25,1
4009,Ġinj,25,0
4012,Ġfing,25,6
4310,Ġpurs,25,4
4458,ĠFlor,25,0
4812,Ġliber,25,0
4914,bered,25,0
5346,ĠZe,25,4
5462,Ġjew,25,8
5594,Ġrac,25,11
5604,ibilities,25,0
5723,eping,25,2
5951,umber,25,7
5973,Ġphil,25,2
6025,iders,25,6
6625,stitution,25,0
6776,anging,25,1
6850,erable,25,1
7599,Ġunex,25,0
8047,western,25,4
8097,Ġsimpl,25,0
8215,Ġpist,25,12
8249,Ġtempt,25,0
8392,ĠCarib,25,1
8449,omed,25,0
8578,rait,25,0
8691,rations,25,0
8906,uality,25,0
9215,Ġapolog,25,0
9298,uchi,25,0
9323,ĠEle,25,1
9399,orse,25,19
9977,oline,25,0
10195,oki,25,0
10650,ders,25,0
10661,ĠFeder,25,0
10796,uela,25,0
10822,atching,25,1
11266,ĠJen,25,0
11401,omon,25,2
11416,erton,25,0
11423,otto,25,0
11521,ĠHistor,25,2
11941,ĠWes,25,0
12069,ĠAbd,25,0
12623,ĠBod,25,0
12625,ĠDig,25,0
12962,Ġtu,25,4
13172,icism,25,0
13330,Ġvo,25,0
14002,asting,25,8
14316,arin,25,5
14468,gger,25,3
14577,lett,25,0
14822,atical,25,0
15153,Ġprow,25,0
15561,arre,25,0
15685,mented,25,0
15917,ulent,25,1
16059,balls,25,0
16416,Ġretrie,25,2
16694,ATH,25,10
16783,formed,25,0
16925,ĠVent,25,0
17036,Ġly,25,2
17054,ĠFried,25,8
17060,udent,25,0
17147,ĠSull,25,0
17539,inence,25,0
17596,Ġdistribut,25,0
17848,ouched,25,1
18178,ĠElder,25,1
18328,andro,25,0
18834,ĠCraw,25,0
19055,ĠLah,25,0
19068,Ġsparse,25,7
19214,ĠDob,25,1
19223,Ġexult,25,0
19264,ĠConn,25,1
19313,ĠGiul,25,0
19866,Ġsubclass,25,0
19895,chet,25,14
20268,days,25,0
20381,Ġinherit,25,0
20410,rates,25,0
20423,Ġlaz,25,1
20533,ĠCheer,25,3
20672,Ġplumb,25,2
20716,Ġmeteor,25,0
20859,iden,25,0
20874,Ġdeploy,25,0
20923,Ġredeem,25,0
20945,ĠZh,25,0
21359,ĠSki,25,34
21371,ĠWig,25,1
21478,ĠAcadem,25,0
21613,asal,25,0
21917,ansk,25,0
21919,issy,25,0
22102,Ġtart,25,7
22227,Ġshipwreck,25,0
22402,ĠAch,25,0
22465,rapped,25,14
22685,words,25,1
22792,version,25,0
23006,ĠToll,25,0
23015,ĠIND,25,0
23078,Ġblur,25,74
23279,Book,25,15
23632,ĠSW,25,45
23664,ĠGan,25,0
23984,ĠWit,25,0
24040,awi,25,0
24135,ĠGlad,25,0
24270,sub,25,0
24309,Ġwhiz,25,1
24373,pering,25,0
24515,Ġcypress,25,1
24542,waite,25,0
24594,Ġabolition,25,0
24677,ĠSens,25,0
24690,ĠHog,25,1
24693,ĠPK,25,2
24790,Ġsnug,25,0
24891,Char,25,0
24964,ĠApalach,25,0
25009,Top,25,0
25015,fair,25,0
25025,yp,25,14
25065,ĠHod,25,1
25256,ACE,25,72
25389,bull,25,1
25437,imas,25,0
25479,oso,25,0
30935,)--,25,0
30936,.&,25,0
30937,Ap,25,0
30938,Ain,25,0
30939,Bring,25,0
30941,Ho,25,0
30942,Hot,25,0
30946,Last,25,0
30947,Luc,25,0
30949,None,25,0
30950,Pat,25,0
30952,Sil,25,1
30954,VA,25,4
30955,YS,25,6
30958,cd,25,3
30963,final,25,0
30965,hog,25,27
30967,kov,25,0
30968,lat,25,0
30970,number,25,1
30973,poor,25,0
30974,rab,25,0
30978,Ġtattered,25,8
30979,Ġawning,25,57
30983,Ġwading,25,7
30984,Ġwerry,25,0
30985,Ġoverest,25,0
30986,Ġoceans,25,1
30989,Ġbazar,25,0
30990,Ġbumped,25,0
30991,Ġcay,25,1
30992,anu,25,0
30994,enio,25,0
30996,Ġfont,25,5
30997,Ġfib,25,2
30998,Ġfusion,25,1
31000,Ġpaving,25,9
31002,Ġhound,25,6
31005,Ġdots,25,143
31007,Ġdividing,25,0
31008,arra,25,0
31009,ĠTap,25,0
31010,ĠTart,25,0
31013,ĠTuscan,25,0
31014,Ġthaw,25,0
31015,Ġnook,25,2
31016,Ġnuisance,25,0
31018,Ġlass,25,3
31023,enting,25,0
31024,start,25,0
31025,street,25,0
31026,Ġreel,25,15
31027,Ġhev,25,0
31028,Ġheaped,25,0
31029,aci,25,0
31033,ĠSES,25,0
31034,ĠSFFAS,25,0
31035,imating,25,0
31036,Ġstocked,25,3
31037,Ġstitches,25,2
31039,Ġforks,25,55
31040,ĠCable,25,1
31042,ĠCutter,25,1
31043,ĠCCHA,25,0
31044,ĠCpk,25,0
31047,ĠMardan,25,0
31048,ĠBS,25,0
31049,ĠBoh,25,0
31052,ĠBoot,25,0
31053,ĠBollywood,25,1
31054,ĠHH,25,0
31055,ĠHom,25,1
31057,ĠHern,25,1
31058,ĠHof,25,0
31059,ĠHume,25,0
31060,ĠHahn,25,0
31061,ĠHikers,25,15
31062,Ġasphalt,25,25
31064,"Ġ""(",25,0
31066,ĠPL,25,120
31067,ĠPav,25,0
31070,ĠPavilion,25,0
31073,ĠWiz,25,1
31074,ĠWald,25,0
31075,ĠWIN,25,3
31076,Ġshilling,25,0
31077,Ġshunned,25,0
31079,Ġnearing,25,0
31080,thon,25,0
31083,ĠFF,25,1
31084,ĠForth,25,0
31085,ĠFixed,25,0
31086,ĠFighting,25,0
31087,ĠFannie,25,0
31088,esta,25,0
31089,ĠDS,25,11
31090,ĠDiving,25,1
31093,Ġchauffeur,25,0
31096,ĠNSA,25,0
31098,Ġprodig,25,0
31103,ĠLantau,25,0
31104,ĠLIFE,25,0
31105,ĠGur,25,1
31106,ĠGiving,25,0
31109,ĠRU,25,32
31111,ĠRash,25,0
31112,ĠRios,25,0
31114,abis,25,0
31116,ĠJung,25,0
31117,Ġherbal,25,2
31118,Ġjeez,25,0
31120,ĠEat,25,1
31121,ĠEld,25,1
31122,ĠEra,25,0
31123,ĠEIA,25,0
31124,ĠEyes,25,0
31128,pee,25,28
31129,ĠOates,25,0
31130,ĠOdd,25,9
31131,ĠOmar,25,0
31132,ĠOzone,25,0
31135,Ġtrays,25,39
31136,Ġthemed,25,12
31138,ĠThing,25,5
31139,Ġusable,25,0
31140,Ġclause,25,3
31141,Ġclicked,25,1
31142,Ġcloning,25,0
31143,ĠInner,25,0
31144,ĠInstitution,25,0
31145,ĠYas,25,0
31146,ĠYep,25,0
31149,placed,25,0
31150,Ġroam,25,0
31151,Ġroost,25,8
31152,ĠUSC,25,0
31155,Ġensemble,25,34
31157,Ġunworthy,25,0
31158,Ġoverseeing,25,1
31159,Ġovergrown,25,0
31160,Ġovershadowed,25,0
31162,Ġquitting,25,0
31163,Ġquota,25,0
31164,Ġarithmetic,25,0
31167,Ġspied,25,0
31168,Ġsponge,25,26
31169,ĠChung,25,0
31170,ĠChai,25,0
31172,climbing,25,0
31173,Ġgrumbling,25,0
31174,Ġgraciously,25,0
31176,ĠVon,25,1
31177,ogram,25,13
31178,Ġdownloaded,25,0
31179,orde,25,1
31180,Ġboyish,25,0
31182,Ġbrink,25,1
31183,Ġbracing,25,0
31184,Ġflor,25,4
31185,Ġhowling,25,0
31187,ensis,25,0
31188,Ġsayin,25,0
31189,Ġlongtime,25,0
31191,Ġattach,25,1
31192,Ġcarve,25,0
31193,Ġcarrots,25,539
31194,Ġrecitals,25,0
31195,ĠAnson,25,0
31196,Ġfoil,25,52
31198,Ġcalligraphy,25,7
31200,Ġemit,25,1
31201,Ġembers,25,1
31202,Ġemitted,25,0
31204,Ġslips,25,1
31206,Ġrunnin,25,0
31207,Ġrelay,25,2
31208,Ġentrenched,25,0
31209,Ġshowrooms,25,0
31210,Ġassim,25,0
31211,Ġassortment,25,30
31212,Ġincoming,25,12
31213,Ġinvoke,25,0
31214,Ġfinishes,25,0
31215,Ġobelisk,25,0
31217,Ġstride,25,4
31218,Ġheaddress,25,53
31219,Ġevasion,25,0
31220,Ġswarmed,25,0
31221,Ġretaliation,25,0
31222,Ġhousewife,25,0
31224,Ġsubcommittee,25,0
31226,Ġkindred,25,0
31227,ĠAragon,25,0
31228,ĠLevi,25,1
31230,Ġ1819,25,0
31231,Ġrediscovered,25,0
31232,ĠCler,25,0
31233,ĠClancy,25,0
31234,erno,25,0
31236,Ġlocality,25,0
31237,Ġfriendliness,25,0
31238,centered,25,0
31239,Ġcursing,25,0
31240,ĠRein,25,0
31241,ĠRegan,25,0
31242,Ġrefrained,25,0
31243,...',25,0
31245,Ġsnatch,25,0
31247,Ġwalker,25,50
31248,Ġelapsed,25,0
31249,ieri,25,0
31250,bois,25,0
31251,Ġsitter,25,6
31252,Ġdeport,25,0
31255,Ġmarkers,25,17
31256,Ġvalour,25,0
31257,Ġdetention,25,0
31259,Ġreviving,25,0
31260,ĠDoor,25,2
31261,ĠDoors,25,1
31262,Ġhottest,25,0
31263,ĠJonas,25,0
31264,Ġfirewood,25,14
31265,ĠConan,25,0
31267,ĠFlagg,25,0
31268,Ġprobation,25,0
31269,Ġbarbed,25,32
31270,Ġsunburn,25,3
31271,Ġchangeling,25,3
31272,Ġawaken,25,0
31273,Ġvariance,25,0
31274,Ġbedside,25,1
31275,Ġwoodwork,25,0
31276,ĠSculpt,25,2
31277,ĠScinax,25,0
31278,ĠHercules,25,0
31279,Ġraven,25,3
31280,Ġpostwar,25,0
31281,ĠCountess,25,0
31282,ĠBlum,25,0
31283,iums,25,2
31284,Ġprops,25,13
31286,ĠSeoul,25,0
31287,ĠGuggenheim,25,0
31288,ĠParnell,25,0
31290,Ġ167,25,1
31291,Ġburgers,25,22
31292,Ġexcuses,25,0
31293,Ġbandages,25,8
31295,ĠMini,25,6
31296,ĠMinley,25,0
31298,Ġgrandiose,25,0
31299,Ġfavoured,25,0
31300,Ġhusk,25,14
31301,Ġhushed,25,0
31302,Ġsuggestive,25,0
31303,Ġshipment,25,2
31304,Ġperiodicals,25,0
31305,ĠMei,25,0
31306,ĠMechan,25,0
31307,Ġidentifiable,25,0
31308,ĠAboriginal,25,0
31309,ĠHouseholds,25,0
31310,Ġspecializing,25,0
31311,Ġ1400,25,0
31312,ĠPhilotas,25,0
31313,Ġarmored,25,3
31314,Ġglassware,25,15
31315,Ġcomplains,25,0
31316,ĠAugusta,25,0
31317,Ġencro,25,0
31318,ĠWhitehead,25,0
31320,Ġbanker,25,0
31321,Ġbanked,25,0
31322,Ġbankers,25,0
31323,ĠLawson,25,0
31324,ĠJericho,25,0
31325,ĠAssuming,25,0
31327,ĠReductions,25,0
31329,Ġcopying,25,0
31330,Ġmassi,25,0
31332,Ġmastery,25,0
31334,oulas,25,0
31335,Ġdares,25,0
31336,Ġ256,25,0
31337,ĠSerious,25,0
31339,ĠPatterson,25,0
31340,Ġforgiving,25,0
31341,Ġsticker,25,223
31342,Ġsocialism,25,0
31343,ĠSaintes,25,0
31344,Ġwarmest,25,1
31345,ĠCrisis,25,0
31346,ĠParkinson,25,0
31347,ĠBerman,25,0
31348,ĠMuseums,25,1
31349,Ġoughtn,25,0
31350,ĠBoards,25,0
31351,ĠHalles,25,0
31352,ĠComics,25,0
31353,Ġdelightfully,25,0
31354,Ġsquarely,25,0
31356,Ġprecaution,25,0
31357,ĠGrandpa,25,2
31358,coloured,25,1
31359,ridden,25,1
31360,ĠDora,25,6
31361,Ġstreamline,25,0
31362,Ġturquoise,25,98
31363,Ġinjure,25,0
31364,Ġpurposely,25,0
31365,ĠPrec,25,0
31366,Ġbiographer,25,0
31367,ĠDido,25,0
31368,ĠAnnunciation,25,0
31370,Ġirons,25,1
31371,Ġirrational,25,0
31372,ĠSimply,25,0
31373,ĠMerrill,25,0
31375,ĠFlorrie,25,0
31376,Ġcontracept,25,0
31378,Ġtrailed,25,0
31379,Ġspectator,25,49
31380,Ġdigit,25,0
31382,Ġmeatballs,25,7
31383,Ġmiller,25,0
31384,Ġcoachman,25,0
31385,Ġbonuses,25,0
31386,Ġbonfire,25,6
31388,ĠSmithsonian,25,1
31389,Ġaccomplishing,25,0
31390,Ġcriticisms,25,0
31391,ĠMetal,25,12
31392,ĠVega,25,0
31393,ĠCamping,25,0
31394,Ġthrived,25,0
31395,Ġnursed,25,1
31396,Ġdefendant,25,0
31397,Ġnineteenth,25,0
31398,Ġimplored,25,0
31399,ĠTwelve,25,21
31401,Ġdeliverance,25,0
31402,Ġconcentrating,25,1
31403,Ġmiracles,25,0
31404,ĠSurrey,25,0
31405,Ġblindfolded,25,8
31406,Ġmerciful,25,0
31407,Ġmechanically,25,0
31408,ĠMaury,25,0
31410,Ġdissolution,25,0
31411,Ġdissolve,25,0
31412,ĠWalcott,25,0
31413,IVING,25,18
31414,ĠDarling,25,0
31415,ĠUpdate,25,0
31416,ĠInterview,25,0
31417,Ġfanatic,25,0
31418,Ġbronzes,25,0
31419,ĠACC,25,2
31420,ĠSilicon,25,0
31421,Ġresisting,25,0
31422,Ġgangway,25,0
31423,ĠITV,25,0
31425,ĠOrihuela,25,0
31426,ĠGallic,25,0
31427,ĠSoutherners,25,0
31428,Ġmystical,25,0
31429,Ġvisionary,25,0
31430,ĠVanity,25,0
31431,Ġtranslator,25,0
31432,Ġsexuality,25,0
31433,ĠAttestation,25,0
31434,Ġprompting,25,0
31435,Ġcrackling,25,1
31437,ĠSandra,25,0
31438,Ġconvened,25,0
31439,ĠBravo,25,0
31440,Ġgrabs,25,3
31442,ĠLuu,25,0
31443,ĠXXIV,25,0
31444,Ġimmigrated,25,0
31445,Ġadventurers,25,0
31446,ĠPerforming,25,0
31448,ĠKathie,25,0
31449,Ġrandomized,25,0
31450,ĠAstley,25,0
31451,Ġreigning,25,0
31452,ihara,25,0
31453,Ġenormously,25,0
31454,ĠCarlton,25,0
31455,Ġinventive,25,0
31456,ĠBedford,25,0
31457,ĠConfederates,25,0
31458,Ġvigilant,25,0
31460,Ġgestured,25,0
31461,Ġsustaining,25,0
31462,Ġcorresponds,25,0
31463,ĠOlives,25,0
31465,Ġ1803,25,0
31466,1986,25,0
31467,Ġprohibition,25,0
31468,Ġpeculiarly,25,0
31469,Ġstresses,25,0
31470,Ġimpeach,25,0
31471,Ġsorrowful,25,0
31472,Ġannouncements,25,0
31473,ĠPrinciples,25,0
31474,ĠEfforts,25,0
31475,Ġreservoir,25,2
31477,Ġkilometer,25,0
31478,Ġlectures,25,0
31480,Ġthunderstorm,25,0
31481,Ġexpansive,25,1
31482,Ġrendezvous,25,0
31483,Ġbridal,25,41
31484,Ġpedestal,25,22
31485,ĠNordhorn,25,0
31486,Ġrebelled,25,0
31487,Ġencounters,25,0
31488,ĠCyber,25,0
31489,ĠHospitals,25,0
31490,ĠRailways,25,1
31491,Ġcoordinating,25,0
31492,Ġdespairing,25,0
31493,Ġfundamentally,25,0
31494,Ġdistraction,25,0
31495,ĠCustomers,25,35
31496,Ġ//,25,0
31497,Ġsatellites,25,0
31498,Ġsummarize,25,0
31499,ĠManipuri,25,0
31500,ĠPonta,25,0
31501,Ġstyled,25,10
31502,Ġstyrofoam,25,18
31503,ĠLauren,25,1
31504,ĠFifteen,25,0
31505,ĠAlternatively,25,0
31506,Ġexplosives,25,0
31507,ĠSinan,25,0
31508,Ġaccelerated,25,0
31509,ĠMorton,25,0
31510,Ġdunno,25,0
31511,ĠLogic,25,0
31512,ĠBolivia,25,0
31513,Ġprefix,25,0
31514,ĠLegislation,25,0
31515,Ġbonding,25,2
31516,ĠTuileries,25,0
31517,ĠDiggers,25,0
31518,ĠExtra,25,3
31519,Guess,25,0
31520,Ġmingling,25,1
31521,ĠNegro,25,1
31522,ĠGeneration,25,0
31523,Ġorchids,25,0
31524,Ġdiminishing,25,0
31525,ĠExposure,25,0
31526,ĠDurbar,25,0
31527,Ġconquerors,25,0
31528,ĠKazan,25,0
31529,ĠSAB,25,0
31530,Ġviruses,25,0
31531,Ġcultivate,25,0
31532,ĠCherokee,25,2
31534,Ġgridiron,25,0
31535,Ġslimy,25,0
31536,Ġextracted,25,0
31537,Ġprettier,25,0
31539,ĠCitizen,25,1
31540,ĠNaomi,25,0
31541,ĠVaughans,25,0
31542,Ġattentions,25,0
31543,Ġ12866,25,0
31545,Ġemigrant,25,0
31546,Ġemigrants,25,0
31547,ĠBotanical,25,0
31548,Ġprescribe,25,0
31549,ĠAllowances,25,0
31550,ĠConcorde,25,0
31551,Ġstalwart,25,0
31552,Ġcensure,25,0
31553,Ġcensorship,25,0
31554,Ġorphanage,25,0
31555,Ġeagles,25,1
31556,Ġwistful,25,0
31557,Ġpennies,25,0
31558,ĠTribune,25,0
31559,Ġseminar,25,0
31560,ĠWordPerfect,25,0
31561,Ġsniffing,25,33
31562,Ġfractured,25,0
31564,ĠImproving,25,0
31565,Ġfelony,25,0
31566,ĠTowards,25,0
31567,ĠUltimate,25,2
31568,Ġtrekking,25,1
31569,ĠHabitat,25,0
31570,Ġsects,25,0
31571,Ġsulphur,25,0
31572,Ġgambler,25,0
31573,famous,25,0
31574,ĠPharaohs,25,0
31575,ĠHilary,25,0
31576,Ġantiquities,25,1
31577,"!_""",25,0
31578,ĠCertified,25,0
31579,Ġunavoidable,25,0
31580,ĠSawyer,25,0
31581,Ġtwentieth,25,0
31582,Ġwhiteness,25,0
31583,ĠVieux,25,0
31584,Ġprolific,25,0
31585,Team,25,0
31586,ĠMafuta,25,0
31587,Ġunderestimated,25,0
31589,Ġencompasses,25,0
31590,Ġinconvenience,25,0
31591,Ġnostalgic,25,0
31592,Ġnostalgia,25,0
31593,Golden,25,0
31594,tiered,25,6
31595,ĠPisano,25,0
31596,Ġitinerary,25,0
31597,Ġexchanges,25,1
31598,Ġconsortium,25,0
31599,Ġfootpaths,25,0
31600,Ġsarcophagus,25,12
31601,ĠWeekend,25,0
31602,Ġyachts,25,11
31603,ĠFSIS,25,0
31604,Ġobstinate,25,0
31605,ĠDiaz,25,0
31606,Ġsymphony,25,0
31607,Ġlambs,25,18
31608,ĠSolidarity,25,0
31609,Ġparalegal,25,0
31611,ĠSebastian,25,2
31612,Jewish,25,0
31613,Ġlithium,25,0
31614,ĠAnastasius,25,0
31615,Ġturbulent,25,0
31616,Alfgar,25,0
31617,Ġsultans,25,0
31618,ĠSylvester,25,1
31619,Ġcohort,25,0
31620,Ġremedies,25,0
31621,Ġsymmetry,25,0
31622,Ġrefurbished,25,0
31623,Ġdisobedience,25,0
31624,Ġdeleted,25,0
31626,ĠTrinfan,25,0
31627,ĠCORP,25,0
31628,ĠNRCS,25,0
31629,ĠHewlett,25,0
31631,Ġdeviations,25,0
31632,ĠJagoi,25,0
31633,ĠShaftesbury,25,0
31634,ĠVillanueva,25,0
31635,ĠHOUSE,25,1
31636,ĠHapsburg,25,0
31637,ĠRebecca,25,1
31638,ĠBrunswick,25,0
31639,ĠIbrahim,25,0
31640,slavery,25,0
31641,ĠRothschild,25,0
31642,ĠMarjorie,25,0
31643,ĠCatanzaro,25,0
569,Ġwom,24,103
1441,Ġpret,24,43
1577,Ġoffic,24,4
1860,Ġris,24,22
2263,Ġlangu,24,0
2407,gest,24,91
2688,Ġobs,24,5
3269,allas,24,0
3308,aimed,24,0
3552,ĠEar,24,1
3773,iction,24,0
3845,ossible,24,3
3975,Ġsculpt,24,2
4058,lass,24,11
4112,mn,24,0
4328,Ġoccup,24,0
4368,igr,24,0
4531,Ġded,24,1
4553,fast,24,2
4559,Ġalt,24,0
4606,eff,24,0
4775,Ġbul,24,4
5111,Ġappreci,24,0
5126,rete,24,2
5190,icted,24,0
6090,roat,24,1
6264,Ġcert,24,0
6465,azy,24,4
6583,adem,24,0
6633,ogether,24,2
7109,father,24,0
7515,Ġvolley,24,1
7713,Ġpic,24,336
7818,Ġske,24,34
7927,Ġphr,24,0
8158,Ġju,24,56
8576,Ġjun,24,0
8597,Ġhob,24,4
9368,ĠĠĠ,24,8
9569,vas,24,2
9630,Ġec,24,1
10146,arson,24,9
10580,amation,24,0
10677,hetic,24,4
10848,nda,24,0
11028,BI,24,4
11352,mouth,24,1
11359,Ġbew,24,3
12697,pled,24,3
12760,rea,24,1
12769,ĠSM,24,136
12957,mph,24,0
12993,atted,24,20
13100,ĠSwe,24,2
13175,Ġreun,24,0
13328,Ġrav,24,17
13449,ishers,24,6
13841,Ġornament,24,6
14069,asaki,24,11
14217,rust,24,1
14237,ĠGib,24,0
14309,wari,24,0
14446,ĠAra,24,0
14646,ĠMove,24,0
14767,shaw,24,0
14776,Ġpropag,24,0
14843,Ġexert,24,0
14938,oused,24,1
14961,haus,24,0
14989,Ġrefresh,24,0
15076,ĠAfghan,24,1
15106,ĠEffect,24,0
15346,ĠBund,24,4
15568,ĠAur,24,1
15598,Ġcoinc,24,0
15681,Ġcongreg,24,0
15741,Ġvigor,24,0
15891,bly,24,2
15898,erie,24,9
16133,Ġmol,24,1
16526,Ġoverl,24,1
17027,Ġcaval,24,0
17184,Ġscal,24,0
17378,Ġerupt,24,0
17448,ibe,24,0
17544,asters,24,1
17559,rium,24,2
17995,cond,24,0
18392,Ġsuperst,24,0
18509,ĠRaven,24,0
18759,track,24,1
19044,Ġannex,24,0
19060,ĠEmb,24,3
19079,Ġdefect,24,0
19456,ĠKin,24,1
19546,ĠFilip,24,0
19703,deal,24,0
19766,ĠCelebr,24,1
19783,UST,24,9
19851,forest,24,1
20106,ĠValent,24,0
20171,hs,24,7
20185,isers,24,0
20634,Ġwoo,24,4
20635,Ġbast,24,1
20695,ishi,24,0
21097,ĠChel,24,0
21110,thy,24,0
21451,uffs,24,21
21636,thal,24,0
21655,plate,24,16
21705,atorial,24,0
21962,ĠScand,24,0
22060,Ġrecollect,24,0
22134,ĠBoul,24,0
22392,Ġmim,24,1
22449,ĠRah,24,1
22502,Ġeyel,24,31
22677,forth,24,0
22799,phal,24,0
23059,ĠDAY,24,10
23185,blood,24,0
23197,ĠSquad,24,1
23308,asin,24,3
23321,Ġrecept,24,4
23587,Off,24,0
23611,Ġcough,24,2
23630,lda,24,1
23968,ĠCi,24,0
23970,ĠCAR,24,111
23995,ĠLoyal,24,0
23996,ĠGit,24,0
24098,ĠScar,24,0
24207,better,24,0
24300,uttered,24,0
24355,ĠThan,24,1
24644,vara,24,0
24689,ĠHag,24,0
24698,ĠWash,24,1
24708,antes,24,1
24723,arthe,24,0
24845,Ġvideot,24,0
25032,iso,24,0
25077,ĠFO,24,85
25101,ryn,24,0
25387,WAY,24,32
25464,ĠLink,24,0
25582,ĠMcN,24,1
25749,ĠSchneider,24,0
25763,bars,24,4
31297,ĠĠĠĠĠĠĠĠĠĠĠĠĠĠĠĠĠĠĠĠĠĠ,24,0
31644,App,24,2
31647,HI,24,5
31649,Master,24,0
31651,Nov,24,0
31652,Rom,24,0
31653,UP,24,13
31654,VEL,24,17
31655,Works,24,0
31656,XT,24,110
31659,call,24,1
31661,dimensional,24,0
31662,fitted,24,1
31666,iak,24,0
31668,jer,24,4
31669,jee,24,0
31673,much,24,0
31678,sous,24,0
31680,sets,24,0
31682,tu,24,0
31683,tim,24,0
31685,yet,24,0
31686,Ġtarn,24,2
31687,Ġak,24,1
31689,Ġsurname,24,0
31690,Ġwagging,24,4
31691,Ġoval,24,32
31692,eros,24,15
31693,Ġbooking,24,0
31697,enas,24,1
31699,Ġmould,24,0
31700,Ġmold,24,31
31701,Ġmapped,24,0
31702,Ġping,24,24
31703,Ġpike,24,1
31704,Ġpanda,24,57
31705,Ġpiping,24,5
31706,Ġhipp,24,28
31707,Ġhippie,24,8
31709,Ġineligible,24,0
31711,along,24,4
31712,asia,24,0
31713,ĠTide,24,0
31714,ĠTier,24,0
31715,ĠTara,24,0
31716,left,24,8
31717,Ġthorns,24,0
31718,Ġnope,24,0
31721,Ġlard,24,0
31722,Ġlatch,24,16
31723,Ġlured,24,0
31724,Ġloris,24,0
31725,ĠAmer,24,2
31726,ĠANN,24,0
31727,ĠAIM,24,0
31731,sta,24,3
31733,Ġreed,24,9
31734,Ġreeds,24,20
31736,Ġyoke,24,15
31738,ĠSI,24,0
31739,Ġstint,24,0
31741,ammer,24,0
31742,amura,24,0
31745,ĠCally,24,0
31746,ĠCoca,24,27
31747,ĠMok,24,0
31748,ĠMole,24,0
31749,ĠMOR,24,16
31751,Ġwhining,24,0
31752,Ġwhichever,24,0
31753,ĠBee,24,0
31757,ĠHits,24,0
31758,ĠHilda,24,0
31759,ĠHOW,24,0
31760,ĠHeston,24,0
31761,ĠPater,24,0
31763,ĠPablo,24,0
31764,Ġdol,24,0
31765,oling,24,1
31768,ĠWire,24,3
31769,ĠWife,24,0
31770,ĠWays,24,0
31772,ĠWatching,24,1
31773,Ġshalt,24,0
31775,Ġdew,24,3
31776,Ġdears,24,0
31778,Ġmanic,24,7
31780,ĠFri,24,0
31782,ĠFacing,24,5
31783,ĠFenton,24,0
31784,ĠFROM,24,51
31786,ĠDass,24,0
31787,ĠDiss,24,0
31789,Ġchili,24,63
31790,Ġchubby,24,34
31791,ĠNero,24,0
31793,Ġplush,24,42
31794,ĠLent,24,0
31795,ĠLance,24,0
31796,ĠLub,24,0
31798,ĠLaut,24,0
31799,ĠLoud,24,0
31801,ĠLiga,24,0
31802,ĠGav,24,0
31803,ĠGrap,24,3
31805,ĠRox,24,2
31806,abra,24,20
31808,Ġvouch,24,1
31810,Ġsoared,24,0
31811,Ġlevada,24,0
31812,Ġlethal,24,0
31813,Ġjumper,24,75
31815,ĠEating,24,6
31816,ĠEaton,24,0
31817,Ġabusing,24,0
31819,osheth,24,0
31821,Ġoutfl,24,0
31822,Ġoutta,24,5
31823,Ġalluded,24,0
31827,ĠOurs,24,0
31828,ĠOLD,24,37
31829,ĠOptic,24,0
31830,Ġ220,24,0
31833,Ġ(',24,0
31835,oche,24,0
31836,ocate,24,0
31838,--_,24,0
31839,Ġclump,24,14
31840,Ġclicking,24,5
31842,Ġteeming,24,0
31844,ĠYush,24,0
31846,Ġ207,24,0
31848,ĠKot,24,0
31849,ĠKand,24,0
31850,ĠKus,24,0
31852,Ġroasting,24,3
31855,Ġenraged,24,0
31857,Ġunqualified,24,0
31859,Ġunauthorized,24,0
31860,Ġoverpayments,24,0
31861,Ġadore,24,0
31862,Ġprick,24,0
31863,Ġworkpapers,24,0
31865,Ġspitting,24,2
31866,Ġspoons,24,46
31867,Ġgrunt,24,1
31868,Ġdisburse,24,0
31870,Ġscatter,24,1
31872,Ġspeedy,24,0
31874,Ġimpoverished,24,2
31876,Ġbackbone,24,0
31877,erville,24,0
31878,Ġbetwixt,24,0
31879,Ġcrickets,24,0
31880,Ġdeserving,24,0
31881,Ġattest,24,0
31882,Ġcoon,24,0
31884,ĠWhip,24,0
31885,erted,24,1
31887,otha,24,0
31889,Ġindicted,24,0
31890,Ġtakeover,24,0
31891,Ġslit,24,2
31892,Ġslime,24,12
31893,Ġbooty,24,11
31894,ĠAlto,24,0
31897,Ġsuppress,24,0
31900,Ġsylph,24,0
31901,Ġdecomp,24,0
31904,Ġglided,24,0
31906,Ġprovoke,24,0
31910,ribing,24,0
31911,Ġumpire,24,535
31912,Ġcheckered,24,345
31913,ĠMarin,24,0
31914,ĠMarais,24,0
31915,ĠMarcos,24,0
31916,Ġ1824,24,0
31919,ĠClothes,24,0
31920,Ġhardness,24,0
31921,Ġairplay,24,0
31922,Ġmetallic,24,23
31923,Ġbookshops,24,0
31925,Ġminarets,24,0
31926,ĠRey,24,1
31928,Ġ4000,24,0
31930,Ġsnout,24,26
31931,Ġsnuff,24,0
31932,Ġmodem,24,12
31934,Ġfronts,24,1
31935,Ġorganised,24,0
31937,Ġspeculated,24,0
31938,ĠAdding,24,0
31939,ĠBey,24,0
31940,ĠMissus,24,0
31941,Ġvalve,24,14
31942,Ġeffectually,24,0
31943,Ġcrests,24,1
31944,Ġcremated,24,0
31945,Ġconferred,24,0
31946,Ġediting,24,1
31947,Ġinsens,24,0
31948,Ġtransgress,24,0
31949,Ġexplode,24,0
31950,Ġviewpoints,24,0
31951,Ġdoorways,24,3
31953,Ġinfirm,24,0
31955,Ġpeeping,24,2
31956,Ġdesignation,24,1
31957,Ġsumo,24,18
31958,ĠConstruct,24,0
31959,Ġconcurrent,24,0
31962,Ġprocessor,24,16
31963,Ġawed,24,0
31964,Ġawakening,24,0
31965,Ġbenefiting,24,0
31967,Ġemploying,24,0
31969,ĠGranger,24,0
31972,1976,24,0
31973,1969,24,0
31974,ĠScuba,24,2
31975,Ġ157,24,1
31976,ĠBlu,24,4
31977,Ġbeauties,24,0
31978,meas,24,0
31979,ĠTrunks,24,1
31980,Ġoriginate,24,0
31981,Ġlineage,24,0
31982,ĠParry,24,0
31986,Ġbeginnings,24,0
31987,Ġrounding,24,1
31988,ĠActions,24,0
31990,Ġsquire,24,0
31991,Ġdestitute,24,0
31994,Ġsalads,24,4
31996,Ġlabours,24,0
31997,ĠNeu,24,1
31998,ĠSirius,24,0
31999,ĠGeneva,24,0
32000,ĠGenoese,24,0
32001,Ġseasoning,24,9
32002,ĠPeac,24,1
32003,developed,24,0
32006,Ġwrongdoing,24,0
32007,Ġeducating,24,0
32008,ĠSlavery,24,0
32009,Ġantagon,24,0
32010,Ġrecognizable,24,1
32012,Ġexclusion,24,0
32013,Ġtreaties,24,0
32014,ĠAssets,24,0
32015,ĠTurtle,24,0
32016,ĠJules,24,0
32017,Ġquarry,24,1
32018,Ġquarries,24,0
32020,ĠDrama,24,0
32021,Ġgravy,24,48
32022,Ġcounters,24,5
32023,Ġsurfs,24,0
32024,Ġmiscellaneous,24,8
32025,ĠEnjoy,24,0
32028,ĠCoz,24,0
32029,ĠSantana,24,0
32030,Ġsocializing,24,0
32031,ĠNewsHour,24,0
32032,Ġmotorway,24,0
32033,Ġshootings,24,0
32034,Ġhorseshoe,24,17
32035,Ġraped,24,0
32036,Ġepoch,24,0
32037,Ġnorms,24,0
32038,ĠMarkets,24,0
32039,Ġbattlements,24,0
32040,Ġcrucifix,24,14
32043,Ġluckless,24,0
32044,Ġeyeing,24,1
32045,Ġlaboratories,24,0
32046,Ġbirths,24,0
32048,Ġsweetheart,24,0
32049,Ġcommandery,24,0
32050,ĠGovernmental,24,0
32051,Ġtricky,24,2
32052,Ġurges,24,0
32053,Ġ240,24,2
32054,Ġstreamlined,24,0
32055,ĠMartinez,24,0
32056,Ġundressed,24,2
32058,ĠMidwestern,24,0
32059,Ġcupola,24,0
32060,Ġhunts,24,0
32061,Ġcomplexion,24,2
32062,ĠDisp,24,0
32063,Ġgalloping,24,5
32064,ĠBlackpool,24,0
32065,ĠBlackhawks,24,0
32066,ĠMilton,24,0
32067,Ġnecklaces,24,44
32068,ĠMontparnasse,24,0
32069,Ġdreamy,24,0
32070,ĠGreville,24,0
32072,ĠContent,24,0
32073,Ġcontroller,24,338
32074,Ġgroin,24,7
32075,Ġrelaxes,24,2
32076,Ġcircumference,24,0
32077,Ġembassy,24,3
32078,Ġrobins,24,0
32079,Ġrobbers,24,0
32080,ĠSingletons,24,0
32081,Ġpraising,24,0
32082,Ġunfunded,24,0
32083,ĠSpeed,24,2
32084,ĠColleges,24,4
32086,Ġgears,24,10
32088,ĠConsult,24,0
32089,Ġreflections,24,27
32090,ĠMurcia,24,0
32091,Ġarresting,24,1
32092,Ġgazes,24,1
32093,ĠKhal,24,0
32094,Ġconservatively,24,0
32095,ĠLonger,24,5
32096,ĠZeus,24,0
32097,ĠFamine,24,0
32098,rimmed,24,8
32099,ĠDirection,24,0
32100,Ġdefendants,24,0
32101,Ġtuning,24,13
32102,ĠGuyana,24,0
32103,ĠPanam,24,1
32105,ĠVisual,24,0
32106,Ġporches,24,0
32107,Ġsmartest,24,0
32108,general,24,0
32109,ĠBeta,24,0
32111,ĠDutchman,24,0
32112,ĠGardner,24,0
32113,Ġambient,24,0
32114,ĠPetite,24,1
32115,Ġsplendidly,24,0
32116,Ġastern,24,0
32117,Ġastounding,24,0
32118,ĠACT,24,5
32119,Ġemphatic,24,0
32120,Ġloaned,24,0
32121,Ġultra,24,0
32122,Ġ801,24,0
32123,ĠTransactions,24,0
32124,Ġdocked,24,25
32125,Ġtraverse,24,0
32126,Ġexplorers,24,0
32127,ĠCrossing,24,1
32128,ĠAccountants,24,0
32129,ĠLeeville,24,0
32130,Ġdivorces,24,0
32131,ĠMillennium,24,0
32132,ĠHonolulu,24,0
32134,ĠFridays,24,0
32135,ĠSaab,24,0
32136,ĠSafe,24,3
32137,ĠHolwick,24,0
32138,Ġsteamers,24,0
32139,Ġinclusive,24,0
32140,Ġbattled,24,0
32141,Ġemphasizes,24,0
32142,ĠFairbanks,24,0
32143,ĠBulls,24,1
32144,Ġunpaid,24,0
32145,Ġfalsehood,24,0
32147,Ġobstruction,24,1
32148,Ġwonderingly,24,0
32149,Ġcontrasted,24,0
32150,ĠPoints,24,0
32151,ĠGalata,24,0
32152,Ġdimension,24,0
32153,Ġfolds,24,0
32154,Ġstringed,24,41
32155,Ġ1851,24,0
32156,Ġ1858,24,0
32157,Ġaccorded,24,0
32158,Ġdistinguishes,24,0
32159,ĠAsturias,24,0
32160,ĠMasjid,24,0
32161,Ġcompanionship,24,0
32162,ĠNepalese,24,0
32163,ĠMiranda,24,1
32164,Ġbarns,24,0
32165,Ġworkshare,24,0
32167,footed,24,10
32168,ĠDoesn,24,1
32169,Ġpumping,24,1
32171,ĠCircle,24,2
32172,ĠInvestigation,24,0
32173,Ġmentality,24,0
32175,Ġ1802,24,0
32176,ĠSpringer,24,0
32177,Ġalleyways,24,0
32178,1981,24,0
32179,Ġsparked,24,0
32180,Ġ1838,24,0
32182,ĠElements,24,0
32183,ĠTelugu,24,0
32184,Ġtransforming,24,0
32185,ĠTalmud,24,0
32186,ĠPitti,24,0
32188,ĠAleck,24,0
32190,Ġmigrate,24,0
32191,ĠTsui,24,0
32192,ĠWolff,24,0
32193,ĠNorden,24,0
32194,Ġlandlocked,24,1
32195,ĠMuhammadans,24,0
32197,ĠTrying,24,0
32199,Ġendeavored,24,0
32200,finals,24,0
32202,ĠFlynt,24,0
32203,Ġfeminism,24,0
32204,ĠRaikes,24,0
32205,ĠRuiz,24,1
32206,Ġclerks,24,0
32207,ĠAMS,24,0
32208,Ġ1786,24,0
32209,ĠKeller,24,0
32210,Ġcontemptuous,24,0
32211,Ġcowardly,24,0
32213,Ġdividends,24,0
32214,Ġsledge,24,20
32216,Ġthreads,24,2
32217,ĠAlcorn,24,0
32218,Ġaccelerate,24,0
32219,Ġsupplemented,24,0
32220,ĠLoggia,24,0
32221,Ġdiscontent,24,0
32222,Ġcorrupted,24,0
32223,Ġreclaimed,24,0
32224,ĠColombian,24,0
32225,ĠRabbit,24,0
32226,ĠObserver,24,0
32227,Ġreunited,24,0
32228,Ġhedges,24,8
32229,Ġcorridors,24,0
32230,Ġpapal,24,0
32231,ĠRudy,24,0
32232,ĠInnoc,24,0
32234,Ġcongratulate,24,0
32235,ĠOpposite,24,0
32236,ĠCrowds,24,63
32237,Ġaristocrats,24,0
32238,ĠArmenia,24,0
32239,Ġneedlework,24,0
32240,Ġspaceship,24,3
32242,ĠEscape,24,1
32243,naturedly,24,0
32245,ĠZelenka,24,0
32246,ĠPhillip,24,0
32247,Ġowl,24,41
32248,ĠSleepy,24,1
32249,ĠTeenage,24,30
32250,ĠTeenagers,24,11
32251,Ġoutlaws,24,0
32253,ĠFrancesco,24,0
32255,Ġbarbarian,24,0
32256,Ġpenetration,24,0
32257,ĠStephanie,24,0
32258,ĠBudapest,24,0
32259,Ġprowling,24,0
32260,Ġextremity,24,0
32261,Ġazide,24,0
32262,ĠNarayan,24,0
32263,Ġbruises,24,2
32264,Ġoctopus,24,32
32266,ĠApalachi,24,0
32267,ĠEthelgiva,24,0
32268,Ġbeanie,24,136
32269,Ġcoaxed,24,0
32271,volume,24,0
32273,ĠHeavywether,24,0
32274,Ġguerrilla,24,0
32275,ĠMSNBC,24,0
32276,Ġmartyrdom,24,0
32277,ĠARL,24,0
32278,Ġrankings,24,0
32279,ĠMughals,24,0
32280,business,24,0
32281,Ġfracture,24,1
32282,Ġcontrive,24,0
32283,Ġsurmise,24,0
32284,ĠImproper,24,0
32285,ĠAngelico,24,0
32286,ĠPinker,24,0
32287,ĠDartford,24,0
32288,Ġcaucasian,24,36
32289,ĠYellowstone,24,0
32291,Ġhoarsely,24,0
32292,Ġperplexed,24,0
32293,ĠBruno,24,0
32294,electric,24,1
32295,Ġfoothold,24,0
32296,Ġantiquity,24,0
32297,ĠAnaheim,24,0
32298,ĠPundits,24,0
32299,ĠBulgarian,24,0
32300,Ġbluntly,24,0
32301,Ġacclaim,24,0
32302,ĠCorso,24,0
32303,ĠDestroy,24,0
32304,Ġunscrupulous,24,0
32305,Ġlandfills,24,0
32306,ĠChronicle,24,0
32307,Ġintimidating,24,1
32308,ĠDollar,24,1
32309,Ġdarting,24,0
32310,ĠAinu,24,0
32311,Ġpronouns,24,0
32312,ĠALLIES,24,0
32313,Ġoutcrop,24,1
32314,Ġsubdivisions,24,0
32315,Ġinquiringly,24,0
32316,Ġpersistently,24,0
32317,ĠMulhouse,24,0
32318,Ġdepreci,24,0
32320,ĠBloomberg,24,0
32321,Ġreappeared,24,0
32322,ĠSomalia,24,0
32323,ĠVeronese,24,0
32324,Ġliveliest,24,0
32325,Ġskilful,24,0
32326,ĠWarriors,24,2
32327,ĠAmarillo,24,0
32328,Ġdownsizing,24,0
32329,Ġevacuated,24,0
32330,Ġmusket,24,0
32331,Ġbrigade,24,0
32332,ĠTiberias,24,0
32334,Ġadultery,24,0
32335,Ġloosened,24,0
32336,ĠSkiathos,24,0
32337,ĠWigand,24,0
32338,ĠAcademic,24,0
32339,Ġconceded,24,0
32340,Ġgiraffe,24,4782
32341,ĠWiener,24,0
32342,ĠPhilosophy,24,0
32343,violence,24,0
32344,Ġgourmet,24,7
32345,Ġdiscrepancies,24,0
32346,ĠFeldoffer,24,0
32347,ĠKarnak,24,0
32348,ĠSiberia,24,0
32349,Ġrheumatism,24,0
32351,Ġmartyrs,24,0
32352,ĠMinoans,24,0
32353,ĠReservoir,24,0
32354,Ġgrizzly,24,6
32355,Ġvaccine,24,0
32356,Ġpamphlets,24,7
32357,Ġextinguished,24,0
32359,ĠPinochet,24,0
32360,ĠIliad,24,0
32361,Ġissuance,24,0
32362,ĠGloucester,24,0
32363,ĠMukesh,24,0
32364,Ġcombustion,24,0
32365,ĠMonitoring,24,0
32366,Ġpaternal,24,0
32367,roofed,24,2
32368,ĠPixar,24,2
32369,ĠDFV,24,0
32370,Ġcrumbs,24,16
32371,Ġoblige,24,0
32372,ĠOpportunity,24,0
32373,ĠNIAAA,24,0
32374,ĠChaudhary,24,0
32375,Ġlikeness,24,0
32376,Ġenchanted,24,0
32377,ĠBursa,24,0
32378,ĠBrussels,24,0
32380,ĠCoventry,24,0
32381,ĠNetanyahu,24,0
32382,Batman,24,0
32384,ĠIroquois,24,0
32386,ĠBeutel,24,0
32387,Ġyogurt,24,36
32388,ĠMombasa,24,0
32389,ĠJubilee,24,0
32390,Ġalveolar,24,0
32391,Ġpredicament,24,0
32392,ĠEszterhas,24,0
32393,Ġgaudy,24,2
32395,ĠGiuseppe,24,0
32396,ĠHaussmann,24,0
32397,ĠBhatija,24,0
32399,Awarua,24,0
32400,Ġdaimyo,24,0
32402,Ġalacrity,24,0
32403,Ġcloisters,24,0
32404,Ġheadquartered,24,0
32405,ĠPakhtunkhwa,24,0
987,Ġfam,23,0
993,iew,23,0
1239,Ġmov,23,2
1370,urch,23,0
1694,agement,23,0
1756,Ġtem,23,2
1878,Ġbri,23,3
2587,ogn,23,0
2791,chie,23,0
3086,anish,23,7
3116,raid,23,0
3292,Ġforg,23,0
3302,Ġgre,23,12
3463,asion,23,2
3569,urance,23,1
3692,ograph,23,12
4002,sequ,23,0
4273,Ġchem,23,4
4409,ĠGerv,23,0
4446,Ġqual,23,0
4523,ointed,23,0
4734,bour,23,1
4933,anning,23,0
5169,cles,23,25
5244,ribution,23,0
5321,Ġconserv,23,0
5363,ĠFam,23,0
5521,cluded,23,0
5903,ss,23,6
6207,Ġbron,23,3
6209,Ġrevol,23,0
6634,anches,23,2
6855,Ġunh,23,1
7013,ĠJac,23,1
7146,Ġdetermin,23,0
7177,ĠFound,23,0
7188,cking,23,1
7355,rogen,23,0
7395,icious,23,1
7536,Ġforb,23,0
7683,itate,23,0
7844,Ġrab,23,2
7942,hered,23,2
8085,Ġnarr,23,0
8137,ults,23,0
8195,Ġtort,23,54
8238,stream,23,1
8473,ĠLib,23,0
8742,Ġclo,23,36
8762,illes,23,0
9133,lete,23,3
9309,bec,23,0
9425,ilton,23,0
9531,ighters,23,1
9595,inging,23,2
9761,elia,23,0
10624,iley,23,1
10849,isy,23,15
11169,mand,23,0
11360,imental,23,0
11445,rome,23,0
11499,umer,23,0
11537,SR,23,1
11583,ASA,23,0
11602,aning,23,13
11604,llas,23,1
11656,tion,23,0
11724,Ġunim,23,0
11811,Ġlun,23,2
11869,oen,23,2
11874,ĠFut,23,1
12200,Ġdun,23,5
12222,pending,23,0
12440,orb,23,0
12974,ulse,23,0
13138,ITH,23,2
13239,omic,23,0
13454,ĠMask,23,0
13765,ĠYugoslav,23,0
14058,IX,23,3
14307,uity,23,1
14375,yards,23,0
14638,Ġling,23,0
14844,elf,23,1
14959,borne,23,1
15022,Ġdeleg,23,0
15247,agen,23,0
15254,Ġobl,23,0
15329,Ġaver,23,0
15557,Ġoct,23,4
16022,ĠSug,23,0
16515,umbers,23,0
16615,stad,23,0
16718,Ġfluor,23,0
16878,ucc,23,11
17048,opy,23,1
17138,itus,23,0
17187,awk,23,0
17407,ayan,23,0
17472,afed,23,0
17880,ĠWE,23,268
17907,ĠAlber,23,0
17909,ĠBrun,23,0
18320,uru,23,0
18326,ilant,23,18
18334,ĠLic,23,0
19013,rus,23,14
19177,CHA,23,3
19406,Ġsadd,23,0
19551,Ġphilosoph,23,0
19609,tw,23,3
19649,ĠDAR,23,70
19792,rays,23,0
19826,ĠWend,23,0
19995,Ġbaff,23,0
20039,ĠVern,23,0
20174,shed,23,0
20193,Ġdens,23,1
20214,ĠPit,23,0
20526,ukk,23,0
20641,Ġfern,23,30
20837,yre,23,0
20861,ĠSAM,23,6
21058,vill,23,0
21174,ĠRee,23,1
21278,Ġreproach,23,0
21325,mid,23,0
21427,ibus,23,0
21594,group,23,0
21672,Ġconsort,23,0
21685,Ġfootpath,23,7
21878,ĠWien,23,0
21973,ĠPhilos,23,0
22115,Ġtopp,23,118
22133,ĠBless,23,0
22413,sell,23,0
22421,ĠBrig,23,4
22580,ĠArchitect,23,1
22706,stat,23,0
22724,ĠHare,23,0
23620,Ġnoun,23,0
23647,ĠWA,23,14
23662,ĠLud,23,0
23663,ĠGou,23,2
23667,ĠRuff,23,0
23965,eted,23,3
23974,ĠHK,23,0
23987,Ġlik,23,1
24048,ells,23,0
24669,ĠAx,23,1
24670,ĠAchie,23,0
24681,ĠCant,23,1
24683,ĠMist,23,0
25020,vil,23,0
25088,Ġvind,23,0
25396,main,23,1
25398,mere,23,0
25420,anza,23,1
25493,Ġoverr,23,0
25550,uca,23,1
25772,rants,23,3
25803,ĠIch,23,0
25808,Ġheter,23,1
25826,ĠHaz,23,0
25883,ipa,23,0
25917,ĠAlbum,23,0
25941,beck,23,0
26164,TM,23,1
26177,log,23,0
26188,witted,23,0
26296,ango,23,0
32406,!...,23,1
32407,"""'",23,0
32408,"""----",23,0
32409,DE,23,5
32411,Dad,23,0
32413,High,23,0
32414,Hush,23,0
32415,Lem,23,0
32416,Med,23,0
32417,Met,23,0
32418,Make,23,0
32420,Over,23,0
32421,Page,23,0
32422,PER,23,16
32423,RT,23,2
32424,Roy,23,1
32426,Rock,23,0
32427,SB,23,0
32428,Sa,23,0
32429,Spe,23,0
32430,UND,23,2
32431,VES,23,11
32432,].,23,0
32433,_--,23,0
32434,buck,23,2
32435,birth,23,0
32437,camp,23,0
32438,drug,23,0
32439,dori,23,0
32443,http,23,0
32445,love,23,0
32446,lord,23,0
32447,living,23,1
32448,morning,23,0
32449,national,23,1
32450,oz,23,0
32453,poss,23,0
32455,pointed,23,0
32459,rack,23,0
32464,sent,23,0
32465,sch,23,0
32466,said,23,0
32468,Ġtresp,23,0
32469,Ġtighter,23,0
32470,Ġtugging,23,1
32471,Ġtabs,23,3
32474,Ġwre,23,0
32475,Ġwail,23,0
32477,Ġwailed,23,0
32478,Ġwrenched,23,0
32479,Ġoz,23,0
32480,Ġore,23,5
32481,Ġoats,23,0
32482,aty,23,0
32483,Ġcables,23,24
32485,aner,23,5
32487,enza,23,1
32488,Ġfust,23,0
32489,Ġfused,23,0
32490,ority,23,0
32492,Ġmakin,23,0
32494,Ġpip,23,2
32495,Ġpitted,23,1
32496,Ġpiers,23,0
32497,Ġpails,23,4
32498,Ġpoodle,23,43
32499,Ġhovered,23,0
32500,Ġdusky,23,0
32501,Ġinline,23,17
32502,arg,23,0
32503,ĠTE,23,21
32504,ĠTah,23,3
32506,ĠTatt,23,8
32507,ĠTulsa,23,0
32509,Ġnasal,23,0
32510,icent,23,0
32513,Ġlousy,23,0
32515,ĠIF,23,2
32516,ĠILS,23,0
32518,ĠThem,23,0
32519,ĠAmber,23,1
32520,ĠAux,23,0
32521,ĠAEO,23,0
32524,Ġbeamed,23,0
32525,Ġbeacon,23,1
32527,Ġhealed,23,2
32531,Ġud,23,3
32533,Ġthatched,23,10
32536,ĠSage,23,0
32537,ĠSuez,23,0
32538,ĠSadiq,23,0
32540,Ġstaple,23,25
32541,Ġstilts,23,23
32543,irmed,23,0
32544,irana,23,0
32545,ĠCB,23,1
32546,ĠCoke,23,14
32547,ĠCogn,23,0
32548,ĠCalled,23,0
32549,ĠCivic,23,2
32552,Ġwhirling,23,0
32554,ĠBere,23,0
32556,ĠBacon,23,3
32557,ĠBowness,23,0
32558,Ġhaunts,23,0
32559,ĠHiss,23,0
32562,chus,23,0
32563,changing,23,0
32564,ilis,23,0
32566,ĠPub,23,2
32567,ĠPyr,23,1
32568,Ġkits,23,9
32569,anding,23,4
32572,Ġrn,23,0
32573,Ġrake,23,28
32574,ĠWare,23,8
32575,ĠWedding,23,6
32576,Ġdepl,23,0
32577,Ġfris,23,14
32579,Ġmanhood,23,0
32581,unless,23,0
32582,ĠFill,23,1
32585,ĠDR,23,115
32586,ĠDai,23,0
32589,ĠDSM,23,0
32590,ĠDomingo,23,0
32591,emann,23,0
32592,ĠNE,23,112
32593,ĠNast,23,0
32594,ĠNaked,23,6
32595,ĠNIST,23,0
32597,Ġplow,23,12
32598,Ġplundered,23,0
32600,ĠGTE,23,0
32601,ĠGomez,23,2
32603,ĠRik,23,0
32604,ĠRoma,23,1
32605,ĠRectory,23,0
32607,ĠJA,23,0
32611,outing,23,5
32613,Ġsoars,23,0
32614,Ġleaking,23,3
32615,Ġalgebra,23,0
32616,ĠEg,23,0
32617,ĠEuras,23,0
32620,Ġoutages,23,0
32621,ffen,23,0
32622,ĠHearing,23,0
32623,ĠOj,23,0
32624,ĠOceana,23,0
32626,ongo,23,39
32627,astro,23,0
32628,agency,23,0
32629,Ġyere,23,0
32630,odon,23,0
32631,ifi,23,0
32632,Ġmyr,23,0
32633,Ġclippings,23,1
32636,ĠYo,23,0
32638,ĠKamp,23,0
32639,ĠKoch,23,0
32641,Ġblog,23,0
32642,Ġblurred,23,165
32643,Ġdonor,23,0
32644,ĠSty,23,9
32645,ĠStage,23,6
32646,ĠStella,23,3
32647,Ġenumer,23,0
32650,Ġunload,23,0
32651,Ġuneducated,23,0
32652,Ġoverrun,23,0
32653,Ġovercoat,23,20
32655,Ġworkman,23,6
32656,Ġsprou,23,40
32657,Ġspasm,23,0
32658,ĠChub,23,0
32661,ĠVila,23,0
32662,Ġresolving,23,0
32664,Ġcontamination,23,0
32665,Ġdowncast,23,0
32666,Ġscoop,23,31
32667,ordered,23,0
32668,Ġimpulsive,23,0
32669,Ġchildless,23,0
32670,Ġbrothel,23,0
32672,Ġguinea,23,15
32674,Ġcrumbled,23,2
32677,Ġwhereof,23,0
32678,Ġrepaid,23,0
32679,Ġrepulsive,23,0
32680,Ġrepulsed,23,0
32681,Ġcoined,23,0
32682,Ġrecitation,23,0
32684,"?"".",23,0
32688,Ġwrithing,23,0
32689,Ġemulate,23,0
32691,ĠAlone,23,0
32692,identally,23,0
32693,Ġrelocation,23,0
32694,Ġrelocated,23,0
32695,ibel,23,0
32697,Ġinciner,23,1
32698,Ġincarnation,23,0
32700,Ġache,23,1
32701,Ġprescriptions,23,1
32705,Ġska,23,2
32706,Ġskiff,23,2
32708,Ġglossy,23,3
32709,Ġevocative,23,0
32710,Ġswirl,23,36
32711,Ġserviced,23,2
32713,Ġmonastic,23,0
32714,Ġsubsection,23,0
32716,Ġprogrammed,23,0
32717,Ġkindled,23,0
32718,Ġterrazzo,23,0
32719,ĠLeather,23,13
32720,ĠLevel,23,0
32721,ĠMari,23,15
32722,ĠMarge,23,0
32723,ĠMarley,23,4
32724,ĠMaritime,23,1
32725,lingen,23,0
32726,Ġ1814,23,0
32728,ĠIndus,23,0
32729,ologic,23,0
32730,Ġdiscrete,23,0
32731,Ġdiscovers,23,0
32733,Ġpopes,23,0
32734,Ġpayers,23,0
32736,ĠSham,23,0
32738,ĠShipping,23,1
32739,Ġbooked,23,0
32740,Ġbooklet,23,15
32742,ĠReaders,23,0
32744,Ġridin,23,1
32747,Ġnightmares,23,0
32749,Ġsnouted,23,0
32750,Ġelites,23,0
32751,Ġmarches,23,4
32752,Ġmarigolds,23,0
32753,ĠIsmail,23,0
32756,Ġdrilling,23,0
32758,Ġcommunal,23,0
32759,Ġcommunists,23,0
32760,ĠBeen,23,0
32761,Ġtwelfth,23,0
32762,Ġfootman,23,0
32763,Ġfootwear,23,3
32764,Ġconfer,23,0
32765,Ġstatuary,23,0
32767,Ġdirects,23,0
32768,Ġinsin,23,0
32769,Ġinsults,23,0
32771,Ġviewer,23,85
32772,Ġdevelops,23,0
32773,ĠCarac,23,0
32775,notes,23,0
32776,ĠPride,23,3
32777,Ġprotagonist,23,0
32778,Ġlooms,23,6
32779,Ġconcussion,23,0
32780,Ġpatched,23,5
32782,Ġshortcomings,23,0
32783,Ġpastor,23,3
32784,Ġpastry,23,179
32786,Ġpractise,23,0
32787,ĠZIP,23,1
32788,ĠQing,23,0
32789,Ġsatin,23,4
32790,Ġgrowers,23,0
32791,Ġbedding,23,8
32792,Ġfreeing,23,0
32793,Ġrisked,23,0
32795,ERAL,23,2
32796,Ġ151,23,5
32797,ĠToxic,23,0
32798,Ġannals,23,0
32799,ĠTracking,23,0
32800,ĠExample,23,0
32801,ĠGuards,23,0
32802,ĠGuides,23,0
32804,increasing,23,0
32805,Ġsweeter,23,3
32806,Ġexcite,23,0
32807,ĠBarge,23,0
32808,ĠBarlow,23,0
32809,Ġlimping,23,0
32810,Ġquickened,23,0
32811,Ġactivated,23,1
32812,ĠGoal,23,3
32814,Ġsquirt,23,27
32815,ĠPerak,23,0
32817,ĠPerakia,23,0
32818,ĠFrenchman,23,0
32819,ĠCalder,23,0
32820,ĠĠĠĠĠĠĠĠĠĠĠĠĠĠĠĠĠĠĠĠ,23,0
32821,Ġstepson,23,0
32822,ocratic,23,0
32823,Ġshipyard,23,0
32824,ĠUSDA,23,0
32826,Ġlabored,23,1
32827,ĠAbilene,23,0
32828,Ġapologies,23,0
32829,Ġapathy,23,0
32831,Ġcenterpiece,23,19
32833,Ġchancel,23,0
32835,ĠMalok,23,0
32836,ĠMalamud,23,0
32837,Ġarchbishop,23,0
32838,Ġeventual,23,0
32839,Ġindustrious,23,0
32840,Ġordained,23,0
32843,Ġsupermarkets,23,0
32845,ĠWhitebelly,23,0
32846,Ġantics,23,0
32847,ĠMonkey,23,1
32848,ĠMonarchy,23,0
32849,ĠParticularly,23,0
32850,ĠEmil,23,0
32852,Ġstaffs,23,2
32853,ĠMuseu,23,0
32854,whose,23,0
32855,Ġmessengers,23,0
32856,TERS,23,3
32857,Ġhugely,23,0
32858,walker,23,0
32859,loving,23,0
32861,Ġbroadband,23,0
32862,Ġgardeners,23,0
32863,Ġtrusts,23,0
32864,ĠCoat,23,2
32865,ĠMadh,23,0
32866,Ġhospitable,23,0
32867,Ġprevail,23,0
32869,ĠEastwood,23,0
32870,ĠGlory,23,1
32871,Ġshareholder,23,0
32872,Ġfleets,23,0
32874,Ġsenseless,23,0
32876,Ġinns,23,0
32877,flops,23,135
32878,breaker,23,18
32880,Ġundulating,23,1
32881,Ġstorming,23,0
32882,Ġinitiation,23,0
32883,Ġhunched,23,21
32884,ĠBoyd,23,0
32885,ĠDisability,23,0
32886,Ġwealthiest,23,0
32887,ISE,23,6
32889,Ġrebirth,23,0
32890,Ġpurses,23,56
32891,Ġbombings,23,0
32892,Ġbravest,23,0
32893,ITION,23,68
32894,Ġpossessing,23,0
32895,ĠAssociates,23,0
32896,Ġheroism,23,0
32897,Ġ609,23,0
32898,bono,23,0
32899,1998,23,0
32900,Ġsouthernmost,23,0
32901,ĠLucia,23,0
32902,Ġsprays,23,12
32903,ĠJudges,23,0
32904,ĠSingles,23,0
32905,Ġwitches,23,2
32907,ĠConsumers,23,0
32910,Ġjourneyed,23,0
32912,Ġinformative,23,0
32913,Ġrestricting,23,0
32914,Ġdetergent,23,4
32915,ĠRelief,23,0
32917,Ġpaired,23,1
32918,Ġfamiliarity,23,0
32919,ĠModer,23,0
32920,Ġresorted,23,0
32921,Ġtimbered,23,0
32922,ĠDOG,23,70
32923,ĠPanhandle,23,0
32924,ĠSubpart,23,0
32926,Champ,23,0
32927,ĠTerre,23,0
32928,Ġdisagreements,23,0
32929,Ġsmartly,23,6
32930,Ġblindly,23,0
32931,imposed,23,0
32932,Ġponderous,23,0
32934,ĠMelrose,23,0
32935,ĠMelissa,23,0
32936,ĠWolfgang,23,0
32937,ĠMonde,23,0
32938,ĠWinters,23,0
32939,ĠRomantic,23,0
32941,Ġtonic,23,0
32942,Ġtaluk,23,0
32943,ĠArchbishop,23,0
32944,ĠCostner,23,0
32946,Ġutterance,23,0
32947,ĠSuperman,23,4
32948,ĠDefence,23,0
32949,Ġcropped,23,22
32951,Ġcommissioner,23,0
32952,Ġsympathetically,23,0
32953,ĠTorre,23,0
32954,ĠJacksonville,23,0
32955,ĠImpossible,23,0
32956,Ġrampant,23,0
32957,ĠAvoid,23,0
32958,ĠBihar,23,0
32959,moving,23,1
32960,Ġmorsel,23,1
32961,ĠEduardo,23,0
32962,Ġapplicability,23,0
32963,ĠVolvo,23,5
32964,ĠPotential,23,0
32965,ĠPotato,23,1
32966,ĠPotassium,23,0
32967,ĠFIRST,23,22
32968,Ġfetched,23,0
32970,Ġ1856,23,0
32972,Ġnobleman,23,0
32973,Ġadventurer,23,1
32974,Ġhalting,23,1
32975,ĠPassengers,23,28
32976,ĠJourney,23,0
32978,Ġgraphs,23,2
32979,Ġgraphical,23,0
32980,Ġpersuasion,23,0
32981,Ġmythic,23,0
32982,Ġwarship,23,0
32983,Ġsneaking,23,0
32985,Ġunwelcome,23,0
32986,ĠBordeaux,23,0
32987,Ġadvisors,23,0
32988,Ġallocations,23,0
32989,Ġinventories,23,0
32990,ĠRuby,23,1
32991,ĠCaribs,23,0
32992,Ġselective,23,0
32993,Ġregrets,23,1
32995,Ġmodestly,23,0
32996,Ġcompositions,23,0
32997,Ġcloaks,23,5
32998,Ġprosecute,23,0
32999,Ġprosecuted,23,0
33000,1984,23,0
33001,1987,23,0
33002,Ġexploiting,23,0
33003,Ġscripting,23,0
33004,Ġscriptures,23,0
33005,ĠLowe,23,0
33006,ĠLowell,23,0
33007,Ġfoolishness,23,0
33009,Ġmoods,23,0
33010,Ġsorrows,23,0
33011,ĠMohammad,23,0
33012,Ġdictate,23,0
33013,ĠThursdays,23,0
33014,ĠNagano,23,0
33015,Ġutilization,23,0
33016,pronounced,23,0
33017,ĠLimit,23,0
33018,Ġsaucepan,23,1
33019,ĠBrando,23,0
33020,Ġprecedent,23,0
33021,ĠBatman,23,5
33022,Ġhelplessly,23,0
33023,Ġcollaborate,23,0
33024,ĠKashmiris,23,0
33026,Ġvitality,23,0
33027,ĠSetting,23,1
33028,ĠCouldn,23,0
33030,Ġcuisines,23,2
33031,Ġsultanate,23,0
33032,Ġbarked,23,0
33033,Ġadmirers,23,0
33034,Ġcurrencies,23,0
33035,ĠBehavior,23,0
33036,ĠBeatrix,23,0
33037,Ġacknowledges,23,0
33038,Ġtherapist,23,0
33039,ĠCatalan,23,0
33040,ĠBandicoot,23,0
33041,Ġparallels,23,0
33042,Ġunremarkable,23,0
33043,Ġshields,23,27
33044,Ġvineyard,23,1
33045,between,23,65
33046,Ġsoothe,23,0
33047,Uncle,23,0
33048,Ġsolicitor,23,1
33050,Ġgirlfriends,23,3
33051,1973,23,0
33052,Ġillustrative,23,0
33054,ĠPadua,23,0
33055,Ġchuckle,23,0
33056,ĠONE,23,141
33057,Ġreclining,23,33
33059,Ġprelate,23,0
33060,ĠSepulcher,23,0
33061,Ġreorganized,23,0
33062,Ġorphans,23,0
33063,Ġenforcing,23,0
33064,ĠInnov,23,0
33065,ĠPhysics,23,0
33066,Ġsurveying,23,2
33067,Ġcatering,23,2
33068,ĠBethany,23,0
33069,Ġbureaucratic,23,0
33070,ĠMatthews,23,0
33071,Ġcarelessness,23,0
33072,ĠFuller,23,2
33073,ĠBaptism,23,0
33074,Ġsynthesis,23,0
33076,ĠCinema,23,0
33077,ĠBrahmin,23,0
33078,lifers,23,0
33079,Ġtheatres,23,0
33080,ĠFacilities,23,0
33081,Ġdelegate,23,0
33082,ĠSagal,23,0
33084,Ġemigrated,23,0
33085,Ġchalkboard,23,36
33086,Ġardent,23,0
33087,Ġmuffins,23,8
33088,ĠMachine,23,0
33089,ĠOccup,23,0
33091,Ġblooms,23,3
33093,ĠActivism,23,0
33094,Ġgowns,23,52
33095,ĠLithuanian,23,0
33096,Ġdisturbance,23,0
33097,Ġpeanut,23,54
33098,ĠZionism,23,0
33099,compet,23,0
33100,Ġtissues,23,2
33101,Ġinherently,23,0
33102,ĠKilgore,23,0
33103,ĠLodo,23,0
33104,Ġsniffed,23,3
33105,ĠNikko,23,0
33107,ĠMustang,23,2
33108,ĠProspective,23,0
33109,ĠJohannes,23,1
33110,ĠChemistry,23,1
33112,Ġglamorous,23,3
33114,Ġfervently,23,0
33116,Ġslackened,23,0
33117,Ġlocomotives,23,5
33118,Ġfertilizer,23,0
33119,Ġaugmented,23,0
33121,Ġchristmas,23,52
33122,Ġdefects,23,0
33123,Ġthighs,23,7
33124,trip,23,0
33125,Ġhijackers,23,0
33126,Ġbaumannii,23,0
33127,ĠERISA,23,0
33128,Ġquestionnaire,23,0
33129,Ġcascade,23,0
33130,Ġdisappears,23,0
33131,ĠMintie,23,0
33133,Ġreloaded,23,0
33134,ĠMcMullin,23,0
33135,ĠGonzalez,23,1
33136,ĠCauseway,23,0
33137,ĠBelarusian,23,0
33138,Ġinterpreter,23,0
33139,ĠKeynesian,23,0
33140,Ġwielder,23,1
33141,ĠRoland,23,0
33142,Ġrehabilitation,23,0
33143,Ġdinghy,23,2
33144,ĠOwners,23,0
33145,ĠWeapon,23,0
33147,Ġrecollections,23,0
33148,Ġwreath,23,26
33149,Ġtoppled,23,1
33150,ĠBlessed,23,0
33151,ĠSylvia,23,0
33152,Ġexuberance,23,0
33153,ĠLehrer,23,0
33154,ĠHippodrome,23,0
33155,ĠMossad,23,0
33156,ĠShenzhen,23,1
33157,ĠBranstad,23,0
33158,Ġmultiplied,23,0
33159,ĠGertrude,23,0
33160,conditioned,23,0
33161,Pomfret,23,0
33162,Ġinaccurate,23,0
33163,ĠJeremy,23,1
33165,Ġbreakdancing,23,1
33166,ĠMcHale,23,0
33167,Austral,23,0
33170,Ġbromide,23,0
33172,ĠThrone,23,0
33173,Ġuninsured,23,0
33174,ĠScenario,23,0
33175,continental,23,0
33176,Ġenergies,23,0
33177,Ġcarcass,23,6
33178,Ġcollapsing,23,1
33179,ĠFirefighters,23,35
33180,ĠSapporo,23,0
33181,Ġhaughty,23,0
33182,ĠFugitive,23,0
33184,ĠGuinness,23,3
33185,Ġmonetized,23,0
33186,profile,23,1
33187,Ġplummeted,23,0
33188,Ġloopholes,23,0
33189,Ġseizure,23,0
33190,Ġcoefficients,23,0
33191,Ġcustodial,23,0
33192,Ġrestructuring,23,0
33193,Ġunmistakable,23,0
33195,ĠJemmy,23,0
33196,Ġunveiled,23,0
33197,Ġimpairment,23,1
33198,ĠProhibido,23,0
33199,Ġinfectious,23,0
33200,ĠCriteria,23,0
33201,ĠFavorite,23,0
33202,Ġabnormal,23,0
33203,Ġimpractical,23,0
33204,Ġengrossed,23,0
33205,ĠMontmartre,23,0
33206,Ġrenegade,23,1
33207,ĠHatshepsut,23,0
33208,Ġbookstores,23,0
33209,ĠHargarten,23,0
33210,Ġrebuttal,23,0
33211,ĠComprehensive,23,0
33212,Ġembargo,23,0
33213,ĠMYSTERY,23,0
33214,ĠiPhone,23,8
33215,Ġprodigious,23,0
33216,ĠBhairav,23,0
33217,ĠSaskatchewan,23,0
33218,ĠAtmospheric,23,0
33219,ĠFinkelstein,23,0
33220,Ġindispensable,23,0
33221,ĠDijon,23,0
33222,ĠZombies,23,2
33223,Ġperpendicular,23,13
33224,Ġbelfry,23,0
33225,Ġantibiotics,23,0
33226,ĠOkinawa,23,0
33227,Ġnocturnal,23,0
33228,ĠUttar,23,0
33229,ĠEisenhower,23,0
33230,ĠTutankhamun,23,0
33231,ĠDSPB,23,0
33232,Ġindebted,23,0
33233,ĠBrisbane,23,0
1507,ĠChr,22,1
1677,lish,22,4
1769,Ġvill,22,0
1994,hern,22,2
2122,Ġclim,22,1
2214,iful,22,1
2377,asure,22,0
2565,Ġhon,22,0
2638,Ġeduc,22,0
3541,Ġfle,22,0
3754,Ġrepe,22,0
3822,Ġtro,22,15
4829,idden,22,1
4993,ND,22,9
5520,uba,22,0
6355,cience,22,1
6890,onom,22,0
7123,Ġlic,22,15
7127,ĠAla,22,0
7447,enth,22,1
7712,Ġsulf,22,0
7800,Ġexpend,22,0
8136,ordin,22,0
8325,writer,22,0
8436,gery,22,0
8477,Ġintellect,22,0
8734,cription,22,1
9017,oise,22,5
9361,Ġwis,22,2
9489,hou,22,1
9528,ĠWel,22,0
9550,Ġuncom,22,1
9636,ĠJeth,22,0
9808,itures,22,1
9906,osaur,22,0
10060,onym,22,0
10103,Ġrend,22,4
10106,urred,22,20
10113,Ġbrid,22,2
10122,Ġsquir,22,5
10294,ĠEnter,22,0
10385,mates,22,6
10422,ĠConserv,22,0
10628,ĠBrid,22,0
10887,rage,22,0
10989,oret,22,49
11261,ĠHav,22,0
11316,vention,22,0
11333,ĠImper,22,0
11665,abel,22,1
11761,ĠTob,22,1
11826,pton,22,0
11924,cers,22,0
12089,cies,22,2
13169,itched,22,4
13210,break,22,3
13215,oosing,22,4
13327,ilies,22,0
13523,itations,22,0
13591,oibi,22,0
13648,ĠContin,22,0
13764,ousing,22,0
13954,ĠImm,22,0
14090,Ġelastic,22,3
14440,Ġpoo,22,19
14545,chin,22,28
14818,sed,22,1
14821,Ġware,22,1
14918,lore,22,0
14962,forward,22,0
15007,Ġtum,22,0
15162,azed,22,21
15487,Ġmuff,22,103
15689,Ġque,22,1
16006,ht,22,48
16136,Ġlac,22,0
16141,achers,22,3
16234,isive,22,0
16481,fol,22,1
16499,ĠSop,22,0
16502,urry,22,51
16594,HH,22,0
17133,jury,22,0
17154,opened,22,12
17272,Ġtad,22,13
17386,ĠTunis,22,0
17749,phorus,22,0
17842,inth,22,0
17946,Ġdeduct,22,0
18056,ĠClaud,22,0
18167,Ġshogun,22,0
18312,Ġhier,22,0
18367,iera,22,0
18503,Ġmane,22,96
18596,Ġunbelie,22,0
19235,izable,22,2
19282,unker,22,0
19464,Ġdispar,22,0
19647,ĠDy,22,0
20012,iry,22,5
20031,oco,22,1
20175,vious,22,0
20186,itous,22,0
20322,ienne,22,0
20450,respect,22,0
20554,Christ,22,0
20619,GU,22,7
20900,closed,22,1
21051,fires,22,0
21053,gence,22,0
21153,Ġdissemin,22,0
21157,weet,22,0
21407,Ġarche,22,2
21604,enes,22,0
21606,Ġmisc,22,0
21626,ĠBoc,22,0
21654,plan,22,1
21766,ĠKrak,22,0
22409,ĠSylv,22,0
22692,Ġdy,22,0
22828,rops,22,1
23161,etermin,22,2
23358,ĠEch,22,0
23368,ĠKud,22,0
23447,Ġshrub,22,10
23557,family,22,0
23594,jured,22,2
23815,ĠWheel,22,6
23925,gio,22,2
23943,Ġfiance,22,0
24034,ruff,22,2
24302,ĠSent,22,0
24332,Ġplaint,22,3
24382,tec,22,1
24412,ĠAdjust,22,0
24541,ĠLAD,22,3
24634,Sem,22,0
24678,ĠSmy,22,0
24729,itte,22,1
24733,iang,22,0
24809,prise,22,0
25013,cakes,22,3
25027,zon,22,1
25073,illon,22,0
25520,anked,22,1
25631,effect,22,0
25787,once,22,0
25850,ĠLig,22,0
25857,mentioned,22,0
25872,uding,22,0
25898,ĠVari,22,0
26201,Ġmun,22,1
26225,ĠMead,22,1
26230,ĠHann,22,1
26236,opia,22,0
26253,ĠDA,22,7
26310,ools,22,2
26554,stroke,22,2
26577,bee,22,20
26608,esp,22,0
26625,stage,22,0
26743,angel,22,0
26853,fields,22,0
33235,"""]",22,0
33236,750,22,0
33237,BR,22,7
33238,CAN,22,0
33239,DC,22,0
33240,Dou,22,0
33242,Had,22,0
33243,Ir,22,1
33246,Line,22,1
33247,NE,22,20
33248,North,22,0
33250,Res,22,0
33251,Since,22,0
33253,Water,22,0
33256,belt,22,16
33258,creat,22,0
33259,dry,22,2
33260,doors,22,5
33263,fed,22,4
33265,fishing,22,0
33266,fiction,22,0
33267,fruit,22,1
33269,gown,22,8
33271,gold,22,5
33273,locked,22,2
33274,male,22,1
33276,mouthed,22,0
33277,nay,22,6
33278,oil,22,1
33280,oji,22,0
33281,pad,22,61
33282,public,22,0
33283,pots,22,0
33285,rakia,22,0
33286,sit,22,1
33287,sufficient,22,0
33288,tos,22,0
33291,yar,22,0
33293,}],22,0
33295,Ġtaut,22,0
33296,Ġtides,22,1
33297,Ġtubs,22,12
33298,Ġtags,22,87
33300,heres,22,1
33301,Ġaids,22,1
33302,Ġaiding,22,0
33304,Ġsine,22,0
33305,Ġsiding,22,3
33306,Ġsissy,22,0
33307,Ġwoes,22,0
33308,Ġwickets,22,0
33309,Ġooh,22,1
33312,ndo,22,1
33313,atas,22,0
33317,Ġciv,22,3
33318,Ġcemeteries,22,0
33319,onte,22,0
33322,ouche,22,0
33326,another,22,1
33327,Ġfumbled,22,0
33328,Ġmime,22,12
33330,Ġmahar,22,0
33332,Ġpiped,22,1
33333,Ġpavilions,22,2
33334,Ġdime,22,0
33335,Ġdyes,22,2
33336,Ġducking,22,3
33337,Ġduli,22,0
33338,Ġinception,22,0
33339,Ġinaccessible,22,0
33340,arina,22,0
33343,ĠTinos,22,0
33344,ĠTeddy,22,26
33345,league,22,0
33346,Ġguru,22,0
33347,Ġgwine,22,0
33348,ĠIE,22,0
33349,ĠAGA,22,5
33351,idas,22,50
33354,Ġreap,22,0
33355,Ġreruns,22,0
33356,Ġhex,22,3
33357,Ġoncoming,22,18
33358,utation,22,0
33360,Ġul,22,2
33361,Ġurin,22,233
33362,acion,22,1
33364,ĠSS,22,4
33366,ĠSIR,22,0
33367,ĠSUN,22,11
33368,important,22,0
33370,Ġstellar,22,0
33373,uram,22,0
33377,ĠCream,22,10
33378,ĠCeleste,22,0
33380,ĠCyrus,22,1
33381,ĠMent,22,0
33383,Ġwhips,22,3
33384,ĠBare,22,24
33387,ĠBESSIE,22,0
33388,Ġhare,22,0
33389,Ġhailing,22,0
33390,Ġhavin,22,0
33391,Ġhazing,22,0
33392,Ġhavoc,22,0
33395,ĠHR,22,0
33396,ĠHunk,22,0
33397,chamber,22,0
33401,Ġrations,22,0
33402,Ġrumin,22,0
33403,Ġrousing,22,0
33404,Ġsewer,22,3
33405,Ġseclusion,22,1
33407,ĠWither,22,0
33408,ĠWanted,22,0
33411,usi,22,0
33412,user,22,1
33414,ĠFay,22,1
33416,ĠFAR,22,35
33417,ĠFIN,22,1
33418,ĠFiat,22,0
33419,ĠFruit,22,25
33420,ĠFATHER,22,5
33423,ĠDior,22,3
33424,ĠDanger,22,3
33425,ĠDNC,22,0
33428,Ġpropelled,22,1
33429,Ġplumber,22,0
33430,Ġplucked,22,0
33431,ĠLun,22,0
33432,ĠLour,22,0
33433,ĠLying,22,1
33435,ĠGaut,22,0
33436,ĠGraph,22,1
33437,ĠGolan,22,0
33439,ieved,22,0
33440,ĠRang,22,0
33444,ĠJade,22,1
33445,ĠJavier,22,0
33446,Ġknuckle,22,4
33448,Ġva,22,7
33449,Ġvi,22,2
33451,Ġviolet,22,37
33453,Ġjocks,22,0
33454,Ġjammed,22,0
33455,ĠEton,22,0
33456,ĠEden,22,2
33457,Ġoutraged,22,0
33458,Ġoutspoken,22,0
33460,ĠHear,22,0
33461,ĠHeian,22,0
33463,Ġupstate,22,0
33464,Ġtru,22,0
33466,ocar,22,0
33467,ĠThinking,22,0
33468,ĠThoreau,22,0
33471,Ġcling,22,0
33473,ĠYuf,22,0
33475,Ġ204,22,0
33476,ĠKah,22,0
33479,plates,22,0
33480,Ġroster,22,0
33482,Ġbladder,22,0
33483,Ġdiabetes,22,0
33485,actic,22,0
33488,ĠStoke,22,0
33490,Ġuncles,22,0
33491,Ġunequ,22,0
33492,Ġoverpower,22,0
33493,Ġcompression,22,1
33494,Ġquits,22,1
33495,Ġquoting,22,0
33497,Ġspiders,22,32
33498,ĠChir,22,0
33499,ĠChania,22,0
33503,Ġgraced,22,1
33505,ĠVine,22,0
33506,otherapy,22,0
33508,Ġscape,22,0
33510,Ġgoodwill,22,0
33512,Ġimpot,22,0
33513,Ġimputed,22,0
33514,Ġbraced,22,0
33516,Ġfling,22,0
33517,Ġflanks,22,0
33518,Ġpoised,22,4
33519,Ġolds,22,0
33521,obacter,22,0
33522,Ġmenacing,22,0
33523,Ġwherefore,22,0
33524,Ġhandbag,22,76
33526,Ġcole,22,5
33527,Ġcoke,22,63
33528,Ġhereafter,22,0
33533,Ġslumped,22,6
33535,Ġboasting,22,0
33536,Ġbohemian,22,5
33537,Ġcountess,22,0
33539,Ġshowered,22,0
33540,Ġwatery,22,6
33542,Ġacronym,22,0
33543,Ġhomeowners,22,0
33544,Ġpresided,22,0
33545,elli,22,1
33546,Ġfiner,22,0
33548,Ġdecency,22,0
33549,Ġstrands,22,8
33550,Ġglories,22,0
33551,Ġglitter,22,0
33552,Ġopium,22,0
33555,ĠLey,22,0
33556,ĠĠĠĠĠĠĠĠĠĠĠĠ,22,0
33557,Ġteller,22,3
33558,Ġ182,22,0
33559,Ġ1829,22,0
33560,Ġgenome,22,0
33561,Ġwarlocks,22,0
33562,Ġexpulsion,22,0
33563,Ġredo,22,0
33565,Ġphalanx,22,0
33566,ĠClubs,22,0
33567,Ġvisibly,22,6
33569,shaded,22,1
33570,ĠShu,22,0
33571,Ġrealizes,22,0
33573,Ġminivan,22,60
33574,ĠReh,22,0
33575,existent,22,0
33576,Ġdefy,22,0
33577,Ġevergreen,22,12
33578,Ġcleft,22,1
33579,Ġmusings,22,0
33583,ĠAdrian,22,0
33584,Ġ6500,22,0
33585,Ġaffiliation,22,0
33586,Ġvalves,22,1
33587,ĠProblem,22,0
33588,Ġcreaking,22,0
33589,Ġconfided,22,0
33591,Ġstatistic,22,0
33593,Ġimportantly,22,0
33594,Ġinsanity,22,0
33596,standard,22,0
33597,Ġhotdogs,22,79
33598,Ġcampanile,22,0
33599,Ġinfants,22,11
33600,Ġinfidels,22,0
33601,ĠCarolyn,22,0
33602,Ġsteed,22,0
33604,Ġoppression,22,0
33606,Ġparried,22,0
33607,Ġparlour,22,0
33608,ĠChristine,22,0
33609,Ġbarrage,22,0
33610,Ġheartless,22,0
33612,Ġcausality,22,0
33614,Ġanimator,22,0
33615,Ġtempered,22,0
33616,Ġcutter,22,47
33618,ĠZak,22,0
33620,Ġbenefactor,22,0
33621,Ġgenerates,22,0
33622,Ġreplicas,22,0
33623,1966,22,0
33624,ĠScream,22,1
33625,ĠScalia,22,0
33626,ĠScopus,22,0
33628,Ġdarkly,22,7
33629,ĠSeas,22,0
33630,ĠSelected,22,0
33631,boarding,22,7
33632,ĠGuj,22,0
33633,ĠGuests,22,0
33635,Ġswearing,22,1
33636,Ġ123,22,2
33637,Ġ124,22,0
33638,Ġ164,22,0
33639,Ġburrow,22,0
33640,Ġgrassland,22,3
33641,Ġhairs,22,6
33642,ĠActors,22,7
33643,ĠGoes,22,0
33644,Ġportico,22,1
33645,ĠPercent,22,0
33646,Ġtroupe,22,38
33647,ĠTHey,22,0
33648,ĠDavidson,22,6
33649,Ġsalty,22,2
33651,Ġgrandest,22,0
33653,ĠByron,22,0
33654,ĠAmes,22,0
33655,ĠAmid,22,0
33657,Ġsandbox,22,15
33658,Ġspecialties,22,0
33659,ĠPolk,22,0
33660,Ġfellers,22,0
33661,Ġcalcium,22,0
33662,Ġ145,22,2
33663,Ġpalis,22,0
33664,Ġdevils,22,1
33665,Ġgeneralization,22,0
33666,Ġflooring,22,3
33668,ĠElena,22,0
33669,Ġ136,22,1
33671,ĠSlav,22,0
33674,ĠMonarch,22,1
33677,ĠGoverness,22,0
33678,Ġcirculated,22,0
33679,Ġcleanliness,22,0
33680,Ġbrightened,22,0
33681,ĠFranken,22,0
33683,Ġcauseway,22,0
33684,Ġmisuse,22,0
33685,Ġbroadcaster,22,0
33686,Ġkillings,22,0
33689,ĠAgatha,22,0
33691,ĠCocteau,22,0
33692,ĠMenes,22,0
33693,ATES,22,5
33694,Ġalcoholics,22,0
33695,Ġpricey,22,0
33696,Ġprevailing,22,0
33697,ONG,22,46
33698,setting,22,0
33699,ĠRoyale,22,0
33700,Ġimagining,22,0
33701,Ġignomin,22,0
33702,liners,22,1
33703,ĠLouisian,22,0
33704,ĠBerger,22,0
33706,Ġimmoral,22,0
33707,Ġrailroads,22,1
33708,ĠRosy,22,0
33709,Ġconvicts,22,0
33711,Ġfreshness,22,0
33712,ĠDesk,22,8
33714,ĠLoan,22,0
33715,ĠAngels,22,7
33716,ĠAngela,22,0
33717,Ġdegli,22,0
33719,Ġgripping,22,6
33720,Ġextraordinarily,22,0
33721,color,22,9
33722,Ġsurvives,22,0
33723,Ġdenials,22,0
33725,Ġpunishing,22,0
33727,Ġfrequencies,22,0
33728,Thou,22,0
33729,Ġretirees,22,0
33730,Ġpaneling,22,4
33731,Ġweakly,22,0
33732,Ġmanufactures,22,0
33733,Ġmagnets,22,19
33734,Ġguardians,22,0
33735,ĠMilo,22,0
33736,Ġbullied,22,0
33737,Ġcoolness,22,0
33738,Ġirrad,22,0
33739,ĠSimova,22,0
33740,Ġoccupant,22,4
33742,ĠMerit,22,0
33744,Ġforthwith,22,0
33745,ITE,22,526
33746,ĠRecording,22,0
33747,ĠContact,22,0
33748,Ġscheduling,22,0
33749,Ġbriefing,22,0
33750,Step,22,0
33751,Ġprospered,22,0
33752,ĠGoldman,22,0
33753,Ġwheelchairs,22,32
33754,Ġwetlands,22,0
33755,Ġwithered,22,0
33756,iye,22,6
33757,Ġbottoms,22,79
33758,ĠCommunities,22,0
33759,ĠCommunists,22,0
33760,Ġgeographically,22,0
33761,Ġconcerted,22,0
33762,Ġrapidity,22,0
33763,Ġappreciative,22,0
33764,ĠWilbur,22,0
33765,ĠMagnet,22,0
33766,Ġsubmitting,22,0
33768,yellow,22,14
33769,Ġadministratively,22,0
33770,ĠDirections,22,0
33772,ĠCorrie,22,0
33773,Ġattends,22,1
33774,Ġevaluates,22,0
33775,Ġimplicated,22,0
33776,Ġpigtails,22,93
33777,Ġinterventionists,22,0
33778,ĠCamel,22,0
33780,ACH,22,37
33782,Ġlifes,22,19
33784,ĠCanadiens,22,0
33786,Ġwitnessing,22,0
33787,ĠHamilcar,22,0
33788,ĠWalrus,22,0
33789,Ġfondly,22,0
33790,Ġpsychic,22,2
33791,Ġventuring,22,0
33792,ĠIntervention,22,0
33794,Ġterminate,22,0
33795,Ġrevolts,22,0
33796,ĠSilva,22,1
33797,Ġcertifications,22,0
33798,Ġchests,22,35
33799,ĠGovernorate,22,0
33800,ĠZealander,22,0
33801,ĠForever,22,0
33802,Ġdemocrat,22,0
33804,Ġfaulty,22,0
33807,ĠCrossland,22,0
33808,ĠGallo,22,0
33809,Ġratios,22,0
33810,Ġsequels,22,0
33811,Ġsequences,22,0
33812,Ġbayonet,22,3
33813,Ġaccompaniment,22,2
33814,Ġluxuries,22,0
33815,ĠMahdrusa,22,0
33816,Ġprincipally,22,0
33817,ĠFCIC,22,0
33818,Ġrecklessly,22,0
33819,Ġcyber,22,0
33820,ĠHorror,22,0
33821,ĠHoratio,22,0
33822,Ġrejecting,22,0
33823,Ġvenerated,22,0
33824,Ġindustrialist,22,0
33825,Ġvacationers,22,0
33826,ĠSolar,22,0
33828,Ġfleeting,22,0
33829,Ġcouncils,22,0
33830,ĠHyper,22,0
33831,Ġniches,22,0
33832,Ġhydrant,22,181
33833,ĠBusinesses,22,0
33834,Ġsneer,22,0
33836,ĠMirror,22,8
33837,Ġnarrated,22,0
33838,player,22,7
33839,played,22,0
33841,Ġbuffer,22,1
33842,ĠNapoleonic,22,0
33843,Ġscandalous,22,0
33844,Ġinventing,22,0
33845,ĠSudan,22,2
33846,ĠSaxe,22,0
33847,Ġintellectually,22,0
33848,ĠAddams,22,0
33849,ĠInvestments,22,0
33850,Ġincidentally,22,0
33852,Ġhorned,22,21
33853,1988,22,0
33854,ĠFunds,22,0
33855,ĠFundament,22,0
33856,Ġbathrooms,22,8
33857,ĠRenoir,22,0
33858,Ġkneel,22,4
33859,Ġ1836,22,0
33860,Ġupdates,22,0
33861,Ġupdating,22,1
33862,Ġbooster,22,7
33863,Ġabundantly,22,0
33864,ĠEmerald,22,0
33865,Ġexceptionally,22,0
33866,Ġanalysed,22,0
33867,Ġarcaded,22,0
33868,Clinton,22,0
33869,ĠFuj,22,0
33870,Ġfacilitated,22,0
33871,Ġentitlement,22,0
33872,ĠNagoya,22,0
33873,Ġfeverish,22,0
33874,Ġlodged,22,0
33875,Ġlodgings,22,0
33876,ĠCassell,22,0
33877,Ġenveloped,22,0
33878,ĠCreation,22,0
33879,osaurs,22,0
33880,osaurus,22,0
33881,Ġwrecks,22,1
33882,Ġsloppy,22,0
33883,Conf,22,0
33884,ĠFelix,22,0
33885,ĠFreeman,22,0
33886,ĠArmey,22,0
33887,Ġlandlady,22,0
33888,Ġmaidens,22,0
33889,ĠDevils,22,0
33890,Ġpups,22,0
33891,ĠDriver,22,2
33893,ĠTryphosa,22,0
33894,ĠHasan,22,0
33895,Ġenactment,22,0
33896,ĠBridges,22,0
33897,afternoon,22,1
33898,Ġliniment,22,0
33899,ĠRapid,22,0
33900,Ġunconventional,22,0
33901,Ġolives,22,106
33902,ĠSigns,22,0
33903,ĠSignature,22,0
33904,Ġtragedies,22,0
33905,ĠKatz,22,0
33906,Ġstrollers,22,29
33907,Ġmolecule,22,0
33908,ĠPutting,22,2
33909,alaya,22,0
33910,Ġchaotic,22,1
33911,Ġintruder,22,0
33913,ĠIncrease,22,1
33914,ĠSoutine,22,0
33915,ĠPirate,22,2
33916,Ġcontemptuously,22,0
33917,Ġadaptations,22,0
33918,ĠEthnic,22,3
33919,Ġwalnuts,22,1
33920,Amor,22,0
33921,Ġbassist,22,6
33922,Ġsoothed,22,0
33923,Ġmajesty,22,0
33924,ĠBoxing,22,1
33925,Ġbrutality,22,0
33926,Ġsupplemental,22,0
33928,Ġillustrating,22,0
33929,ĠLogan,22,0
33930,Ġ1707,22,0
33931,Ġirritation,22,0
33933,Ġlegitim,22,0
33934,ĠTanaka,22,0
33935,ĠStrike,22,1
33936,Ġmackerel,22,0
33938,Ġorchards,22,0
33939,ĠMansions,22,0
33940,ĠWaals,22,0
33941,Ġcontemplate,22,0
33942,Ġpapacy,22,0
33943,ĠContinuing,22,0
33944,Ġfretting,22,0
33945,Ġextravagance,22,0
33946,akuji,22,0
33947,ĠArnhem,22,1
33948,drama,22,0
33949,Ġconstituents,22,0
33950,ĠCOMM,22,1
33951,ĠBrahman,22,0
33952,ĠQuestion,22,0
33953,Ġrevelations,22,0
33954,Ġovercame,22,0
33955,ĠKumar,22,0
33956,Ġrefreshment,22,4
33957,Ġdesserts,22,24
33958,Ġexhausting,22,0
33959,ĠManganese,22,0
33960,Ġcompatibility,22,0
33962,Ġaveraged,22,0
33963,Ġmuffler,22,0
33964,ĠFlatiron,22,0
33965,ĠTudor,22,1
33966,Ġnonexistent,22,0
33967,ĠMutiny,22,0
33969,Ġbloated,22,0
33970,Ġmolasses,22,0
33971,Ġseminars,22,0
33972,ĠPonte,22,0
33973,Ġrollerblades,22,78
33974,Ġrollerblader,22,9
33975,Ġgingerbread,22,20
33976,Ġsurmised,22,0
33977,Ġmisunderstood,22,0
33978,Ġsoothingly,22,0
33979,Ġquintiles,22,0
33980,Ġmonotony,22,0
33981,Ġparameter,22,0
33982,Ġmending,22,5
33983,Ġsarcastic,22,1
33984,Ġprevalence,22,0
33985,ĠRegarding,22,0
33986,Ġdwarfs,22,7
33987,Ġcrusade,22,0
33988,Ġplaques,22,10
33989,Ġsuitcases,22,84
33991,ĠSzary,22,0
33992,ĠHydraulic,22,0
33994,ĠSevila,22,0
33995,Ġsuperstition,22,0
33996,ĠCannes,22,0
33997,ĠReconciliation,22,0
33998,ĠPapua,22,0
33999,Ġscanty,22,0
34000,tempered,22,0
34001,Ġannexed,22,0
34003,ĠConnolly,22,0
34004,Ġvolatility,22,0
34005,ĠPatriots,22,0
34006,Ġunderestimate,22,0
34007,Ġshrieks,22,0
34008,ĠGreta,22,0
34010,Ġcrocodiles,22,1
34011,Ġturrets,22,0
34012,Ġstalks,22,21
34013,ĠYangZi,22,0
34014,Ġbouncing,22,6
34015,Ġoverdose,22,0
34016,Ġoverhaul,22,0
34017,Ġcommencement,22,1
34018,Ġoysters,22,2
34019,Ġdeprived,22,0
34020,ĠHobart,22,0
34022,ĠRuskin,22,0
34023,Ġunrealistic,22,0
34024,Ġadulthood,22,0
34025,Ġespionage,22,0
34026,Ġstereotypes,22,0
34027,Ġdingy,22,9
34028,Ġconveying,22,0
34029,ĠUbisoft,22,0
34030,ĠHDIs,22,0
34031,Ġconcede,22,0
34032,Ġinvoluntary,22,0
34033,Ġsarcophagi,22,0
34035,ĠBoulogne,22,0
34036,ĠBrigade,22,0
34037,ĠArchitecture,22,0
34038,Ġdyed,22,16
34039,ĠShetland,22,1
34040,Ġmassacred,22,0
34041,Ġanecdotes,22,0
34043,Ġmangrove,22,0
34044,Ġadjectives,22,0
34045,ĠPrepared,22,0
34046,Ġmacroeconomics,22,0
34047,Ġintuitive,22,0
34048,Ġenchanting,22,0
34049,Ġtougher,22,0
34050,ĠPolynesian,22,0
34051,Ġfostered,22,0
34052,ĠUganda,22,0
34053,ĠViktor,22,0
34054,ĠLeafs,22,0
34055,ĠKazakhstan,22,0
34056,ĠCandidates,22,0
34057,Ġattributable,22,0
34058,ĠScrooge,22,0
34059,Ġillumination,22,1
34060,Ġecosystems,22,0
34061,bodied,22,7
34062,Ġdeftly,22,0
34063,ĠRiggs,22,0
34064,Ġstraggling,22,0
34065,Ġglossary,22,0
34066,Ġvehemently,22,0
34067,Ġsoprano,22,2
34068,ĠLennon,22,1
34069,Ġtrillion,22,0
34070,ĠGuidelines,22,0
34071,Ġfungus,22,12
34072,Ġagonized,22,0
34073,Ġboomerang,22,12
34074,Ġdelinquent,22,0
34075,ĠMieczyslaw,22,0
34076,ĠInflation,22,0
34077,ĠSettlements,22,0
34078,Ġirresistible,22,0
34080,ĠHickman,22,0
34081,Ġkosher,22,0
34082,ĠEGUs,22,0
34083,ĠCarlyle,22,0
34084,Ġproliferation,22,0
34085,Ġauxiliary,22,0
34086,ĠSymptoms,22,0
34087,Ġmisleading,22,0
34088,ĠJacqueline,22,0
34089,ĠTukabatchi,22,0
34090,Ġroustabout,22,0
34091,ĠDaimler,22,0
34092,ĠSmackDown,22,0
34093,ĠNefertari,22,0
34095,Ġyounker,22,0
34096,ĠMikhail,22,0
34097,Ġprostitutes,22,0
34098,Ġguillotine,22,14
34099,ĠPeruvian,22,0
34100,ĠHemingway,22,0
34101,ĠOversight,22,0
34102,Ġenriched,22,0
34103,Ġspaghetti,22,39
34104,Ġspecifics,22,0
34105,ĠOrlando,22,0
34106,ĠParaguay,22,0
34108,ĠPerugia,22,0
34109,ĠMetabolife,22,0
34110,Ġcooanaradi,22,0
34111,Ġmohawk,22,42
34112,Ġshrouds,22,0
34113,ĠRugby,22,10
34114,ĠKnesset,22,0
34115,ĠUllswater,22,0
34118,ĠButtermere,22,0
34119,ĠSyracuse,22,0
98,~,21,0
385,ould,21,0
1013,Ġsec,21,11
1120,stem,21,0
1259,ertain,21,0
1470,alth,21,0
1979,Ġhur,21,4
2185,hod,21,0
2223,Ġprofess,21,0
2297,ients,21,0
2324,ruction,21,0
2877,aign,21,1
3099,ctions,21,1
3206,icient,21,0
3224,Ġvide,21,36
3474,asons,21,0
4036,amma,21,1
4161,ennie,21,2
4377,Ġaltern,21,1
4712,lig,21,0
5061,este,21,0
5403,Ġplat,21,34
5512,Ġcalc,21,22
5769,Ġmedic,21,0
5923,ĠMond,21,1
5950,ĠPers,21,2
6187,Ġtermin,21,0
6205,arant,21,1
6213,isher,21,32
6219,ologies,21,2
6272,Ġsubstant,21,0
6354,ĠInst,21,0
6510,Ġtra,21,4
6863,ties,21,15
7088,Ġbatt,21,3
7596,Ġsam,21,13
7659,Ġapprox,21,1
7813,Ġinnov,21,0
7883,lyn,21,0
7982,bey,21,0
8053,olph,21,0
8173,Ġwra,21,34
8674,entially,21,0
8693,Ġcin,21,6
8838,ĠPolit,21,2
8867,anan,21,1
9025,arse,21,0
9198,ĠBuch,21,0
9265,Ġamend,21,0
9278,Ġprosper,21,2
9329,annah,21,3
9392,bark,21,0
9448,icide,21,3
9491,pit,21,5
9548,ĠEff,21,1
9582,Ġobsc,21,16
9778,Ġtel,21,2
9856,Ġcaf,21,0
10012,ĠWW,21,2
10656,ĠCub,21,5
10818,Ġprocl,21,0
11177,ĠSaf,21,0
11263,Ġneut,21,0
11378,ignment,21,0
11462,Ġalle,21,0
11500,ĠDyn,21,0
11502,apse,21,0
11781,Ġindul,21,0
11810,Ġmaj,21,1
11982,fly,21,19
12412,ĠCHAR,21,2
12545,inja,21,0
12958,oving,21,5
13046,uman,21,0
13292,ĠApoll,21,0
13477,umpy,21,4
13554,ĠProper,21,0
13567,Ġgrav,21,0
13681,ĠPear,21,0
13747,icular,21,1
14134,ĠBM,21,0
14379,alds,21,3
14381,ĠSleep,21,2
14691,ĠCOM,21,34
14720,div,21,0
14738,roid,21,1
14764,econom,21,0
15036,arel,21,1
15266,ushima,21,0
15508,ukes,21,1
15553,rating,21,0
15611,lette,21,5
15744,Ġpilgrim,21,1
16520,ĠLod,21,0
16523,plant,21,28
16883,Ġfel,21,0
16904,ĠHapp,21,0
17019,pent,21,0
17035,leman,21,2
17118,Ġmourn,21,0
17347,Ġturbo,21,0
17398,loo,21,0
17581,ressive,21,0
17858,ĠIgn,21,0
18109,Ġreconstruct,21,0
18195,ĠAnaly,21,0
18475,ingo,21,0
18659,urrent,21,0
18734,itching,21,0
19027,Ġfain,21,0
19186,jar,21,0
19882,coat,21,18
19943,Ġreinfor,21,0
20002,Ġnucle,21,0
20172,moon,21,0
20180,rend,21,1
20204,ĠSpect,21,0
20228,ĠJod,21,0
20251,ogg,21,1
20473,Ġfluct,21,0
20621,NG,21,22
20631,rers,21,0
20688,odd,21,1
20898,iality,21,0
21216,ĠComment,21,0
21358,ĠSey,21,0
21429,ĠFris,21,10
21468,iscus,21,0
21643,ĠLanc,21,1
22094,dress,21,6
22388,atories,21,0
22581,ĠFeld,21,0
22726,ĠHipp,21,0
22970,Down,21,0
23104,atha,21,0
23280,Pal,21,0
23333,ĠHir,21,0
23371,ĠChad,21,0
23385,Ġbrides,21,15
23674,igured,21,0
23688,acha,21,1
23694,obia,21,0
23878,ĠRespons,21,0
24173,ĠFerr,21,0
24315,chat,21,0
24368,reng,21,0
24425,Ġsatir,21,0
24512,ĠMahar,21,0
24564,hardt,21,0
24639,knot,21,1
24711,Ġchurn,21,0
24825,icultural,21,0
25094,Ġnond,21,1
25107,izu,21,0
25161,conf,21,0
25334,lifting,21,7
25415,Ġoo,21,5
25428,icus,21,1
25485,ountable,21,0
25516,ĠUnic,21,0
25766,due,21,1
25789,Ġmax,21,3
25807,still,21,0
25884,ipers,21,7
25901,enders,21,0
25965,ĠExpect,21,0
26157,LC,21,2
26193,itatively,21,0
26199,Ġfie,21,0
26226,ĠBil,21,1
26303,ĠWeak,21,0
26414,ĠSuz,21,3
26581,iology,21,0
26587,nan,21,0
26600,ingen,21,2
26602,Ġfi,21,1
26636,ĠCAM,21,39
26689,ĠEN,21,5
26872,Ġhesitating,21,0
27037,zek,21,0
27111,redited,21,0
27264,loads,21,0
34120,'',21,0
34121,Ass,21,0
34122,Back,21,0
34123,Billy,21,0
34124,Brien,21,0
34126,Call,21,0
34128,DF,21,0
34135,Home,21,0
34136,Head,21,0
34139,Lee,21,0
34140,MY,21,5
34141,Mc,21,0
34142,Mal,21,0
34144,Maine,21,0
34145,Pre,21,0
34146,Run,21,0
34147,Rel,21,0
34148,Riv,21,0
34149,Sen,21,0
34150,SES,21,0
34151,Ven,21,0
34152,Were,21,0
34153,Western,21,0
34156,aways,21,0
34159,cu,21,0
34160,cro,21,22
34161,cuts,21,4
34162,dest,21,1
34163,dah,21,1
34164,dec,21,7
34165,draw,21,0
34166,dead,21,0
34167,dorf,21,0
34168,gart,21,0
34169,grey,21,16
34173,lake,21,0
34174,lins,21,0
34175,mil,21,0
34176,mist,21,0
34177,might,21,0
34178,make,21,0
34182,nuclear,21,0
34183,oids,21,0
34184,pol,21,2
34185,pable,21,0
34187,paid,21,0
34189,sand,21,3
34193,wal,21,2
34195,wives,21,0
34196,warts,21,0
34197,zar,21,0
34199,zko,21,0
34200,"Ġ.""",21,0
34201,Ġtam,21,17
34202,Ġtink,21,0
34204,health,21,0
34206,reate,21,0
34207,reaching,21,1
34208,Ġsushi,21,45
34209,Ġwob,21,0
34210,Ġwired,21,5
34211,Ġwaded,21,0
34212,Ġwinger,21,0
34213,Ġot,21,23
34214,Ġoat,21,33
34218,Ġbil,21,2
34220,Ġbower,21,0
34221,Ġbitty,21,1
34222,Ġbanging,21,0
34223,anov,21,0
34224,anha,21,1
34226,eny,21,3
34228,enary,21,0
34229,enia,21,0
34230,enching,21,2
34231,Ġfowl,21,15
34232,orin,21,0
34233,orated,21,9
34235,Ġmong,21,13
34236,Ġmummy,21,3
34238,eson,21,7
34239,Ġpu,21,7
34240,Ġpon,21,35
34241,Ġpact,21,1
34242,Ġpens,21,9
34245,Ġhuddle,21,21
34246,Ġdur,21,1
34247,Ġdoth,21,0
34250,ĠTch,21,0
34251,ĠTakes,21,0
34252,ĠTaur,21,0
34253,ĠTowers,21,0
34254,ĠTaman,21,0
34257,leader,21,1
34258,Ġnaps,21,1
34260,Ġlavender,21,50
34262,ĠIda,21,0
34264,ĠIFPRI,21,0
34265,ĠThee,21,1
34267,ĠAube,21,0
34270,idos,21,13
34272,Ġell,21,12
34273,Ġeased,21,0
34274,Ġrector,21,0
34276,Ġheaving,21,2
34277,ĠSew,21,0
34278,ĠSeng,21,0
34281,Ġsto,21,0
34283,Ġstoned,21,0
34285,ĠCage,21,0
34286,ĠCove,21,0
34287,ĠCope,21,0
34289,ĠComes,21,0
34290,ĠCoul,21,0
34291,ĠCSA,21,0
34292,ĠCannon,21,0
34293,ĠCancer,21,0
34294,ĠCumbria,21,0
34296,ĠMadd,21,0
34297,ĠMighty,21,0
34298,ĠBose,21,0
34300,ĠBann,21,1
34301,ĠBaxter,21,0
34302,Ġwithal,21,0
34303,Ġharem,21,0
34305,ĠHul,21,1
34306,ĠHau,21,0
34312,ĠPush,21,0
34314,ĠPole,21,2
34315,ĠPurs,21,1
34316,ĠPett,21,0
34317,ĠPensions,21,0
34318,ĠPeoples,21,8
34319,Ġkabuki,21,1
34322,ĠWies,21,0
34323,ĠWade,21,0
34325,ĠWester,21,0
34326,Ġshaves,21,2
34328,uning,21,0
34329,ĠFurn,21,4
34330,ĠFeb,21,0
34331,ĠFiction,21,0
34332,allows,21,24
34334,ĠDala,21,0
34335,emer,21,0
34336,Ġchival,21,0
34337,Ġcholesterol,21,1
34338,Ġproverb,21,0
34339,Ġplatter,21,67
34340,ĠLI,21,14
34341,ĠLiv,21,0
34342,ĠLif,21,4
34343,ĠLip,21,0
34345,ĠGul,21,0
34347,ĠGulch,21,1
34348,ĠGoofy,21,4
34349,iev,21,0
34350,iell,21,0
34351,ĠRin,21,0
34353,ĠRye,21,0
34354,ĠRhin,21,0
34358,ĠJafar,21,0
34360,Ġknob,21,31
34361,Ġorator,21,0
34362,Ġorche,21,0
34364,usters,21,2
34366,Ġsoiled,21,4
34367,Ġsuites,21,10
34368,Ġsupers,21,1
34369,Ġlender,21,0
34370,Ġja,21,0
34371,Ġji,21,0
34374,Ġalmond,21,19
34375,Ġabhor,21,0
34376,igl,21,0
34377,Ġmeager,21,0
34381,Ġwhereat,21,0
34383,ĠOss,21,1
34384,ĠOIRA,21,0
34387,udy,21,0
34388,Ġtraction,21,0
34389,Ġtrunc,21,0
34392,ivo,21,0
34394,Ġintens,21,1
34395,ifier,21,42
34396,Ġclipped,21,3
34397,ĠYat,21,0
34400,ĠKub,21,0
34401,ĠKane,21,0
34402,ĠKuk,21,0
34403,ĠKari,21,0
34404,ĠKerry,21,2
34405,ĠKaye,21,0
34407,Ġbluish,21,28
34408,ĠUlysses,21,0
34409,ĠUrawa,21,0
34411,assessment,21,0
34412,ĠStro,21,0
34413,ĠStruct,21,0
34414,ĠStones,21,1
34415,Ġenzy,21,0
34419,Ġunsteady,21,0
34420,Ġoverrated,21,0
34421,Ġoverjoyed,21,1
34422,Ġcompressed,21,1
34424,Ġcompilation,21,0
34426,ĠChavez,21,0
34429,",""--",21,0
34430,Ġriff,21,0
34431,ĠVed,21,0
34433,ĠVoting,21,0
34434,ĠVampire,21,1
34435,Ġresolutions,21,0
34436,ickness,21,0
34437,Ġdowned,21,4
34438,Ġscan,21,13
34439,Ġscuff,21,0
34440,Ġscoff,21,0
34441,Ġscanning,21,0
34442,Ġsmog,21,0
34443,Ġsmothered,21,6
34445,Ġpreoccupied,21,1
34447,Ġimpulsively,21,0
34449,Ġflicker,21,1
34450,Ġgubernatorial,21,0
34452,Ġlongterm,21,0
34454,Ġattired,21,7
34455,Ġhandwritten,21,1
34456,Ġrepel,21,0
34457,onson,21,0
34458,ĠWhigs,21,0
34459,Ġaccuses,21,0
34460,Ġremoves,21,0
34462,Ġkeel,21,0
34463,veled,21,4
34464,Ġincurs,21,0
34465,Ġsurged,21,0
34466,Ġhomely,21,0
34467,Ġthoughtless,21,0
34468,Ġsupposition,21,0
34469,ĠFrag,21,0
34470,ĠFrana,21,0
34471,Ġsyrup,21,51
34473,Ġmustangs,21,0
34474,Ġstricter,21,0
34477,Ġglide,21,0
34478,Ġevils,21,0
34479,Ġconsoled,21,0
34480,Ġcarefree,21,0
34481,azu,21,1
34482,azer,21,0
34483,Ġhousework,21,0
34484,Ġprogrammers,21,0
34485,Ġinstability,21,0
34486,ĠArte,21,0
34487,ĠArno,21,0
34488,ĠLeaves,21,0
34489,ĠLevin,21,1
34490,ĠMarqu,21,1
34491,ĠMarmon,21,0
34492,Ġsermons,21,0
34493,Ġrede,21,1
34494,Ġredef,21,0
34495,Ġredhead,21,30
34496,Ġintergovernmental,21,0
34497,ĠClift,21,0
34498,ĠClitus,21,0
34499,Ġbelievers,21,0
34501,ĠShows,21,0
34502,ĠShuman,21,0
34503,ĠReaching,21,2
34504,ĠReilly,21,0
34505,ĠReba,21,0
34506,Ġ5000,21,0
34507,Ġdefiantly,21,0
34508,Ġkeepers,21,0
34509,Ġfollower,21,1
34510,ĠIsid,21,0
34512,Ġmotherly,21,0
34513,ugo,21,0
34514,Ġlessen,21,0
34515,Ġdepress,21,0
34516,Ġsimus,21,0
34517,Ġplanters,21,3
34518,Ġdresser,21,40
34520,bein,21,0
34522,ĠDeer,21,0
34523,ĠDeacon,21,0
34524,Ġmoll,21,0
34526,ĠProc,21,1
34527,ĠProclamation,21,0
34528,Ġtwists,21,0
34529,Ġtwitched,21,0
34530,Ġdetract,21,0
34533,Ġdirectives,21,0
34534,Ġbadge,21,48
34535,Ġmoms,21,7
34536,Ġmedications,21,0
34537,Ġ750,21,0
34539,Ġhumane,21,0
34540,ĠCarry,21,1
34541,ĠCarmen,21,1
34542,ĠCarville,21,0
34543,Ġsteamed,21,3
34544,Ġaudacious,21,0
34545,Ġwinced,21,0
34546,ĠConquest,21,1
34547,ĠConstable,21,0
34548,Ġconcur,21,0
34550,Ġparades,21,0
34551,Ġparamount,21,0
34552,Ġbaroque,21,1
34553,Ġdelusion,21,0
34554,Ġpastel,21,21
34556,Ġequator,21,0
34557,Ġmomentous,21,0
34558,ĠHarrer,21,0
34560,ĠGramm,21,0
34561,Ġfreezer,21,42
34562,ĠPhoto,21,6
34564,Ġriverside,21,3
34565,Ġ159,21,1
34566,ĠGAAP,21,0
34567,Ġappease,21,0
34568,ĠSequ,21,0
34569,Ġlauded,21,0
34570,ĠTracks,21,0
34572,ĠPara,21,3
34573,Ġsweets,21,8
34575,ĠDonatello,21,0
34576,Ġmerriment,21,0
34577,Ġmotel,21,1
34578,Ġmotors,21,4
34579,ĠEurovision,21,0
34580,ĠTeuku,21,0
34581,ĠCaltech,21,0
34582,Ġsolvency,21,0
34583,Ġsalv,21,0
34584,Ġcoverings,21,34
34585,ĠGermanic,21,0
34586,Ġgrandstand,21,0
34587,ocrates,21,0
34588,ĠItalia,21,0
34591,Ġlabs,21,0
34593,ĠMeasures,21,0
34594,Ġsettles,21,1
34595,Ġgunner,21,0
34596,Ġspecialize,21,0
34597,Ġinterns,21,0
34598,ĠPolo,21,1
34599,Ġcalmer,21,0
34600,ĠJaneiro,21,0
34601,ĠCityel,21,0
34602,Ġconsiderate,21,0
34604,ĠSouthwestern,21,0
34605,ĠPhilae,21,0
34606,ĠPhilips,21,0
34607,Ġslowing,21,0
34608,Ġcomplimented,21,0
34610,Ġ137,21,0
34611,ĠSlovak,21,0
34612,zzi,21,0
34613,ĠPartition,21,0
34614,attery,21,0
34615,Ġwildcat,21,0
34616,Ġdrawbridge,21,0
34618,Ġstaffers,21,0
34619,ĠResidents,21,0
34620,ĠCapri,21,3
34621,ĠAssurance,21,0
34622,ĠQuincy,21,0
34623,Ġquarrels,21,0
34624,ĠDrinking,21,4
34626,Ġpathway,21,37
34627,ĠEnforcement,21,0
34628,Ġbroadened,21,0
34629,ĠCompact,21,0
34630,Ġgranting,21,0
34632,Ġzoom,21,9
34634,ATA,21,0
34635,Ġoccurrences,21,0
34636,Ġpackaged,21,2
34637,Ġsexes,21,0
34639,Ġdamning,21,0
34640,ĠGlobi,21,0
34641,ĠRosa,21,0
34642,ĠRosen,21,0
34643,Ġscreenplay,21,0
34644,ĠChechnya,21,0
34645,Ġuniformly,21,0
34646,Ġrichness,21,0
34647,Ġscarred,21,0
34648,Ġdispatch,21,3
34650,Ġrepealed,21,0
34651,Ġinnings,21,1
34652,Ġopposes,21,0
34654,Ġtrickle,21,0
34656,Ġcardiovascular,21,0
34658,Ġturkeys,21,8
34659,Ġcellars,21,0
34660,ĠMarta,21,0
34661,Ġundone,21,1
34662,Ġmixes,21,1
34663,Thanks,21,0
34664,Ġlieu,21,0
34665,ĠMidland,21,0
34666,Ġgoalkeeper,21,8
34667,Ġgallons,21,1
34668,Ġgallows,21,12
34670,Ġgarret,21,0
34671,ĠMilk,21,0
34672,ĠBelgrade,21,0
34673,Ġbullying,21,1
34675,Ġ260,21,2
34676,ĠBrowns,21,0
34677,Ġpriorit,21,0
34678,Ġpermanganate,21,0
34679,Ġloggia,21,0
34681,imentary,21,0
34682,ĠCollegiate,21,0
34683,picious,21,0
34684,ĠOutcomes,21,0
34685,Ġbucked,21,0
34686,Ġbuckle,21,49
34687,Ġcabinets,21,21
34688,Ġdismayed,21,0
34689,ĠCurtis,21,0
34690,Ġtowed,21,20
34691,Ġderive,21,0
34692,Ġattendees,21,24
34694,ĠSecretaries,21,0
34695,Ġconfirming,21,0
34696,ĠSubstance,21,0
34697,ĠTerrible,21,2
34698,Ġ07,21,4
34700,Ġempires,21,0
34701,ĠDutchmen,21,0
34702,ĠGardiner,21,0
34703,Ġcyclone,21,0
34705,ĠWebster,21,0
34706,Ġtormented,21,0
34707,ĠFeatures,21,0
34708,ĠTriumph,21,5
34709,ĠTriangle,21,3
34710,Ġtermination,21,0
34711,Ġresistant,21,0
34712,Ġvirtuous,21,0
34713,ĠOsman,21,0
34714,ĠTypes,21,0
34715,Ġcrook,21,3
34716,Ġcroquet,21,11
34717,ĠHayes,21,1
34718,Ġconceited,21,0
34719,Ġcomprehension,21,0
34720,response,21,0
34721,Ġinterrupting,21,0
34722,Ġsolidarity,21,0
34723,ĠMilliken,21,0
34725,Ġrejection,21,0
34726,ĠImpression,21,0
34727,ĠCasey,21,0
34728,ĠCasellas,21,0
34729,Ġclouded,21,0
34730,Ġhasten,21,0
34731,Mayer,21,0
34732,ĠBullock,21,0
34733,Anse,21,0
34734,TAIN,21,11
34735,Ġforbade,21,0
34736,Ġrebuke,21,0
34737,Ġthyself,21,0
34738,Ġ1852,21,0
34739,Ġnickel,21,0
34740,Ġrifleman,21,0
34741,ĠPassing,21,1
34742,ĠLaurie,21,0
34743,Ġskewed,21,1
34744,ĠBangkok,21,0
34745,Ġexcessively,21,0
34746,controlled,21,1
34747,ĠĠĠĠĠĠĠĠĠĠĠĠĠĠĠĠĠĠĠĠĠĠĠĠĠĠĠĠĠĠĠĠĠĠĠĠĠ,21,0
34749,Ġbuffs,21,0
34750,ĠClassification,21,0
34751,ĠRochelle,21,0
34752,Ġpierce,21,0
34753,ĠFestivals,21,0
34754,Ġbalding,21,132
34755,Ġsponsorship,21,2
34756,ĠBedouin,21,0
34757,ĠHardware,21,0
34758,ĠOperation,21,0
34759,Ġcraftsmanship,21,0
34760,Ġcleverly,21,0
34761,Ġgreyhounds,21,21
34763,Ġpadding,21,10
34765,Ġfortresses,21,0
34766,Ġmalicious,21,0
34767,Ġcheerfulness,21,0
34768,Ġsparkle,21,0
34769,Ġrenewable,21,0
34770,Ġdiscourages,21,0
34771,Ġglobalization,21,0
34772,Ġoutlay,21,0
34773,Ġanchors,21,1
34774,ĠGranada,21,0
34775,Ġecology,21,0
34776,ĠVeneto,21,0
34777,Ġcooperated,21,0
34778,Ġbunches,21,32
34780,Ġcolourful,21,10
34781,sexual,21,0
34782,Ġconveniently,21,0
34784,Ġfulfil,21,0
34785,Seven,21,0
34786,Ġwickedness,21,0
34789,ĠBrandley,21,0
34790,Ġthrusting,21,1
34791,Ġechoing,21,0
34792,Ġsanctuaries,21,0
34795,Ġmourned,21,0
34796,Ġjuggles,21,1
34797,Ġendeavors,21,0
34798,Ġbracelets,21,37
34799,Ġunfairly,21,0
34800,ĠSignoria,21,0
34801,Ġjuror,21,0
34802,Ġnineties,21,1
34803,Excuse,21,0
34804,Ġtherapeutic,21,0
34805,Ġlenders,21,0
34806,Ġpatronage,21,0
34807,Ġseduced,21,0
34808,ĠMonson,21,0
34809,Ġmortgages,21,0
34810,hunting,21,0
34811,Ġlaundromat,21,8
34812,Ġhammocks,21,0
34813,Ġlunar,21,0
34815,Ġpretends,21,0
34816,ĠChicken,21,4
34818,ĠVeget,21,7
34819,Indian,21,0
34820,ĠTravels,21,0
34821,Ġawkwardly,21,2
34822,ĠGrantees,21,0
34823,ĠPadre,21,0
34824,ĠMethodology,21,0
34825,ĠHanuman,21,0
34826,Ġchuckling,21,1
34827,ĠBahamas,21,0
34828,Ġoffsetting,21,0
34829,ĠNegara,21,0
34830,ĠSepulchre,21,0
34832,Ġtimidly,21,0
34833,Ġintervened,21,0
34834,ĠAssessing,21,0
34835,Ġravaged,21,0
34836,ĠCaesarea,21,0
34837,Ġculprit,21,0
34838,Ġviral,21,0
34839,Ġrodents,21,2
34840,Ġgravitational,21,0
34841,Ġcongratulations,21,0
34842,ĠCrowd,21,70
34843,ĠIssue,21,0
34844,Ġtoilets,21,13
34845,Ġlosers,21,2
34846,ĠDalhousie,21,0
34847,ĠCrimean,21,0
34848,ĠTWEAK,21,0
34849,ĠGibraltar,21,0
34850,Ġpromulgate,21,0
34852,Ġdeafening,21,0
34853,ĠCulturebox,21,0
34854,ĠCreating,21,0
34855,ĠCompetitors,21,1
34856,ĠCartagena,21,0
34857,ĠNigerian,21,0
34858,Ġdiscriminated,21,0
34861,Ġburdensome,21,0
34862,Ġoblast,21,0
34864,Ġaverted,21,0
34865,Ġaverages,21,0
34866,ĠTakayama,21,0
34868,Ġjargon,21,0
34869,Ġcontentedly,21,0
34870,ĠWonderful,21,0
34871,ĠSakha,21,0
34872,Ġquotations,21,0
34873,Ġcubicle,21,6
34874,Ġmolten,21,0
34875,Ġpenniless,21,0
34876,Ġscornfully,21,0
34877,Ġdisapproved,21,0
34878,Ġreinforcement,21,0
34879,Ġretrieve,21,1
34880,Ġthermal,21,0
34881,Ġethnographic,21,0
34883,ĠImproved,21,0
34884,ĠMiyazaki,21,0
34885,Ġamphib,21,1
34886,Ġdiscerned,21,0
34887,Ġemergence,21,0
34888,ĠFriedman,21,0
34889,Westphalia,21,0
34890,ĠAthletics,21,2
34891,Ġlounges,21,0
34892,ĠPulau,21,0
34893,ĠLockheed,21,0
34894,Ġchronicle,21,0
34896,ĠJaume,21,0
34897,Ġcylinders,21,9
34898,Ġepitome,21,0
34899,Ġpredominant,21,0
34900,ĠRavens,21,1
34901,Ġchristened,21,0
34902,Ġboughs,21,0
34903,ĠDestiny,21,0
34904,ĠBenedictine,21,0
34905,ĠHatfield,21,0
34906,Ġrefinement,21,0
34907,Ġzombies,21,4
34909,ĠDobson,21,0
34910,ĠJainism,21,0
34911,ĠTruly,21,0
34912,Ġdisparity,21,0
34913,Ġimpetus,21,0
34914,Ġsubdivided,21,0
34915,ĠBunny,21,1
34916,Ġapprentice,21,0
34917,ĠAjanta,21,0
34918,Ġallergies,21,0
34919,capital,21,0
34921,ĠSoder,21,0
34922,ĠSodium,21,0
34923,ĠCinematic,21,0
34924,Ġfrolic,21,0
34925,ĠDustin,21,0
34926,ĠLafayette,21,3
34927,Ġparapet,21,0
34928,Ġlamented,21,0
34929,ĠStraight,21,0
34930,Ġundersc,21,0
34931,Ġbushranger,21,0
34932,Ġrollerskating,21,2
34933,ĠTulare,21,0
34934,Ġleopards,21,0
34935,ĠVirtual,21,0
34937,ĠBattalion,21,5
34938,ĠGNP,21,0
34939,ĠSlovenia,21,0
34940,ĠCayo,21,0
34943,Ġsubstitutes,21,0
34944,Ġtartan,21,6
34945,Ġshipwrecked,21,0
34946,Ġordinarily,21,0
34947,Ġmimic,21,0
34948,ĠPillar,21,0
34949,ĠRahman,21,0
34950,Ġeyelids,21,3
34951,ĠHarem,21,0
34952,etermination,21,0
34953,Palace,21,0
34954,ĠHiram,21,0
34955,ĠChadwick,21,0
34956,Ġbridesmaids,21,43
34957,Ġconsonants,21,0
34958,Ġbabysitter,21,0
34959,Ġseaport,21,0
34960,ĠReginald,21,0
34961,Ġdwindling,21,0
34962,ĠHutton,21,0
34963,ĠFRIENDS,21,14
34964,ĠBBQ,21,1
34965,ĠBezhta,21,0
34967,ĠJakarta,21,0
34968,approved,21,0
34969,Ġaspirations,21,0
34971,Ġdelirium,21,0
34972,Ġengraved,21,2
34974,Ġthermometer,21,21
34975,ĠPARTY,21,3
34976,ĠGottlieb,21,0
34977,Ġalmonds,21,15
34978,ĠTiepolo,21,0
34979,ĠNarrandera,21,0
34980,ĠRutgers,21,0
34981,Ġdidgeridoo,21,2
34982,Ġretraced,21,0
34983,Ġantitrust,21,0
34984,Ġvigilance,21,0
34985,Japanese,21,0
34986,Ġttorf,21,0
34987,ĠiPod,21,10
34988,ĠDaisy,21,0
34989,Ġimpossibility,21,0
34990,ĠCzechoslovakia,21,0
34991,ĠCadillac,21,2
34993,ĠNaxos,21,0
34994,ĠWeisberg,21,0
34995,Ġunbearable,21,0
34996,Ġcactus,21,23
34997,ĠBuren,21,0
35000,ĠBrutus,21,0
35001,Etienne,21,0
35002,improvement,21,0
35003,Ġtrombone,21,25
35004,Ġatrocities,21,0
35005,Ġsluggish,21,0
35006,Ġnurture,21,0
35007,Ġhagfish,21,0
35008,ĠNLADA,21,0
35009,Ġfrivolous,21,0
35010,ĠIskandar,21,0
35011,ĠExecution,21,0
35013,ĠHawthorne,21,0
35014,Ġerroneous,21,0
35015,Ġcocoanut,21,0
35016,Ġwartime,21,0
35017,ĠYoritomo,21,0
35018,Ġsynergies,21,0
35019,Ġsubterranean,21,0
35020,ĠCarnegie,21,0
35022,Ġearthen,21,1
35024,Ġstalactites,21,0
35025,Ġfuselage,21,0
35026,Ġbrougham,21,0
35027,Ġeucalyptus,21,0
35028,ĠWichita,21,0
35029,Ġscrimmage,21,1
35030,Ġdissimilar,21,0
35031,Ġbishops,21,0
35032,ĠSanchez,21,0
35033,Ġseashore,21,9
35034,ĠRimini,21,0
35035,Ġjeopard,21,0
35039,Ġpretense,21,0
35040,ĠMussorgsky,21,0
35041,ĠPodhoretz,21,0
675,ause,20,1
888,meric,20,0
1351,Ġbeh,20,11
1453,chn,20,1
2181,icult,20,0
2300,icip,20,0
2619,Ġord,20,0
2747,Ġrecogn,20,0
3031,ĠJul,20,0
3054,Ġquar,20,0
3110,Ġvict,20,5
3189,ply,20,2
3482,aret,20,9
3794,umn,20,2
4126,Ġwhis,20,21
4621,Ġautom,20,0
4846,Ġmos,20,3
5048,Ġeth,20,1
5240,Ġgaz,20,19
5256,pered,20,0
5644,adium,20,0
5734,gend,20,2
5827,ĠPak,20,1
5850,Ġdemonstr,20,1
6005,icit,20,0
6045,ollow,20,0
6063,ooper,20,4
6160,eyer,20,0
6614,anned,20,0
6629,hus,20,20
7182,aints,20,6
7293,agger,20,1
7393,Ġcad,20,0
7506,greg,20,0
8163,Ġconstit,20,0
8492,Ġbub,20,2
8501,abilities,20,0
8503,Ġgrat,20,0
8715,Ġgymn,20,21
8854,Ġregist,20,0
8943,Fr,20,0
8953,igation,20,0
9320,Ġric,20,5
9356,chest,20,7
9796,Ġdeliber,20,0
9981,ĠGand,20,0
10262,ĠConnect,20,0
10309,Ġpup,20,7
10382,FO,20,3
10451,ĠShr,20,0
10553,Ġenact,20,0
10933,Ġcorp,20,0
11127,alay,20,0
11134,ected,20,1
11262,olis,20,5
11270,Ġunre,20,0
11369,ummy,20,21
12317,Ġmorn,20,0
12609,hist,20,2
13130,ettle,20,2
13155,Ġnavig,20,0
13160,aired,20,5
13192,urned,20,0
13289,ugged,20,0
13617,cked,20,3
14152,Ġsynd,20,0
14449,ĠBapt,20,0
14747,ĠGon,20,0
14831,ĠComb,20,0
14838,ĠFortun,20,0
15136,ĠMaur,20,0
15331,Ġbru,20,32
15549,bish,20,0
15750,hunters,20,0
15809,agm,20,0
15910,urable,20,0
16068,hyll,20,0
16490,Ġther,20,45
16632,abouts,20,0
16793,Ġmonot,20,0
17126,spring,20,0
17320,orns,20,2
17401,Ġsul,20,1
17412,Ġanthrop,20,0
17846,Ġcel,20,4
17912,ĠLex,20,2
18301,dep,20,0
18318,imo,20,1
18636,daughter,20,0
19009,iore,20,0
19261,ĠDecl,20,0
19531,Ġpersist,20,0
19610,tor,20,25
19614,heart,20,1
19640,ĠHem,20,0
19714,ĠChev,20,1
19787,hn,20,2
19788,hoe,20,8
19941,ĠBagh,20,0
20005,Ġluc,20,2
20493,unga,20,0
20566,ĠObject,20,7
20628,viv,20,0
20658,ĠHub,20,0
20702,forming,20,0
20883,ĠRis,20,0
21056,turned,20,2
21236,Ġdismant,20,0
21380,anto,20,1
21417,ignon,20,1
21424,osses,20,0
21434,Ġcapac,20,0
21515,charge,20,0
21624,ĠMaid,20,0
21827,LAND,20,1
21830,PO,20,0
21838,wara,20,0
21905,Ġtelev,20,16
22108,ativ,20,0
22110,onial,20,0
22111,inges,20,2
22474,ĠWee,20,0
22823,affe,20,312
23032,ĠMoss,20,1
23087,ĠShen,20,0
23116,ĠBran,20,0
23222,Ġmultipl,20,0
23292,sim,20,0
23457,ĠPrep,20,0
23744,Ġbabys,20,6
23917,Sw,20,0
24125,ĠWelles,20,0
24642,polit,20,0
25031,Ġsombre,20,11
25155,earance,20,0
25176,Ġstealth,20,0
25260,ĠHammer,20,1
25393,fal,20,0
25402,tit,20,0
25424,Ġmumm,20,0
25468,ĠREC,20,2
25482,ĠThir,20,0
25584,aldi,20,0
25798,Ġnour,20,0
25874,ouss,20,0
25909,Ġcarb,20,1
26162,Pres,20,0
26165,WS,20,4
26205,Ġlumin,20,0
26210,idal,20,0
26274,Ġalight,20,1
26311,Ġcommend,20,0
26419,profits,20,0
26424,ĠEvolution,20,0
26529,ĠFontaine,20,0
26588,pies,20,0
26590,rand,20,1
26627,stock,20,1
26642,ĠMillion,20,0
26647,Ġwithhold,20,0
26656,olent,20,0
26677,ĠGM,20,1
26699,ĠKwan,20,0
26730,Ġpreview,20,0
26734,ometric,20,0
27032,pired,20,0
27063,ĠIw,20,0
27096,ĠFL,20,12
27297,Ġundo,20,0
27380,Ġsteadfast,20,0
27383,iatric,20,0
27675,orno,20,0
35042,'),20,0
35043,")"".",20,0
35044,450,20,0
35045,Ag,20,0
35046,Ary,20,0
35047,Ang,20,0
35048,Def,20,0
35049,Got,20,0
35051,Haul,20,0
35054,James,20,0
35055,Long,20,0
35056,Lady,20,0
35057,Ms,20,2
35058,OE,20,11
35059,OG,20,9
35060,Once,20,0
35061,PE,20,22
35063,Reg,20,0
35064,SW,20,1
35066,TY,20,40
35067,Total,20,0
35068,Trans,20,0
35069,UM,20,4
35070,Ur,20,0
35071,Ye,20,1
35072,_).,20,0
35073,bomb,20,0
35074,cation,20,0
35075,cope,20,35
35081,hl,20,0
35082,hook,20,12
35084,holes,20,1
35086,mis,20,1
35087,north,20,0
35088,pi,20,0
35089,su,20,3
35090,sure,20,0
35091,sign,20,2
35097,Ġtinted,20,23
35098,Ġteddy,20,941
35099,Ġaus,20,0
35100,Ġaper,20,0
35101,Ġaunts,20,0
35102,inated,20,2
35103,released,20,0
35104,Ġwade,20,0
35105,Ġwakes,20,0
35106,Ġwither,20,0
35107,Ġwagg,20,1
35108,Ġwaned,20,0
35110,Ġovere,20,2
35113,aten,20,37
35116,isn,20,0
35117,isar,20,0
35120,Ġboulevards,20,0
35121,Ġcider,20,4
35122,Ġcosy,20,0
35125,Ġfad,20,0
35126,Ġfakes,20,0
35127,Ġmulch,20,16
35128,Ġpes,20,0
35129,Ġpylon,20,2
35130,Ġpussy,20,8
35131,Ġhove,20,1
35132,Ġtosses,20,2
35133,Ġdab,20,2
35134,Ġdaint,20,6
35135,Ġinhuman,20,0
35137,alis,20,1
35138,ĠTil,20,0
35139,ĠTail,20,4
35140,ĠTrial,20,0
35141,ĠToni,20,0
35142,ĠTEST,20,0
35143,ĠTARDIS,20,0
35144,Ġthundered,20,0
35146,Ġlark,20,0
35147,Ġlicks,20,2
35148,Ġlilies,20,6
35149,Ġgul,20,1
35150,Ġgothic,20,0
35152,ĠThess,20,0
35153,ĠAki,20,0
35154,ĠABS,20,0
35156,Ġbeak,20,69
35157,Ġbeware,20,0
35159,stered,20,12
35162,Ġreeling,20,0
35163,Ġheath,20,0
35164,uti,20,2
35166,ĠSif,20,0
35168,ĠSuk,20,0
35169,ĠSistine,20,0
35171,Ġstink,20,0
35172,Ġstalking,20,0
35173,amus,20,0
35174,ĠCust,20,0
35175,ĠCiv,20,0
35176,ĠCoy,20,0
35177,ĠCaj,20,0
35178,ĠCrop,20,0
35180,ĠCeph,20,0
35181,ĠMit,20,0
35182,ĠMell,20,0
35183,ĠMoll,20,0
35185,Ġanointed,20,0
35186,Ġanthology,20,0
35187,ĠBold,20,0
35188,ĠBland,20,0
35189,ĠBaj,20,0
35190,ĠBicy,20,24
35192,ĠHP,20,7
35193,ĠHours,20,0
35194,ĠHamburg,20,0
35195,ooley,20,0
35199,ĠPAR,20,32
35200,Ġromp,20,1
35201,Ġrapped,20,1
35202,Ġdoses,20,0
35203,Ġseab,20,2
35204,ĠWR,20,16
35206,ĠWi,20,10
35208,ĠWai,20,0
35209,ainer,20,7
35211,Ġshin,20,22
35212,Ġneburg,20,0
35215,Ġfringed,20,3
35216,Ġmanors,20,0
35218,Ġmanpower,20,0
35220,unit,20,0
35221,unny,20,0
35222,ĠFix,20,1
35224,ĠFasc,20,0
35225,ĠFIA,20,0
35227,ĠFiji,20,0
35228,ĠFlanders,20,0
35230,anting,20,5
35232,ĠDau,20,0
35233,ĠDining,20,4
35234,ĠDukes,20,0
35235,ĠDXX,20,0
35236,emi,20,0
35237,ĠNRA,20,0
35239,Ġprostitution,20,0
35240,Ġconical,20,15
35242,ĠLoth,20,0
35243,ĠLup,20,0
35244,ĠLunch,20,2
35245,ĠLights,20,15
35246,ĠLamma,20,0
35247,ĠLinks,20,1
35248,ĠGion,20,0
35249,ĠGap,20,7
35250,ĠGee,20,1
35251,ĠGays,20,0
35253,ĠGrose,20,0
35255,ĠGarnier,20,0
35256,ĠRC,20,0
35257,ĠRhe,20,1
35258,ĠRys,20,0
35259,ĠRoh,20,0
35260,ĠRips,20,0
35261,istice,20,0
35263,Ġknitted,20,24
35265,Ġvile,20,3
35266,Ġexcluding,20,3
35267,Ġleant,20,0
35269,Ġherring,20,1
35270,Ġalibi,20,0
35271,ĠEL,20,6
35273,ĠETC,20,2
35274,Ġaboriginal,20,0
35275,igree,20,0
35276,ĠOu,20,1
35277,ĠOde,20,1
35278,ĠOptions,20,0
35279,ĠOaks,20,0
35280,ĠOtis,20,1
35281,ĠOasis,20,0
35282,Ġupbeat,20,0
35283,Ġtrac,20,0
35284,Ġtruce,20,0
35288,Ġnobly,20,0
35289,inden,20,0
35290,ivism,20,0
35291,ivorous,20,0
35293,Ġintric,20,1
35296,ako,20,0
35298,ĠThasos,20,0
35299,Ġclambered,20,0
35300,ĠInk,20,0
35301,ĠYacht,20,0
35302,ĠYelf,20,0
35304,Ġfend,20,1
35307,ĠKumb,20,0
35309,ĠKmart,20,0
35310,reeze,20,0
35311,Ġblat,20,0
35312,Ġblinking,20,0
35313,ĠUd,20,0
35314,ĠUmeda,20,0
35315,acting,20,1
35317,pted,20,1
35319,Ġdonned,20,0
35320,ĠStations,20,0
35321,".""'",20,0
35322,Ġunlawful,20,0
35323,Ġunkempt,20,3
35324,Ġoverland,20,0
35325,Ġadored,20,0
35326,Ġadjud,20,0
35327,Ġcomposure,20,0
35328,Ġquasi,20,0
35329,Ġpranks,20,0
35330,Ġarthritis,20,0
35331,Ġoffender,20,0
35332,ĠChain,20,2
35333,ĠChiba,20,0
35334,ĠChatham,20,0
35337,wny,20,1
35338,ĠVAL,20,1
35342,Ġscrapped,20,0
35344,ĠSheep,20,74
35345,ĠSheriff,20,1
35348,Ġboycott,20,0
35349,Ġflared,20,1
35350,Ġflutter,20,0
35351,Ġflurry,20,0
35352,Ġlookin,20,16
35353,Ġbeta,20,0
35356,Ġcoil,20,14
35357,Ġcoated,20,7
35359,Ġcoex,20,0
35360,Ġcaravan,20,11
35362,Ġcommuter,20,16
35363,Ġremonstr,20,0
35364,Ġembody,20,0
35365,Ġslash,20,3
35366,Ġboon,20,0
35367,Ġboar,20,17
35368,ĠAlley,20,0
35369,velle,20,1
35371,angelist,20,0
35372,Ġregiments,20,0
35373,Ġregener,20,0
35374,Ġshowroom,20,4
35376,Ġincidences,20,0
35377,Ġinvites,20,0
35378,ĠFraser,20,0
35379,ĠBras,20,1
35380,Ġskirm,20,0
35381,cien,20,0
35383,Ġcentimeters,20,0
35384,Ġdeciview,20,0
35385,ĠNewport,20,0
35386,Ġglue,20,16
35387,Ġswan,20,59
35388,Ġretriever,20,26
35389,Ġeffluent,20,0
35392,Ġsubfamily,20,0
35394,Ġrestroom,20,14
35395,Ġterrier,20,6
35396,Ġdraper,20,4
35397,Ġdragons,20,3
35399,ĠMarvin,20,0
35400,ĠMarigot,20,0
35401,Ġ1817,20,0
35402,Ġ1813,20,0
35403,Ġ1823,20,0
35404,Ġ1828,20,0
35405,Ġfarce,20,0
35406,Ġexporting,20,0
35407,Ġdiscord,20,0
35408,Ġdisciple,20,0
35409,Ġredskin,20,0
35410,Ġinterruptions,20,0
35411,Ġhardy,20,3
35413,shots,20,1
35414,ĠShot,20,2
35418,Ġcurving,20,7
35419,Ġdifferentiate,20,0
35420,Ġmined,20,0
35421,Ġreadings,20,0
35422,expl,20,0
35423,otech,20,0
35424,inspiring,20,0
35428,Ġsnort,20,0
35429,Ġruining,20,0
35430,ĠIsis,20,0
35431,Ġfourteenth,20,0
35432,tenham,20,0
35433,Ġmatador,20,3
35434,Ġmatrix,20,1
35435,venture,20,0
35436,Ġfronted,20,2
35437,Ġlessening,20,0
35439,Ġmilitant,20,0
35440,Ġformality,20,0
35441,Ġsawing,20,0
35442,Ġdries,20,1
35443,ĠAdop,20,0
35444,Ġteammate,20,51
35445,ĠBeg,20,0
35446,ĠMissile,20,0
35447,Ġextensions,20,0
35448,ĠSpice,20,0
35449,ĠDeccan,20,0
35450,Ġmoaning,20,0
35451,ĠProfit,20,0
35452,Ġfootbridge,20,8
35453,Ġconfisc,20,0
35454,Ġconfigured,20,0
35455,Ġpretentious,20,0
35456,denial,20,0
35458,Ġfunerary,20,0
35460,Ġdirectory,20,2
35461,Ġforeb,20,0
35462,Ġforet,20,0
35463,Ġforeman,20,1
35464,Ġforefathers,20,0
35466,Ġinsol,20,0
35467,Ġlightweight,20,7
35469,ĠDoom,20,0
35470,Ġmeditating,20,0
35471,Ġmeditations,20,0
35472,Ġmeddling,20,0
35473,ĠCarb,20,0
35474,Ġsteers,20,3
35475,Ġperennial,20,0
35477,ooray,20,1
35478,Ġguesses,20,0
35479,Ġtriggered,20,0
35480,Ġsumptuous,20,0
35481,Ġprotracted,20,0
35482,Ġshortages,20,0
35483,Ġwallpaper,20,24
35484,Ġrocker,20,16
35485,Ġrocked,20,0
35486,Ġdelle,20,0
35487,uppies,20,0
35488,Ġtestifying,20,0
35489,ĠColts,20,0
35490,ĠColgate,20,0
35491,ĠZur,20,0
35492,ĠZee,20,1
35493,Ġ173,20,0
35494,ĠMayflower,20,0
35495,ĠMaynard,20,0
35496,Ġnationalists,20,0
35497,Ġvariously,20,0
35498,Ġsnowball,20,26
35499,Ġlowland,20,0
35500,ĠPlante,20,0
35501,Ġbribery,20,0
35502,Ġpostoffice,20,0
35504,Ġ156,20,1
35505,ĠGerry,20,0
35506,ĠSega,20,0
35507,ĠTole,20,0
35508,ĠTrading,20,0
35509,ĠExpend,20,0
35510,Ġhurling,20,0
35512,Ġcorrelated,20,0
35513,Ġmillionaires,20,0
35514,coats,20,43
35515,ĠActual,20,0
35516,Ġhorsepower,20,0
35517,ĠTHAT,20,35
35519,ĠCanongate,20,0
35520,Ġreviewer,20,0
35521,Italian,20,0
35523,Ġprofessions,20,0
35524,Ġfaculties,20,0
35525,ynski,20,0
35526,Ġattacker,20,1
35527,Ġrecorder,20,32
35528,ocracy,20,0
35529,Ġresponsive,20,0
35530,ĠXer,20,0
35531,ĠMcP,20,0
35533,ĠAbel,20,0
35534,Ġgunners,20,0
35535,Ġapse,20,0
35536,Ġapathetic,20,0
35538,Ġ1492,20,0
35539,ĠSouthwark,20,0
35540,Ġappliances,20,8
35542,urses,20,0
35543,ĠTomorrow,20,0
35544,ĠTomatoes,20,4
35545,Ġhonoring,20,0
35546,Ġarmchair,20,111
35547,ĠElton,20,0
35549,Ġmodernize,20,0
35550,ĠAfro,20,9
35552,ĠMonetary,20,0
35553,Ġexclaiming,20,0
35554,Ġexecuting,20,1
35555,Ġexecutions,20,0
35557,Ġ303,20,2
35558,Ġparticipates,20,0
35559,Ġescap,20,0
35560,ĠAssumption,20,0
35561,Ġbrightening,20,0
35562,Ġbalikbayan,20,0
35563,ĠQuar,20,0
35565,ĠDrum,20,9
35566,Ġgravest,20,13
35568,Ġengineered,20,0
35569,Ġpathos,20,0
35570,Ġpresses,20,2
35571,Ġhappenings,20,0
35572,Ġversa,20,0
35573,Ġcheckbook,20,12
35574,Ġburner,20,28
35575,Ġhostages,20,0
35577,Ġsocialists,20,0
35578,Ġradiant,20,0
35579,Ġhalluc,20,0
35581,Ġfilmmaker,20,0
35583,Ġsidewalks,20,9
35584,ĠGladys,20,0
35585,ĠCompl,20,0
35586,ĠCheung,20,0
35587,ophobia,20,1
35588,ĠSyed,20,0
35589,Ġcollided,20,0
35590,ĠGoods,20,1
35592,101,20,2
35593,105,20,0
35594,backed,20,3
35596,Ġsensed,20,0
35597,ĠSteam,20,3
35598,Ġspringtime,20,0
35599,ĠDoric,20,0
35600,Ġstreamers,20,35
35601,Ġstreamlining,20,0
35602,ĠCleopatra,20,0
35603,Ġpollen,20,0
35604,ĠMidway,20,0
35605,ĠPreviously,20,0
35606,Ġbiologist,20,0
35607,ĠWindham,20,0
35608,Ġbanished,20,0
35609,ĠImphal,20,0
35610,Ġperspiration,20,1
35611,ĠDidion,20,0
35612,Ġlithe,20,0
35613,ĠBelmore,20,0
35614,Ġsickening,20,0
35615,Ġavoidance,20,0
35616,ĠSala,20,0
35617,Ġsafest,20,0
35618,ITS,20,4
35619,Ġcrafty,20,0
35620,Ġqualifies,20,0
35621,ĠHelm,20,0
35622,ĠFlora,20,0
35623,Ġmortar,20,17
35624,ĠContemporary,20,0
35625,Ġ403,20,0
35627,Ġaltars,20,0
35628,Ġcalmness,20,0
35629,Still,20,0
35630,Ġunsuitable,20,0
35631,ĠWherever,20,0
35632,ĠCastilian,20,0
35633,Ġliberally,20,0
35634,ĠAudience,20,2
35635,ĠSpeech,20,0
35636,ĠTowns,20,0
35638,Ġgeology,20,0
35639,ALE,20,15
35640,Ġethic,20,0
35641,ĠBuick,20,1
35643,ĠMagnetic,20,1
35645,ĠCurve,20,0
35646,Ġinforming,20,0
35647,ĠMcCoy,20,0
35648,Ġconstructions,20,7
35649,ĠPanel,20,0
35650,ĠEstablishing,20,0
35651,ĠCamacha,20,0
35652,Ġminimized,20,0
35653,ĠVisiting,20,0
35654,Chinese,20,0
35655,ĠTerrazzo,20,0
35656,ĠSidroc,20,0
35657,ĠBabu,20,0
35658,Israel,20,0
35659,ĠDuval,20,0
35660,DAY,20,9
35661,ĠTechniques,20,0
35662,ĠSummerhaye,20,0
35663,ĠTrave,20,0
35664,ĠTravers,20,0
35665,ĠTrauma,20,0
35666,ĠHamas,20,0
35667,ĠUpstairs,20,1
35668,Ġastray,20,0
35670,ĠBernie,20,0
35671,Ġterritorial,20,0
35672,ĠInstantly,20,0
35673,ĠInstinct,20,0
35675,ĠHimself,20,0
35676,ĠGroups,20,47
35677,Ġsymbolize,20,0
35678,Ġinitials,20,2
35679,Ġidleness,20,0
35680,quarter,20,0
35682,shell,20,2
35683,Ġeliminates,20,0
35684,ĠHaute,20,0
35685,ĠNOEC,20,0
35686,Ġmystic,20,0
35687,Ġinnocently,20,0
35688,uminous,20,0
35689,ĠMcGwire,20,0
35690,Ġwidest,20,18
35691,Ġwidened,20,0
35692,Ġmagnificently,20,0
35693,Ġcounsels,20,0
35695,ĠHorus,20,0
35696,ĠHoriz,20,2
35697,Ġrejects,20,0
35698,Ġhabitation,20,0
35699,Ġcracker,20,26
35700,packed,20,4
35701,Although,20,0
35702,ĠFaust,20,0
35703,Ġcloths,20,40
35704,Ġoverspread,20,0
35705,Another,20,0
35706,ĠLester,20,0
35707,ĠLuigi,20,0
35708,Ġcrawls,20,1
35709,ĠOrganisation,20,0
35710,ĠTimor,20,0
35711,Ġdistinguishing,20,0
35712,ĠBalance,20,1
35713,ĠKatharine,20,0
35714,ETS,20,8
35715,ĠMoat,20,0
35716,Ġ1841,20,0
35717,Ġ1844,20,0
35718,ĠClassics,20,1
35719,farers,20,0
35720,Ġsponsoring,20,0
35721,Ġlakeside,20,3
35722,Ġsympathize,20,0
35723,Ġgratification,20,0
35724,Ġhobbled,20,0
35725,Ġghostly,20,0
35726,ĠDetails,20,0
35727,ĠDetective,20,0
35728,ĠPopeye,20,0
35729,Ġshameful,20,0
35730,ĠLindsey,20,0
35731,Ġpineapple,20,68
35732,Ġaccommodated,20,0
35733,Ġunbounded,20,0
35734,Ġ1807,20,0
35735,Ġrejoin,20,0
35736,Ġmalignant,20,0
35737,Ġrotation,20,0
35738,Ġjointly,20,1
35739,Ġprohibit,20,0
35740,Ġ1839,20,0
35741,ĠBrea,20,0
35742,ĠJeanne,20,0
35743,Ġleafy,20,56
35744,ĠTaipei,20,0
35745,Ġsorrowfully,20,0
35747,ĠTalbot,20,0
35748,Ġclassrooms,20,0
35749,ĠLegacy,20,2
35750,Ġtelenove,20,0
35751,ĠMulti,20,15
35752,Ġtasked,20,0
35753,Ġelaborately,20,6
35754,Ġswimsuits,20,108
35755,ĠSabha,20,0
35756,ĠLinear,20,0
35757,Ġcarbonate,20,0
35758,ĠWWII,20,5
35759,Ġwhipmaster,20,0
35760,Ġbuttoned,20,17
35761,Ġprincesses,20,0
35762,ĠCypress,20,0
35763,Ġtrumpets,20,11
35764,Ġtactic,20,0
35765,Ġshyness,20,0
35767,UNT,20,0
35768,Ġgauntlet,20,1
35770,Ġproclamation,20,0
35771,Ġquarterbacks,20,5
35772,Ġbarks,20,1
35773,Ġsuspenders,20,96
35774,Ġeruptions,20,0
35775,Ġlobbyist,20,0
35776,ĠBeatles,20,2
35777,Ġacknowledging,20,0
35780,Ġrepublicans,20,0
35781,Ġconsolidate,20,0
35782,ĠSoutheastern,20,0
35783,ĠPilgrim,20,0
35784,ĠHankinson,20,0
35785,Ġscooters,20,57
35786,ĠAyah,20,0
35787,Ġconvertible,20,10
35788,Ġsurgeons,20,15
35789,Ġprecipice,20,1
35790,Ġscouting,20,0
35791,ĠExhibits,20,0
35792,1978,20,0
35793,Ġinjected,20,0
35794,Ġillustrator,20,0
35795,ĠRicardo,20,0
35796,Ġdisgraced,20,0
35797,Ġentranced,20,0
35798,ĠYamato,20,0
35799,Ġpreferential,20,0
35800,ĠMethodist,20,0
35801,ĠWicklow,20,0
35803,Ġcampsites,20,0
35804,ĠSMITH,20,0
35805,Ġbetrayal,20,0
35806,Ġstools,20,36
35807,Ġexquisitely,20,0
35808,ĠHopefully,20,0
35809,ĠWhitman,20,0
35810,Quentin,20,0
35811,ĠKazin,20,0
35812,Ġhenceforth,20,0
35813,ĠREIMS,20,0
35814,ĠLakeside,20,0
35815,ĠBenton,20,0
35816,Ġintimacy,20,0
35817,ĠOdyssey,20,0
35818,handedly,20,0
35819,ĠPurple,20,56
35820,ĠLebanese,20,0
35821,ĠGlenrowan,20,0
35823,ĠPackage,20,2
35824,ĠGonzo,20,0
35825,ĠCombat,20,0
35826,ĠFacility,20,0
35827,Ġprejudices,20,0
35828,ĠKumamoto,20,0
35831,Ġinaugural,20,0
35832,ĠAdmiralty,20,0
35833,ĠPanthers,20,0
35834,Ġardor,20,0
35837,ĠAbbot,20,0
35838,ĠBurgum,20,0
35840,ĠShelter,20,0
35841,Ġpyre,20,6
35842,ĠCretaceous,20,0
35843,Ġmanganate,20,0
35846,ĠCouple,20,26
35847,ĠHappened,20,0
35848,ĠUltimately,20,0
35849,Ġscampered,20,0
35850,Ġsuspenseful,20,0
35853,ĠBrunelleschi,20,0
35854,Ġfervent,20,0
35855,Ġdiligence,20,0
35856,Harry,20,0
35857,Ġepitom,20,0
35858,Ġhustle,20,0
35859,Ġpunctuation,20,0
35860,ĠMasonic,20,0
35861,Ġfainter,20,0
35862,Ġexultation,20,0
35863,Ġsmoothing,20,1
35864,Ġimpetuous,20,0
35865,ĠConvento,20,0
35866,ĠPatriarch,20,0
35867,Ġcomplacency,20,0
35869,ĠDLXX,20,0
35870,ĠCollective,20,0
35871,ĠCherpitel,20,0
35872,ĠButterfly,20,1
35873,Ġtempest,20,0
35874,Ġtemporal,20,0
35876,ĠAcehnese,20,0
35877,ĠMcMahon,20,0
35878,ĠObjectives,20,0
35879,Goldwyn,20,0
35880,Ġgrievances,20,0
35881,Ġparaphernalia,20,17
35882,ĠFantasy,20,0
35883,Ġsaucer,20,57
35884,Ġsyllable,20,0
35885,Ġafflicted,20,0
35886,Ġturbocharger,20,0
35887,ĠVesuvius,20,0
35888,Ġforfeited,20,0
35889,ĠApostles,20,0
35890,Ġvenomous,20,0
35891,Ġturbine,20,19
35892,ĠAchilles,20,0
35893,Ġranchers,20,0
35894,ĠCaddo,20,0
35895,Ġunaccustomed,20,0
35896,WWE,20,0
35897,ĠEchizen,20,0
35898,ĠKudupi,20,0
35899,Ġadjective,20,0
35900,Ġshrubbery,20,23
35901,ĠExcellence,20,0
35902,ĠResponsibility,20,0
35903,Swiss,20,0
35904,ĠWellesley,20,0
35905,ĠLibertarian,20,0
35906,Azur,20,0
35907,ĠAnzacs,20,0
35908,ĠFrequent,20,0
35909,ĠRestaurant,20,6
35910,Ġpessimistic,20,0
35911,ĠScripture,20,0
35912,ĠAmenophis,20,0
35913,ĠPolicies,20,0
35914,ĠRasputia,20,0
35915,ĠUmbria,20,0
35916,Ġoilskin,20,0
35917,Ġweasels,20,0
35918,Ġwhimsical,20,2
35919,Ġsauntered,20,0
35920,ĠBasilique,20,0
35922,ĠMadeiran,20,0
35923,Queen,20,0
35924,ĠChukotka,20,0
35925,ĠMaccab,20,0
35926,Ġpatriotism,20,0
35927,ĠShirley,20,0
35928,Ġblockbuster,20,0
35929,Ġnebbish,20,0
35931,Ġflotilla,20,0
35933,Ġindistinguishable,20,0
35934,Ġencampment,20,0
35935,Ġimmersed,20,0
35936,ĠRecommendations,20,0
35937,ĠCHRISTMAS,20,0
35939,ĠAvalon,20,0
35940,ĠQutb,20,0
35941,ĠNeapolitan,20,0
35942,ĠMerchants,20,0
35943,ĠTucson,20,0
35944,ĠREPORT,20,0
35945,ĠPocahontas,20,0
35946,Ġrepository,20,0
35947,Ġdistraught,20,0
35948,ĠBowsher,20,0
35950,ĠVecchio,20,0
35952,originally,20,0
35953,Ġpizzas,20,94
35954,ĠNottingham,20,1
35955,Ġsynchrotron,20,0
35956,ĠBuckingham,20,0
35957,Ġexalted,20,0
35958,Ġpenetrating,20,0
35959,ĠAntarctica,20,0
35960,ĠYehuda,20,0
35961,ĠAggregate,20,0
35962,Ġelectromagnetic,20,0
35964,ĠTampha,20,0
35965,Ġprogressed,20,0
35966,Ġcontraption,20,32
35967,ĠSlobodan,20,0
35968,ĠWilcox,20,0
35969,Ġpancreatic,20,0
35970,Ġantechamber,20,0
35971,ĠPfeiffer,20,0
35972,ĠDorset,20,0
35974,Ġpungent,20,0
35975,Ġpinafore,20,0
35976,ĠTchaikovsky,20,0
35977,ĠAgenda,20,0
35978,ĠMalthus,20,0
35979,ĠRutherford,20,0
35980,ĠJindal,20,0
35981,ĠHirosema,20,0
35982,ĠSnyder,20,0
35983,threatening,20,0
35984,Ġleukemia,20,0
35985,ĠEphraim,20,0
35986,ĠGhirlandaio,20,0
35987,ĠKumeyaay,20,0
35988,ĠBenedykt,20,0
377,ght,19,18
1073,ooking,19,2
1139,orth,19,13
1230,reen,19,13
1342,ĠJoh,19,0
1492,Ġrece,19,1
1515,Ġexpl,19,0
1966,urity,19,0
2237,oci,19,0
3218,olute,19,0
3252,cean,19,0
3274,Ġopportun,19,0
3285,ĠMex,19,0
3422,ĠJes,19,1
3423,ĠHist,19,0
3492,iform,19,8
4191,egr,19,0
4747,Ġclos,19,17
5139,Ġprem,19,0
5217,ĠMicro,19,1
5481,imately,19,0
5483,rawn,19,2
6082,onna,19,0
7333,uled,19,0
7512,achus,19,0
7610,Ġnic,19,0
7693,ĠMean,19,0
8023,Ġcoc,19,39
8157,estone,19,0
9018,rary,19,0
9145,into,19,2
9571,Ġnick,19,1
9787,ĠUnt,19,1
9910,ĠBron,19,1
9974,ĠCult,19,1
10281,pection,19,0
10761,ĠConc,19,0
11130,ĠCatal,19,0
11541,Ġic,19,28
11669,Ġaggreg,19,0
12319,ĠTreat,19,0
12409,Ġlegit,19,0
12617,struct,19,0
12836,ĠSic,19,0
12856,vernment,19,0
13108,Ġgran,19,22
13316,SL,19,0
13465,Ġenfor,19,0
13558,Ġcultiv,19,0
13599,ripp,19,0
13668,uum,19,0
13766,cca,19,0
13938,ĠArn,19,0
14140,Ġexagger,19,0
14141,Ġintim,19,0
14223,ĠTW,19,7
14326,oya,19,0
14472,lington,19,0
14631,bies,19,2
14644,ĠCin,19,1
14748,qual,19,0
14765,Ġpresum,19,0
14840,Ġconsec,19,0
15231,idences,19,0
15468,ulch,19,1
15615,ĠEmm,19,0
15933,icker,19,15
16193,check,19,1
16322,Ġreinforce,19,0
16387,ĠLot,19,2
16424,Ġdelic,19,4
16493,Ġcass,19,32
16495,ĠTas,19,0
16637,akis,19,1
17045,ĠHass,19,0
17065,Ġperf,19,2
17175,Ġfeud,19,0
17537,uper,19,0
17882,unge,19,1
18341,akia,19,0
18431,Ġreconf,19,0
18530,ĠShan,19,0
18899,Ġinsert,19,1
19043,ĠMaz,19,0
19175,BT,19,0
19208,ĠBRO,19,54
19210,ĠHoff,19,0
19310,Ġderiv,19,0
19398,listed,19,0
19422,ayman,19,0
19454,iances,19,0
19784,bra,19,17
19939,ĠXXV,19,0
19989,uced,19,1
20011,imps,19,1
20028,ĠEis,19,0
20090,oeing,19,1
20173,rano,19,0
20252,orne,19,1
20425,Ġgh,19,1
20860,uto,19,0
20931,ĠAdvert,19,0
21024,ĠObserv,19,0
21071,Ġpseud,19,0
21179,Ġmatt,19,13
21336,erity,19,0
21458,ollutant,19,0
21727,Ġphysic,19,0
21890,apur,19,0
22084,CM,19,1
22118,asive,19,0
22196,ĠShak,19,0
22254,metic,19,0
22405,adio,19,0
22469,Ġadvers,19,0
22484,ĠAlam,19,0
22523,Ġimprov,19,0
22644,olithic,19,0
22688,enheim,19,0
23282,WW,19,1
23612,onet,19,1
23643,chairs,19,11
23982,Ġseap,19,15
24014,inders,19,0
24226,governmental,19,0
24372,ogues,19,0
24438,aires,19,0
24721,abal,19,0
24744,ĠVil,19,0
24759,Ġdogged,19,0
24760,Ġindisc,19,0
24961,Ġobedient,19,0
25066,ĠHutch,19,1
25170,ikk,19,0
25426,ĠTong,19,0
25492,Ġunfor,19,0
25557,prom,19,0
25759,Mus,19,0
25788,Ġmah,19,4
25947,Ġtranscript,19,0
26171,fs,19,17
26332,rews,19,0
26613,ĠTes,19,1
26674,Ġconglomer,19,0
26755,Ġredist,19,1
26761,earth,19,0
27139,Ġblot,19,0
27142,Ġimb,19,0
27175,athi,19,0
27575,Ġgust,19,0
27600,chlor,19,0
27602,Ġathe,19,4
27671,Ġdisrespect,19,0
27771,Ġfasten,19,0
28502,film,19,0
35989,';,19,0
35990,"',""",19,0
35991,110,19,1
35992,112,19,1
35993,340,19,0
35994,;--,19,0
35995,AO,19,0
35996,Bur,19,0
35997,BER,19,7
35998,Cause,19,0
35999,Camp,19,0
36000,Cola,19,14
36002,Del,19,0
36003,Fl,19,0
36004,Fine,19,0
36005,GHT,19,2
36006,Haven,19,0
36007,Jim,19,0
36008,Kaw,19,0
36009,MF,19,1
36010,Mary,19,0
36012,Nobody,19,0
36014,Six,19,0
36015,Saxon,19,0
36016,TR,19,2
36017,Ton,19,0
36018,True,19,0
36020,WF,19,0
36021,Wonder,19,0
36022,bill,19,1
36023,bang,19,0
36024,base,19,3
36025,bones,19,8
36026,cor,19,0
36029,fest,19,2
36031,gall,19,0
36034,iu,19,0
36036,jam,19,0
36039,mor,19,0
36040,mic,19,0
36043,pak,19,2
36044,present,19,0
36045,rite,19,7
36047,rada,19,1
36048,san,19,0
36049,social,19,0
36051,tailed,19,2
36053,wash,19,11
36055,zia,19,0
36056,Ġtint,19,5
36057,Ġtights,19,59
36060,Ġaster,19,1
36061,Ġaversion,19,0
36062,informed,19,0
36063,Ġsip,19,17
36064,Ġscept,19,0
36065,Ġolig,19,0
36066,atement,19,0
36068,Ġbum,19,8
36069,Ġbale,19,11
36070,onium,19,0
36075,itiveness,19,0
36077,analysis,19,0
36078,enough,19,0
36079,Ġfeds,19,0
36080,orum,19,0
36083,Ġmama,19,61
36084,Ġpenguin,19,40
36085,Ġhul,19,2
36086,Ġdour,19,1
36087,Ġdurable,19,0
36088,Ġinverse,19,0
36089,aras,19,0
36090,aros,19,0
36091,alom,19,3
36093,ĠTac,19,1
36095,ĠTaan,19,0
36096,ĠTyson,19,0
36097,ĠTaurus,19,0
36098,ĠTinker,19,5
36099,lean,19,0
36100,leaf,19,3
36102,Ġnt,19,0
36103,Ġnio,19,0
36104,icz,19,0
36106,Ġlank,19,1
36107,Ġlyn,19,0
36108,Ġgiddy,19,0
36109,ĠIvory,19,1
36112,ĠAix,19,0
36113,ĠAging,19,0
36114,ĠATA,19,0
36115,ĠAwa,19,0
36117,Ġbeheaded,19,0
36119,idation,19,0
36120,idia,19,0
36122,Ġeclipse,19,1
36123,Ġyi,19,0
36124,Ġheinous,19,0
36126,adier,19,1
36129,Ġwasps,19,0
36130,acons,19,0
36133,Ġthatch,19,4
36136,ĠSek,19,0
36137,ĠSok,19,0
36138,ĠSait,19,0
36139,ĠSenna,19,0
36140,ĠSplend,19,0
36141,ĠSkept,19,0
36142,ĠSersa,19,0
36143,imet,19,0
36144,imbo,19,0
36145,verts,19,0
36146,Ġstale,19,0
36147,Ġstoring,19,0
36148,Ġstucco,19,2
36150,ameral,19,0
36153,urgy,19,0
36154,ĠCoc,19,3
36155,ĠCatch,19,0
36156,ĠCuss,19,0
36157,ĠCases,19,0
36158,ĠCelts,19,0
36159,ĠCavan,19,0
36161,ĠMap,19,0
36163,ĠMatter,19,0
36164,ĠMAC,19,2
36165,ĠBout,19,0
36166,ĠBren,19,3
36167,Ġhaunches,19,0
36170,ĠHoy,19,1
36171,ĠHash,19,2
36174,ĠHomes,19,0
36177,choice,19,0
36179,Ġatoll,19,0
36180,"Ġ"")",19,0
36181,opl,19,2
36184,ĠPool,19,3
36185,ĠPatch,19,0
36186,ĠPanch,19,0
36187,ĠPinto,19,0
36188,ĠPinky,19,0
36189,Ġkib,19,0
36191,Ġry,19,1
36192,Ġracks,19,23
36194,Ġruddy,19,1
36195,Ġrudder,19,14
36196,Ġdoge,19,3
36198,olated,19,2
36200,Ġsewn,19,0
36201,ĠWAL,19,50
36202,ĠWILL,19,1
36204,Ġshingles,19,4
36206,Ġdeference,19,0
36208,Ġmania,19,0
36209,Ġmanually,19,0
36210,usen,19,2
36212,ĠFoss,19,1
36213,ĠFishing,19,0
36214,ĠFeed,19,0
36215,ĠDre,19,0
36216,ĠDed,19,0
36217,ĠDul,19,0
36218,ĠDag,19,0
36220,ĠDrop,19,0
36222,ĠDART,19,0
36223,ĠDucks,19,0
36224,essing,19,0
36226,Ġchats,19,2
36227,Ġchops,19,4
36228,ĠNes,19,8
36229,ĠNas,19,0
36230,ĠNig,19,0
36231,ĠNish,19,0
36233,ĠNih,19,0
36234,ĠNEA,19,0
36235,ĠNellie,19,0
36236,ĠLack,19,0
36237,ĠLime,19,1
36238,ĠLough,19,0
36239,ĠLama,19,0
36241,ĠLAT,19,1
36242,ĠLeland,19,0
36244,ĠGrig,19,0
36245,ĠGuru,19,0
36246,quered,19,0
36247,ieux,19,0
36249,ĠRide,19,0
36251,ĠRumble,19,0
36253,abil,19,0
36254,abortion,19,0
36255,ĠJat,19,1
36256,ĠJill,19,0
36257,ĠJeb,19,1
36259,Ġleeward,19,0
36260,Ġleetle,19,1
36261,Ġjails,19,0
36265,ĠEAR,19,3
36267,oser,19,3
36268,Ġoutage,19,0
36269,Ġoutgoing,19,0
36270,Ġallusion,19,0
36271,Ġalliances,19,0
36273,ĠHebron,19,0
36275,ĠOBE,19,0
36278,Ġcanary,19,0
36279,Ġupraised,19,10
36281,Ġtramped,19,0
36284,Ġshear,19,2
36285,Ġsheath,19,14
36286,Ġshedding,19,0
36287,Ġyew,19,0
36288,inds,19,3
36289,ocl,19,9
36290,oches,19,1
36292,odic,19,0
36293,ĠThrow,19,1
36295,Ġcliche,19,0
36296,ĠYates,19,0
36300,ĠKom,19,2
36301,ĠKant,19,0
36302,ĠKart,19,0
36303,ĠKang,19,0
36305,ĠKris,19,9
36306,ĠKira,19,0
36308,Ġblaming,19,0
36310,ĠUk,19,0
36311,ĠUDP,19,0
36312,ĠStream,19,0
36313,ĠSteward,19,0
36314,ĠStrychnine,19,0
36315,ĠStivic,19,0
36316,Ġenlist,19,0
36317,Ġencyclopedia,19,0
36319,Ġunmet,19,0
36320,Ġunnatural,19,0
36321,Ġunnamed,19,1
36322,Ġunprotected,19,0
36323,Ġovercast,19,2
36324,Ġoverpass,19,12
36325,Ġpricked,19,0
36326,Ġpragmat,19,0
36327,Ġartery,19,0
36328,Ġoffending,19,0
36329,Ġspree,19,0
36330,Ġspars,19,0
36335,Ġgrumble,19,0
36337,Ġdispelled,19,0
36338,Ġdisarmed,19,0
36339,Ġdisillusion,19,0
36340,ĠVu,19,1
36342,ews,19,0
36343,perfect,19,0
36344,Ġresale,19,0
36346,Ġamiss,19,0
36347,Ġcontention,19,0
36348,Ġpartridge,19,0
36349,Ġscolding,19,0
36350,Ġsmelt,19,0
36351,Ġsmeared,19,5
36352,ĠShearer,19,0
36353,Ġbuoyant,19,0
36354,Ġappend,19,2
36355,issue,19,0
36356,Ġimpaired,19,0
36357,Ġbrutes,19,0
36358,Ġbranched,19,1
36360,Ġflapping,19,6
36361,Ġgirlish,19,0
36362,Ġgully,19,0
36363,Ġstandings,19,0
36365,Ġcrags,19,0
36366,Ġwhereby,19,0
36367,Ġrightful,19,0
36368,Ġhandgun,19,2
36369,Ġrecital,19,0
36370,Ġrecourse,19,0
36371,itsu,19,0
36372,ĠAnhui,19,0
36373,Ġcommissions,19,0
36374,ĠUnable,19,0
36375,ĠUnknown,19,1
36377,"Ġ'""",19,0
36378,Ġmayors,19,0
36379,Ġheliotrope,19,0
36380,getting,19,0
36382,Ġemails,19,0
36384,Ġslang,19,0
36385,Ġslick,19,3
36386,Ġslices,19,322
36388,ĠAlien,19,0
36389,Ġshowering,19,0
36392,Ġincarcer,19,0
36393,Ġsmallpox,19,0
36395,Ġsupple,19,0
36396,ĠFringe,19,0
36397,Ġ320,19,0
36399,ĠBride,19,17
36400,ĠBritten,19,0
36401,cier,19,1
36402,Ġstrand,19,11
36403,Ġstriding,19,1
36404,Ġputt,19,4
36405,Ġheadway,19,0
36406,Ġglider,19,12
36407,Ġbusing,19,0
36408,Ġretort,19,0
36409,Ġblackness,19,1
36410,Ġblackboard,19,7
36411,Ġmonsoon,19,0
36412,gins,19,1
36413,Ġdistributes,19,0
36414,Ġsubvers,19,0
36415,Ġstudded,19,9
36416,Ġearrings,19,73
36417,Ġprogrammatic,19,0
36418,Ġkindest,19,0
36419,Ġrestart,19,0
36421,Ġcheet,19,20
36422,ĠMarce,19,0
36423,ĠMarcel,19,0
36426,Ġdiscs,19,1
36427,Ġdiscons,19,0
36428,ĠClan,19,0
36430,Ġuntrained,19,0
36431,Ġarticulate,19,0
36432,ĠShines,19,0
36433,ĠShogun,19,0
36435,Ġpasswords,19,0
36436,ĠReine,19,0
36437,ĠReformation,19,0
36438,Ġdefensible,19,0
36439,ĠIsles,19,0
36440,attack,19,0
36441,Ġformulate,19,0
36442,Ġcompleteness,19,0
36443,ĠAda,19,0
36444,Ġwaivers,19,0
36445,ĠBegun,19,0
36446,Ġaffirm,19,0
36447,ĠSporting,19,0
36448,ĠSporades,19,0
36450,Ġmoaned,19,0
36451,ĠProdig,19,0
36452,Ġtwirl,19,4
36453,Ġdetain,19,2
36454,Ġcrevices,19,0
36455,Ġbusinesslike,19,0
36456,Ġfunk,19,1
36457,Ġfunicular,19,0
36459,Ġforenoon,19,0
36460,Ġrespite,19,0
36462,Ġbrokers,19,0
36463,Ġinsure,19,0
36464,Ġinsisting,19,0
36465,Ġtransist,19,0
36466,Ġtransitional,19,0
36467,Ġadvises,19,0
36469,Ġ812,19,0
36470,ĠPrinting,19,0
36471,Ġsummed,19,0
36472,Ġproficient,19,0
36474,Ġpowerfully,19,0
36475,ĠFlood,19,1
36476,ĠFlamboyant,19,0
36477,ĠChristchurch,19,0
36478,ĠChristendom,19,0
36479,Ġmemo,19,3
36481,Ġpastures,19,1
36482,Ġpastoral,19,0
36484,Ġconditional,19,0
36485,Ġfundraising,19,0
36486,Ġanimosity,19,0
36488,ouncing,19,2
36489,Ġwholeheartedly,19,0
36490,Ġ1750,19,0
36491,Ġ1762,19,0
36492,Ġnationalities,19,6
36493,Ġmomentarily,19,0
36494,Ġbeneficiary,19,0
36495,ĠHarland,19,0
36496,ĠSole,19,2
36497,until,19,0
36498,ĠGrotto,19,0
36500,Ġfreeways,19,0
36501,Ġtryin,19,0
36502,Ġbeachfront,19,3
36503,Ġfightin,19,0
36504,ĠOrr,19,0
36505,1968,19,0
36506,1964,19,0
36507,1967,19,0
36508,ĠHerrera,19,0
36509,Ġsilks,19,2
36510,Ġtablecloth,19,154
36511,ERN,19,1
36512,Ġcaters,19,0
36514,ĠSeville,19,0
36516,Ġmakeshift,19,44
36517,Ġengulf,19,0
36518,ĠExley,19,0
36519,Ġfilth,19,0
36520,Ġimprovis,19,0
36522,ĠParan,19,0
36523,Ġburly,19,0
36524,ĠBarak,19,0
36525,Ġcoron,19,0
36526,Ġlimped,19,0
36527,Ġgrasses,19,9
36528,ĠActivity,19,0
36529,Ġmotifs,19,0
36531,Ġclimates,19,0
36532,Ġpreposterous,19,0
36533,Ġdestiny,19,0
36534,Ġbreakthrough,19,0
36535,ĠCanberra,19,0
36536,ĠTeachers,19,0
36537,Ġdivinity,19,0
36538,ĠCaled,19,0
36539,Ġbrownies,19,10
36541,Ġyellowish,19,48
36542,ĠAmmon,19,0
36543,Ġlabeling,19,2
36544,ĠMegh,19,0
36547,Ġidentities,19,0
36548,Ġspecializes,19,0
36549,Ġboarder,19,30
36550,205,19,0
36551,2022,19,0
36552,Ġjoked,19,0
36553,Ġ142,19,1
36554,Ġ147,19,2
36555,Ġpickles,19,37
36556,ĠJustinian,19,0
36557,Ġpalazzo,19,0
36558,ĠSouthampton,19,0
36559,Ġsuffice,19,0
36560,Ġlatex,19,19
36561,ĠPeppers,19,0
36562,ĠPhilharmonic,19,0
36563,Ġ113,19,2
36564,Ġ1100,19,0
36565,Ġarchive,19,0
36566,Ġnecessitated,19,0
36568,Ġeventful,19,0
36570,ĠElvis,19,1
36571,Ġ132,19,0
36572,Ġ133,19,5
36573,Ġcoldest,19,0
36574,Ġcoldness,19,0
36575,Ġexaminations,19,0
36576,ĠAccord,19,0
36577,Ġaccessing,19,0
36578,Ġcornstarch,19,0
36580,Ġdeepened,19,0
36581,ĠPaltrow,19,0
36582,Ġafresh,19,0
36583,Ġflyers,19,1
36584,Ġfavorably,19,0
36585,Ġcolorless,19,5
36587,Ġgentler,19,0
36588,ĠRedgrave,19,0
36589,ĠQuiet,19,0
36590,ĠQuaker,19,0
36591,Ġmacho,19,1
36595,ĠEncour,19,0
36597,ĠAgu,19,0
36598,ĠAgent,19,0
36599,ĠAgaa,19,0
36600,Ġstonework,19,3
36602,Ġenvironmentally,19,0
36603,ĠMenor,19,0
36605,ĠSantos,19,0
36606,Ġstraighten,19,0
36608,ĠPatient,19,0
36609,Ġforgave,19,0
36610,strom,19,0
36612,Ġ212,19,1
36613,Ġ218,19,2
36614,ĠNewsday,19,0
36616,Ġimagery,19,4
36617,ĠRoberto,19,0
36618,Ġdespatched,19,0
36619,Ġimmature,19,5
36620,ĠRoswell,19,0
36621,ĠComic,19,1
36624,ĠCheap,19,1
36626,Ġdispens,19,42
36627,Ġdispatched,19,0
36629,cello,19,1
36630,Ġtradeoff,19,0
36631,Ġstrolls,19,0
36632,zenji,19,0
36633,Ġdenomin,19,0
36634,Ġpreventable,19,0
36635,Ġcellphones,19,40
36636,Ġcommenting,19,1
36637,system,19,0
36639,Ġintroductory,19,0
36642,Ġreformer,19,0
36643,Ġreformers,19,0
36644,ĠWindow,19,7
36645,Ġteleph,19,6
36646,Ġwhisked,19,0
36647,Ġtownspeople,19,0
36648,ĠSuggest,19,0
36650,Ġforgets,19,0
36651,Ġgarter,19,20
36652,ĠTemp,19,1
36653,ĠBelieve,19,0
36654,ĠPriam,19,0
36655,Ġlunchtime,19,0
36656,ĠMontreuil,19,0
36657,Ġpursuits,19,0
36658,Ġirate,19,1
36659,ĠSimulations,19,0
36660,ĠSalinger,19,0
36661,ĠMerrion,19,0
36662,Ġdreamt,19,0
36663,ĠGrecian,19,1
36664,Ġbraided,19,32
36665,Ġprogressives,19,0
36666,Ġentertainer,19,2
36667,Ġentertainers,19,9
36668,ĠHelping,19,0
36669,ĠAssociate,19,0
36670,Ġstretcher,19,14
36671,Ġdedicate,19,0
36673,Ġ404,19,0
36674,ĠCOPD,19,0
36675,Ġdefeats,19,0
36676,Ġreactors,19,0
36678,ĠKeimer,19,0
36679,Ġpetted,19,26
36680,Ġpetitions,19,0
36681,ĠHansen,19,0
36682,Ġbreaths,19,0
36684,Ġtickled,19,1
36685,ĠWesterners,19,2
36687,ĠGoldsmith,19,0
36688,Ġdetailing,19,2
36689,Ġunfold,19,1
36690,Ġunfolded,19,2
36691,ĠAudits,19,0
36692,ĠAudley,19,0
36693,Ġkickboxing,19,2
36694,Ġtextbooks,19,1
36695,ĠGarcia,19,0
36696,ĠCommunes,19,0
36699,Ġfixedly,19,0
36700,ĠBuzz,19,2
36701,ĠWilshire,19,0
36703,Ġrubidium,19,0
36704,Ġblankly,19,0
36705,ĠMagadan,19,0
36706,Ġinformational,19,4
36707,Ġobservable,19,0
36708,Ġmutually,19,0
36709,Ġmutiny,19,0
36710,Ġcontacting,19,0
36711,ĠMcCartney,19,0
36712,Ġvanity,19,4
36714,ĠHavel,19,0
36715,ĠModeling,19,0
36716,Ġderail,19,0
36717,ĠSuns,19,0
36718,Ġbrandishing,19,0
36719,ĠPersons,19,5
36720,ĠLemann,19,0
36721,ĠLemlich,19,0
36722,Ġimplication,19,0
36723,Ġwavered,19,0
36725,wrote,19,0
36726,ĠCamara,19,0
36727,ĠSidd,19,0
36728,ĠSidabi,19,0
36729,ĠBabur,19,0
36730,ĠBabchuk,19,0
36731,ĠSurface,19,3
36732,ĠNorte,19,0
36733,Ġmedicinal,19,0
36734,ĠMavericks,19,1
36735,ĠLaramie,19,0
36736,Ġmurdering,19,0
36737,Ġmurderous,19,0
36739,Ġlifestyles,19,0
36740,ĠLandmark,19,0
36741,Ġdissolves,19,0
36742,Ġillustrious,19,0
36743,ĠIncorrect,19,0
36744,ĠChaplin,19,0
36745,ĠKarate,19,3
36746,ĠHamlet,19,0
36747,ĠErrol,19,0
36748,ĠArchives,19,0
36749,OUNT,19,1
36750,Ġ1891,19,0
36751,Ġrevolted,19,0
36752,Ġdescriptive,19,0
36753,Ġloaning,19,0
36754,ĠForecast,19,0
36755,ĠTransition,19,0
36756,ĠProtesters,19,56
36757,ĠBells,19,0
36758,Ġvirtu,19,0
36759,ĠBookstaver,19,0
36760,Ġidols,19,0
36761,Ġtravers,19,0
36762,Ġtraitors,19,0
36763,ĠJoao,19,1
36764,Ġpitied,19,0
36766,ĠMasterpiece,19,0
36767,ĠVanessa,19,0
36768,Ġrescuing,19,1
36769,Ġwidowed,19,0
36770,Ġreminding,19,0
36771,Ġreminders,19,0
36772,ĠStatus,19,0
36773,ĠBiology,19,0
36774,Ġheightened,19,0
36775,Ġstakeholder,19,0
36777,Ġstaircases,19,2
36778,Ġhypnot,19,0
36779,ĠLocation,19,0
36781,Ġscorecard,19,0
36782,ĠPottery,19,0
36783,Ġdynasties,19,0
36784,Ġpuzzling,19,0
36785,Ġsubsidize,19,0
36786,ĠTimucua,19,0
36787,Ġgleefully,19,1
36789,Ġlapse,19,4
36790,ĠNativity,19,0
36791,ĠElectoral,19,0
36792,designed,19,1
36793,Ġtackling,19,2
36794,Ġdepictions,19,0
36795,carbon,19,0
36797,Ġpantheon,19,0
36798,Ġdrumming,19,0
36799,Ġanticipating,19,0
36801,Ġreinvent,19,0
36802,Ġhoard,19,1
36803,ĠRococo,19,0
36804,Ġallocating,19,0
36806,Ġunearthed,19,0
36808,ĠCarlisle,19,1
36809,Shut,19,0
36810,ĠMandir,19,0
36811,ĠConfederations,19,0
36812,Ġrecalling,19,0
36813,Ġdominating,19,2
36814,Ġstiffened,19,0
36815,Ġrevolutionaries,19,0
36816,ĠOlivia,19,0
36817,ĠLieberman,19,0
36818,Ġspoils,19,0
36819,ĠEqually,19,0
36821,Ġ1801,19,0
36822,ĠBharat,19,0
36823,1983,19,0
36824,Ġ1834,19,0
36825,cutting,19,1
36826,ĠBrenda,19,0
36827,Ġpardons,19,0
36828,eteers,19,0
36829,ĠFields,19,1
36830,Ġdiscouraging,19,0
36831,Ġcorrespondents,19,0
36832,ĠExplan,19,0
36833,Ġscraping,19,0
36834,Ġwisest,19,0
36835,Ġsynagogues,19,0
36836,ĠHurricanes,19,0
36837,Ġarchaeologist,19,1
36838,pitched,19,0
36839,Ġaltarpiece,19,0
36840,ĠMuley,19,0
36841,ĠRoseanne,19,0
36842,ĠDamon,19,0
36843,Clostridium,19,0
36844,ĠMalaya,19,0
36845,Ġmigrants,19,0
36846,ĠPiccadilly,19,1
36847,ĠAndrews,19,1
36848,ĠLSU,19,0
36849,Ġexperimentation,19,0
36850,fourth,19,0
36851,ĠConnection,19,1
36852,ĠBatu,19,0
36853,ĠKamen,19,0
36854,Ġgloomily,19,0
36855,ĠMainstream,19,0
36856,Ġshyly,19,1
36858,Ġgaunt,19,0
36859,Ġcoordinates,19,0
36860,Ġmarvels,19,0
36861,ĠFlyers,19,0
36863,ĠRaising,19,0
36864,Ġlugger,19,0
36865,Ġconveyance,19,0
36866,Ġabsentee,19,0
36867,Ġtrimming,19,3
36868,Ġgrooms,19,24
36869,itarianism,19,0
36870,Ġphenomenal,19,0
36871,Ġnavigation,19,1
36872,Ġtaboo,19,0
36873,ĠBurnett,19,1
36874,ĠMcKay,19,0
36875,Ġbrutally,19,0
36876,ĠMessrs,19,0
36877,ĠEpiscopal,19,0
36878,ĠExhibition,19,0
36879,ĠRowdy,19,0
36880,1972,19,0
36881,ĠTraveling,19,0
36882,ĠErnst,19,0
36883,ĠANC,19,0
36884,Ġentrants,19,0
36885,Ġdormant,19,0
36886,Ġdiscontented,19,0
36887,Ġstimulate,19,0
36888,ĠWrestleMania,19,0
36889,Ġprocured,19,0
36890,Ġfidget,19,0
36891,Ġbewildering,19,0
36892,ĠSMS,19,0
36894,Ġsimultaneous,19,0
36895,ĠExpenses,19,0
36896,Ġhandkerchiefs,19,10
36897,Ġnavigating,19,2
36898,Ġravages,19,0
36899,Quite,19,0
36900,Ġblends,19,0
36901,Ġblended,19,1
36902,ĠArchaeology,19,0
36903,Ġcultivation,19,0
36904,Ġalterations,19,0
36905,ĠFewer,19,0
36906,Ġincorrectly,19,0
36907,Ġbaptistery,19,0
36908,ĠConde,19,0
36909,Ġuninjured,19,0
36910,ĠAlbanians,19,0
36911,ĠPickle,19,0
36912,Ġtwinkled,19,0
36913,drive,19,1
36915,Ġconstituent,19,0
36916,Ġtranquility,19,0
36917,Ġcommemorated,19,0
36918,ĠCreative,19,0
36919,ĠGauntlet,19,0
36920,Ġtrifling,19,0
36921,ĠHonorary,19,0
36922,ĠCeltics,19,1
36923,Ġmetaphys,19,0
36924,vette,19,3
36925,ĠBLACK,19,453
36926,ĠBrewery,19,1
36927,Ġtumor,19,0
36928,ĠAdventurers,19,0
36929,Ġsprinkled,19,34
36930,ĠMolin,19,0
36931,Ġmuffled,19,0
36932,ĠCommandments,19,0
36933,ĠSophie,19,0
36934,ĠEmmeline,19,0
36935,Ġcongregate,19,0
36936,ĠStrategies,19,0
36937,corner,19,1
36939,ĠSorbonne,19,0
36940,Ġtrampled,19,0
36941,Ġmanipulating,19,1
36942,Ġsurmounted,19,0
36943,ĠBessus,19,0
36944,ĠRanford,19,0
36946,Ġindefinite,19,0
36947,Prince,19,0
36949,ĠPauper,19,0
36950,Ġdisobeyed,19,0
36951,Ġhorrifying,19,0
36952,Ġcaucus,19,0
36953,Ġpopulist,19,0
36954,Ġanthropology,19,0
36955,ĠVelazquez,19,0
36956,Ġcrusaders,19,1
36957,Ġbrewery,19,1
36958,Ġlusty,19,0
36959,Ġmotorbikes,19,62
36960,Ġpostpone,19,0
36961,Everything,19,0
36962,Ġsibling,19,8
36963,Ġdiligent,19,2
36964,ĠFoley,19,0
36965,Ġadversely,19,0
36966,Ġadolescent,19,20
36967,Ġovercrowding,19,0
36968,ĠCorsica,19,0
36969,Ġwretches,19,0
36970,Ġfainting,19,0
36971,Ġmegaphone,19,22
36972,Ġsaddles,19,5
36974,ĠMormons,19,0
36976,Ġrooftops,19,10
36977,Ġimpartiality,19,0
36978,Ġcourteously,19,0
36979,ĠDarwinian,19,0
36980,ĠDyck,19,0
36981,ĠBrighton,19,5
36982,Ġproteins,19,0
36983,Ġeloquent,19,0
36984,ĠMarseilles,19,0
36985,ĠJodie,19,0
36986,Ġingenuity,19,0
36988,camera,19,2
36989,ĠKitano,19,0
36990,Ġfluctuate,19,0
36991,Christian,19,0
36992,Ġinterpreting,19,0
36993,Ġbracket,19,15
36994,Ġballerinas,19,26
36996,Ġexchanging,19,1
36997,Ġaffliction,19,0
36998,Ġcharismatic,19,0
37000,Ġshuffling,19,1
37001,Ġarrogance,19,0
37002,ĠChowk,19,0
37003,Ġidiotic,19,0
37004,Ġgenealogy,19,0
37005,Ġbombardment,19,0
37006,Ġbombardier,19,1
37007,ĠPainting,19,2
37008,Ġexuberant,19,0
37009,Ġmassacres,19,0
37010,ĠWORLD,19,1
37011,ĠDAYS,19,0
37012,blooded,19,0
37013,ĠSquadron,19,0
37014,ĠProcedure,19,0
37015,ĠWheeler,19,0
37016,ĠFerrari,19,0
37017,Ġconcession,19,9
37018,Ġconcessions,19,1
37019,ĠVillette,19,0
37020,Ġdoggedly,19,0
37021,Ġindiscrimin,19,0
37022,ĠVehicles,19,5
37023,Ġobediently,19,0
37024,Ġmushrooms,19,91
37025,ĠTyrone,19,0
37026,Ġdomestically,19,0
37027,ĠAutomated,19,0
37028,Ġoutweigh,19,0
37029,aucous,19,1
37030,ĠConnery,19,0
37031,ĠOrdinary,19,0
37032,Ġdynamics,19,0
37033,Ġoutsourcing,19,0
37034,Ġcontradictory,19,0
37035,ĠHoliday,19,1
37036,ĠAssyrian,19,0
37038,Ġbrochure,19,10
37039,disciplinary,19,0
37040,Ġlymphoma,19,0
37041,ĠMoulin,19,0
37042,ĠBerkshire,19,0
37044,Ġnotoriously,19,0
37045,ĠDWP,19,0
37046,Ġplastics,19,0
37047,ĠStoddart,19,0
37049,ĠPrincipal,19,0
37050,Ġcrescent,19,6
37051,Ġkebap,19,0
37052,Ġinterconnected,19,0
37053,Ġdaisies,19,23
37054,Ġunsatisfactory,19,0
37055,Ġreincarnation,19,0
37056,ĠSiegel,19,0
37057,Ġaisles,19,2
37058,Ġobeying,19,0
37059,Ġglistening,19,2
37060,Ġ6303,19,0
37061,ĠSerena,19,2
37062,ĠFabricius,19,0
37063,ĠChitwan,19,0
37064,Ġjuncture,19,0
37065,ĠMycenaean,19,0
37066,Ġshoddy,19,0
37067,Ġunobserved,19,0
37068,ĠChagall,19,0
37069,Ġcrayons,19,61
37070,Ġsubcontinent,19,0
37071,ĠZebedee,19,0
37072,ĠChestnut,19,1
37073,Ġprecarious,19,0
37074,Ġpicnics,19,0
37075,Ġuncontrollable,19,0
37076,Ġhinterland,19,0
37077,ĠPitcairn,19,0
37078,ĠWagonheim,19,0
37079,ĠKamehameha,19,0
37080,adjusted,19,0
37081,Ġsuperficial,19,0
37082,ĠHyderabad,19,0
37083,ĠCopyright,19,0
37084,ĠInvalides,19,0
37085,Ġscrolls,19,0
37086,Ġincoherent,19,0
37088,ĠElisabeth,19,1
37089,Ġmamelukes,19,0
37090,Ġheiress,19,0
37091,ĠNamibia,19,0
37092,ĠJaisalmer,19,0
37093,Ġexorbitant,19,0
37094,ĠILLUST,19,0
37096,ĠFaulkner,19,0
37097,Ġincumbents,19,0
37098,Ġcentrally,19,1
37099,Ġcatapult,19,12
37100,ĠIgreja,19,0
37101,ĠMeredith,19,0
37102,ĠFulton,19,0
37104,Ġdiaspora,19,0
37105,Ġdisrepair,19,0
37106,ĠDeborah,19,0
37107,ĠBlagojevich,19,0
37108,ĠDraguignan,19,0
37109,ĠSTEWARDSHIP,19,0
37110,ĠBournemouth,19,0
37112,ĠKinabalu,19,0
906,roup,18,0
1206,Ġey,18,17
1287,Ġeas,18,2
1792,Ġpict,18,7
2225,ĠDav,18,0
2235,Ġoutd,18,0
2292,ommy,18,20
2798,Ġexcl,18,0
2929,ĠSoc,18,0
3018,Ġut,18,9
3555,Ġshr,18,6
3728,Ġprec,18,0
3846,Ġoppos,18,3
4808,Ġcrimin,18,0
4857,icians,18,0
5114,ĠCath,18,2
5132,soft,18,2
5138,Ġdism,18,0
5423,Ġheav,18,14
5577,andem,18,0
6216,ĠBraz,18,0
6230,ulous,18,0
6403,ĠColumb,18,0
6520,alty,18,0
6544,Ġrom,18,3
6761,asures,18,0
7175,ĠCrit,18,0
7195,cipl,18,0
7219,iciency,18,0
7499,pective,18,0
7616,Ġundert,18,0
7672,ĠHond,18,0
8414,ĠJord,18,0
8428,ĠSax,18,2
8595,Ġsust,18,0
8643,itative,18,0
8738,ĠHung,18,0
8767,Ġrelie,18,0
8771,oxide,18,0
9029,sect,18,1
9140,istical,18,0
9196,struction,18,0
9464,avor,18,0
9635,ĠNich,18,0
9793,ĠAdv,18,0
10104,ĠScient,18,5
10158,ifferent,18,0
10346,alous,18,0
10480,iven,18,0
10914,Ġsuspend,18,0
10987,changed,18,0
10995,ĠVers,18,0
11110,Ġsuperv,18,1
11207,held,18,1
11464,ĠKell,18,0
11493,orrect,18,0
11684,ORAT,18,2
11765,Ġsty,18,4
12104,orer,18,3
12150,riel,18,0
12331,abl,18,1
12348,Ġtransp,18,0
12442,Ġstim,18,0
12704,Ġaccus,18,0
12720,ĠNeg,18,1
12900,oub,18,0
13047,ĠGent,18,3
13684,ĠOpp,18,3
13750,Ġejac,18,0
13843,Ġsod,18,12
13977,trap,18,0
13987,ĠBry,18,0
14285,Ġskept,18,3
14319,ĠCit,18,0
14759,Ġsmugg,18,0
14902,ĠAstron,18,0
14924,vet,18,4
15169,Ġextrem,18,0
15344,ĠCra,18,0
15599,neg,18,1
15628,ITT,18,189
15658,lad,18,1
15771,Ġameric,18,9
15788,robe,18,24
16046,arek,18,0
16074,ischer,18,0
16257,ĠOw,18,0
16392,ĠYok,18,0
16395,Ġenqu,18,0
16414,Ġincomp,18,0
16751,ĠSard,18,0
16768,ĠLiter,18,0
16770,ĠRan,18,0
16828,ĠSalv,18,0
16990,ĠUNE,18,0
17028,onge,18,2
17156,ĠPros,18,1
17172,ĠOc,18,0
17182,sels,18,25
17238,points,18,0
17268,gard,18,0
17282,Ġlingu,18,0
17318,avan,18,0
17475,ĠQuant,18,0
17481,ĠChem,18,0
17569,Ġchron,18,0
17735,Ġperplex,18,0
17801,Ġrollers,18,3
17863,utant,18,0
18189,pert,18,0
18471,math,18,0
18472,try,18,0
18478,Ġpear,18,31
18548,ĠMcL,18,0
18654,Ġrej,18,0
18676,Ġchrist,18,2
18731,ĠSlow,18,1
18832,ĠCors,18,0
18862,ĠEu,18,1
19070,ĠVig,18,0
19176,Co,18,1
19306,ĠBuild,18,0
19622,Ġhij,18,21
19785,cane,18,0
19835,arte,18,2
19876,ĠCollect,18,0
19988,serv,18,0
20018,opes,18,3
20170,fu,18,0
20404,PD,18,1
20446,unity,18,0
20485,yss,18,0
20618,CR,18,0
20809,ĠCinem,18,0
20838,ych,18,0
21047,author,18,0
21122,ĠLus,18,0
21144,ĠUC,18,3
21220,masters,18,0
21318,gre,18,5
21348,aser,18,13
21368,Ġrasc,18,0
21494,frame,18,2
21599,Ġaux,18,0
21617,Ġlitt,18,45
21849,Ġpione,18,0
21939,eka,18,0
22088,Ke,18,0
22113,orate,18,0
22136,ilot,18,4
22176,Ġscow,18,3
22420,ĠMaint,18,0
22555,Ġprecinct,18,0
22776,ĠVitt,18,0
22784,nered,18,2
22860,Ġuncont,18,0
22903,organized,18,1
23214,Ġobstin,18,0
23224,eteenth,18,0
23311,lemy,18,0
23324,eting,18,1
23340,Ġrheum,18,0
23427,prising,18,0
23618,Ġinacc,18,0
23636,sever,18,0
23677,ĠOAS,18,0
23749,Ġbreakd,18,6
24049,ellar,18,0
24301,ayama,18,0
24313,ĠHut,18,5
24416,iken,18,1
24626,Az,18,0
24672,entious,18,0
25102,berman,18,8
25381,GH,18,7
25419,Ġbourgeois,18,0
25620,ĠImport,18,0
25802,Ġgird,18,2
25811,etz,18,0
25846,ĠNin,18,0
25952,aims,18,0
26218,ĠSett,18,0
26222,ĠCul,18,0
26239,olite,18,0
26242,ĠWins,18,0
26266,iere,18,1
26333,ĠShawn,18,0
26562,priced,18,0
26663,thin,18,0
26864,Chap,18,0
27070,stated,18,0
27080,Ġstyl,18,8
27108,Ġplough,18,0
27129,agawa,18,0
27184,Ġstrang,18,0
27194,anyan,18,0
27304,guided,18,0
27504,Cast,18,0
27528,rition,18,0
27530,sal,18,0
27542,review,18,0
27571,icative,18,0
27589,ĠMate,18,0
27607,ĠPatt,18,0
27634,ĠRS,18,0
27638,Ġherald,18,0
27783,Ġgrapp,18,3
27797,ographs,18,0
27850,ĠFarming,18,0
27868,APS,18,1
28007,Mur,18,0
28013,RATION,18,0
28022,hara,18,0
28096,ĠHoo,18,0
28112,unes,18,3
28129,ĠGw,18,0
28227,ĠMarm,18,0
28243,ĠSpark,18,3
28344,Ġunsus,18,0
28907,OUS,18,10
36425,ĠĠĠĠĠĠĠĠĠĠĠĠĠ,18,0
37113,650,18,0
37114,Ac,18,0
37115,Aw,18,0
37116,Avenue,18,0
37117,Bo,18,1
37118,CD,18,2
37119,Cor,18,0
37120,Death,18,0
37121,Four,18,0
37123,Game,18,0
37124,Gee,18,0
37125,GAR,18,2
37126,Ham,18,0
37127,Ill,18,1
37128,Kane,18,0
37129,Les,18,1
37130,Lau,18,0
37131,London,18,0
37132,Litoria,18,0
37133,Nort,18,1
37134,NBA,18,0
37135,Ori,18,0
37136,PT,18,2
37140,Such,18,0
37141,Tre,18,0
37142,Turn,18,0
37143,Whe,18,0
37144,_?,18,0
37147,bear,18,20
37148,cm,18,0
37149,cans,18,7
37150,cade,18,3
37151,dened,18,0
37152,dear,18,0
37154,federal,18,0
37156,files,18,0
37157,gation,18,0
37159,horses,18,2
37160,halt,18,1
37161,hito,18,0
37163,jima,18,0
37164,ku,18,0
37165,kow,18,0
37166,lab,18,0
37167,lak,18,0
37169,lov,18,0
37170,lift,18,22
37171,match,18,0
37172,phen,18,0
37173,paced,18,0
37175,rather,18,0
37176,rides,18,0
37178,super,18,0
37179,tight,18,0
37180,torn,18,0
37181,tons,18,0
37182,twas,18,0
37184,uble,18,0
37185,vd,18,7
37187,wel,18,0
37188,watching,18,0
37189,yth,18,0
37190,zak,18,0
37191,Ġtuck,18,2
37192,Ġtropics,18,0
37193,Ġau,18,2
37194,Ġale,18,5
37196,inv,18,0
37197,infl,18,0
37198,Ġtheolog,18,0
37199,Ġsally,18,0
37200,Ġsiesta,18,0
37201,Ġwakened,18,0
37202,atized,18,0
37203,ishe,18,3
37204,Ġbuddy,18,3
37205,Ġcath,18,20
37206,Ġcube,18,40
37209,oras,18,3
37210,escent,18,0
37211,Ġpinto,18,1
37212,Ġpasse,18,0
37213,Ġhooping,18,0
37214,Ġtogs,18,0
37215,Ġdh,18,1
37216,Ġdined,18,0
37217,Ġdunk,18,4
37218,Ġdandy,18,0
37224,alp,18,0
37225,alers,18,1
37226,ĠTRE,18,6
37228,ĠTickets,18,0
37229,ĠTREE,18,16
37230,Ġtho,18,7
37231,Ġthwart,18,0
37232,Ġns,18,0
37233,Ġnah,18,0
37234,icke,18,0
37235,Ġlash,18,0
37236,Ġlute,18,1
37237,Ġlenses,18,6
37238,Ġlagoons,18,0
37239,Ġgory,18,2
37240,Ġgoofy,18,25
37241,ĠIk,18,0
37242,ĠAugsburg,18,0
37245,Ġreopen,18,0
37246,Ġyel,18,12
37248,adh,18,0
37249,adis,18,0
37250,aday,18,0
37255,etto,18,1
37256,ĠSes,18,0
37257,ĠSper,18,0
37258,ĠSik,18,0
37259,ĠSino,18,0
37261,ĠSSI,18,0
37262,ĠSSR,18,0
37263,ĠSasaki,18,0
37265,ĠSanskrit,18,0
37267,Ġstaid,18,0
37268,Ġstaging,18,0
37270,Ġstigma,18,0
37271,seller,18,0
37273,amachi,18,0
37275,Ġwearer,18,5
37276,uric,18,0
37277,uracy,18,0
37278,ĠChing,18,0
37279,ĠCary,18,0
37282,ĠCooking,18,2
37283,ĠCAN,18,28
37284,ĠCardo,18,0
37285,ĠMast,18,1
37286,ĠMAT,18,7
37287,ĠMasc,18,0
37288,ĠMAS,18,1
37289,ĠMLB,18,4
37290,ĠMitsubishi,18,0
37291,Ġanth,18,0
37292,Ġanarchy,18,2
37293,Ġwhoop,18,1
37294,ĠBU,18,9
37296,ĠBaz,18,0
37297,ĠBoud,18,0
37298,ĠBEN,18,30
37299,ĠBIR,18,35
37300,ĠBibli,18,0
37301,Ġwithstood,18,0
37302,Ġhairl,18,9
37304,ĠHing,18,0
37305,ĠHidden,18,8
37308,tera,18,0
37309,"Ġ""[",18,0
37310,ĠPai,18,0
37311,ĠPinsky,18,0
37312,ĠPieces,18,15
37313,ĠPasha,18,0
37314,Ġkern,18,3
37315,Ġkins,18,2
37317,Ġrs,18,0
37318,Ġseagull,18,106
37319,ĠWo,18,1
37320,ĠWalls,18,1
37321,ĠWauton,18,0
37322,Ġshaven,18,5
37323,Ġshading,18,10
37324,Ġshacks,18,3
37325,Ġshimmering,18,1
37326,Ġnec,18,1
37327,Ġmanga,18,1
37328,usz,18,0
37329,unu,18,0
37332,ĠFond,18,0
37333,ĠFarn,18,0
37334,ĠFagen,18,0
37336,ĠDing,18,0
37337,ĠDoh,18,1
37338,ĠDiversity,18,0
37339,ĠDyer,18,0
37340,ĠDyson,18,0
37341,emaking,18,0
37342,ĠNer,18,4
37343,ĠNau,18,0
37345,ĠLep,18,0
37346,ĠLoss,18,0
37347,ĠGir,18,298
37348,ĠGel,18,2
37349,ĠGag,18,0
37351,ĠGru,18,0
37352,ĠGenn,18,0
37356,ĠGoms,18,0
37357,ĠGuns,18,0
37358,ĠGorge,18,0
37359,ĠGao,18,0
37360,ĠRim,18,0
37361,ĠRoo,18,1
37362,ĠRats,18,0
37364,abb,18,0
37365,ĠJC,18,0
37366,ĠJury,18,0
37367,ĠJared,18,0
37368,ĠJocks,18,0
37369,ĠJenny,18,0
37370,ĠJensen,18,0
37371,Ġknuckles,18,16
37372,artin,18,0
37373,Ġvas,18,5
37374,Ġville,18,0
37376,Ġexoner,18,0
37377,Ġexacerb,18,0
37378,Ġsoaking,18,3
37379,Ġleth,18,0
37380,Ġherds,18,0
37381,Ġjap,18,16
37382,Ġjib,18,1
37383,Ġaloof,18,2
37384,ĠEF,18,1
37385,ĠES,18,0
37386,ĠEid,18,0
37389,Ġoutcast,18,0
37390,Ġoutburst,18,0
37391,Ġgob,18,2
37393,ĠHearts,18,0
37394,ĠOUT,18,41
37395,oura,18,0
37396,Ġcanons,18,0
37400,ighted,18,0
37401,Ġintangible,18,0
37402,ichy,18,0
37403,ĠThar,18,0
37404,Ġcloned,18,0
37405,Ġfelled,18,2
37406,ĠKre,18,0
37408,ĠKish,18,0
37410,ĠKondo,18,0
37411,ĠKKR,18,0
37412,plus,18,1
37413,ploid,18,0
37414,placement,18,0
37415,raf,18,7
37416,Ġblushing,18,0
37417,Ġblurry,18,945
37418,Ġdiagram,18,3
37422,Ġdonuts,18,157
37425,"."",",18,0
37426,isham,18,0
37427,ishness,18,0
37428,Ġunify,18,0
37429,Ġunawares,18,0
37430,Ġadept,18,0
37431,Ġadorable,18,11
37432,Ġcompartment,18,30
37433,Ġqueries,18,0
37434,Ġprune,18,13
37435,Ġarsen,18,0
37437,Ġperme,18,0
37438,Ġspills,18,0
37439,Ġspilling,18,4
37440,Ġspiked,18,13
37441,achable,18,0
37442,client,18,0
37444,Ġdisin,18,0
37445,Ġripping,18,0
37446,ĠVR,18,0
37448,ĠVij,18,0
37449,reating,18,0
37450,Ġsci,18,0
37451,Ġscru,18,0
37452,Ġscull,18,1
37453,Ġscrib,18,1
37456,ĠShek,18,0
37457,ĠSheba,18,0
37458,Ġappalling,18,0
37459,isson,18,1
37461,Ġimpulses,18,0
37462,Ġbrat,18,5
37463,Ġflam,18,13
37465,Ġflipped,18,10
37467,ometry,18,0
37468,Ġpoignant,18,0
37469,athering,18,0
37470,Ġlongitudinal,18,0
37471,Ġmenagerie,18,0
37472,tell,18,1
37473,Ġhandheld,18,23
37474,Ġrepress,18,0
37475,Ġrepented,18,0
37476,Ġrepression,18,0
37477,Ġreconsider,18,0
37478,need,18,0
37479,Ġneedful,18,0
37482,Ġcomma,18,0
37483,Ġcommits,18,0
37484,ĠUnter,18,0
37486,Ġwraps,18,14
37487,ĠAsked,18,0
37488,ĠAsakusa,18,0
37490,Ġslump,18,0
37491,Ġslows,18,1
37492,Ġslots,18,3
37493,Ġslashing,18,0
37494,Ġsliced,18,136
37497,Ġassailed,18,0
37499,Ġaches,18,0
37500,Ġsupposing,18,0
37501,Ġsuppression,18,0
37502,Ġfinite,18,0
37503,Ġobit,18,0
37505,Ġglo,18,1
37506,Ġglum,18,0
37507,Ġglowed,18,0
37508,Ġconsorts,18,0
37509,odynam,18,2
37510,Ġblackmail,18,0
37512,Ġcapit,18,1
37513,Ġcapitol,18,2
37514,Ġhappiest,18,0
37517,aley,18,0
37518,Ġprogrammes,18,0
37520,Ġlifeguards,18,2
37521,ĠArg,18,0
37524,ĠLeuk,18,0
37525,ĠLeeds,18,0
37526,ĠLeaning,18,0
37527,Ġ1825,18,0
37528,ĠIndira,18,0
37529,Ġfarmed,18,0
37530,Ġexposes,18,0
37531,Ġredis,18,0
37532,Ġredemption,18,0
37533,Ġphased,18,0
37534,Ġairbags,18,0
37535,Ġbeliever,18,0
37536,Ġuntied,18,1
37537,sha,18,0
37540,ĠAtkins,18,0
37541,Ġminst,18,0
37542,ĠRevelation,18,0
37543,Ġcharcoal,18,27
37544,Ġcouches,18,21
37545,Ġcoughed,18,0
37547,Ġsignified,18,0
37548,Ġsignify,18,0
37549,Ġeverlasting,18,0
37550,Ġsnails,18,0
37551,Ġsnarl,18,0
37553,Ġelongated,18,2
37555,Ġeasel,18,35
37556,ierce,18,2
37557,Ġfrontiers,18,0
37558,Ġdeputies,18,0
37559,Ġspeculate,18,0
37560,Ġfacto,18,0
37561,Ġtreks,18,13
37563,ĠAdobe,18,2
37565,ĠSpa,18,0
37566,ĠSpider,18,13
37567,ĠSparta,18,0
37568,Ġvalet,18,0
37569,Ġmoors,18,0
37570,Ġtwig,18,18
37571,Ġcreaked,18,0
37572,Ġpretence,18,0
37573,Ġwindmills,18,0
37574,Ġbusinesswoman,18,2
37575,okers,18,0
37576,ĠMythology,18,0
37577,raps,18,3
37578,Ġdirective,18,0
37579,Ġforensic,18,0
37580,Ġbrooding,18,0
37581,Ġinscribed,18,4
37582,Ġtyped,18,4
37583,Ġallowable,18,0
37584,Ġ716,18,0
37585,ĠCarrey,18,0
37586,Ġpeeled,18,40
37587,Ġballad,18,0
37588,Ġtriptych,18,0
37589,Ġprofusion,18,0
37591,Ġcontinuation,18,0
37592,ĠConversely,18,0
37593,Ġparched,18,0
37594,Ġpurification,18,0
37595,ĠChristina,18,0
37598,Ġmidship,18,0
37600,Ġprominently,18,0
37601,Ġtestimonies,18,0
37602,ĠZercher,18,0
37603,Ġ1715,18,0
37604,Ġequitable,18,0
37605,Ġsaturated,18,0
37606,ĠCommittees,18,0
37607,ĠHarmon,18,0
37610,ĠOrdin,18,0
37611,1963,18,0
37612,Ġ154,18,1
37613,ĠBlow,18,0
37614,ĠGeoff,18,0
37616,ĠGerard,18,0
37617,ĠSevent,18,0
37619,Ġengravings,18,0
37620,Ġlineup,18,0
37622,incourt,18,0
37623,Ġsweats,18,36
37624,Ġswells,18,0
37625,Ġ166,18,1
37626,Ġ168,18,0
37627,Ġ169,18,0
37628,Ġburrowing,18,0
37630,umbles,18,7
37631,ĠEverywhere,18,0
37632,Ġroundabout,18,0
37633,Ġgrasslands,18,0
37635,ĠJanina,18,0
37638,Ġsquatted,18,4
37639,ĠMinisters,18,0
37640,Ġtotals,18,0
37643,Ġcovert,18,1
37644,Ġhealthier,18,0
37645,Ġauthorizes,18,0
37646,ĠCharity,18,0
37647,ĠCharley,18,0
37648,ĠAmun,18,0
37649,ĠCaen,18,0
37650,ĠUSRC,18,0
37651,ĠGodunov,18,0
37652,ĠMeat,18,14
37653,ĠMeantime,18,0
37654,Ġdeadliest,18,0
37655,Ġaffections,18,0
37656,ĠNegr,18,0
37658,ĠNeeded,18,0
37659,Ġfellowship,18,0
37660,Ġgunshot,18,2
37661,Ġcaldera,18,0
37662,Ġ143,18,0
37663,Ġ149,18,0
37664,Ġfinalists,18,0
37665,Ġpaler,18,3
37666,Ġdevise,18,1
37667,ĠPeck,18,0
37668,Ġparental,18,0
37670,deep,18,1
37671,Ġ116,18,4
37672,ĠMalm,18,0
37673,ĠMalta,18,0
37674,Ġarchaic,18,0
37676,Ġforties,18,0
37677,ĠElimination,18,0
37678,Ġcharacterize,18,0
37679,Ġcharacterization,18,0
37680,Ġmethodologists,18,0
37681,Ġsuperiors,18,0
37682,Ġsuperstore,18,0
37683,ĠAfonso,18,0
37684,relief,18,1
37685,Ġantenna,18,27
37686,ĠParticulate,18,0
37687,unky,18,4
37688,Ġwilds,18,0
37689,Ġviolins,18,40
37691,Ġcircuits,18,5
37692,ĠPorta,18,2
37693,ĠResolution,18,0
37694,ĠResistance,18,0
37695,ĠCapit,18,0
37696,Ġinfluencing,18,0
37698,Ġmultimedia,18,1
37699,Ġbrightest,18,27
37700,ĠTurbo,18,0
37702,ĠRichland,18,0
37703,ĠSmash,18,0
37704,ĠSmiling,18,36
37705,Ġgraze,18,9
37706,loved,18,1
37707,Ġsurfers,18,33
37708,ĠEntering,18,0
37709,ĠEnrique,18,0
37710,Ġregulates,18,0
37711,ĠCompost,18,0
37712,ĠCompatibility,18,0
37713,Ġnegatives,18,0
37714,Ġemeralds,18,0
37715,Ġzebra,18,4605
37716,Ġhangings,18,1
37717,Ġstraightway,18,0
37718,ĠMadras,18,0
37719,ĠMadagascar,18,1
37720,strated,18,0
37721,Ġsocialize,18,8
37722,ĠRiverina,18,0
37723,INC,18,0
37724,Ġ211,18,0
37725,Ġphysi,18,0
37726,Ġsecretive,18,0
37728,ĠRoyals,18,1
37729,ĠRoses,18,0
37731,Ġregularity,18,0
37732,ĠDesigned,18,0
37733,Ġcollared,18,111
37734,Ġcartridge,18,2
37735,Ġsociological,18,0
37736,Ġinnate,18,0
37737,Ġinnkeeper,18,0
37738,ĠGrandmamma,18,0
37739,ĠLois,18,0
37740,Ġskateboarders,18,31
37741,Ġmeasles,18,0
37742,ĠRoberta,18,0
37743,Ġcolonization,18,0
37744,Ġcardinals,18,1
37745,ijn,18,0
37747,Ġundef,18,0
37748,Ġintroduces,18,0
37749,Ġpollute,18,0
37750,ĠSukey,18,0
37751,ĠDisplay,18,6
37753,ĠImam,18,0
37754,ĠBurger,18,7
37755,ĠBurbank,18,0
37756,".--""",18,0
37757,ĠSusy,18,0
37758,ĠYounger,18,10
37759,Ġ229,18,1
37760,ĠKali,18,0
37761,Ġ270,18,0
37762,ĠSalisbury,18,0
37763,Ġalternating,18,3
37764,ĠSammy,18,0
37765,ĠGreider,18,0
37766,Ġprogresses,18,0
37767,Ġspirituality,18,0
37768,ĠContrary,18,0
37769,Ġgroaning,18,0
37770,ĠOkm,18,0
37771,ĠCODA,18,0
37772,Ġcircumstantial,18,0
37773,Ġweighty,18,0
37774,Ġbriefings,18,0
37775,Ġringed,18,2
37776,Ġpetrol,18,1
37777,Ġpetroleum,18,0
37778,State,18,0
37779,Ġunspeak,18,0
37780,Ġmilling,18,0
37781,Ġclosure,18,1
37782,Ġsprint,18,12
37783,ĠSkop,18,0
37784,ĠSinging,18,1
37786,ĠGaruda,18,1
37787,Ġreflectively,18,0
37788,Ġsummits,18,0
37789,ĠProvincial,18,0
37790,Ġtombstones,18,0
37791,ĠBuying,18,0
37792,Ġadjusts,18,2
37793,INGS,18,7
37794,ĠKhoiriphaba,18,0
37795,Ġpiracy,18,0
37796,ĠMcCormick,18,0
37797,Ġpauses,18,1
37798,Ġconservatism,18,0
37799,ĠSunrise,18,0
37800,Ġplatinum,18,2
37801,Ġheaviest,18,0
37802,ĠNorwich,18,1
37803,Ġwatersports,18,0
37804,Ġtailors,18,0
37805,Ġtimer,18,13
37806,Ġtimeless,18,0
37807,Ġtimeliness,18,0
37808,Ġwavelength,18,0
37809,ĠFathers,18,0
37810,Ġpiggy,18,33
37811,ĠPani,18,0
37812,ĠCamaro,18,0
37813,tti,18,0
37814,Ġbehavioral,18,0
37815,ĠSurprisingly,18,0
37816,Ġflowery,18,31
37817,ĠMaas,18,0
37818,ĠMondale,18,0
37819,ĠINA,18,0
37820,ĠINTER,18,3
37821,ĠINSEE,18,0
37822,ĠRomney,18,1
37823,Ġtonneau,18,0
37824,Ġbleed,18,0
37825,Ġbleach,18,1
37826,Ġambience,18,0
37827,IVES,18,2
37828,ĠSCHOOL,18,3
37829,ĠSixteen,18,9
37830,equipped,18,0
37831,Ġastounded,18,0
37832,Ġprofitability,18,0
37833,OUGH,18,7
37834,Ġinstructive,18,0
37835,Ġcertify,18,0
37836,Ġthoroughbred,18,0
37837,Ġthoroughfares,18,0
37838,ĠMassacre,18,0
37839,Ġdetectors,18,0
37840,ĠOswald,18,0
37842,ĠSupervis,18,0
37843,ĠTyrians,18,0
37844,ĠTyphoon,18,0
37845,Ġcroche,18,5
37846,ĠAhmad,18,0
37847,ĠHaywood,18,0
37848,Ġstupas,18,0
37849,Ġshadowed,18,17
37850,ĠSTR,18,2
37851,Ġreputable,18,0
37852,ĠNOW,18,0
37853,ĠNightingale,18,0
37854,Ġmaples,18,0
37855,ĠBeckett,18,0
37856,Ġwidening,18,0
37857,ĠAttempt,18,0
37858,Ġlockers,18,7
37859,ĠAvailable,18,0
37860,ĠAvignon,18,0
37861,Ġcrackers,18,47
37862,Ġphotographing,18,5
37863,charged,18,0
37865,Ġoversimpl,18,0
37866,ĠBesar,18,0
37867,ĠVoltaire,18,0
37868,ĠFIRE,18,4
37869,ĠDenise,18,1
37870,Ġdiversified,18,0
37871,ĠGalerie,18,0
37872,Ġnomads,18,0
37873,Ġnomadic,18,0
37874,Ġapproximate,18,0
37875,IONS,18,5
37876,Ġhalepa,18,0
37877,Ġrumm,18,4
37878,ĠRodman,18,0
37879,ĠEllora,18,0
37880,Ġtackles,18,2
37881,Ġrabbi,18,1
37882,Ġjogged,18,0
37883,ĠKathy,18,0
37884,Ġassembling,18,0
37885,Ġexcesses,18,0
37886,Ġnapkins,18,19
37888,Ġfluent,18,0
37889,Ġoversees,18,1
37890,Ġamusements,18,0
37891,Ġsweaty,18,5
37893,Ġselections,18,0
37894,Ġmotivate,18,0
37895,Ġ365,18,0
37896,Ġdominoes,18,6
37897,ĠRadcliffe,18,0
37898,Ġgratifying,18,0
37900,Ġcannibal,18,0
37902,Ġbattering,18,0
37903,Ġwhistles,18,1
37904,ĠLyndon,18,0
37905,Ġpaddock,18,0
37906,Ġpaddled,18,1
37907,Ġ1805,18,0
37908,Ġbolster,18,0
37909,ĠMarketing,18,0
37910,Ġauthored,18,0
37911,ĠWilderness,18,0
37912,Ġfoolishly,18,0
37913,ĠPrivatization,18,0
37914,ĠEmerging,18,0
37915,Ġobscene,18,4
37916,Ġdictates,18,0
37917,Ġdumping,18,2
37918,ĠMalayan,18,0
37920,Ġrefugee,18,0
37921,ĠCasual,18,1
37922,Ġutilizes,18,0
37923,according,18,0
37924,ĠCrewe,18,0
37925,ĠCroce,18,0
37926,ĠMaule,18,0
37927,Ġ1792,18,0
37928,ĠLimburg,18,0
37929,Ġclarification,18,0
37930,Ġsarcoma,18,0
37931,Ġsarcastically,18,0
37932,ĠBrandenburg,18,0
37933,Ġpulmonary,18,0
37934,Ġcompromises,18,0
37935,ĠCosimo,18,0
37937,Ġinefficiencies,18,0
37938,Ġconjured,18,0
37939,ĠShouldn,18,0
37940,Ġhindered,18,0
37941,Ġendeavoring,18,0
37942,ĠFriendless,18,0
37943,ĠConcern,18,0
37944,Ġcoordinator,18,1
37945,ĠKataba,18,0
37946,voiced,18,0
37947,ĠVersion,18,0
37948,ĠSioux,18,0
37949,Ġsedan,18,60
37950,Ġsedate,18,0
37951,Ġtramping,18,0
37952,Ġintrusion,18,0
37953,ĠNanu,18,0
37956,Ġdeceiving,18,0
37957,ĠFatim,18,0
37958,Ġscrubbing,18,2
37959,Reilly,18,0
37960,Ġappetites,18,0
37961,ĠBrotherhood,18,0
37962,Ġcluttered,18,19
37963,Ġcontemptible,18,0
37964,ĠZenanas,18,0
37965,Ġclasp,18,14
37966,ĠLaurent,18,0
37967,Ġlunatic,18,0
37968,ĠAyuntamiento,18,0
37969,ĠKidman,18,0
37970,ĠControls,18,0
37971,Ġaccelerator,18,0
37972,1971,18,0
37973,1974,18,0
37974,Ġluxuriant,18,0
37975,Ġstimulated,18,0
37976,ĠAdvisor,18,0
37977,Ġbarbecues,18,1
37978,ĠHolden,18,0
37979,ĠJuno,18,0
37980,ĠNegril,18,0
37981,ĠSMU,18,0
37982,ĠEcological,18,0
37983,Ġchoppy,18,8
37985,Ġconspirators,18,0
37986,Ġtorchlight,18,2
37987,Ġnavigator,18,1
37988,ĠDawkins,18,3
37989,ĠAssessments,18,0
37990,Surely,18,0
37991,Ġcontemplation,18,0
37992,Ġcontemplated,18,0
37993,Ġbuzzing,18,0
37994,Ġfretted,18,0
37995,ĠLEG,18,20
37996,Ġspokesperson,18,0
37997,Ġmanifestation,18,0
37998,Ġextracts,18,0
37999,Ġsyndicated,18,0
38000,window,18,0
38001,ĠCitgo,18,0
38002,ĠBowling,18,1
38003,ĠPuritan,18,0
38004,ĠGothenburg,18,0
38005,Ġduplication,18,0
38006,Ġdisgraceful,18,0
38007,Ġnegroes,18,0
38008,Ġcontradiction,18,0
38009,ĠCartoon,18,1
38010,ĠKoass,18,0
38011,Ġsqueal,18,0
38012,Ġsquealing,18,0
38013,ĠKauai,18,0
38015,Ġpolarized,18,0
38016,Ġpunishments,18,0
38017,ĠIzu,18,0
38018,Ġdelegation,18,0
38019,Ġhandicap,18,8
38020,ĠMangla,18,0
38021,ĠGlassman,18,0
38022,ĠFunny,18,0
38023,Ġrigidly,18,0
38024,Scinax,18,0
38025,ĠChampagne,18,1
38026,Ġsnorkel,18,20
38027,Ġsundry,18,1
38028,ogenic,18,0
38029,Ġflavour,18,2
38030,Ġlurid,18,0
38031,ĠLOST,18,0
38032,Ġquadr,18,0
38033,Ġpyres,18,0
38034,ĠKeener,18,0
38035,Ġretrieved,18,0
38036,Ġgingerly,18,1
38037,Ġmanipulate,18,0
38038,ĠNikol,18,0
38040,Ġtutor,18,0
38041,ĠSERV,18,7
38042,ĠBaths,18,0
38043,ĠPromise,18,0
38044,ĠGrover,18,0
38045,Ġpersecuted,18,0
38046,Ġdisobey,18,0
38047,Ġhorrific,18,0
38048,ĠAthletes,18,28
38049,Ġcauldron,18,2
38050,Ġpornographic,18,0
38051,ĠNeighbour,18,0
38052,ĠGriggs,18,0
38053,ĠQuantitative,18,0
38054,ĠQuantrill,18,0
38055,Ġpractitioner,18,1
38056,Ġrhythmic,18,2
38057,Ġoverhear,18,1
38058,Ġmarkings,18,60
38059,Ġacoustics,18,0
38060,Ġsuperstitions,18,0
38061,Ġimmortality,18,0
38062,ĠContracting,18,0
38063,Ġpearl,18,27
38064,ĠRavenna,18,0
38065,Ġmethinketh,18,0
38066,Ġintoler,18,0
38067,ĠApproximately,18,2
38069,Ġpharmaceutical,18,0
38070,ĠBenda,18,0
38071,ĠStreorn,18,0
38072,Ġcucumber,18,46
38073,Ġiodine,18,0
38074,ĠGretchen,18,0
38075,Ġcomplacently,18,0
38076,ĠAeros,18,0
38077,ĠGaspar,18,0
38078,Ġcrankshaft,18,0
38079,ĠCollections,18,0
38081,Ġcascades,18,0
38082,Ġecstatic,18,1
38083,everything,18,0
38085,Ġpallid,18,0
38086,Ġstifled,18,0
38087,Ġperchance,18,0
38088,Ġpsychiatrists,18,0
38089,Ġassailant,18,0
38090,Ġastrolog,18,0
38091,Ġentrepreneurial,18,0
38092,ĠSaunders,18,0
38093,Ġbullfight,18,0
38094,Ġinwardly,18,0
38095,Ġsaucy,18,1
38096,Ġnoiselessly,18,0
38097,Ġturbocharged,18,0
38098,ĠRothko,18,0
38099,ĠVirtually,18,0
38100,Ġwatermelons,18,38
38101,ĠGNU,18,1
38102,ĠEspada,18,0
38103,Ġshuffled,18,0
38104,ĠPerfectly,18,0
38105,Ġacrobats,18,6
38106,Ġdiscrepancy,18,0
38107,Ġhaggard,18,0
38108,ĠTolliver,18,0
38109,ĠINDIAN,18,1
38110,ĠCaddesi,18,0
38111,Ġblurted,18,0
38112,Ġreceptive,18,0
38113,ĠSiberian,18,0
38114,Ġmartyred,18,0
38115,Pomona,18,0
38116,Ġnouns,18,0
38117,ĠWATER,18,23
38118,ĠLudwig,18,1
38120,ĠRuffman,18,0
38121,ĠExcellent,18,0
38122,Ġtacos,18,5
38123,Ġfiancee,18,2
38124,ĠFRIEND,18,27
38125,Ġsatirical,18,0
38126,ĠMaharashtra,18,0
38127,Ġpacifist,18,0
38128,politician,18,0
38129,ĠHutchinson,18,0
38130,Ġbourgeoisie,18,0
38131,ĠImportance,18,0
38132,watchers,18,0
38133,ĠSatsuma,18,0
38134,Ġarteries,18,0
38135,Ġparanoia,18,0
38136,Ġundisputed,18,0
38137,ĠLatvian,18,0
38138,ĠCesar,18,1
38139,ĠMundell,18,0
38140,ĠBishara,18,0
38141,Ġverandah,18,0
38142,ĠElephant,18,198
38143,Ġmonopolies,18,0
38144,ĠSilesia,18,0
38145,Ġibn,18,0
38146,ĠFetlar,18,0
38147,Ġplodding,18,0
38148,Ġunimpressive,18,0
38149,Ġcaricature,18,13
38150,Ġgoldsmiths,18,0
38151,ĠBolshev,18,0
38152,ĠSkateboarder,18,22
38153,ĠIbicenco,18,0
38154,ĠBATALA,18,0
38155,ĠVisconti,18,0
38156,ĠShikoku,18,0
38157,Ġfunniest,18,0
38158,Ġnegligible,18,0
38159,ĠConstituency,18,0
38161,ĠCullen,18,0
38162,ĠRaptors,18,0
38163,ĠGopnik,18,0
38164,ĠGiorgio,18,0
38165,ĠAnchorage,18,0
38166,Ġracquetball,18,0
38167,ĠEuropa,18,1
38168,Chiasmocleis,18,0
38169,Hungary,18,0
38170,Ġdownturn,18,0
38171,Ġinsecure,18,0
38173,ĠCrosby,18,0
38174,ĠKofukuji,18,0
38175,ĠZagreb,18,0
38176,Ġmaibis,18,0
38177,ĠPawliney,18,0
38178,ĠNubian,18,0
38179,ĠInventory,18,0
38180,ĠAristotle,18,0
38181,Ġmeticulous,18,0
38182,ĠNeanderthals,18,0
38183,Angelo,18,0
38184,Ġhandicrafts,18,0
38185,Ġalcove,18,4
38186,Ġadamant,18,0
38187,Ġsubgroups,18,0
38188,ĠEskdale,18,0
38189,spirited,18,0
38190,ĠWachter,18,0
38191,ĠConsortium,18,0
38192,Ġtulips,18,9
38193,Ġtexting,18,32
38194,ĠFramework,18,0
38195,ĠIndicators,18,0
38196,Pacific,18,0
38197,Ġtusks,18,117
38198,ĠTecumseh,18,0
38199,ĠSturgis,18,0
38200,Ġautoroute,18,0
38201,Ġsymptom,18,0
38202,Manipuri,18,0
38204,Ġbequeathed,18,0
38205,Ġcompulsory,18,0
38206,ĠShapiro,18,0
38207,Ġunbiased,18,0
38208,ĠPerugino,18,0
38209,ĠSchwarzenegger,18,0
38210,Jacques,18,0
38212,ĠPresbyterian,18,0
38213,ĠDramatic,18,0
38214,Ġstalagmites,18,0
38217,Ġshrapnel,18,0
38218,ĠDajab,18,0
38219,Ġcanvases,18,0
38220,ĠKooning,18,0
38221,ĠBracero,18,0
38222,Ġopportune,18,0
38223,ĠParvati,18,0
38224,ĠOldsmobile,18,0
38225,ĠAntwerp,18,0
38226,Ġcauliflower,18,62
38227,Soviet,18,0
38228,Ġwasteland,18,1
38229,ĠSikkim,18,0
38230,ĠHabsburg,18,0
38231,ĠHubbard,18,0
38232,ĠGephardt,18,0
38233,ĠGethsemane,18,0
38234,ĠKolkata,18,0
38235,Ġimpromptu,18,0
38236,Ġflimsy,18,0
38238,Ġmerciless,18,0
38239,ĠTerengganu,18,0
38240,ĠDiClemente,18,0
38241,ĠKamchatka,18,0
1142,outh,17,3
1197,rect,17,4
1340,Ġcomple,17,3
1465,rict,17,0
1638,Ġopp,17,10
1856,orning,17,2
1918,Ġappe,17,0
1948,Ġclot,17,7
2435,ceed,17,0
2637,cient,17,0
2654,orpor,17,0
2901,reme,17,10
3048,Ġstruct,17,0
3070,Ġcoun,17,1
3240,irst,17,0
3355,asant,17,0
3648,cil,17,0
3709,ockey,17,9
3781,ĠAnge,17,0
3882,Ġcoff,17,39
3886,Ġarr,17,8
3967,ansas,17,0
4175,fit,17,2
4512,Ġ186,17,0
4638,Ġamaz,17,0
4683,Ġveget,17,3
4837,Ġintegr,17,0
4934,ctors,17,0
4949,ĠScot,17,0
4957,erous,17,0
5026,oices,17,0
5096,kend,17,14
5428,Ġconfl,17,0
5438,Ġoblig,17,0
6336,bits,17,0
6474,quar,17,0
6642,iability,17,0
6814,eward,17,0
7026,rond,17,2
7227,Ġwrit,17,3
7987,ropol,17,0
8006,Ġ184,17,0
8344,iverse,17,0
8410,geant,17,0
9434,athan,17,0
9529,Ġaggress,17,0
9599,Ġdict,17,0
9700,owning,17,0
9737,ĠEmploy,17,0
10055,Ġexpans,17,0
10111,Ġvoy,17,1
10244,cow,17,6
10445,ĠDri,17,0
10475,arter,17,1
10511,Ġtrump,17,1
10575,oust,17,3
10676,Ġpollut,17,0
11030,GAS,17,0
11234,Ġconsolid,17,0
11613,Ġvic,17,1
11880,osy,17,2
12341,Ġentr,17,0
12679,vic,17,0
12833,Ġcyn,17,0
12989,Ġconspir,17,0
13092,rals,17,1
13139,bourg,17,0
13182,ulars,17,0
13419,ĠCaes,17,0
13528,roc,17,1
13536,Ġvir,17,0
13570,ophone,17,19
13989,ĠHitch,17,0
14850,ounted,17,1
14852,Ġunhe,17,0
14865,umped,17,4
14975,guards,17,6
15006,vre,17,0
15241,ĠGast,17,0
15438,OB,17,31
15785,ĠAven,17,0
16029,ĠPied,17,0
16184,ĠActiv,17,5
16422,them,17,0
16532,Ġsniff,17,2
16649,Ġcontri,17,0
16655,liest,17,1
17067,neys,17,0
17164,ĠDart,17,0
17404,alin,17,1
17415,opoulos,17,0
17533,WN,17,63
17535,sis,17,0
17653,ĠRoche,17,0
17921,oken,17,0
17931,Ġpostp,17,0
18026,ĠJess,17,1
18080,Ġantiqu,17,1
18134,Ġsnorke,17,5
18153,Ġdazz,17,0
18183,ĠKurd,17,0
18214,ĠSev,17,0
18666,ationally,17,0
18684,Ġcomf,17,8
18824,Ġyawn,17,0
19020,Ġtheoret,17,0
19298,Ġdispers,17,0
19448,Ġoutc,17,12
19651,ĠGret,17,1
19739,netic,17,0
19747,ĠBOOK,17,21
19984,caster,17,4
20019,aines,17,0
20065,ĠAdri,17,0
20094,Ġencomp,17,0
20244,izens,17,0
20266,ĠAnders,17,0
20426,ĠAce,17,0
20438,ĠHide,17,0
20617,BY,17,90
20639,educ,17,0
20753,Ġbullf,17,2
21059,washed,17,1
21138,Ġnois,17,13
21311,Eng,17,0
21667,ensen,17,0
21753,ĠBuen,17,0
21787,ĠIdent,17,0
21792,financial,17,0
21900,oodles,17,18
22086,Hel,17,0
22146,ĠGob,17,0
22410,Ġstip,17,0
22440,Ġchore,17,0
22470,Ġarbit,17,0
22717,ĠBott,17,36
22817,autical,17,0
23019,ĠSL,17,41
23061,ĠGRE,17,195
23093,Ġflick,17,0
23112,Ġrelent,17,0
23290,nets,17,18
23376,ĠVac,17,1
23679,ivable,17,0
23748,ĠMino,17,0
23774,Ġgrizz,17,1
23786,Ġvacc,17,0
23911,Aust,17,0
24012,oodle,17,37
24038,Ġbrom,17,1
24352,ousse,17,14
24578,ĠPolynes,17,0
24687,ĠBB,17,0
24793,ĠBez,17,0
24839,afar,17,0
25024,wire,17,4
25038,Ġpessim,17,0
25122,landers,17,0
25184,ĠScript,17,0
25194,ĠAmen,17,1
25200,ĠPolic,17,15
25401,rion,17,0
25427,ĠTyr,17,0
25432,oteca,17,0
25447,church,17,0
25623,Ġdomest,17,1
25677,ĠAutom,17,0
25775,wat,17,1
25863,igma,17,0
25890,Ġarter,17,0
25978,emption,17,0
26012,Ġundis,17,0
26163,Rest,17,0
26290,ĠStup,17,0
26596,atar,17,1
26648,rient,17,0
26649,ĠHus,17,3
26724,Ġscur,17,0
26738,alsa,17,0
26847,Ġreverent,17,0
26883,Ġobstruct,17,5
27028,lation,17,0
27053,Ġdung,17,6
27055,Ġinver,17,0
27091,ĠPurch,17,0
27155,angba,17,0
27205,ajima,17,0
27221,ĠSof,17,0
27228,ĠBlo,17,0
27516,gling,17,0
27533,video,17,0
27577,ĠIDA,17,0
27585,iries,17,0
27615,ulators,17,1
27636,Ġexempl,17,0
27722,omba,17,0
27806,igrants,17,0
28067,ĠTher,17,0
28131,ĠGim,17,0
28175,ĠChoc,17,0
28545,bil,17,0
28595,Ġnig,17,0
28604,ĠAB,17,0
28654,Ġseren,17,0
28789,Ġreplen,17,0
28947,space,17,1
29094,Ou,17,0
29209,abble,17,18
36424,ĠĠĠĠĠĠĠĠĠĠĠĠĠĠ,17,0
38242,"""?",17,0
38243,%),17,0
38244,",.",17,1
38245,03,17,4
38246,?_,17,0
38247,Av,17,0
38248,Age,17,0
38250,Duty,17,0
38251,EE,17,32
38252,Fire,17,2
38253,Gl,17,0
38254,GGD,17,0
38256,Hood,17,0
38257,Haw,17,0
38258,Holy,17,0
38259,Hurry,17,0
38260,Ing,17,0
38262,Lar,17,1
38263,Lord,17,0
38264,Mac,17,15
38265,Mind,17,0
38266,Nice,17,0
38267,Nonsense,17,0
38268,Oct,17,0
38269,Part,17,1
38271,Rob,17,0
38272,Read,17,0
38273,Rhin,17,0
38274,Retz,17,0
38275,Sorry,17,0
38276,Sports,17,0
38277,Too,17,0
38278,Under,17,0
38279,VI,17,1
38280,Ver,17,0
38281,Van,17,1
38282,Vill,17,0
38284,VED,17,8
38285,Welcome,17,0
38286,Yep,17,0
38287,agh,17,0
38288,auth,17,0
38289,bah,17,0
38290,bys,17,10
38291,current,17,0
38292,dome,17,0
38294,eel,17,0
38296,fing,17,2
38297,hak,17,0
38298,jong,17,1
38300,kit,17,0
38301,kas,17,12
38302,ket,17,2
38303,kite,17,0
38304,lal,17,1
38305,loy,17,0
38306,mation,17,6
38307,oing,17,0
38308,oed,17,2
38311,pull,17,0
38312,rag,17,12
38313,rade,17,1
38314,riding,17,2
38315,sou,17,0
38316,saving,17,0
38317,smo,17,0
38318,talk,17,1
38320,uj,17,0
38321,vary,17,0
38322,vised,17,0
38324,Ġtaped,17,11
38326,Ġastride,17,4
38327,inf,17,7
38328,inating,17,0
38331,Ġtheows,17,0
38332,Ġsis,17,2
38333,Ġsallied,17,0
38334,Ġwi,17,20
38335,Ġwag,17,2
38337,Ġomen,17,0
38338,Ġoss,17,0
38340,Ġbor,17,13
38341,Ġbaw,17,1
38342,Ġbinary,17,0
38343,Ġbribes,17,0
38344,Ġcocked,17,4
38345,Ġcuckoo,17,21
38346,onado,17,0
38347,itance,17,0
38348,oules,17,0
38350,anian,17,3
38351,enay,17,0
38352,Ġfado,17,0
38353,Ġfiber,17,6
38354,Ġfumbling,17,0
38355,Ġfizz,17,0
38356,Ġfodder,17,0
38357,orff,17,0
38359,Ġmalt,17,0
38360,Ġmunching,17,2
38361,Ġmafia,17,0
38362,Ġpint,17,8
38363,Ġpests,17,0
38364,Ġhump,17,4
38365,Ġhunch,17,0
38366,Ġhatching,17,0
38367,Ġdame,17,1
38369,Ġdru,17,0
38371,Ġinroads,17,0
38372,arro,17,0
38373,arves,17,34
38374,always,17,0
38375,asian,17,1
38376,ĠTold,17,0
38377,ĠTarn,17,0
38378,lephone,17,0
38379,Ġthump,17,0
38381,Ġnought,17,0
38384,Ġlu,17,3
38385,Ġlovable,17,0
38386,Ġgam,17,2
38387,Ġgoo,17,27
38388,Ġgits,17,0
38390,Ġgabled,17,1
38391,Ġgorse,17,0
38392,Ġgittin,17,0
38393,ĠIos,17,0
38396,ĠAA,17,8
38397,ĠAure,17,0
38398,ĠAuth,17,0
38399,othing,17,2
38400,othed,17,7
38402,Ġbeet,17,21
38403,Ġbefell,17,0
38405,Ġeu,17,0
38407,Ġejected,17,0
38408,ĠeBook,17,0
38409,Ġhewn,17,0
38410,Ġonset,17,0
38411,utan,17,19
38412,utsche,17,0
38414,acist,17,2
38415,accio,17,0
38416,ĠSunk,17,0
38417,ĠSOU,17,8
38418,ĠSherry,17,0
38419,ĠSector,17,0
38422,Ġweathered,17,8
38424,ĠCed,17,0
38425,ĠCLE,17,5
38426,ĠCRO,17,16
38427,ĠCCC,17,2
38429,ĠMound,17,0
38430,ĠMash,17,0
38431,ĠMeyer,17,0
38432,ĠBj,17,0
38433,ĠBiz,17,0
38434,ĠBike,17,73
38435,ĠBSE,17,0
38436,ĠHous,17,0
38438,ĠHair,17,12
38439,ĠHuss,17,0
38440,ĠHush,17,0
38441,ĠHanna,17,4
38443,kew,17,5
38444,opol,17,0
38445,ĠPie,17,4
38446,ĠPaint,17,3
38447,ĠPige,17,4
38448,ĠPLAN,17,31
38450,Ġrut,17,1
38451,Ġrumbling,17,0
38452,Ġdole,17,0
38454,Ġsep,17,2
38455,Ġsewed,17,0
38456,ĠWu,17,0
38457,ĠWis,17,0
38458,ĠWorship,17,0
38459,ĠWERE,17,0
38460,Ġdeformed,17,1
38461,Ġdehyd,17,0
38462,Ġmanger,17,1
38463,Ġmanuals,17,3
38465,ĠFell,17,0
38466,allow,17,26
38467,allies,17,0
38468,estine,17,0
38469,ĠDivers,17,0
38470,ĠDuff,17,0
38471,ĠDitka,17,0
38472,ĠDifferences,17,0
38473,Ġchipping,17,0
38475,Ġprobe,17,0
38476,Ġplums,17,14
38477,Ġplugged,17,3
38478,ĠLans,17,0
38479,ĠLend,17,0
38480,ĠLange,17,0
38481,ĠLaz,17,1
38482,ĠLik,17,0
38483,ĠLille,17,1
38484,ĠLico,17,0
38485,ĠLHC,17,0
38486,ĠGow,17,0
38487,ĠGale,17,0
38488,ĠGains,17,0
38490,ĠGopal,17,0
38491,ĠRie,17,0
38493,ĠRata,17,0
38495,ĠRocks,17,10
38497,ĠJudd,17,0
38498,Ġknotted,17,1
38499,Ġorgy,17,0
38500,Ġorbits,17,0
38501,Ġoracle,17,1
38502,rout,17,4
38503,Ġvie,17,5
38504,Ġvandal,17,2
38506,Ġleashes,17,37
38507,Ġlevelled,17,0
38508,Ġjig,17,0
38510,Ġjingo,17,0
38511,Ġalumni,17,0
38512,elos,17,0
38513,ĠEf,17,0
38514,ĠEarn,17,0
38515,ĠEco,17,3
38516,ĠEileen,17,0
38517,Ġabdu,17,0
38518,Ġabbot,17,0
38519,osive,17,0
38520,igm,17,0
38521,igon,17,0
38522,igas,17,0
38523,ĠItems,17,3
38524,Ġgolly,17,0
38526,Ġ219,17,0
38528,Ġuphe,17,0
38529,Ġuplifted,17,2
38530,Ġtrams,17,3
38531,Ġtrucking,17,0
38532,again,17,0
38533,Ġnovices,17,0
38534,indul,17,0
38535,ivores,17,0
38536,ocused,17,7
38537,woven,17,0
38538,odies,17,0
38541,Ġclamber,17,0
38542,ĠInvisible,17,0
38543,ĠYasser,17,0
38544,inka,17,0
38545,Ġfeign,17,1
38547,ĠKick,17,2
38549,plants,17,2
38550,Ġrooster,17,41
38551,Ġblunder,17,0
38552,ĠUda,17,0
38553,actually,17,0
38554,ĠStructure,17,0
38555,Ġunres,17,0
38556,Ġunob,17,8
38557,Ġunwise,17,0
38558,Ġunloaded,17,2
38559,Ġunravel,17,0
38562,Ġperpetr,17,0
38563,Ġspook,17,1
38564,Ġspade,17,3
38565,Ġspying,17,0
38566,Ġspherical,17,1
38567,ĠChora,17,0
38568,ĠChipper,17,0
38569,clothes,17,2
38570,ubble,17,1
38572,Ġgram,17,17
38573,Ġgrating,17,2
38574,Ġgruel,17,0
38575,Ġrife,17,1
38576,ĠVinc,17,0
38577,ĠVander,17,0
38580,ĠVIP,17,0
38581,ĠVanguard,17,1
38584,icky,17,2
38586,Ġcontag,17,0
38587,Ġpartement,17,0
38590,Ġsmother,17,0
38592,Ġgoodies,17,6
38593,wee,17,2
38594,issi,17,0
38595,issos,17,0
38597,Ġpreheater,17,0
38599,Ġbrus,17,21
38600,Ġbrunt,17,0
38601,Ġbragging,17,0
38602,ĠYouells,17,0
38604,Ġflushing,17,0
38605,Ġflamboyant,17,3
38606,Ġgirlhood,17,0
38607,Ġguild,17,0
38608,fellows,17,0
38609,obes,17,2
38610,Ġcraters,17,0
38611,Ġcarousel,17,29
38613,Ġhereabouts,17,0
38614,Ġreciting,17,0
38615,ĠWhose,17,1
38616,grant,17,0
38617,ĠAnish,17,0
38618,Ġcommons,17,1
38619,Ġreminisc,17,0
38620,ĠUnix,17,0
38621,ĠUnemployment,17,0
38622,ontaine,17,0
38623,Ġindent,17,2
38624,Ġeman,17,0
38625,Ġslipper,17,13
38627,ĠAlbuquerque,17,0
38628,Ġcountered,17,0
38629,Ġassorted,17,85
38630,Ġsurrog,17,0
38631,Ġsurging,17,0
38632,ĠFray,17,0
38634,ĠBrain,17,0
38635,ĠBringing,17,0
38637,Ġmustang,17,2
38638,roses,17,0
38639,Ġstrangled,17,1
38640,please,17,1
38641,Ġevictions,17,0
38642,Ġendanger,17,0
38643,Ġprovoking,17,0
38644,Ġsubordinate,17,0
38645,Ġsubprime,17,0
38646,Ġprogrammer,17,0
38647,ĠAndro,17,0
38648,Ġrestful,17,0
38649,ĠLech,17,0
38650,ĠLeigh,17,0
38651,ĠLeger,17,0
38652,Ġhighlands,17,0
38653,ĠMaran,17,0
38654,ĠMaroons,17,0
38655,Ġ1816,17,0
38656,Ġ1826,17,0
38657,Ġexpiration,17,0
38660,Ġinterracial,17,0
38661,ĠClimbing,17,0
38662,ĠClaims,17,0
38663,ĠCluny,17,0
38665,Ġuntidy,17,1
38666,short,17,4
38667,Ġschoolmates,17,0
38668,ĠShock,17,0
38669,Ġmetabol,17,0
38670,Ġmetamorph,17,0
38671,Ġrealist,17,0
38672,Ġcurses,17,0
38673,Ġminnows,17,0
38674,Ġpasser,17,21
38675,ĠReid,17,0
38676,ĠReef,17,1
38677,ĠReality,17,1
38678,retirement,17,0
38679,Ġrefectory,17,0
38680,Ġsnail,17,22
38681,Ġclears,17,0
38682,Ġelusive,17,0
38683,Ġmarries,17,0
38684,Ġmodule,17,0
38685,ajas,17,0
38686,tening,17,0
38687,Ġmotherhood,17,0
38689,Ġorganist,17,0
38690,Ġorganisations,17,0
38691,Ġmilking,17,10
38692,Ġsimulated,17,0
38693,Ġsimulate,17,0
38694,Ġplanter,17,112
38695,Ġdrilled,17,0
38696,Ġteamwork,17,0
38697,beau,17,0
38698,Ġideally,17,0
38699,Ġextricate,17,0
38700,velopment,17,0
38701,Ġmoan,17,0
38702,Ġtwirling,17,4
38703,Ġtwitching,17,0
38704,Ġeyesight,17,0
38705,Ġcrevice,17,6
38706,Ġconfines,17,0
38708,Ġwindsurf,17,3
38709,ĠEdokko,17,0
38710,Ġpleases,17,0
38711,Ġforeclosed,17,0
38712,Ġforesight,17,0
38713,Ġrevital,17,0
38714,Ġbrooch,17,12
38715,okey,17,1
38716,Ġinsistent,17,0
38718,Ġgameplay,17,0
38719,Ġ717,17,0
38720,Ġvegas,17,2
38721,Ġadvising,17,0
38722,Ġinfring,17,0
38723,ĠCarver,17,0
38724,themed,17,7
38726,notations,17,0
38727,ĠPrint,17,0
38728,ĠPrayer,17,1
38729,ĠManz,17,0
38730,ĠManley,17,0
38731,Ġtriumphed,17,0
38732,Ġprofiled,17,1
38733,Ġtaxonomy,17,0
38734,Ġcontinents,17,0
38737,Ġloaves,17,7
38738,Ġpatents,17,0
38739,Ġpatrician,17,0
38741,Ġparalysis,17,0
38742,Ġparoled,17,0
38743,Ġpurring,17,0
38744,Ġmeme,17,0
38745,Ġcausal,17,0
38746,Ġsunb,17,24
38747,Ġtechnologically,17,0
38748,Ġcondomin,17,1
38749,Ġcondescend,17,0
38750,Ġelectroc,17,0
38751,Ġmidway,17,2
38752,ĠColon,17,0
38753,ĠColombo,17,0
38754,ĠZor,17,0
38755,ĠZane,17,0
38756,ĠZamb,17,0
38757,Ġ1776,17,0
38758,Ġ1755,17,0
38760,ĠAfterward,17,0
38761,ĠHari,17,0
38762,ĠHarbour,17,0
38763,ĠHarvest,17,0
38764,ĠSoapy,17,0
38766,ĠGrito,17,0
38767,Ġlowers,17,1
38768,Ġoperatic,17,0
38769,ĠPlants,17,8
38770,ĠScala,17,0
38771,Ġsilenced,17,0
38772,Ġtablet,17,75
38773,ĠBenz,17,1
38774,ĠGAL,17,1
38775,ĠGeographic,17,0
38776,Ġproponent,17,0
38777,Ġannih,17,0
38779,Ġoriginates,17,0
38781,ĠParole,17,0
38782,ĠParlour,17,0
38783,Ġmagicians,17,1
38784,ĠWorst,17,0
38785,Ġ127,17,0
38786,Ġ1688,17,0
38787,ĠBarrow,17,0
38788,ĠBarbar,17,0
38789,ĠNationality,17,0
38790,ĠWillows,17,0
38791,Ġquickness,17,0
38792,Ġcapitalize,17,0
38793,coated,17,1
38794,butter,17,3
38795,button,17,11
38796,Ġleveled,17,0
38797,ĠWarning,17,0
38798,Ġtenements,17,0
38800,valued,17,0
38801,Ġsoldering,17,20
38802,Ġbodyguards,17,0
38803,Ġbreakup,17,0
38804,Ġtotem,17,23
38805,ĠCanaan,17,0
38806,ĠTelev,17,0
38807,Ġobjectivity,17,0
38810,Ġfigs,17,1
38811,Ġfacsimile,17,0
38813,Ġfavours,17,0
38814,ĠAmateur,17,0
38816,Ġstrives,17,0
38817,Ġstripping,17,0
38818,Ġlabors,17,0
38819,haven,17,0
38820,ĠNeeds,17,0
38821,Ġgunpowder,17,0
38822,Ġseafaring,17,0
38823,Ġcalves,17,4
38824,Ġcalming,17,1
38825,Ġcalories,17,0
38826,Ġstuffing,17,21
38827,Ġpickle,17,70
38828,Ġadmires,17,0
38829,Ġfinalized,17,0
38830,Ġpalatial,17,0
38831,ĠCenters,17,0
38832,ĠPhilock,17,0
38834,Ġgeneralize,17,0
38835,Ġnecessities,17,0
38836,ĠElway,17,0
38837,Ġ138,17,0
38838,ĠAuguste,17,0
38839,ĠSlam,17,0
38840,ĠSlayer,17,0
38841,ĠSword,17,0
38842,ĠTVs,17,3
38843,Ġcastration,17,0
38844,zzar,17,0
38845,ĠAustrians,17,0
38846,Ġbudgeted,17,0
38847,ĠMonk,17,4
38848,Ġautopsy,17,0
38849,Ġdroll,17,0
38851,ĠMedi,17,0
38852,ĠPalis,17,0
38854,Ġ301,17,0
38855,goat,17,0
38856,Ġmulticultural,17,4
38857,Ġroutines,17,4
38858,Ġfixture,17,10
38860,Ġstraits,17,0
38861,Ġmassively,17,0
38862,Ġdependency,17,0
38863,Ġkillers,17,0
38864,ĠBillie,17,0
38865,ĠAircraft,17,0
38866,Ġ255,17,0
38867,addling,17,5
38868,ĠMenace,17,0
38869,Ġdisapprove,17,0
38870,Ġachieves,17,0
38871,ĠMadurai,17,0
38872,ĠCrisp,17,0
38873,Ġthrashing,17,0
38874,Ġ215,17,1
38875,ĠValuation,17,0
38876,ĠGlover,17,0
38878,ĠLaos,17,0
38879,ĠLausanne,17,0
38881,Ġsmoother,17,2
38882,ĠComo,17,0
38883,ĠScha,17,0
38884,ĠMarks,17,0
38887,ĠCheney,17,0
38888,Ġcorrections,17,0
38889,Ġtitan,17,0
38890,ĠChildhood,17,0
38891,Ġwearied,17,0
38892,Ġcrucified,17,1
38893,Ġemptying,17,1
38894,ĠCharlton,17,0
38895,ĠGoodwin,17,0
38896,ĠDistribution,17,0
38897,Ġsociable,17,0
38898,Ġsociology,17,0
38900,celles,17,0
38901,ĠGrands,17,0
38902,ĠGrandmother,17,0
38904,Ġsensations,17,0
38905,ĠAngelo,17,0
38906,Ġtrophies,17,6
38907,Ġcommandment,17,0
38908,ĠAppearance,17,0
38909,Ġdocumenting,17,0
38910,Ġcowed,17,0
38911,Ġcoworkers,17,14
38912,Ġuranium,17,0
38914,175,17,0
38915,ĠMarty,17,0
38916,ĠLetty,17,0
38917,ĠMidi,17,0
38918,ĠPrecious,17,1
38919,Ġbiochem,17,0
38920,Ġseriousness,17,0
38921,Ġpanicked,17,0
38922,ĠBayog,17,0
38923,ĠImoinu,17,0
38924,ega,17,0
38925,Ġquartermaster,17,0
38926,ĠTempl,17,0
38927,Ġsplits,17,5
38928,Ġroofing,17,1
38929,Ġ225,17,2
38930,123,17,1
38931,Ġcoolest,17,0
38932,ĠMonts,17,0
38933,guised,17,0
38934,program,17,0
38935,Ġelectrician,17,0
38937,Ġbraids,17,44
38938,ĠVirgins,17,0
38939,bladed,17,0
38940,ITA,17,1
38941,Ġmortals,17,0
38942,Ġmortification,17,0
38943,ĠContinent,17,0
38944,Ġconditioner,17,17
38945,Ġpermissible,17,0
38946,Ġgroans,17,0
38947,Ġlogically,17,0
38951,Ġgatherings,17,0
38952,Ġembassies,17,0
38953,Stay,17,0
38954,Stand,17,0
38955,ĠWhereupon,17,0
38956,ĠCastelsarrasin,17,0
38957,ĠStudying,17,0
38958,ĠAldrich,17,0
38959,ĠGarfield,17,0
38960,ĠConsumption,17,0
38961,ĠGreenwich,17,0
38962,Ġruby,17,18
38963,ĠRandi,17,0
38964,ĠCaroline,17,0
38965,Ġsubmissions,17,0
38966,Ġexpands,17,0
38968,ĠZelda,17,0
38970,ĠTrends,17,0
38972,ĠRamadan,17,0
38973,Ġimploring,17,0
38974,Ġwaterskiing,17,6
38975,Ġtimbers,17,1
38976,Ġcarpenters,17,0
38977,ĠTwitter,17,0
38978,evil,17,0
38979,visual,17,0
38980,ĠEstablish,17,0
38981,ĠSuburban,17,0
38982,Ġporridge,17,1
38983,Ġempowered,17,0
38984,ĠMothers,17,0
38985,gener,17,0
38986,Ġtighten,17,0
38987,ĠRockies,17,0
38988,ĠLarger,17,33
38989,ĠIntellect,17,0
38990,ĠWolfram,17,0
38991,ĠBasically,17,0
38992,ĠLanding,17,0
38993,Ġenvironmentalists,17,0
38994,Ġdissatisfied,17,0
38995,ĠWinning,17,1
38996,ĠDickens,17,0
38997,ĠRomero,17,0
38998,ĠChapman,17,0
38999,ĠKarp,17,0
39001,225,17,1
39002,ĠHamid,17,0
39004,Ġhesitant,17,0
39006,Ġfanatics,17,0
39007,ĠMichele,17,0
39008,ĠTriple,17,0
39009,Ġultraviolet,17,0
39010,ĠTransfer,17,0
39012,Ġgangsters,17,0
39013,ĠStarbucks,17,12
39015,Ġclientele,17,0
39016,Ġcrochet,17,5
39017,ĠAhmet,17,0
39018,ĠIranians,17,0
39019,classical,17,0
39020,ĠHomeless,17,0
39021,Ġpitches,17,2
39022,ĠSTAND,17,179
39023,Ġfaintest,17,0
39024,ĠMahmud,17,0
39025,ĠMahmoud,17,0
39026,Ġabsorption,17,0
39027,ĠHonest,17,0
39029,Ġcyan,17,4
39030,Ġindicative,17,0
39031,ĠAttack,17,0
39032,ĠIrai,17,0
39033,Ġinspires,17,0
39035,commune,17,0
39037,Ġwebbed,17,0
39038,Ġoptical,17,0
39039,ĠProjected,17,0
39040,Ġduckling,17,37
39041,ĠVillages,17,0
39042,Ġjailed,17,0
39043,ĠHumanity,17,0
39044,Ġemphasizing,17,0
39045,ĠBraque,17,0
39046,ĠLocke,17,0
39047,ĠTablet,17,3
39049,ĠVolcan,17,0
39050,crown,17,0
39051,Ġdisclosing,17,0
39052,Ann,17,1
39053,choicers,17,0
39054,marriage,17,0
39055,Ġincredulously,17,0
39057,ĠLighthouse,17,0
39058,ĠGalaxy,17,0
39059,ĠHyakutake,17,0
39060,Ġelegantly,17,0
39061,Ġsubsidizing,17,0
39062,ĠProducers,17,0
39063,Ġsteeple,17,4
39064,Ġnicaut,17,0
39065,Ġundertone,17,0
39066,Ġriflemen,17,2
39067,ĠAshford,17,0
39068,Ġmurmuring,17,0
39069,Ġkilts,17,36
39070,ĠObelisk,17,0
39071,Ġrumored,17,0
39072,ĠIraqis,17,0
39073,Ġexpended,17,0
39074,ĠVerona,17,0
39075,Ġenhances,17,0
39076,Ġsneaked,17,0
39077,ĠBOB,17,0
39078,particularly,17,0
39079,Ġpanther,17,14
39080,Ġsimplistic,17,0
39081,Ġcomedic,17,0
39082,ĠCalling,17,0
39084,Ġclinicians,17,0
39085,Ġbackpackers,17,3
39086,ĠMotel,17,0
39087,ĠJournalism,17,0
39089,Ġsuspecting,17,0
39091,ĠMatte,17,0
39092,ĠMatrix,17,0
39093,Ġcrowns,17,11
39094,Ġcrowning,17,0
39095,Ġregretfully,17,0
39096,omachi,17,0
39098,Ġskillful,17,0
39099,Ġaccommodating,17,0
39100,ipuram,17,0
39101,Ġenclaves,17,0
39103,Ġsurreal,17,0
39104,Ġflashy,17,6
39105,Ġdrifts,17,0
39106,Ġstrikingly,17,0
39107,Ġ1808,17,0
39108,Ġmoderation,17,0
39109,Ġmoderates,17,0
39110,ĠLAURA,17,0
39111,ĠCorniche,17,0
39112,Ġfedora,17,49
39114,Ġtreasurer,17,0
39115,ĠTaxpay,17,0
39116,Ġretreats,17,0
39117,Ġ1837,17,0
39118,ĠJacobs,17,0
39119,ĠJacobite,17,0
39120,Ġstabbing,17,0
39121,Ġrivalries,17,0
39122,Ġleaflet,17,0
39123,ĠNazionale,17,0
39124,Ġscraped,17,3
39125,Ġferment,17,0
39126,ĠIdol,17,1
39127,Ġartifact,17,0
39128,ĠRoller,17,24
39129,Ġrecruits,17,0
39130,ĠDamn,17,0
39131,Ġfacilitates,17,0
39132,Ġlunged,17,0
39133,Ġjazzercise,17,0
39135,Ġswallows,17,0
39136,Ġchocolates,17,5
39137,Ġfriendships,17,0
39138,Ġ1794,17,0
39139,Ġtolerated,17,0
39140,Ġthundering,17,0
39141,ĠNYU,17,0
39142,Ġindigestion,17,0
39143,ĠTsim,17,0
39144,Ġthankfulness,17,0
39145,ĠMerrimack,17,0
39146,Leima,17,0
39148,ĠSnider,17,0
39149,ĠSnoop,17,3
39151,ĠKingsport,17,0
39152,balance,17,0
39154,ĠGabri,17,0
39155,Ġtrumped,17,0
39156,ĠFederals,17,0
39158,Ġchimps,17,0
39159,Ġchimneys,17,3
39160,Ġproclaim,17,0
39161,Ġproclaiming,17,0
39162,Ġstreaks,17,13
39163,Ġfanciful,17,1
39164,Ġequivalents,17,0
39165,Ġexecutioner,17,0
39166,Ġunnecessarily,17,0
39167,poem,17,0
39168,Ġacknowledgment,17,0
39169,Ġsupervise,17,0
39170,URT,17,10
39171,ĠCatalogue,17,0
39173,ĠFalcon,17,0
39174,ĠCollin,17,0
39175,ĠLesser,17,0
39176,akht,17,0
39177,Ġclerical,17,0
39178,Ġshielding,17,6
39179,Ġclutches,17,2
39180,Ġmasthead,17,0
39181,model,17,1
39182,Ġenhancements,17,0
39183,ĠWrote,17,0
39184,ĠWritten,17,1
39185,Ġirrepressible,17,0
39186,ĠLaurence,17,0
39187,Ġindulging,17,0
39188,Ġawaits,17,4
39189,Ġalpha,17,0
39190,Ġprecipit,17,0
39191,ĠTallah,17,0
39192,ĠRowlett,17,0
39193,ĠRicardian,17,0
39194,ĠTravelers,17,1
39195,CIO,17,0
39196,ĠDimitri,17,0
39197,Ġcatalytic,17,0
39198,covering,17,1
39199,Ġwitchcraft,17,0
39200,ĠMunshi,17,0
39201,Ġresentful,17,0
39202,Ġreorganisation,17,0
39203,Ġreunions,17,0
39204,Ġascetic,17,0
39205,Ġascertained,17,0
39206,Ġravines,17,0
39207,Ġobjectionable,17,0
39208,Ġpapyrus,17,0
39209,Ġruefully,17,0
39211,Ġpuffing,17,0
39212,Ġsewage,17,13
39213,ĠConduct,17,0
39214,ĠLevine,17,0
39215,ĠClayton,17,0
39217,Ġexaggerate,17,0
39218,Ġshawls,17,12
39219,ĠBowen,17,0
39220,Ġcommemorating,17,0
39221,Ġmockery,17,0
39222,ĠGaol,17,0
39223,ĠCompetitive,17,8
39224,ĠPackers,17,1
39225,Ġpresumption,17,0
39226,Ġinsistence,17,0
39227,Neill,17,0
39228,Ġwarehouses,17,0
39229,ĠAbrams,17,0
39230,Ġsprawled,17,4
39231,Ġbarbaric,17,0
39232,Ġfatigued,17,0
39233,ĠEffectiveness,17,0
39234,ĠSahara,17,1
39236,ĠKonrad,17,0
39237,ĠKonthou,17,0
39238,ĠTutmosis,17,0
39239,ĠOkayama,17,0
39240,Ġundergrowth,17,0
39241,ĠIRAs,17,0
39242,ĠDerby,17,0
39243,ĠStockholm,17,0
39244,ĠMarxism,17,0
39245,nikov,17,0
39247,ĠPraise,17,0
39248,ĠAbbas,17,0
39249,ĠResponse,17,0
39250,Ġoaths,17,0
39251,Ġgeranium,17,1
39252,Ġhemisphere,17,0
39253,ĠNongthang,17,0
39254,ĠNongpok,17,0
39255,Ġconfederation,17,0
39256,ĠAppeal,17,0
39257,Ġpenned,17,0
39258,Ġguerilla,17,0
39259,Ġlavishly,17,0
39260,Ġseminary,17,0
39261,Ġattainment,17,0
39263,ĠWatkins,17,0
39264,ĠLodi,17,0
39265,ĠClaremont,17,0
39266,Ġtutu,17,18
39267,ĠLiterary,17,0
39268,Ġtransfixed,17,0
39269,Ġparachuting,17,3
39270,ĠHappily,17,0
39271,Ġconcealment,17,0
39273,Ġferocity,17,0
39274,ĠProsperity,17,0
39275,ĠKasich,17,0
39276,Ġdwarfed,17,0
39277,garden,17,0
39278,ĠTunisian,17,0
39279,Ġanthropologists,17,0
39280,Ġcroses,17,0
39281,Ġunanimously,17,0
39282,ĠKemal,17,0
39283,Ġchews,17,1
39284,ĠHydro,17,0
39285,ĠHydrogen,17,0
39286,Ġrepayment,17,0
39287,ĠBeaufort,17,0
39288,Ġcertificates,17,11
39289,ĠLicense,17,0
39290,Ġsmoky,17,2
39291,ĠPastor,17,0
39292,Ġvoucher,17,0
39293,Ġaugment,17,0
39294,Ġmethinks,17,0
39295,Ġbobbed,17,3
39296,ĠJurassic,17,0
39297,Ġsuckers,17,6
39299,Ġmitigating,17,0
39300,Ġoutcry,17,0
39301,ĠPrisoners,17,2
39302,twenty,17,0
39303,Ġbeggars,17,0
39304,ĠLobos,17,0
39305,Arctotherium,17,0
39306,Ġbungalows,17,0
39307,ĠCelebrity,17,0
39308,Ġbiscuit,17,39
39309,ĠMathews,17,0
39310,ĠEXP,17,0
39311,ĠHakone,17,0
39312,ĠSpectator,17,5
39313,ĠCantonese,17,0
39314,Ġgrinds,17,3
39315,Ġpsychiatrist,17,0
39316,Mickey,17,0
39317,Ġlingerie,17,18
39318,Ġstalked,17,0
39319,Ġunattended,17,2
39320,Ġcaverns,17,0
39321,Ġembodies,17,0
39322,Ġshrewdly,17,1
39323,Ġrickety,17,3
39324,Ġrickshaws,17,6
39325,Ġrhetorical,17,0
39326,Ġbullfights,17,0
39327,Ġabbreviations,17,0
39329,ĠRisks,17,0
39330,ĠVirgil,17,0
39331,Ġrepentance,17,0
39332,ĠStrauss,17,0
39333,behaved,17,0
39334,ĠCommentators,17,0
39335,Ġstereotype,17,0
39336,Ġrollerskates,17,121
39337,ĠArdennes,17,0
39338,Ġtumultuous,17,1
39339,Ġredoubt,17,0
39340,Ġsophomore,17,0
39341,Ġcondemnation,17,0
39342,ĠYakut,17,0
39343,ĠKabuki,17,0
39344,ĠTrout,17,0
39345,ĠTrouble,17,0
39346,Ġbellowed,17,0
39347,ĠGazette,17,0
39348,violent,17,0
39349,Ġcognitive,17,0
39350,Ġgourd,17,19
39351,ĠPillars,17,0
39352,Ġyachting,17,0
39353,ĠRipley,17,0
39354,Couldn,17,0
39355,Ġwizard,17,6
39356,Ġinterrogated,17,0
39357,Ġburglar,17,0
39358,Ġchiseling,17,0
39359,Ġcongested,17,1
39360,ĠProcedures,17,0
39361,Ġdissipated,17,0
39362,Ġmacroeconomic,17,0
39363,conditioning,17,0
39364,Office,17,0
39365,Ġcoughing,17,0
39366,ĠHKTA,17,0
39367,Ġroug,17,0
39368,Ġlikened,17,0
39369,ĠRidley,17,0
39370,ĠRegina,17,0
39371,Ġhumiliating,17,0
39372,Ġcolonnaded,17,0
39373,ĠSentai,17,0
39374,Ġplaintive,17,0
39375,tecs,17,0
39376,ĠAdjustments,17,0
39377,ĠLADY,17,178
39378,Ġchurning,17,0
39379,ĠVehicle,17,12
39380,Ġsombrero,17,27
39381,Ġstealthily,17,0
39382,ĠHammerhead,17,0
39383,ĠTongva,17,0
39384,Ġunforgettable,17,0
39386,Ġgirdle,17,0
39387,ĠNinety,17,0
39388,ĠEmanuele,17,0
39389,Ġparanoid,17,0
39390,Restless,17,0
39392,Ġstupendous,17,0
39393,ĠStupa,17,0
39394,Ġgadgets,17,18
39395,Ġindictment,17,0
39396,Secret,17,0
39397,ĠSueur,17,0
39398,ĠPersepolis,17,0
39399,ĠSurvivors,17,0
39400,Ġculminating,17,0
39401,Ġsomersaults,17,0
39402,ĠHuston,17,0
39403,ĠGlendale,17,0
39404,Ġincessantly,17,0
39405,Ġbeseeching,17,0
39406,ĠDoubtless,17,0
39407,Ġailments,17,0
39408,ĠDrawing,17,0
39409,ĠDolphins,17,1
39410,Ġbuccaneers,17,0
39411,Ġsanctioned,17,0
39412,ĠCornwallis,17,0
39413,Ġaesthetics,17,0
39414,Ġapprenticeship,17,0
39415,Ġmishap,17,0
39416,ĠCagli,17,0
39417,Ġketchup,17,123
39419,Ġpostcards,17,3
39420,ĠTejano,17,0
39421,ĠPoetry,17,0
39422,Ġlandslide,17,0
39423,Ġsubtitles,17,0
39424,ĠInquiry,17,0
39425,Ġskyrocketed,17,0
39426,Ġproprietor,17,0
39427,ĠIpoh,17,0
39428,ĠBorrowing,17,0
39429,Ġplagiarism,17,0
39430,functional,17,0
39431,Ġsmithy,17,0
39432,Ġembankment,17,8
39433,ĠToshogu,17,0
39434,ĠMINIX,17,0
39435,ĠBuryatia,17,0
39436,Ġwavering,17,0
39437,Ġeternity,17,0
39438,ĠMazzariello,17,0
39439,ĠDoyle,17,0
39440,Ġmonologue,17,0
39441,Ġinfertile,17,0
39442,ĠMozambique,17,0
39443,European,17,0
39444,Richard,17,0
39446,Ġdesirous,17,0
39447,Ġbigotry,17,0
39448,Ġundecided,17,0
39449,ĠElectronics,17,0
39450,Ġunconcerned,17,0
39451,Ġunintelligible,17,0
39452,Ġboisterous,17,0
39453,Ġnewsweeklies,17,0
39454,ĠSanamahi,17,0
39455,ĠMerriwell,17,0
39456,ĠMcConnell,17,0
39457,Children,17,1
39458,ĠTropicana,17,1
39459,Ġorchestral,17,0
39460,Ġjousting,17,3
39461,ĠOPEN,17,41
39462,Ġblizzard,17,3
39463,Ġparchment,17,0
39464,Ġburgeoning,17,0
39465,Robert,17,0
39466,ĠSphinx,17,0
39467,Ġmannequin,17,38
39468,ĠGakuen,17,0
39470,ĠThangjing,17,0
39471,ĠKizuna,17,0
39472,ĠTopkape,17,0
39473,Ġcrockery,17,0
39474,Ġcyberspace,17,0
39475,ĠAurangzeb,17,0
39477,Ġsaffron,17,18
39478,Ġresplendent,17,0
39479,Ġmultiracial,17,2
39480,ĠCheyenne,17,0
39481,ĠBOMBA,17,0
39482,Ġuneventful,17,0
39483,Gosport,17,0
39484,Ġinterspersed,17,0
39485,Ġkaraoke,17,0
39486,ĠUffizi,17,0
39487,Ġdefenseless,17,0
39488,Ġextracurricular,17,0
39489,ĠNeuharth,17,0
39490,ĠGoliath,17,0
39491,Ġjungles,17,0
39492,Ġarduous,17,0
39493,ĠUntouchables,17,0
39494,ĠHiroshima,17,0
614,Ġbec,16,2
1594,Ġans,16,5
1863,Ġoper,16,0
1906,enty,16,0
1987,uly,16,1
2048,Ġcompet,16,3
2325,ĠItal,16,0
2396,Ġcrit,16,0
2490,gress,16,0
2787,ribut,16,0
2852,ĠRuss,16,0
2916,uments,16,0
2934,Ġrout,16,0
2954,Ġsus,16,5
3160,Ġpurp,16,4
3603,orry,16,8
3608,ptions,16,0
4031,Ġcit,16,0
4113,Ġhun,16,6
4479,stant,16,2
5353,Ġthri,16,0
5791,Ġmerc,16,0
5877,orters,16,0
5921,iking,16,5
6018,ellig,16,0
6147,ether,16,7
6735,eared,16,7
6738,amble,16,1
6885,ferences,16,0
6914,Ġintellig,16,0
6991,elines,16,0
7133,Ġlob,16,0
7174,stance,16,0
7192,ĠCyn,16,0
7278,issance,16,1
7306,isb,16,8
7418,igration,16,0
7576,ĠProdu,16,0
8381,Ġpec,16,14
8432,abled,16,1
8514,NN,16,26
8763,Ġprosec,16,0
8870,Ġrejo,16,0
8930,imony,16,0
9142,oca,16,4
9325,cluding,16,0
9375,ructure,16,0
9543,Ġanch,16,1
9640,Ġreserv,16,0
9814,ĠBru,16,1
10108,throp,16,0
10971,commun,16,0
11147,Ġexcav,16,4
11211,etr,16,3
11217,celer,16,0
11408,ĠMons,16,0
11453,ĠSout,16,0
11667,ĠEth,16,0
11715,ĠHast,16,0
11940,ĠHC,16,0
12132,ĠBrook,16,0
12375,Ġdub,16,0
12548,esters,16,3
12571,Ġimprison,16,0
12619,Ġrenown,16,0
12645,ĠColomb,16,0
12775,ieur,16,0
12915,ĠLuck,16,1
13045,ĠPract,16,0
13167,Ġcher,16,5
13241,Ġhed,16,2
13245,Ġasc,16,0
13320,esque,16,1
13335,onsense,16,0
13403,gered,16,0
13434,Ġcontempl,16,1
13589,lace,16,3
13595,Ġcush,16,17
13760,ĠLore,16,0
13984,uther,16,0
14091,ajo,16,0
14382,seen,16,1
14538,Ġlav,16,1
14542,ĠCreat,16,0
14558,ĠVerm,16,0
14590,ĠCompet,16,7
14681,athetic,16,0
14746,ĠNiger,16,0
14837,ĠFac,16,3
14940,iping,16,0
15351,ulative,16,0
15382,ĠSpir,16,1
15662,vable,16,0
15666,arine,16,4
15779,asp,16,1
16047,inked,16,15
16173,Ġconfeder,16,4
16235,Ġpenn,16,12
16364,ldon,16,0
16641,assy,16,4
16741,reach,16,0
16876,oks,16,2
16881,erred,16,0
16899,ĠCamb,16,0
17194,Ġrefere,16,0
17201,SCO,16,0
17267,eo,16,3
17664,ĠPleasant,16,0
17710,ĠCred,16,0
17832,dles,16,1
17889,ĠJard,16,0
17890,Ġorg,16,1
17897,ĠKem,16,0
18059,ields,16,0
18409,Ġirrig,16,0
18419,ĠTermin,16,0
18425,represent,16,0
18443,ĠHunting,16,0
18557,Ġhyster,16,0
18846,Ġdoct,16,0
18849,ĠDest,16,1
18853,ĠLomb,16,0
19161,Ġcosm,16,0
19249,omme,16,0
19286,ĠQuay,16,0
19390,Ox,16,0
19415,ĠAub,16,2
19443,ĠLuk,16,0
19520,ĠPatri,16,1
19731,ĠSunny,16,0
20010,roads,16,0
20026,ĠRif,16,0
20242,Ġdizz,16,1
20302,Ġskyd,16,9
20411,tub,16,0
20437,ĠHort,16,0
20439,ĠHundred,16,1
20457,ĠYang,16,0
20481,ĠAls,16,0
20647,ĠIber,16,0
20929,Ġdepri,16,0
21115,essa,16,0
21142,ĠKag,16,0
21477,strate,16,0
21534,Ġsubscri,16,0
21591,dal,16,0
21625,ĠBast,16,0
21649,mental,16,0
21693,Ġparaly,16,0
21835,laid,16,0
21850,Ġhover,16,13
21867,cted,16,0
21956,hyd,16,4
22053,Ġsuccumb,16,0
22107,atro,16,0
22123,Ġlatt,16,0
22147,ĠGaz,16,0
22167,ĠStef,16,0
22219,rophe,16,1
22343,powered,16,3
22358,Ant,16,0
22418,ĠCPA,16,0
22696,lemen,16,0
22721,rigg,16,0
22913,Ġdictators,16,0
23313,Ġthrob,16,0
23336,ĠPret,16,0
23434,ĠCharacter,16,2
23631,aciously,16,0
23834,Ġsymph,16,0
24165,doing,16,0
24265,gles,16,21
24285,enz,16,0
24354,ĠThr,16,0
24365,Ġunins,16,0
24530,contin,16,0
24651,anity,16,0
24736,ĠUg,16,3
24745,ĠVik,16,0
24771,ĠLeaf,16,5
24949,ĠKazakh,16,0
25068,ĠPod,16,0
25086,ĠJak,16,0
25097,arez,16,0
25169,appro,16,0
25397,mia,16,1
25425,alian,16,5
25465,ĠRas,16,0
25483,aceous,16,0
25487,ĠUmb,16,45
25533,phin,16,0
25827,kept,16,2
25879,inker,16,5
25953,ĠConner,16,0
25963,ĠOrd,16,0
26053,Ġdynam,16,13
26109,Ġcontradict,16,0
26178,lower,16,11
26190,reb,16,0
26704,ravel,16,0
26706,asser,16,0
26735,ferencing,16,0
26740,Ġindict,16,0
26799,unching,16,0
27073,eton,16,2
27082,Ġfors,16,0
27554,Ġmars,16,2
27555,Ġmont,16,4
27563,aris,16,0
27668,Ġgruff,16,0
27696,unda,16,0
27729,Ġforesee,16,0
28023,iator,16,6
28028,rice,16,0
28103,ilk,16,2
28144,ĠEust,16,0
28153,udi,16,0
28225,tershire,16,0
28279,Ġexcerpt,16,0
28532,Af,16,0
28549,capped,16,1
28664,Ġlib,16,1
28692,ĠHeat,16,0
28713,avian,16,0
28902,LEY,16,3
29112,pence,16,0
29140,Ġduc,16,1
29155,ĠSpl,16,0
29169,ĠBung,16,0
29257,Ġreson,16,0
29414,ĠSalam,16,0
29683,aniel,16,0
29703,lles,16,0
39495,"""-",16,0
39496,1000,16,0
39497,115,16,0
39498,230,16,0
39499,610,16,0
39500,":""",16,0
39501,AK,16,3
39502,Bes,16,0
39503,Bert,16,1
39504,BERT,16,0
39506,Dutch,16,1
39507,David,16,0
39509,Ev,16,0
39510,FS,16,7
39511,Five,16,0
39512,Gh,16,0
39513,Gent,16,0
39514,Greek,16,0
39515,GRA,16,2
39517,Humph,16,0
39518,Its,16,0
39519,Irene,16,0
39520,IAL,16,8
39521,Je,16,1
39523,Ki,16,0
39524,Mich,16,0
39525,Made,16,0
39526,MLB,16,0
39527,Nong,16,0
39528,OO,16,21
39529,Public,16,0
39530,Peter,16,0
39532,Place,16,0
39533,Pooh,16,1
39534,Ret,16,0
39535,Tour,16,0
39536,Try,16,0
39538,UAR,16,0
39539,USA,16,2
39540,Wild,16,0
39543,_],16,0
39545,bir,16,0
39546,cage,16,14
39547,cence,16,0
39548,crest,16,0
39549,dancing,16,0
39550,does,16,0
39551,eaters,16,0
39552,fle,16,0
39553,gis,16,2
39555,hig,16,1
39556,hane,16,0
39557,hung,16,0
39558,iating,16,4
39559,jun,16,0
39561,lund,16,0
39562,loop,16,0
39563,major,16,0
39564,nos,16,2
39565,nep,16,0
39566,nip,16,2
39567,nigh,16,0
39571,sn,16,3
39573,series,16,0
39574,sword,16,0
39575,tour,16,0
39576,trad,16,1
39579,wow,16,1
39580,walking,16,2
39582,zac,16,0
39584,zier,16,0
39585,Ġ000,16,0
39586,Ġtins,16,4
39588,Ġtanned,16,22
39589,Ġajar,16,1
39590,Ġarouse,16,0
39591,inho,16,0
39595,Ġsire,16,0
39596,Ġsangu,16,0
39597,Ġsalsa,16,16
39598,Ġsincerity,16,0
39599,Ġwo,16,14
39600,Ġwiring,16,1
39601,Ġwagged,16,0
39602,Ġwicket,16,12
39603,Ġwaning,16,0
39604,Ġwiry,16,0
39605,Ġoiled,16,1
39606,Ġousted,16,0
39607,Ġoasis,16,0
39611,atap,16,0
39612,Ġbans,16,0
39613,Ġbraid,16,33
39614,Ġbudge,16,0
39615,Ġbribed,16,0
39616,Ġbumps,16,13
39617,Ġcac,16,2
39619,Ġcots,16,2
39620,Ġcooped,16,0
39621,Ġcasket,16,0
39622,Ġcetera,16,0
39626,Ġfen,16,0
39627,Ġfuse,16,12
39629,Ġmitt,16,85
39630,Ġmists,16,0
39631,Ġmoose,16,29
39632,Ġmadd,16,0
39633,Ġmoles,16,0
39634,Ġmamba,16,0
39636,Ġpas,16,1
39637,Ġpeop,16,3
39638,Ġpau,16,0
39639,Ġpont,16,4
39640,Ġpell,16,0
39641,Ġprying,16,0
39642,Ġpumas,16,0
39643,Ġhoo,16,13
39645,Ġhounds,16,1
39647,Ġdut,16,0
39649,Ġdummy,16,5
39650,altern,16,0
39651,alias,16,0
39652,assemb,16,3
39653,ĠTum,16,0
39654,ĠTack,16,0
39655,ĠTick,16,0
39656,ĠTull,16,0
39657,ĠTaken,16,0
39659,ĠTipper,16,0
39660,ĠTicket,16,1
39661,ĠTaco,16,3
39662,lein,16,1
39663,Ġthru,16,8
39664,Ġthumped,16,0
39665,omination,16,0
39667,Ġnas,16,1
39668,icably,16,0
39670,Ġloops,16,4
39671,Ġgash,16,0
39672,Ġgushing,16,0
39673,Ġguts,16,2
39674,Ġgums,16,0
39676,ĠIA,16,0
39677,ĠIke,16,1
39679,ĠISA,16,1
39680,Ġislets,16,0
39681,ĠAly,16,1
39682,ĠAso,16,0
39683,ĠAug,16,0
39684,ĠAhead,16,2
39688,Ġbeech,16,2
39689,Ġbefriend,16,0
39694,struck,16,0
39695,Ġreworked,16,0
39696,Ġheady,16,0
39698,ayas,16,1
39700,ĠSON,16,5
39701,ĠSEA,16,8
39702,ĠSarnath,16,0
39703,imoto,16,0
39704,verted,16,0
39705,Ġstains,16,7
39706,Ġstinging,16,0
39708,send,16,0
39709,Ġforgery,16,0
39710,amon,16,1
39711,ghans,16,0
39712,ĠCame,16,0
39713,ĠCree,16,0
39714,ĠCapp,16,1
39715,ĠCoro,16,0
39716,ĠCRA,16,4
39717,ĠCodes,16,0
39718,ĠCigarettes,16,0
39719,ĠMice,16,0
39720,ĠMia,16,0
39721,ĠMorrow,16,0
39723,ĠMGM,16,0
39724,Ġwhack,16,1
39725,Ġwhine,16,13
39726,Ġwhaling,16,0
39727,ĠBie,16,0
39728,ĠBind,16,0
39729,ĠBunt,16,0
39730,ĠBunch,16,15
39732,ĠBette,16,0
39733,ĠBLS,16,0
39734,Ġhaute,16,0
39735,Ġhapless,16,0
39737,ĠHida,16,0
39740,ĠHOL,16,3
39741,ĠHDS,16,0
39742,Ġaspire,16,0
39744,ooed,16,10
39745,ilus,16,0
39747,ĠPb,16,0
39748,ĠPud,16,0
39749,ĠPare,16,0
39750,ĠPeng,16,0
39752,ĠPAT,16,2
39753,ĠPiazz,16,0
39754,andie,16,0
39756,Ġrvi,16,0
39757,Ġdoan,16,0
39759,olita,16,0
39763,ĠWAR,16,3
39765,ĠWOM,16,334
39766,Ġshoguns,16,0
39767,Ġdeems,16,0
39768,thinking,16,0
39769,Ġfridge,16,246
39770,Ġmango,16,30
39771,usan,16,0
39773,Ġlily,16,20
39774,ĠFaz,16,0
39775,ĠFancy,16,1
39776,ĠFunction,16,0
39777,ĠForks,16,1
39778,ĠFlesh,16,0
39779,aller,16,2
39780,estate,16,0
39782,antas,16,9
39784,umned,16,4
39785,ĠDX,16,0
39786,ĠDum,16,0
39787,ĠDess,16,4
39788,ĠDone,16,1
39789,ĠDug,16,0
39794,ĠDSL,16,2
39795,ĠDancers,16,31
39796,ĠDrosoph,16,0
39797,ppy,16,4
39798,ĠNT,16,0
39801,Ġplacement,16,1
39802,Ġconnoisse,16,0
39803,ĠLut,16,0
39805,ĠLaugh,16,4
39806,ĠLosing,16,0
39807,ĠLAS,16,0
39808,ĠLoves,16,0
39809,ĠLuna,16,0
39810,ĠLido,16,0
39811,ĠLizzie,16,0
39812,ĠGT,16,1
39813,ĠGout,16,0
39814,ĠGig,16,2
39815,ĠGass,16,0
39816,ĠRost,16,0
39817,ĠRake,16,0
39818,ĠRond,16,0
39819,ĠRans,16,0
39820,ĠRaz,16,0
39821,ĠRanas,16,0
39822,ĠJou,16,2
39824,ĠJiang,16,0
39825,ĠJammu,16,0
39826,usting,16,0
39827,apted,16,0
39828,Ġvass,16,1
39829,Ġvista,16,5
39830,Ġleve,16,1
39831,Ġleeches,16,0
39832,Ġherding,16,4
39833,Ġjost,16,0
39834,ĠEA,16,7
39835,ĠErik,16,0
39836,Ġabated,16,0
39837,Ġabject,16,0
39838,Ġabashed,16,0
39839,Ġabounded,16,0
39840,osia,16,0
39842,Ġbutts,16,4
39843,Ġalluring,16,0
39847,Ġupfront,16,2
39848,Ġuplifting,16,0
39850,ittance,16,0
39851,Ġyeast,16,2
39852,indi,16,0
39853,indeed,16,0
39855,Ġintro,16,0
39856,oden,16,3
39858,odden,16,4
39859,Ġ191,16,0
39860,ĠThress,16,0
39861,ilder,16,4
39862,Ġclumps,16,1
39863,Ġcliches,16,0
39864,Ġteapot,16,26
39865,ĠInquisition,16,0
39866,ĠYad,16,0
39867,Ġdidnt,16,1
39868,Ġ206,16,0
39869,ĠKut,16,0
39870,ĠKool,16,0
39871,ĠKann,16,0
39872,ĠKanch,16,0
39873,ĠKnown,16,0
39874,ĠKao,16,0
39875,ĠKYC,16,0
39876,ĠKijiji,16,0
39877,ounts,16,0
39878,Ġsomeones,16,16
39879,ecting,16,0
39880,Ġdiaper,16,33
39881,Ġdips,16,1
39882,Ġdiocese,16,0
39884,ĠUrian,16,0
39886,ĠURL,16,1
39887,actors,16,3
39889,ormal,16,0
39890,ĠStad,16,0
39892,"."".",16,0
39893,Ġimitating,16,1
39895,Ġunread,16,1
39897,Ġunaddressed,16,0
39898,Ġunassuming,16,0
39899,Ġunlooked,16,0
39900,Ġovercoming,16,0
39901,Ġoverpriced,16,0
39902,Ġadj,16,0
39903,Ġquery,16,0
39904,Ġprudence,16,0
39905,Ġoffline,16,0
39907,Ġspines,16,1
39908,Ġsparrow,16,5
39909,Ġspandex,16,26
39910,ĠChia,16,0
39911,ĠChik,16,0
39912,ĠChurches,16,0
39913,ĠChandra,16,0
39914,avas,16,0
39915,aville,16,0
39918,Ġgrud,16,0
39919,Ġgritty,16,1
39920,Ġdisf,16,0
39921,Ġdishe,16,4
39925,ĠVy,16,0
39928,ĠVoyage,16,0
39929,ogly,16,0
39930,ogul,16,1
39932,perate,16,3
39933,perform,16,0
39935,Ġamber,16,32
39936,Ġscented,16,1
39938,Ġbugle,16,1
39941,ĠWeaver,16,0
39942,wei,16,0
39943,wells,16,0
39945,Ġimped,16,0
39946,Ġimpolite,16,0
39947,Ġbrine,16,0
39948,Ġbraces,16,6
39949,Ġbragged,16,0
39950,intensive,16,0
39951,Ġflare,16,1
39952,Ġflaring,16,0
39953,Ġflair,16,10
39954,Ġfliers,16,16
39955,feather,16,0
39956,Ġlongitude,16,0
39957,Ġmenopause,16,0
39958,Ġdeser,16,0
39959,Ġattaining,16,0
39960,tek,16,0
39961,Ġhandover,16,0
39962,Ġcoals,16,6
39963,Ġrecency,16,0
39964,Ġrecumbent,16,2
39969,Ġfoils,16,1
39971,Ġhelper,16,5
39972,Ġwrung,16,0
39973,Ġwringing,16,1
39975,Ġslush,16,6
39977,ĠAlta,16,0
39978,ĠAladdin,16,1
39980,Ġrelapsed,16,0
39981,Ġenth,16,1
39982,Ġentreated,16,0
39983,Ġshowman,16,0
39984,Ġassures,16,0
39985,Ġwaterways,16,0
39986,Ġinvincible,16,0
39987,Ġpresiding,16,0
39988,Ġpresorted,16,0
39990,eller,16,0
39991,lectric,16,0
39993,Ġyearning,16,0
39994,Ġyearned,16,0
39995,Ġdecap,16,1
39996,Ġdecoy,16,1
39997,Ġdecreed,16,0
39998,Ġdecaying,16,0
39999,ĠNewell,16,0
40000,Ġglued,16,0
40001,Ġevokes,16,0
40002,Ġevidenced,16,0
40003,Ġbushy,16,17
40004,Ġbushel,16,12
40005,Ġretribution,16,0
40006,Ġeffemin,16,0
40007,Ġhousekeeping,16,1
40008,Ġsubprefecture,16,0
40009,Ġearners,16,0
40012,ĠArrondissement,16,0
40013,Ġterrestrial,16,0
40014,Ġdrud,16,0
40015,Ġdraining,16,1
40016,Ġdrags,16,0
40018,Ġaddict,16,0
40020,ĠMarry,16,0
40021,ĠMaraud,16,0
40022,ĠMariana,16,0
40023,ĠĠĠĠĠĠĠĠĠĠĠĠĠĠĠ,16,0
40024,Ġ1822,16,0
40025,Ġ1827,16,0
40026,Ġwarring,16,1
40027,Ġexpost,16,0
40028,Ġexposures,16,0
40029,Ġserge,16,0
40031,Ġdiscove,16,0
40032,ĠClovis,16,0
40033,erna,16,1
40034,Ġvisually,16,1
40035,Ġnumeral,16,4
40036,shaven,16,2
40037,Ġschoolboy,16,1
40038,ĠShadows,16,0
40039,Ġrealistically,16,0
40040,Ġbookshop,16,1
40041,Ġminors,16,0
40042,ĠRex,16,0
40043,ĠRece,16,0
40044,ĠReasons,16,0
40046,Ġdefer,16,0
40047,Ġdefied,16,0
40048,Ġdefunct,16,0
40049,ashiyama,16,0
40050,Ġelm,16,0
40051,etsu,16,0
40052,ussed,16,0
40053,Ġbenign,16,0
40054,boom,16,0
40055,ugn,16,0
40056,Ġformulated,16,0
40057,Ġsingled,16,1
40058,Ġdrizz,16,23
40059,ĠAdoration,16,0
40060,ĠAdjacent,16,1
40061,Ġteamed,16,1
40062,tson,16,0
40063,mostly,16,1
40064,ĠBeast,16,0
40066,Ġ6300,16,0
40067,bearer,16,0
40068,ĠSpart,16,3
40069,ĠSpike,16,0
40070,ĠDeir,16,0
40071,Ġvaluing,16,0
40072,Ġconfide,16,0
40073,raction,16,0
40074,Ġfunerals,16,0
40077,Ġreviled,16,0
40078,ĠChrome,16,2
40079,Ġinsides,16,9
40080,Ġlightened,16,0
40081,Ġexploding,16,0
40082,Ġworkings,16,0
40083,Ġmeddle,16,0
40084,Ġincrement,16,0
40085,Ġlegality,16,0
40086,Ġvein,16,0
40087,Ġstealthy,16,0
40088,Ġpeel,16,68
40090,quely,16,0
40091,Ġconcurred,16,0
40092,Ġfieldwork,16,0
40093,ĠFlossie,16,0
40095,Ġbarb,16,3
40096,Ġbarter,16,0
40097,Ġdeluge,16,0
40098,Ġsentries,16,0
40100,Ġcondo,16,0
40101,Ġcondom,16,1
40102,Ġcondoms,16,6
40103,Ġcondensed,16,0
40104,Ġmidwest,16,0
40105,archs,16,0
40106,Ġtestament,16,0
40107,ĠColt,16,0
40108,ĠZed,16,1
40109,ĠZam,16,0
40110,ĠQatar,16,0
40111,Ġ1760,16,0
40112,Ġ1770,16,0
40113,Ġ1763,16,0
40114,Ġsatire,16,0
40115,Ġparka,16,33
40116,Ġclassify,16,0
40117,Ġsnowman,16,23
40118,Ġsnowstorm,16,2
40119,mbol,16,0
40120,Ġlowly,16,0
40121,olla,16,3
40122,Ġriverbank,16,25
40123,ĠPlenty,16,0
40124,ĠHerring,16,0
40125,Ġinvests,16,0
40126,ĠBenita,16,0
40127,Ġ158,16,0
40128,ĠBlank,16,7
40129,ĠBluff,16,0
40130,ĠToad,16,0
40131,ĠTrotter,16,0
40132,Ġenglish,16,12
40133,ĠExternal,16,0
40134,ĠExpedition,16,2
40136,Ġhurl,16,0
40137,Ġimprobable,16,0
40138,Ġtraveller,16,0
40140,Ġsweating,16,2
40141,Ġmags,16,1
40142,Ġmagistrate,16,0
40143,ĠBarton,16,0
40144,Ġ1650,16,0
40145,Ġ1660,16,0
40146,Ġ1621,16,0
40147,Ġexcruciating,16,0
40148,Ġcoroner,16,0
40149,Ġmailstream,16,0
40151,Ġavailed,16,0
40152,coach,16,2
40153,Ġmotels,16,0
40154,Ġtenor,16,0
40155,Ġsqual,16,0
40156,Ġsquads,16,0
40157,ĠPerrient,16,0
40158,Ġprepayment,16,0
40159,ĠWorldwide,16,0
40160,ĠTHIS,16,2
40161,ĠPresidency,16,0
40162,Ġbreaker,16,1
40164,Ġlocalities,16,0
40165,ĠTears,16,0
40166,ĠTeacher,16,2
40167,Ġpainless,16,0
40168,Ġpaperback,16,6
40169,Ġsalinity,16,0
40170,Ġsaluting,16,0
40171,Ġcoveralls,16,21
40172,Ġfacet,16,0
40173,Ġauthoritative,16,0
40174,ĠCharlem,16,0
40175,ĠAmida,16,0
40176,ĠUSB,16,1
40177,Ġinflict,16,0
40178,Ġinflamed,16,0
40179,Ġinflicting,16,0
40180,ambic,16,0
40181,Ġlaboured,16,0
40182,ĠMeans,16,0
40184,ĠXia,16,0
40185,Ġcritters,16,0
40186,Ġfutures,16,0
40187,ĠNeon,16,1
40188,holding,16,5
40189,Ġseaweed,16,35
40190,ĠPresidentas,16,0
40191,Ġ144,16,1
40192,Ġ146,16,1
40193,Ġ148,16,0
40194,Ġoneself,16,0
40195,Ġadmon,16,0
40196,ĠMalone,16,0
40197,Ġstationery,16,0
40198,askan,16,3
40199,ĠElle,16,0
40200,ĠElite,16,0
40201,cycle,16,40
40202,Ġillusions,16,0
40203,Ġprivateers,16,0
40204,Ġsuperfluous,16,0
40205,ĠAccademia,16,0
40206,Ġenvied,16,0
40207,Ġaccession,16,0
40208,ylie,16,0
40209,ĠMonty,16,0
40210,Ġsuddenness,16,0
40211,Ġwildfires,16,0
40212,Ġviolating,16,0
40213,Ġarenas,16,0
40214,Ġcirculating,16,0
40215,faction,16,0
40216,Ġtotaling,16,0
40217,ĠCalifornians,16,0
40218,Ġcaptor,16,0
40219,ĠRomano,16,0
40220,ĠFrankfurt,16,0
40221,Ġfares,16,0
40222,ominal,16,1
40223,Ġstrapping,16,0
40224,Ġcopped,16,0
40225,ĠQuentin,16,0
40226,Ġcandlest,16,18
40227,Ġbowler,16,34
40228,loge,16,0
40229,Ġmiscon,16,0
40230,ĠCompound,16,0
40231,ĠCompensation,16,0
40232,Ġzen,16,0
40233,Ġzquez,16,0
40234,ĠDepos,16,0
40237,Ġerased,16,0
40238,Ġerosion,16,0
40239,Ġhangover,16,0
40240,Ġnationals,16,2
40241,ĠPatna,16,0
40242,Ġbicycling,16,7
40243,Ġradiance,16,0
40244,Ġradios,16,0
40245,Ġsexist,16,0
40246,Ġ1006,16,0
40247,ĠCrab,16,1
40248,Ġ217,16,3
40249,Ġspecificity,16,0
40250,ĠValues,16,0
40251,ĠRegis,16,0
40252,ĠRegions,16,0
40253,Ġsavvy,16,0
40254,Heart,16,0
40256,Ġprimate,16,0
40257,Ġprimordial,16,0
40258,ĠCompromise,16,0
40259,Ġscreenings,16,0
40261,Ġtitans,16,0
40262,ophon,16,13
40263,Ġcookbook,16,2
40264,ĠSynd,16,0
40265,Ġcollars,16,24
40266,ANTA,16,0
40267,Ġsensual,16,0
40268,Ġtruthfully,16,0
40269,ĠSteff,16,0
40270,Ġgripe,16,0
40271,ĠBobbie,16,0
40272,ĠApplying,16,0
40273,Ġarranger,16,0
40274,ĠParisians,16,0
40275,Ġpreventative,16,0
40277,Ġundue,16,0
40278,Ġundiscovered,16,0
40280,Though,16,0
40281,ĠMidnight,16,0
40282,Ġbiographies,16,0
40283,Ġ230,16,1
40284,young,16,1
40285,ĠSuite,16,1
40286,ĠTIME,16,2
40287,ĠHighgate,16,0
40288,Ġwealthier,16,0
40289,ĠJimi,16,1
40290,Ġliters,16,1
40291,ĠSusa,16,0
40292,ĠMilky,16,0
40293,ĠBelmonte,16,0
40294,Ġsplintered,16,0
40295,ĠFreddie,16,0
40296,Ġstrategist,16,0
40297,ĠSalinas,16,0
40298,Ġexhibiting,16,0
40299,Ġ266,16,0
40300,Ġbraver,16,0
40301,ĠRecreation,16,0
40302,Ġconditioned,16,0
40303,Ġcontrollers,16,46
40304,Ġgroped,16,0
40305,Ġ280,16,0
40306,Ġgateways,16,0
40307,ĠCOP,16,1
40308,ĠCOX,16,0
40309,ĠCIRC,16,7
40310,Ġetched,16,1
40311,ĠKeats,16,0
40312,ĠArticle,16,0
40313,ĠBuddy,16,0
40314,ĠHumane,16,0
40315,Ġlaughingly,16,0
40316,Ġguideline,16,0
40317,itaire,16,0
40318,ĠDayana,16,0
40319,Ġsprained,16,0
40320,Ġflatly,16,0
40321,Ġbulwark,16,0
40322,Ġcolumnists,16,0
40323,Ġapartheid,16,0
40326,ĠVictims,16,0
40327,ĠBucephalus,16,0
40328,ĠHilliker,16,0
40330,ĠAnybody,16,0
40331,Ġrubs,16,6
40332,ĠCurt,16,0
40333,ĠCurrie,16,0
40334,Ġcriticised,16,0
40336,Ġmutter,16,0
40337,Ġmutton,16,1
40338,Ġfruitful,16,0
40339,ĠMeteor,16,0
40340,Ġswordfish,16,12
40341,Ġthrills,16,0
40342,ĠModels,16,0
40343,Ġderives,16,0
40344,Ġderanged,16,0
40345,ĠDirec,16,0
40346,Ġplatoon,16,1
40347,ĠWallops,16,0
40348,ĠJosep,16,0
40350,143,16,1
40351,Ġdecked,16,6
40352,Ġhideaway,16,0
40353,Ġpigment,16,0
40354,ĠPanaman,16,0
40355,write,16,0
40357,Ġborderline,16,0
40358,ĠSubsequent,16,0
40359,ĠPenalties,16,0
40360,ĠBarrymore,16,0
40361,ĠBaba,16,0
40362,ĠBabe,16,0
40363,ĠBabyl,16,0
40364,ĠCatholicism,16,0
40365,ĠNortheastern,16,0
40366,geny,16,0
40367,ĠMelville,16,0
40368,Ġhampered,16,0
40369,Ġhamlets,16,0
40370,ĠTechnologies,16,1
40371,ĠUsed,16,0
40372,uzzled,16,9
40373,ĠCorporations,16,0
40375,ĠSelim,16,0
40376,ĠBonny,16,0
40377,ĠWaldenburg,16,0
40378,Ġfondness,16,0
40379,ĠDarby,16,0
40382,ĠEconomist,16,0
40383,ĠInterim,16,0
40384,ĠFeeling,16,0
40385,Ġfascist,16,0
40386,America,16,0
40387,Ġrevolves,16,0
40388,Ġdusting,16,1
40390,ĠSilk,16,1
40391,ĠFilippo,16,0
40392,bells,16,0
40393,Ġdemocrats,16,0
40394,Ġdetector,16,16
40395,ĠRobb,16,0
40396,Ġtribesmen,16,0
40398,Ġdockyard,16,0
40399,ĠSuperintendent,16,0
40400,ĠKyiv,16,0
40401,ĠEsplanade,16,0
40404,ĠEdwardian,16,0
40405,Ġadvocating,16,0
40406,ĠTOXIC,16,0
40407,ĠSTAR,16,12
40408,ĠSTREET,16,7
40409,Ġmystified,16,0
40410,Ġaccompanies,16,1
40411,Ġprincipality,16,0
40412,ĠBudgetary,16,0
40413,Ġdelaying,16,0
40414,Ġphotographic,16,1
40415,Ġpinfall,16,0
40416,ĠStatutes,16,0
40417,ĠSaxton,16,0
40418,ĠBiological,16,0
40419,Ġopting,16,0
40420,ĠHalsey,16,0
40421,Ġlicensing,16,0
40422,ĠPuja,16,0
40423,ĠSands,16,0
40424,Ġsacrificing,16,0
40425,ĠRyuk,16,0
40426,ĠMailer,16,0
40427,ĠBraves,16,0
40429,criminal,16,0
40430,Ġpedal,16,30
40431,ĠDenis,16,0
40432,ĠGalveston,16,0
40433,Ġfetters,16,0
40434,Ġforbids,16,0
40435,ĠCowboy,16,6
40436,Ġvending,16,46
40437,Ġstupidly,16,0
40438,Ġhalter,16,52
40439,otype,16,0
40440,ĠRetiro,16,0
40441,Ġpowdered,16,65
40442,ĠVerdy,16,0
40443,ĠElizabethan,16,4
40444,Ġdisagreeing,16,0
40445,Ġjogs,16,0
40446,ĠBalanced,16,0
40447,Ġfueled,16,0
40448,ĠMoMA,16,0
40449,ĠPaying,16,0
40450,carat,16,0
40451,Ġnapkin,16,162
40452,contained,16,0
40453,Ġnarrower,16,0
40454,Ġnarratives,16,0
40456,Ġtasteless,16,0
40457,Ġexpedited,16,0
40458,Ġtemptations,16,0
40459,Ġplaygrounds,16,0
40460,Ġknighthood,16,0
40461,ramatic,16,0
40462,Ġdominions,16,0
40463,ĠRadiation,16,0
40464,Ġgratify,16,0
40465,risty,16,0
40466,ĠLangdale,16,0
40467,Ġ333,16,1
40468,ĠATT,16,5
40469,Ġgreyhound,16,40
40470,Ġintentional,16,0
40471,Ġ1809,16,0
40472,ĠBarbary,16,0
40474,Ġprohibiting,16,0
40475,Ġgrimaced,16,0
40476,Ġ1833,16,0
40477,Ġstomachs,16,2
40478,ĠBreaking,16,0
40479,ĠSonic,16,4
40480,ĠChao,16,0
40481,Ġapologetic,16,0
40482,Ġscripted,16,0
40483,ĠPCS,16,1
40484,ĠAmbient,16,0
40485,ĠEleventh,16,0
40487,Ġwarden,16,2
40488,ĠWednesdays,16,0
40489,ĠCruel,16,0
40490,ĠDeco,16,0
40491,Ġfabrication,16,0
40493,ĠBaller,16,7
40494,Ġdumps,16,1
40495,ĠLegion,16,0
40496,Ġcuriosities,16,0
40498,ĠMercado,16,0
40499,Ask,16,0
40500,ĠCrocker,16,0
40501,Ġreproductions,16,0
40502,ĠNYPD,16,3
40503,Ġrenders,16,0
40504,Onofrio,16,0
40505,ĠCooperstown,16,0
40506,ĠGillette,16,1
40507,Ġcompromising,16,0
40508,ĠEnterprise,16,0
40509,Going,16,0
40510,ĠRainbow,16,4
40511,Ġdiploma,16,2
40512,ĠBelgians,16,0
40513,ĠEvaluations,16,0
40514,ĠEvaluating,16,0
40515,Ġtactical,16,0
40516,ĠSeti,16,0
40517,Ġmistresses,16,0
40518,Ġvariants,16,0
40519,ĠGuadalest,16,0
40520,Canadian,16,0
40521,Ġcemented,16,3
40523,starred,16,0
40524,Express,16,2
40525,IGN,16,32
40526,ĠForeigners,16,3
40527,URY,16,2
40528,ĠCollabor,16,0
40530,Ġintrusive,16,0
40531,Ġdiplomats,16,0
40532,ĠMonsanto,16,0
40533,Ġappetizing,16,0
40534,ĠPremature,16,0
40535,Ġrowspan,16,0
40536,Ġaccumulation,16,0
40537,somebody,16,0
40538,ĠBaden,16,0
40539,Ġenhancement,16,0
40540,ĠPontiac,16,0
40541,William,16,0
40543,ĠDominic,16,0
40544,ĠDominion,16,0
40545,Ġboredom,16,1
40546,ĠMessiah,16,0
40547,ĠEpis,16,0
40548,Ġcannonballs,16,0
40549,ĠVegalta,16,0
40550,ĠAbdel,16,0
40551,1979,16,0
40552,Ġbarrens,16,0
40553,Ġawkwardness,16,0
40554,wheels,16,8
40556,ĠGrail,16,0
40557,broken,16,0
40558,ĠMuncaster,16,0
40559,ĠExtensions,16,0
40560,ĠHandel,16,0
40561,ĠNegative,16,0
40562,ĠSepoys,16,0
40563,osexual,16,1
40565,Ġcoding,16,1
40566,Ġcommemoration,16,0
40567,ĠRicky,16,0
40568,Ġvoicing,16,0
40569,ĠPhoenicians,16,0
40570,Ġpolychrome,16,0
40571,Ġadapting,16,0
40572,Ġalteration,16,0
40573,ĠOpponents,16,0
40574,safe,16,0
40575,ĠDarkness,16,0
40576,Ġappointing,16,0
40577,ĠLedbetter,16,0
40578,Ġpleasurable,16,0
40579,ĠDalmat,16,2
40580,Ġupgrades,16,0
40581,Ġfoxes,16,0
40582,Ġkhakis,16,83
40583,ĠKnowles,16,0
40584,ĠClient,16,0
40585,driver,16,21
40586,Ġconstituencies,16,0
40587,Ġgovernesses,16,0
40588,Ġ587,16,0
40589,Ġperpetrated,16,0
40590,economic,16,0
40591,Ġpresumptuous,16,0
40592,ĠRunner,16,4
40593,ĠRunners,16,65
40594,Ġexerted,16,0
40595,Ġmetaphors,16,0
40597,ĠEighth,16,0
40598,ĠSteelers,16,0
40599,Ġgrieving,16,0
40601,ĠBundestag,16,0
40602,ĠNiigata,16,0
40603,Ġrecesses,16,0
40604,ogeny,16,0
40606,ĠThornton,16,1
40607,Ġflopped,16,0
40608,Ġlurched,16,0
40609,Ġguerillas,16,0
40610,ĠGreyfriars,16,0
40611,Ġcompassionate,16,0
40612,Ġtrampling,16,0
40613,Ġenergetically,16,0
40614,ĠVasari,16,0
40615,ĠLodge,16,0
40616,Ġmanipulated,16,0
40617,Ġbreakdowns,16,0
40618,ĠSuccessful,16,0
40619,Ġsalamanders,16,0
40620,VERY,16,0
40621,Ġfelucca,16,0
40622,ĠHappiness,16,1
40623,ĠUltra,16,0
40624,Ġmournfully,16,0
40625,digit,16,0
40626,Ġreferees,16,14
40627,Ġlinguistics,16,0
40628,Ġtapestry,16,20
40629,Ġoutwardly,16,0
40630,ĠNeedle,16,1
40631,ĠQuantz,16,0
40632,Ġjurisdictions,16,0
40633,Ġcelib,16,0
40634,Ġcelery,16,34
40635,ĠIgnoring,16,0
40636,ĠIgnacio,16,0
40637,ĠUlster,16,0
40638,Ġpancake,16,39
40639,Wasn,16,0
40640,Ġsapiens,16,0
40641,ĠMongols,16,0
40642,Ġepithet,16,0
40643,Ġhustled,16,0
40644,Ġvowels,16,0
40645,Ġyawning,16,5
40646,ĠLambing,16,0
40647,ĠApproach,16,0
40648,ĠGOOD,16,4
40649,Ġoutposts,16,0
40650,Ġesteemed,16,0
40651,Ġsaddled,16,5
40652,Ġhijacking,16,0
40653,ĠDyke,16,0
40654,Ġcomplacent,16,0
40655,ĠCelebrities,16,0
40656,Ġstingy,16,0
40657,Ġpropriety,16,0
40658,ĠGillan,16,0
40659,Ġspatial,16,0
40661,ĠSpectators,16,30
40662,Ġpsychiatric,16,0
40663,ĠAceh,16,0
40664,ĠMintz,16,0
40665,ĠLagoon,16,0
40666,Ġskillet,16,20
40667,Ġapprovingly,16,0
40668,ĠAGN,16,0
40669,ĠFindings,16,0
40670,Ġrefunds,16,0
40671,ĠCecilia,16,0
40672,ĠMiata,16,0
40673,ĠLafitte,16,0
40674,ĠEditorial,16,0
40675,ĠPrinceton,16,0
40676,villers,16,0
40677,Ġpseudo,16,1
40678,Ġitineraries,16,0
40679,ĠMikawa,16,0
40680,ĠPamela,16,0
40681,ĠIdentifying,16,0
40682,ĠPanjabi,16,0
40683,ĠManagerial,16,0
40684,Ġordinance,16,0
40685,ĠTypical,16,0
40686,ĠDocket,16,0
40687,Ġchoreographer,16,0
40688,ĠHAVE,16,1
40689,ĠGIRLS,16,7
40690,Ġanecdote,16,0
40691,ĠTigon,16,0
40692,ĠDocumentation,16,0
40693,Ġincompetence,16,0
40694,ĠBAFTA,16,0
40695,ĠCarthaginian,16,0
40696,History,16,0
40697,sufficiency,16,0
40698,ĠSWAPO,16,0
40699,ĠGanesh,16,0
40700,ĠMcHugh,16,0
40701,Ġtacit,16,0
40702,ĠCiudad,16,0
40703,ĠCARTER,16,0
40704,ĠBRAVE,16,0
40705,ĠLoyalists,16,0
40706,ĠGitHub,16,0
40707,ĠScarcely,16,0
40708,Ġtoughest,16,0
40709,Ġdwindled,16,0
40710,Semitism,16,0
40711,ĠSmyrna,16,0
40712,Ġrelinquish,16,0
40714,Ġnondescript,16,2
40715,Ġscorching,16,0
40716,confidence,16,0
40718,titles,16,0
40719,Ġmummies,16,0
40720,ĠRECE,16,1
40721,ĠThirteen,16,0
40722,Music,16,0
40723,Ġmahogany,16,2
40724,ĠSatsuki,16,0
40725,Ġoutweighed,16,0
40726,Ġtranscripts,16,0
40727,ĠLatvia,16,0
40728,Ġoutsourced,16,0
40729,ĠSettlement,16,0
40730,ĠCulver,16,0
40731,ĠWinslow,16,0
40732,ĠShawnee,16,0
40733,ĠHusband,16,2
40734,Ġscurried,16,0
40735,ĠCovenant,16,0
40736,Ġreverently,16,0
40737,Ġobstructed,16,20
40738,Ġforsaken,16,0
40739,inclusive,16,0
40740,ĠWonders,16,0
40741,Ġresidual,16,0
40742,private,16,0
40743,ĠMeasuring,16,2
40744,ĠSahibas,16,0
40745,Ġsorcerers,16,0
40746,Ġbagel,16,75
40747,ĠLaksh,16,0
40749,Ġtyranny,16,0
40750,Ġcavity,16,0
40751,Ġanarchism,16,0
40752,ĠChihuahua,16,1
40753,Ġremarking,16,0
40754,Ġredesign,16,0
40755,Ġsemifinal,16,0
40756,ĠJahangir,16,0
40757,Ġjubilant,16,7
40758,Ġdisproportionate,16,0
40759,Ġbereft,16,0
40760,Ġrearranged,16,0
40761,ĠFPAs,16,0
40762,ĠDerek,16,1
40763,ĠDrunkard,16,0
40765,ĠDialogue,16,0
40766,ĠGuerrero,16,1
40767,Ġinquisitive,16,0
40768,Ġmiraculous,16,0
40769,ĠMameluke,16,0
40770,ĠEthnographic,16,0
40773,Ġgondola,16,20
40774,ĠKassandra,16,0
40775,ĠKnott,16,0
40776,Ġsnuggled,16,4
40777,ĠCameroon,16,0
40778,ĠKosovars,16,0
40779,Ġpetticoats,16,0
40780,critical,16,0
40781,Ġcoyote,16,20
40782,Ġfraternity,16,0
40783,ĠFocus,16,0
40784,ĠThomson,16,0
40785,Ġbranching,16,1
40786,Ġsubpoena,16,0
40787,Ġbarricade,16,20
40788,Ġredundant,16,0
40789,ĠEnlightenment,16,0
40790,ĠHindustani,16,0
40791,ĠEvaluators,16,0
40792,ĠPEOPLE,16,10
40793,Denis,16,0
40794,ĠBianca,16,0
40795,ĠHuffington,16,0
40796,Ġincongruous,16,0
40797,Ġarticulated,16,1
40798,ĠSchroeder,16,0
40799,ĠIncredible,16,1
40800,ĠStanislas,16,0
40801,ĠTheodosius,16,0
40802,ĠOvitz,16,0
40803,Ġpercussion,16,17
40804,ĠWhittaker,16,0
40805,ĠCorreggio,16,0
40806,Ġtsunami,16,0
40807,ĠAbercrombie,16,4
40808,ĠIMAX,16,0
40809,agellation,16,0
40811,Ġmisstatements,16,0
40812,Ġunhappiness,16,0
40813,Ġostrac,16,0
40814,eratops,16,0
40815,ĠBoshot,16,0
40816,ĠWatendlath,16,0
40817,ĠFreyja,16,0
40818,Ġmilitias,16,0
40819,Ġfurthest,16,765
40820,Ġantennas,16,1
40821,ĠGaribaldi,16,0
40822,ĠHibernian,16,0
40823,ĠPoseidon,16,0
40824,Ġbluepr,16,0
40825,Ġunanswered,16,0
40826,ĠOkfuski,16,0
40827,Ġunsupported,16,0
40828,Ġparametriz,16,0
40829,ĠMurrumbidgee,16,0
40830,ĠEindhovengen,16,0
40831,Ġaghast,16,0
40832,ĠRibera,16,0
40833,ĠHepburn,16,3
40834,ĠKherai,16,0
40835,Ġenmity,16,0
40836,ĠVosges,16,0
40837,ĠTrudeau,16,0
40838,ĠRosencamp,16,0
40839,Ġunfavorable,16,0
40840,Ġrepercussions,16,0
40841,Virginia,16,0
40842,Ġinapplicable,16,0
40843,ĠIwasaki,16,0
40844,Ġpragmatic,16,0
40845,ĠVISIT,16,0
40846,Ġscimitar,16,0
40847,ĠConclusions,16,0
40848,ĠHardknott,16,0
40849,ĠLibraries,16,0
40850,ĠCoppola,16,0
40851,ĠTiffany,16,0
40852,ĠIckes,16,0
40853,ĠALEXANDER,16,0
40854,ĠAuvergne,16,0
40855,ĠWembley,16,0
40856,ĠWachtler,16,0
40857,ĠDreyfus,16,0
40858,ĠNaughty,16,0
40859,ĠNablus,16,0
40860,ĠLelouch,16,0
40861,Ġuprisings,16,0
40862,ĠUmberto,16,0
40863,Ġenchanter,16,0
40864,Ġuninterrupted,16,0
40865,ĠVelvet,16,1
40866,ĠVRChat,16,0
40867,ĠLeuchter,16,0
40868,ĠBeethoven,16,0
40869,ĠTrafalgar,16,2
40870,ĠConfirmation,16,0
910,Ġ201,15,1
1682,Ġmem,15,0
1865,selves,15,0
1933,Ġ196,15,0
1968,Ġanal,15,0
2073,Ġactiv,15,0
2551,Ġbir,15,4
2625,itc,15,34
2865,emy,15,0
2949,inese,15,0
3059,Ġjour,15,1
3137,lebr,15,0
3261,Ġspir,15,1
3303,apers,15,0
3322,orses,15,0
3727,Ġsoci,15,0
4144,ronic,15,0
4206,estic,15,1
4210,lection,15,51
4298,ĠTod,15,0
4332,Ġliter,15,1
4554,Ġwel,15,0
5273,Ġtraff,15,2
5340,urse,15,6
5843,Ġgy,15,41
5849,stitute,15,1
6286,Ġsuppl,15,0
6393,seless,15,0
6865,Ġcy,15,0
7151,ouri,15,0
7205,thia,15,0
7353,ambling,15,0
7525,Ġterrif,15,0
8183,Ġexped,15,0
8228,Ġadvis,15,1
8601,ĠPict,15,0
8766,Ġencl,15,0
8768,Ġacadem,15,0
9036,osely,15,0
9065,inson,15,1
9085,Ġ183,15,0
9138,ghter,15,2
9308,aic,15,0
9493,Ġdil,15,0
9501,iped,15,12
9896,Ġmigr,15,0
10018,pron,15,3
10037,Ġtoler,15,0
10087,phones,15,36
10181,olar,15,0
10257,Ġpreced,15,0
10300,Ġrebell,15,0
10570,oft,15,1
10714,ĠGuadal,15,0
10846,uctor,15,0
10889,hend,15,0
11060,ĠBeh,15,0
11338,ĠIncre,15,0
11372,agraph,15,0
11776,Ġsoot,15,2
11870,orient,15,0
12182,kerchief,15,0
12345,retion,15,0
12474,ĠLegisl,15,0
12843,ĠDV,15,0
12845,arten,15,0
13073,ISS,15,7
13246,Ġkar,15,0
13416,ucked,15,6
13665,Alex,15,0
13667,liss,15,0
13737,NY,15,2
13796,Ġspokes,15,10
13835,Ġmanif,15,0
14257,Ġincons,15,0
14266,Ġpromul,15,0
14273,udding,15,0
14334,cludes,15,0
14443,alg,15,0
14467,Ġsynt,15,0
14584,asket,15,20
14602,bourne,15,0
14710,onymous,15,0
14737,acter,15,1
14756,ĠChat,15,0
14857,Ġprejud,15,0
14920,went,15,0
14945,nex,15,0
15053,liers,15,0
15120,lance,15,1
15159,airy,15,3
15380,ĠAdmir,15,0
15388,ĠGuang,15,0
15482,ector,15,0
16250,ĠLith,15,0
16268,ĠViol,15,4
16273,ĠShel,15,2
16372,urst,15,6
16373,ĠCz,15,0
16503,ĠMoy,15,0
16506,ĠPon,15,0
16620,ctic,15,0
16802,anni,15,0
17029,Ġfeder,15,0
17692,atis,15,0
17734,Ġoverhe,15,0
17739,ignan,15,0
17862,idy,15,1
18082,loat,15,0
18099,Ġphilanthrop,15,0
18486,idel,15,13
18844,opus,15,1
19059,Ġjan,15,1
19063,agua,15,0
19072,llows,15,7
19388,LD,15,8
19626,otch,15,5
19692,enges,15,0
19705,Ġencir,15,0
19855,Ġrepet,15,0
20007,vered,15,0
20029,ffe,15,34
20038,angling,15,0
20077,Ġtemp,15,1
20183,erman,15,0
20202,Ġreapp,15,0
20235,agus,15,3
20256,ĠAnat,15,0
20406,cam,15,15
20447,Ġlivel,15,0
20685,uder,15,0
20710,Ġsket,15,6
20723,ĠManufact,15,0
20773,ĠTrip,15,0
20955,ĠNeh,15,0
21061,zan,15,0
21129,ĠRaid,15,1
21297,Ġrehabil,15,0
21511,OLD,15,177
21608,Ġpian,15,0
21620,Ġforfe,15,0
22098,moor,15,0
22100,norm,15,0
22204,apple,15,12
22300,ĠInvestig,15,0
22368,afe,15,8
22378,vor,15,0
22486,Ġacrob,15,6
22980,eze,15,1
23067,Ġjab,15,0
23106,Ġcoloss,15,0
23149,ĠSche,15,0
23155,Ġfigur,15,21
23335,ĠPD,15,0
23467,Ġembell,15,0
23590,bows,15,9
23609,erne,15,0
23613,itos,15,4
23654,Ġdereg,15,0
23735,ĠGrad,15,0
23762,ĠEmir,15,0
23959,Ġlam,15,22
23962,verest,15,1
23966,ĠSolid,15,6
24280,erver,15,7
24343,Ġexting,15,18
24511,Ġsemic,15,0
24629,EO,15,8
24737,Ġenerg,15,3
24756,Ġcarc,15,6
24853,Ġcollaps,15,2
24862,ISA,15,2
25125,Ġattribut,15,0
25221,olyn,15,0
25243,hetti,15,5
25395,hounds,15,4
25403,tar,15,0
25446,Ġaspir,15,1
25568,Ġengra,15,2
25721,Ġtherm,15,1
25781,Ġoils,15,0
25822,Ġwhims,15,0
25862,Ġsaun,15,0
26038,ĠBasil,15,1
26388,ĠAssy,15,0
26425,ĠMurr,15,0
26595,nders,15,3
26629,adic,15,0
26634,ĠCes,15,0
26641,ĠMund,15,0
26644,ĠBish,15,0
26794,boarder,15,37
26832,Ġverand,15,0
26899,ĠEleph,15,4
26913,Ġmonopol,15,0
27021,Sec,15,0
27045,itates,15,0
27075,ĠSue,15,0
27083,urban,15,0
27236,ĠPerse,15,0
27421,Ġculmin,15,0
27489,Ġsomersault,15,2
27525,oel,15,0
27612,ĠWond,15,0
27923,ĠSahib,15,0
28104,ĠPH,15,67
28108,illian,15,0
28136,Ġorth,15,0
28198,aira,15,0
28445,broke,15,0
28556,sac,15,0
28589,ĠToh,15,0
28596,Ġlil,15,39
28660,Ġdegr,15,0
28690,igu,15,2
29138,Ġtox,15,0
29164,aments,15,0
29167,ĠMn,15,0
29177,chia,15,1
29196,ĠNOR,15,0
29199,Ġprope,15,13
29232,ittal,15,0
29652,fork,15,19
29721,roix,15,0
29723,ĠSF,15,2
29735,ĠCC,15,0
29777,things,15,0
29899,phys,15,0
29933,Ġcampground,15,1
29936,Ġloath,15,0
29950,roned,15,0
30024,ĠAntip,15,0
30075,OUT,15,47
30365,ropping,15,12
30488,fts,15,2
30498,management,15,0
30695,ILD,15,5
30748,asmuch,15,0
30782,runner,15,0
30915,assadors,15,0
38812,ĠĠĠĠĠĠĠĠĠĠĠĠĠĠĠĠĠĠĠĠĠ,15,0
40455,ĠĠĠĠĠĠĠĠĠĠĠĠĠĠĠĠĠĠĠĠĠĠĠĠĠĠĠĠĠĠĠĠĠĠĠĠĠĠ,15,0
40871,118,15,1
40872,360,15,0
40873,Aid,15,19
40874,Bas,15,0
40875,Brad,15,0
40876,Beware,15,0
40877,Bokermannohyla,15,0
40878,Cour,15,0
40879,Civil,15,0
40880,Earth,15,0
40881,FE,15,1
40882,Free,15,0
40883,Feb,15,0
40884,GB,15,0
40885,GP,15,0
40886,Green,15,1
40888,Hop,15,0
40889,Happy,15,0
40890,Jump,15,0
40891,LP,15,3
40892,Mor,15,0
40893,Mil,15,0
40894,More,15,0
40895,Mos,15,0
40896,Mars,15,0
40897,Mah,15,0
40898,NL,15,0
40899,Nippon,15,0
40900,Pop,15,0
40901,PHA,15,124
40902,PLE,15,66
40903,Pardon,15,0
40904,Rome,15,0
40905,Sal,15,0
40906,Sept,15,0
40907,SUS,15,1
40908,TD,15,1
40909,Tri,15,0
40910,Trent,15,0
40911,Temple,15,0
40914,Vict,15,0
40915,Vully,15,0
40916,VII,15,0
40917,Ville,15,0
40918,VING,15,17
40919,Wil,15,0
40921,aib,15,0
40922,aque,15,3
40923,bians,15,0
40924,billion,15,0
40925,budget,15,0
40926,bana,15,0
40927,bowl,15,18
40928,cabin,15,0
40929,dou,15,2
40930,dark,15,1
40931,dire,15,0
40932,deb,15,0
40933,duty,15,3
40934,fet,15,0
40936,fem,15,4
40937,fated,15,1
40938,fert,15,0
40939,fraid,15,0
40940,fishes,15,0
40942,gren,15,1
40943,gross,15,0
40944,hide,15,0
40945,hundred,15,0
40948,lot,15,4
40949,lamp,15,21
40950,lied,15,0
40951,luck,15,1
40953,mong,15,1
40954,miss,15,0
40957,olet,15,3
40958,pond,15,0
40959,pins,15,3
40961,rush,15,0
40962,rums,15,1
40963,ranging,15,0
40966,sun,15,0
40967,sold,15,0
40968,tus,15,0
40969,tun,15,0
40970,tenth,15,0
40971,vado,15,0
40972,want,15,0
40973,wild,15,0
40976,xious,15,0
40979,zip,15,0
40980,Ġ??,15,0
40981,Ġtwe,15,13
40982,Ġtuk,15,0
40983,Ġtinge,15,1
40984,hester,15,0
40986,Ġsacking,15,0
40989,Ġwards,15,5
40990,Ġwaged,15,0
40991,Ġome,15,28
40992,Ġott,15,75
40993,atious,15,0
40994,atize,15,0
40996,Ġbis,15,2
40997,Ġbisexual,15,0
40998,Ġctor,15,0
40999,Ġcatered,15,1
41000,Ġcortex,15,0
41001,itone,15,4
41002,enk,15,0
41003,Ġful,15,3
41004,Ġfaked,15,0
41005,Ġfiesta,15,0
41006,oros,15,0
41007,Ġmoth,15,17
41008,Ġmason,15,8
41009,Ġmoped,15,81
41011,Ġpats,15,7
41012,Ġpounced,15,0
41013,Ġhues,15,0
41014,Ġhounded,15,0
41015,Ġtoiling,15,0
41016,Ġditches,15,2
41017,Ġinference,15,0
41019,asants,15,10
41020,ĠTos,15,3
41021,ĠTone,15,0
41022,ĠTind,15,0
41023,ĠTek,15,0
41024,ĠTract,15,1
41025,ĠTerm,15,0
41028,ĠTPC,15,0
41029,ĠTaira,15,0
41030,ĠTihar,15,0
41032,Ġthugs,15,0
41033,omial,15,0
41034,Ġnast,15,1
41035,Ġnoose,15,14
41036,Ġnimbly,15,0
41037,Ġlance,15,1
41038,Ġlids,15,5
41039,Ġlaces,15,19
41040,Ġlashing,15,0
41041,Ġlashes,15,0
41042,Ġgly,15,0
41043,Ġgrou,15,4
41044,Ġgated,15,9
41045,Ġgraft,15,0
41046,Ġggi,15,0
41047,Ġgurg,15,0
41048,ĠIO,15,0
41049,ĠAHL,15,0
41050,ĠAFL,15,1
41052,Ġbeards,15,20
41053,Ġbearer,15,4
41055,idized,15,0
41056,Ġegal,15,0
41057,Ġeco,15,3
41058,sty,15,7
41059,stru,15,0
41060,stede,15,0
41061,Ġreall,15,0
41063,Ġheave,15,0
41064,administered,15,0
41065,utable,15,0
41066,utonic,15,0
41067,acular,15,0
41068,ayat,15,0
41069,ĠSass,15,0
41070,ĠSib,15,0
41071,ĠSween,15,2
41072,ĠSuit,15,7
41073,ĠSchie,15,0
41074,ĠSAS,15,5
41076,imov,15,1
41079,Ġstion,15,0
41080,Ġstoke,15,0
41081,Ġstoic,15,2
41083,irang,15,0
41085,Ġforked,15,1
41086,Ġforwards,15,2
41089,ghi,15,0
41091,Ġwend,15,0
41092,Ġweaves,15,5
41094,ĠCW,15,0
41095,ĠCBE,15,0
41096,ĠMies,15,0
41097,ĠMud,15,1
41098,ĠMakes,15,0
41099,ĠMery,15,0
41100,ĠMey,15,0
41102,ĠMutsu,15,0
41103,itha,15,0
41104,Ġanom,15,0
41105,Ġanac,15,0
41106,Ġwhitt,15,0
41107,ĠBly,15,0
41108,ĠBau,15,0
41109,ĠBek,15,0
41110,ĠBoon,15,0
41111,ĠBaud,15,0
41114,ĠBitter,15,0
41115,ĠBUT,15,32
41116,ĠBWI,15,0
41117,ĠBokermannohyla,15,0
41120,rika,15,1
41121,ĠHg,15,0
41122,ĠHid,15,0
41124,ĠHark,15,0
41126,ĠHiro,15,0
41128,iler,15,14
41129,ilence,15,0
41131,ĠPry,15,0
41132,ĠPanc,15,2
41134,ĠPioneer,15,1
41135,ĠPepsi,15,12
41136,Ġku,15,0
41137,Ġket,15,1
41138,Ġkalgi,15,0
41139,andas,15,2
41140,Ġrave,15,0
41141,ĠiOS,15,0
41142,Ġdoves,15,3
41144,olin,15,13
41146,olted,15,0
41147,olastic,15,0
41148,Ġseedy,15,0
41149,ĠWake,15,1
41150,ĠWinc,15,0
41151,ĠWaste,15,0
41152,ĠWaco,15,0
41153,ĠWushu,15,0
41154,ĠWRAP,15,0
41155,aini,15,0
41159,thro,15,0
41160,thorn,15,0
41161,thousand,15,0
41162,Ġfrat,15,0
41163,Ġmanoeuv,15,0
41164,unci,15,0
41165,ĠFro,15,1
41166,ĠFir,15,0
41167,ĠFry,15,1
41168,ĠFors,15,0
41169,ĠFries,15,2
41171,ĠFASB,15,0
41174,anthem,15,0
41175,umo,15,0
41177,ĠDU,15,5
41178,ĠDZ,15,0
41179,ĠDic,15,0
41180,ĠDate,15,0
41181,ĠDies,15,0
41183,ĠDiff,15,0
41184,ĠDiner,15,4
41185,ĠDenny,15,0
41186,ĠDaintree,15,0
41187,essional,15,0
41188,eme,15,0
41189,Ġchor,15,0
41190,Ġchal,15,16
41191,Ġchills,15,0
41192,Ġchasm,15,0
41193,ppings,15,4
41194,ĠNAC,15,0
41195,ĠNader,15,0
41197,ĠNumbers,15,0
41198,ĠNPR,15,0
41199,ĠNIGHT,15,2
41200,Ġplume,15,0
41201,ĠLon,15,0
41202,ĠLom,15,0
41204,ĠLies,15,0
41205,ĠLich,15,0
41206,ĠLuh,15,0
41207,ĠLazar,15,0
41208,ĠLEA,15,9
41209,ĠLIST,15,0
41210,ĠLillian,15,1
41211,ĠGL,15,128
41212,ĠGers,15,0
41213,ĠGour,15,3
41214,ĠGud,15,0
41215,ĠGoy,15,0
41216,ĠGail,15,0
41217,ĠGoss,15,0
41218,ĠGreet,15,0
41219,ĠGats,15,0
41220,ĠGhat,15,0
41221,ĠGilles,15,0
41222,ĠGaya,15,0
41223,ĠGIAN,15,2
41224,quel,15,0
41225,ieving,15,2
41226,ĠRul,15,0
41227,ĠRib,15,5
41228,ĠRED,15,282
41229,ĠRiders,15,10
41230,ĠRIA,15,0
41231,ĠRAM,15,2
41232,ĠRiot,15,1
41233,ĠRKO,15,0
41234,abu,15,0
41235,abolic,15,0
41237,ĠJas,15,0
41238,ĠJunction,15,0
41239,ĠJUL,15,1
41240,Ġorang,15,50
41242,Ġvat,15,2
41243,Ġviability,15,0
41244,Ġvistas,15,0
41245,Ġleased,15,0
41246,Ġhermit,15,0
41247,Ġjugs,15,16
41248,Ġjavelin,15,17
41249,Ġalpine,15,2
41250,elis,15,0
41252,ĠEcc,15,0
41253,ĠEvers,15,0
41255,Ġabiding,15,0
41256,Ġsakes,15,0
41257,igibility,15,0
41259,Ġallusions,15,0
41260,Ġknowingly,15,0
41262,ĠOy,15,0
41263,osta,15,0
41264,ivel,15,10
41265,Ġcanes,15,8
41266,onga,15,0
41267,astika,15,0
41268,Ġyea,15,0
41269,ivar,15,0
41270,ocy,15,0
41271,Ġintrep,15,0
41272,Ġanythin,15,0
41273,aub,15,0
41274,odo,15,2
41276,Ġwillows,15,1
41277,ĠThun,15,0
41278,ĠThais,15,0
41280,Ġclones,15,0
41281,Ġteh,15,8
41282,Ġteak,15,0
41283,Ġtehsils,15,0
41284,ĠInform,15,0
41285,ĠYash,15,0
41287,ĠYuthven,15,0
41288,Ġ209,15,0
41289,Ġfeigned,15,0
41290,Ġaground,15,0
41292,ĠKats,15,0
41293,ĠKara,15,0
41294,ĠKyle,15,1
41295,ĠKla,15,0
41296,plays,15,0
41297,Ġrooting,15,1
41298,Ġwhenas,15,0
41299,Ġblouses,15,3
41300,Ġblasted,15,0
41301,Ġdiapers,15,17
41302,acted,15,0
41303,activity,15,0
41304,ĠSting,15,1
41305,ĠStair,15,0
41306,Ġenam,15,0
41310,Ġunfl,15,0
41311,Ġunfit,15,0
41312,Ġoverload,15,0
41313,Ġadhered,15,0
41314,Ġcompressor,15,0
41315,Ġquizz,15,0
41316,Ġprays,15,0
41317,Ġarab,15,2
41318,Ġarrayed,15,0
41319,Ġspout,15,21
41320,ĠChim,15,0
41321,ĠChant,15,0
41322,ĠChoir,15,1
41323,ĠChosen,15,0
41324,ĠChavis,15,0
41325,achu,15,4
41327,Ġgrumpy,15,5
41328,Ġdisarm,15,0
41329,Ġdisruption,15,0
41330,Ġdisqualified,15,0
41331,Ġrive,15,2
41332,ĠVHS,15,0
41334,ogamy,15,0
41335,ewa,15,0
41336,ruk,15,0
41337,Ġamp,15,4
41338,Ġamalgam,15,0
41339,Ġcontra,15,0
41340,Ġcontiguous,15,0
41341,Ġdownside,15,0
41342,forms,15,0
41343,formula,15,0
41345,Ġscourge,15,0
41346,orded,15,1
41348,ĠSherif,15,0
41349,Ġgoody,15,0
41350,Ġgoodly,15,0
41351,Ġappalled,15,0
41352,weather,15,14
41353,Ġimpede,15,0
41354,Ġbrimming,15,0
41356,avel,15,19
41357,ervice,15,0
41358,anco,15,1
41359,Ġflin,15,0
41360,Ġfluttered,15,0
41361,Ġflustered,15,0
41362,fee,15,33
41363,Ġsayings,15,0
41364,ersonal,15,0
41365,athers,15,25
41366,Ġfirsthand,15,0
41367,ullo,15,0
41368,teller,15,0
41369,Ġhandshake,15,7
41370,Ġcoating,15,3
41371,Ġcoiled,15,2
41372,Ġcoerc,15,0
41373,neb,15,0
41374,ĠWhole,15,26
41375,Ġpersona,15,2
41376,Ġpersonage,15,0
41377,ĠAnas,15,0
41379,Ġfoals,15,0
41380,Ġfoaming,15,2
41381,athas,15,0
41382,ĠUnits,15,0
41383,ĠUnzen,15,0
41384,Ġcallous,15,0
41385,ieder,15,0
41386,Ġcoli,15,0
41387,Ġmayst,15,0
41389,ĠAsano,15,0
41390,Ġemits,15,0
41391,Ġeminent,15,0
41392,Ġslogans,15,0
41393,ĠAless,15,1
41394,ĠAlamo,15,0
41395,Ġreliant,15,0
41396,Ġentail,15,0
41397,Ġentrant,15,0
41399,Ġasserting,15,0
41400,Ġgrouping,15,5
41402,Ġskim,15,3
41403,Ġdecimated,15,0
41404,Ġdecipher,15,0
41405,Ġobj,15,2
41408,Ġheadgear,15,33
41409,Ġcityscape,15,9
41410,Ġgloved,15,22
41411,Ġglimmer,15,0
41412,Ġevade,15,0
41413,Ġevidences,15,0
41414,Ġevangelical,15,0
41415,Ġswarms,15,0
41416,Ġcaretaker,15,2
41417,Ġmonolith,15,0
41418,Ġprovocative,15,3
41419,Ġdistillery,15,0
41420,phi,15,0
41421,Ġfrig,15,7
41422,ĠLea,15,0
41423,Ġcheque,15,0
41424,Ġhighchair,15,57
41425,Ġtellin,15,0
41426,Ġtownhouse,15,0
41427,Ġwarlords,15,0
41428,Ġserfs,15,0
41429,Ġdiscard,15,0
41430,Ġredirect,15,0
41431,Ġinterst,15,0
41432,Ġinterred,15,0
41433,Ġintermission,15,0
41434,ĠClues,15,1
41435,Ġsidekick,15,1
41436,Ġhardcore,15,0
41437,Ġlocust,15,0
41438,Ġlocating,15,0
41440,ĠShand,15,0
41441,ĠShia,15,0
41442,ĠSharing,15,0
41443,ĠShirt,15,47
41445,Ġcurrant,15,0
41447,ĠAtat,15,0
41448,Ġ410,15,1
41449,Ġdefying,15,0
41450,Ġdeficiency,15,0
41451,Ġdefective,15,0
41452,Ġdeflation,15,0
41453,rica,15,2
41454,Ġclearest,15,17
41455,Ġmarvelled,15,0
41456,Ġmussels,15,4
41457,Ġeaster,15,17
41459,Ġleaden,15,0
41460,Ġpublicized,15,0
41461,ugget,15,1
41462,Ġsitu,15,1
41463,ioed,15,5
41464,Ġdeported,15,0
41465,Ġmilit,15,0
41466,Ġfaction,15,0
41467,Ġfactored,15,0
41468,Ġtreading,15,0
41469,Ġgivin,15,0
41471,Ġtalkin,15,0
41472,beam,15,3
41473,beams,15,1
41474,bellows,15,0
41475,Ġextant,15,0
41478,Ġconfine,15,0
41479,Ġconfetti,15,34
41480,Ġpretensions,15,0
41481,dening,15,0
41482,Ġedible,15,0
41483,appe,15,1
41485,apples,15,32
41486,ikawa,15,0
41488,rology,15,0
41489,Ġlighten,15,0
41490,Ġconstrict,15,0
41491,ĠJonah,15,0
41492,ushk,15,0
41493,Ġ712,15,0
41494,Ġinfield,15,7
41495,Ġinfused,15,0
41496,Ġinfront,15,108
41497,Ġpeeling,15,9
41498,Ġaudition,15,0
41499,Ġfuller,15,15
41500,Ġfullest,15,19
41501,ĠFlame,15,0
41502,ĠFlames,15,0
41503,ĠFlights,15,0
41504,ĠFlaming,15,2
41505,Ġparading,15,0
41506,Ġminding,15,0
41507,ĠChristi,15,0
41508,Ġbarbers,15,2
41509,Ġdelta,15,10
41510,Ġheartfelt,15,0
41511,Ġexperimented,15,0
41512,Ġcaressing,15,2
41513,Ġtechnicians,15,2
41514,Ġnewsstand,15,6
41515,upper,15,24
41516,Ġconduit,15,1
41517,Ġprocessors,15,0
41518,ĠColo,15,0
41519,ĠZoe,15,0
41520,ĠZhang,15,0
41521,ĠZoological,15,0
41522,Ġ171,15,0
41523,Ġ1790,15,1
41524,Ġ1729,15,0
41525,Ġ1739,15,0
41526,Ġagendas,15,0
41529,Ġsnowfall,15,2
41530,ĠGrid,15,0
41532,Ġfreezes,15,0
41533,ĠScorsese,15,0
41534,ĠHerm,15,0
41536,ĠHercule,15,0
41537,Ġswimwear,15,37
41539,Ġ152,15,6
41540,ĠBlixey,15,0
41541,ĠGeology,15,0
41542,Ġpropensity,15,0
41544,ĠSegal,15,0
41545,omania,15,0
41547,Ġmarketable,15,0
41548,Ġoriginality,15,0
41549,Ġquestioner,15,0
41550,ĠGuar,15,0
41551,ĠParcel,15,0
41552,Ġ129,15,1
41553,Ġ161,15,1
41554,ĠBarg,15,0
41555,ĠBarrett,15,0
41556,Ġcapitalized,15,0
41557,coaster,15,1
41559,ĠWarhol,15,0
41560,Ġtenets,15,0
41561,Ġwording,15,7
41562,Ġworded,15,1
41564,ĠCongo,15,0
41565,Ġbodyguard,15,0
41566,Ġwonderment,15,0
41568,ĠCanucks,15,0
41569,ĠCala,15,0
41570,ĠCalgary,15,1
41571,ĠCongressman,15,0
41572,emptive,15,0
41573,scenes,15,0
41575,Ġharpsich,15,0
41576,ĠUSAT,15,0
41577,ĠXP,15,1
41579,Ġdeadlines,15,0
41580,ĠNegev,15,0
41581,ĠSiraj,15,0
41582,Ġapes,15,0
41583,Ġcalle,15,0
41584,2021,15,0
41585,Ġsufficiency,15,0
41586,Ġsuffocating,15,0
41587,Ġdevour,15,2
41588,Ġdevoting,15,0
41589,ĠPeoria,15,0
41590,deer,15,0
41591,degree,15,0
41592,rito,15,20
41594,ĠMalia,15,0
41595,Ġcomplies,15,0
41596,askins,15,0
41597,ĠElk,15,0
41598,Ġ134,15,1
41599,Ġ139,15,0
41600,borg,15,0
41601,Ġledger,15,0
41602,Ġmodernist,15,0
41603,Ġsuperstar,15,0
41604,Ġencamped,15,0
41605,ĠSwimmers,15,17
41606,Ġantis,15,0
41608,Ġdrooped,15,0
41610,Ġdrawled,15,0
41611,Ġdrawback,15,0
41612,Ġdrawbacks,15,0
41613,ĠMedea,15,0
41614,ĠPalat,15,0
41615,afr,15,0
41616,ĠCapitals,15,0
41617,ĠCalifornian,15,0
41618,govern,15,0
41619,Ġcolorfully,15,67
41620,Ġgentleness,15,0
41621,Ġcreditors,15,0
41622,officially,15,0
41623,Ġfauna,15,0
41624,Ġcivilizations,15,0
41625,ĠSmiley,15,0
41626,Ġdependents,15,0
41627,Ġbowled,15,1
41628,lovers,15,0
41629,ĠFourteen,15,10
41630,Ġmisgivings,15,0
41631,ĠWilliamson,15,0
41632,ĠCompare,15,0
41633,ĠComparing,15,0
41634,Ġmasterful,15,0
41635,Ġversat,15,0
41636,Ġversed,15,0
41637,ĠIrina,15,0
41638,Ġpenance,15,0
41639,Ġpenchant,15,0
41640,Ġ258,15,0
41641,Ġbloodthirsty,15,0
41642,ĠSerial,15,0
41643,Ġtrusty,15,0
41644,Ġerase,15,1
41645,Ġeroded,15,1
41646,ĠMadness,15,0
41647,Ġmaternity,15,0
41648,ĠCriminal,15,0
41649,Ġ213,15,0
41650,Ġfreestyle,15,1
41651,Ġdamsel,15,0
41652,Ġdamsels,15,0
41653,ĠJacket,15,9
41654,Ġdoctoral,15,0
41655,ĠBerber,15,0
41656,ĠLaon,15,0
41657,ĠComed,15,0
41658,ĠSchu,15,0
41659,ĠSchor,15,0
41660,ĠScholar,15,0
41661,cerning,15,0
41662,ĠChechen,15,0
41663,ĠChekhov,15,0
41664,Ġchallenger,15,0
41665,iosis,15,0
41666,Ġemptiness,15,0
41667,ĠSynt,15,0
41668,ĠGoodness,15,0
41669,Ġeyeballs,15,0
41670,109,15,0
41671,Ġsocio,15,0
41672,ĠRoads,15,0
41673,Ġappropriateness,15,0
41674,Ġrepeal,15,0
41675,ĠHereford,15,0
41676,ĠGrandfather,15,1
41677,ĠLoz,15,0
41679,Ġmeasly,15,0
41680,Ġstroking,15,0
41681,Ġbillable,15,0
41682,Ġdocumentaries,15,0
41683,ĠParisian,15,0
41684,Ġnamesake,15,0
41685,1791,15,0
41687,ĠMartigny,15,0
41688,ĠDanube,15,0
41689,Ġinjunction,15,0
41690,Ġcitrus,15,7
41691,ĠFrancaise,15,0
41692,ĠFranconia,15,0
41693,ĠAntoine,15,0
41694,Ġreforming,15,0
41695,Ġcupcakes,15,31
41696,ĠMorant,15,0
41697,ĠMorales,15,0
41698,Ġtariff,15,0
41699,utsch,15,0
41700,ĠJimmu,15,0
41701,ĠPriors,15,0
41702,Ġnecked,15,6
41703,Ġsplinters,15,0
41704,ĠKongyamba,15,0
41705,ĠKala,15,0
41706,ĠFreddy,15,0
41707,ĠSimmons,15,0
41708,Ġshuttered,15,9
41710,ĠSaletan,15,0
41711,Ġsafaris,15,0
41712,ĠCups,15,0
41713,Ġalternately,15,0
41714,Ġadopts,15,0
41715,Ġ267,15,0
41716,ĠSamar,15,0
41717,ĠSamoa,15,0
41718,Ġprogression,15,1
41719,Ġawarding,15,0
41720,ĠDelg,15,0
41721,ĠDelight,15,0
41722,Ġ285,15,0
41723,Ġdeduced,15,0
41724,Ġaltru,15,0
41725,Ġautomotive,15,0
41726,Ġpetals,15,30
41727,ĠHumayun,15,0
41728,Street,15,0
41729,Ġproserous,15,0
41730,Ġunskilled,15,0
41731,Ġunspecified,15,0
41732,Ġbulwarks,15,0
41733,ĠGolding,15,0
41734,Ġwheeler,15,27
41735,Ġrowdy,15,1
41736,Ġdecrepit,15,2
41737,ĠJudging,15,0
41739,Ġoccasioned,15,0
41740,Ġmotorcyclists,15,42
41741,ĠProgramming,15,0
41742,ĠProgramme,15,0
41743,Ġsporty,15,9
41744,Ġsailboats,15,34
41745,Ġmadly,15,0
41746,Ġmademoiselle,15,0
41747,Ġgeisha,15,7
41748,ĠConsistent,15,0
41749,ĠConspiracy,15,0
41750,ĠOuter,15,3
41751,ĠCathy,15,0
41752,ĠHawk,15,0
41753,ĠCurzon,15,0
41754,Ġobservant,15,0
41755,Ġseventeenth,15,0
41756,Ġcaselo,15,0
41757,ĠMcCool,15,0
41758,Ġdreading,15,0
41759,Ġcerebral,15,0
41760,Ġnurseries,15,0
41761,ĠSunni,15,0
41762,ĠJosef,15,0
41763,joined,15,1
41764,Ġdefends,15,0
41765,ĠNorquist,15,0
41766,Ġwasteful,15,0
41767,Ġunderstate,15,0
41768,Ġunderstated,15,0
41769,Ġwatershed,15,0
41770,Ġtimed,15,0
41771,ĠDOJ,15,0
41772,ĠDOL,15,0
41773,ĠTwilight,15,0
41774,ĠSquir,15,0
41775,ĠSquire,15,0
41776,ĠPanic,15,0
41778,ĠVisig,15,0
41779,Chief,15,0
41780,ĠMargie,15,0
41782,Ġsupplying,15,0
41783,Ġmercifully,15,0
41784,ĠLariviere,15,0
41785,131,15,0
41786,ĠMondays,15,1
41788,ĠDickinson,15,2
41789,Ġcyclones,15,0
41790,ĠINAC,15,0
41792,ĠSelana,15,0
41793,ĠPetron,15,0
41794,ĠSCU,15,6
41795,ĠArchaic,15,0
41796,ĠBuddhas,15,0
41797,ĠFeature,15,0
41798,ĠPlaya,15,1
41799,ĠCostume,15,0
41800,Ġdusted,15,0
41801,ĠMajorca,15,0
41802,Ġclockwise,15,4
41803,ĠRobi,15,0
41805,ĠWasdale,15,0
41806,Ġsymbolizes,15,0
41807,ĠConfucian,15,0
41808,ĠJoachim,15,0
41809,Arch,15,0
41810,ĠSupposing,15,0
41811,ĠSarro,15,0
41812,Ġmelon,15,32
41813,ĠMcGrath,15,0
41814,ĠSavo,15,1
41816,ĠHonors,15,0
41817,Ġpinata,15,10
41818,Ġwebbing,15,0
41819,Ġerrands,15,0
41820,ĠHalle,15,0
41821,ĠJacopo,15,0
41822,Ġcloudless,15,1
41823,Alice,15,0
41824,Ġfabled,15,0
41825,Ġhastening,15,0
41826,Ġlobsters,15,0
41827,ĠFairmount,15,0
41828,ĠCriticism,15,0
41829,ĠForms,15,0
41830,ĠFormation,15,0
41831,ĠFerries,15,1
41832,Ġmorale,15,0
41834,Anne,15,0
41835,Ġmaximizing,15,0
41836,Ġincredulous,15,0
41837,Ġfalsely,15,0
41838,Ġbusts,15,7
41840,ĠLeonessa,15,0
41841,ĠOrganic,15,0
41842,Ġworshipers,15,0
41843,Ġelevate,15,0
41844,Ġhalves,15,10
41845,ĠRodney,15,0
41846,ĠInspection,15,0
41848,ĠPerformances,15,0
41849,Ġpersuading,15,0
41850,ĠBosch,15,0
41851,Ġsinful,15,0
41852,Ġsinners,15,0
41853,ETT,15,11
41854,Ġfragmented,15,0
41855,Ġshellfish,15,1
41856,ĠPayments,15,0
41857,ĠMaslin,15,0
41858,Ġcarpeted,15,12
41860,ĠMiracle,15,0
41861,Ġbarnyard,15,1
41862,Ġunwillingly,15,0
41863,Ġsimplify,15,0
41864,ĠSOME,15,43
41865,Ġretrofitting,15,0
41866,Ġtortures,15,0
41867,ĠDunlap,15,0
41868,ĠDiemen,15,0
41869,ĠAddison,15,0
41870,Ġodour,15,0
41871,Ġgesturing,15,2
41872,Ġridiculed,15,0
41873,Ġhonourable,15,0
41874,ĠEndowment,15,0
41876,ĠLangkawi,15,0
41877,ĠLinden,15,0
41878,Ġspoilt,15,0
41879,Ġmalice,15,0
41880,Ġmalpractice,15,0
41881,Ġrotary,15,1
41882,Ġrotunda,15,1
41883,1985,15,0
41884,LAB,15,0
41885,Ġblazer,15,88
41886,ĠTaxonomy,15,0
41887,Ġsparkled,15,0
41888,Ġretreating,15,0
41889,ĠTesting,15,0
41890,ĠFoods,15,8
41891,Ġtransitioning,15,0
41892,Ġcasualty,15,0
41893,ĠBureaucr,15,0
41894,ĠTalca,15,0
41895,ĠVariety,15,0
41896,ĠTuesdays,15,0
41897,ĠMuizenberg,15,0
41898,DSL,15,0
41899,ĠGranicus,15,0
41900,337,15,0
41901,Ġnesting,15,0
41902,Club,15,0
41903,Ġfacilitating,15,0
41904,Ġbungee,15,20
41905,Ġreactionary,15,0
41906,ĠHendrix,15,1
41907,Ġmigrations,15,0
41908,Ġauthorship,15,0
41909,ĠSaba,15,0
41910,Ġ1797,15,0
41911,Ġ1798,15,0
41912,Seems,15,0
41913,Ġtolerable,15,0
41914,ĠLimitations,15,0
41916,Marie,15,0
41917,Marilla,15,0
41918,Ġthirds,15,4
41919,ĠCooperation,15,0
41920,ĠSnail,15,0
41921,ĠCochin,15,0
41922,AYS,15,5
41923,Ġhelplessness,15,0
41925,ĠCosby,15,0
41926,ĠKingsley,15,0
41927,Ġdiagnostic,15,1
41928,lavi,15,0
41929,Ġdivergence,15,0
41930,ĠBridgerton,15,0
41931,Ġprematurely,15,0
41932,Ġascendency,15,0
41933,Ġascendancy,15,0
41934,Ġhindrance,15,0
41935,Ġbeamline,15,0
41937,ĠGameplay,15,0
41938,Ġsubtly,15,0
41939,ĠLambert,15,0
41940,Ġassaulted,15,0
41942,ĠKeeper,15,0
41943,Exit,15,0
41944,ĠInitiatives,15,0
41945,ĠBarcelos,15,0
41946,Ġsediment,15,1
41947,ĠFalmouth,15,0
41948,ĠPropos,15,0
41949,Ġsuperbly,15,0
41950,Ġfatalities,15,0
41951,towns,15,0
41952,Ġmastiff,15,0
41953,Ġhazel,15,0
41954,Ġbrushwood,15,0
41955,ĠWrite,15,0
41956,Ġtelegrams,15,0
41957,Ġaggregation,15,0
41958,Ġunimagin,15,0
41959,ĠIllustrations,15,0
41960,ĠDEXTER,15,0
41961,Ġdefenceman,15,0
41962,Univers,15,0
41963,ĠKidron,15,0
41965,ĠTheodora,15,0
41966,ĠTelephone,15,1
41967,ĠSinclair,15,0
41968,News,15,0
41969,ĠAlcazar,15,0
41970,Ġhydrofluoric,15,0
41971,ĠCortes,15,0
41972,ĠRowe,15,0
41973,ĠEntrance,15,1
41974,matical,15,0
41975,Ġreassure,15,0
41976,ĠLogistics,15,0
41977,ĠRatings,15,0
41978,Ġirritable,15,0
41979,Ġmemorials,15,0
41980,ĠPadres,15,0
41981,ĠYamuna,15,0
41983,ĠHanover,15,0
41984,Ġmammary,15,0
41985,Ġmammoth,15,1
41986,ĠDiscography,15,0
41988,slaves,15,0
41989,ĠPrimetime,15,0
41990,Ġmicroscopic,15,0
41991,ĠSicilian,15,0
41992,Ġpatriots,15,0
41993,ĠPrussians,15,0
41994,Ġreproof,15,0
41995,ĠBiddy,15,0
41996,ĠPublished,15,0
41997,Ġhedger,15,0
41998,Ġcoupons,15,2
41999,Ġharassing,15,0
42000,Ġinkling,15,0
42001,Ġrodent,15,2
42002,ĠHorseback,15,0
42003,Ġfretful,15,0
42004,Ġkidnap,15,0
42005,Ġcosmetics,15,6
42006,Ġcaterpillars,15,0
42007,Ġextermin,15,0
42008,ĠMesa,15,0
42009,ĠDalai,15,0
42010,Ġinstitutionalize,15,0
42011,county,15,0
42012,ĠViceroy,15,0
42013,Ġneedlepoint,15,1
42014,ĠClients,15,0
42015,ĠPinacoteca,15,0
42016,Ġsyndicate,15,0
42017,Ġilluminate,15,0
42018,Ġilluminating,15,0
42019,ĠTWENTY,15,0
42020,ĠEscal,15,0
42021,ĠEscorial,15,0
42022,ĠOdawa,15,0
42023,ĠGaia,15,0
42024,Ġcontradictions,15,0
42025,Ġsideline,15,8
42026,Ġthresholds,15,0
42027,ĠSadler,15,0
42028,Ġfeasibility,15,0
42029,Ġassigns,15,0
42030,ĠPlantation,15,0
42031,Ġnutrients,15,0
42032,ĠIronically,15,0
42033,Ġsmuggling,15,0
42034,ĠPlatoon,15,0
42035,ĠPlatinum,15,0
42036,Neither,15,0
42037,Ġsprawl,15,0
42038,ĠGreensburg,15,0
42039,Ġdiscriminating,15,0
42040,ĠRefuge,15,0
42041,ĠBanking,15,0
42042,ĠNAO,15,0
42043,ĠNASCAR,15,1
42044,Ġextremist,15,0
42045,Ġsprinklers,15,25
42046,Ġunmoved,15,0
42047,Ġriotous,15,0
42048,laden,15,3
42049,skiing,15,0
42050,ĠPomona,15,0
42051,ĠFitzpatrick,15,0
42052,ĠRotten,15,2
42053,ĠRothenberg,15,0
42054,ĠApalatch,15,0
42055,cornered,15,1
42056,president,15,0
42057,Ġgarrisons,15,0
42058,ĠMutual,15,3
42059,Ġrallying,15,0
42060,operation,15,0
42061,ĠPowhatan,15,0
42062,Ġramshackle,15,1
42063,ĠIRD,15,0
42064,ĠLOEC,15,0
42065,ĠKelley,15,0
42066,ĠShelby,15,0
42067,Ġcommodities,15,0
42068,Ġaffiliate,15,0
42069,ĠAdvocate,15,0
42070,ĠPunjabi,15,0
42071,ĠTribal,15,0
42072,ĠPowerscourt,15,0
42073,ĠTRAN,15,3
42074,ĠTRLA,15,0
42075,ĠPonce,15,0
42076,Ġacutely,15,0
42077,Ġhypocrite,15,0
42078,Ġhypocritical,15,0
42079,Benz,15,0
42080,Ġruffled,15,19
42081,ĠPrompt,15,0
42082,Ġ1778,15,0
42083,ĠJesuitical,15,0
42084,ĠMiyajima,15,0
42085,ongeBob,15,17
42087,Ġlyric,15,2
42088,Ġmended,15,0
42089,Ġscalps,15,0
42090,ĠGunn,15,0
42091,Ġpopulism,15,0
42092,ĠPalladian,15,0
42093,ĠGrizedale,15,0
42094,ĠNeedless,15,0
42095,Columb,15,0
42096,Colonel,15,0
42097,Ġchronology,15,0
42098,Ġchronological,15,0
42099,Ġcelestial,15,0
42100,ĠHilchester,15,0
42101,ĠJaipur,15,0
42102,ĠAlicia,15,0
42104,Ġfervor,15,0
42106,Ġmemoirs,15,0
42107,Ġhysteria,15,0
42108,Ġstewed,15,1
42110,ĠPositive,15,0
42111,Ġabolish,15,0
42112,ĠKindergarten,15,0
42113,Ġmethane,15,0
42114,ĠSurplus,15,0
42115,Ġyawned,15,0
42117,Ġmitigated,15,0
42118,Ġtractors,15,12
42119,Ġpharmacy,15,3
42120,ĠCockermouth,15,0
42121,ĠKinsey,15,0
42122,Ġdisparate,15,0
42123,ĠFlorentines,15,0
42124,ĠEcuadorian,15,0
42125,ĠImprovements,15,0
42126,Ġfrenzied,15,0
42127,Ġabdicated,15,0
42128,Ġrepetitive,15,2
42129,Ġsovereigns,15,0
42130,Ġreappear,15,0
42131,ĠThurston,15,0
42132,Ġpeacocks,15,1
42133,ECTED,15,0
42134,ĠYangtze,15,0
42135,Ġaggrieved,15,0
42136,Ġenlarge,15,0
42137,Ġreload,15,0
42138,Ġanalogous,15,0
42139,Ġoverhauled,15,0
42140,ĠHawkshead,15,0
42141,Ġmuskets,15,0
42142,Ġpseudonym,15,0
42143,ĠMantegna,15,0
42144,ĠRAF,15,0
42145,Ġnoisily,15,0
42146,Ġdisseminate,15,0
42147,ĠShoppers,15,35
42148,ĠSupplemental,15,0
42149,Ġreproachful,15,0
42150,ĠTulagi,15,0
42151,Ġconveys,15,0
42153,ĠFrisian,15,0
42155,Ġtransmitter,15,0
42156,ĠIdentification,15,0
42157,Ġgiraffes,15,330
42158,Ġshoemaker,15,0
42159,Ġsparring,15,1
42160,Ġsubstituted,15,0
42161,ĠCristo,15,0
42163,Ġbellowing,15,0
42164,ĠRibeiro,15,0
42165,Ġimplicitly,15,0
42166,Ġempowerment,15,0
42167,Antique,15,0
42168,Ġstipulated,15,0
42169,ĠPainters,15,0
42170,ĠLehman,15,0
42171,gainville,15,0
42172,Ġnudity,15,0
42173,Ġtethered,15,6
42174,Ġjabber,15,0
42175,ĠUPN,15,0
42176,Ġunaccountable,15,0
42177,Ġrehearsal,15,0
42178,Ġtheorist,15,0
42179,Ġdissipation,15,0
42180,suffering,15,0
42181,worms,15,0
42182,ĠHeinz,15,1
42183,ĠHeinrich,15,0
42184,Ġglaciers,15,0
42185,ĠWitness,15,0
42186,ĠVandals,15,0
42187,Ġparalegals,15,0
42188,ĠAfrikander,15,0
42189,ĠGladstone,15,0
42190,Ġpamphlet,15,11
42191,ĠMaterials,15,0
42193,ĠPinocchio,15,0
42194,ĠAxis,15,0
42195,ĠAchieving,15,0
42196,ĠCantons,15,0
42197,ĠMistress,15,0
42198,ĠAnzac,15,0
42199,Ġremodeled,15,0
42200,ĠRestaurants,15,0
42201,Ġscorched,15,0
42202,Ġdemolish,15,0
42203,ĠComparative,15,0
42204,Ġecosystem,15,0
42205,Ġooze,15,0
42206,ĠPtolemaic,15,0
42207,ĠJaisohn,15,0
42208,ĠUnicode,15,0
42209,ĠSchwarz,15,0
42210,Ġnourishing,15,0
42211,ĠEmanuel,15,0
42212,oussillon,15,0
42213,Ġcarbine,15,0
42214,ĠGymnast,15,1
42215,ĠHolidays,15,1
42216,Ġintrigued,15,1
42217,Margry,15,0
42218,Ġroyalties,15,0
42219,ĠChopin,15,1
42220,ĠBeaune,15,0
42221,ĠRecognition,15,0
42222,ĠRecognizing,15,0
42223,Chapter,15,0
42225,Ġdungaree,15,0
42226,Ġinverted,15,6
42227,ĠPurchase,15,0
42228,ĠSofia,15,0
42229,ĠBlooms,15,0
42230,ĠSurvivor,15,0
42231,Ġmarshes,15,0
42232,Ġmontane,15,0
42233,Ġgruffly,15,0
42234,Ġdisbursed,15,0
42235,Ġforeseeable,15,0
42236,Ġsorcerer,15,0
42237,ĠPHIL,15,0
42238,Ġorthography,15,0
42239,Breaking,15,0
42240,Systems,15,0
42241,ĠRaffles,15,0
42242,ĠShrek,15,0
42243,ĠCarpenter,15,0
42244,Ġnarciss,15,0
42245,Tyler,15,0
42246,ĠPagoda,15,0
42247,Ġalkali,15,0
42248,Ġworsened,15,0
42249,Ġdisembark,15,0
42250,ĠManchuria,15,0
42251,Ġdeceitful,15,0
42252,Ġstipend,15,0
42253,ĠBettelheim,15,0
42254,Ġquirky,15,1
42255,ĠAlterman,15,0
42256,Ġretrospective,15,0
42257,ĠClooney,15,0
42258,Ġinfuriated,15,0
42259,Ġvoltage,15,2
42260,Ġdivisors,15,0
42261,Ġapprehended,15,0
42263,counter,15,1
42264,mortem,15,0
42265,ĠMildred,15,1
42266,ĠNouveau,15,0
42267,ĠStrawberry,15,2
42268,Ġshowcased,15,0
42269,ĠMysteries,15,0
42270,ĠConcep,15,0
42271,Ġtokens,15,1
42272,ĠSociology,15,0
42273,Ġchieftain,15,0
42274,ĠNijinsky,15,0
42275,ĠLonghorn,15,0
42276,Ġunfastened,15,1
42277,Ġdisbelief,15,0
42278,ĠLydia,15,0
42279,Ġdecentralized,15,0
42280,Ġinconsistencies,15,0
42281,Ġlenient,15,0
42282,ĠKedah,15,0
42283,Ġimpregnable,15,0
42284,Ġminiskirt,15,3
42285,ĠCaldwell,15,0
42286,ĠSartre,15,1
42287,ĠGhiberti,15,0
42288,oneysuckle,15,0
42289,Ġgraphene,15,0
42290,ĠRequirements,15,0
42291,Ġsnubbed,15,0
42292,Chicago,15,0
42293,Ġchromosomes,15,0
42294,Ġpissed,15,0
42295,ĠCahill,15,0
42296,Ġliqueurs,15,0
42297,ĠRousseau,15,0
42298,Ġleotard,15,45
42299,associates,15,0
42300,obatrach,15,0
42301,Ġrevaluation,15,0
42302,ĠAmboina,15,0
42303,ĠBrodkey,15,0
42304,Ġtraumatic,15,0
42305,Ġineffectual,15,0
42306,ĠNegotiated,15,0
42307,Joseph,15,0
42308,Ġstateroom,15,0
42309,Ġgoaltender,15,1
42310,Ġwafted,15,0
42311,Ġaffidavit,15,0
42312,Ġlabourers,15,0
42313,ĠElsewhere,15,0
42314,ĠCoordinator,15,0
42315,Ġbilliards,15,5
42316,Ġcantaloupe,15,17
42317,ĠBulletin,15,0
42318,ĠLovatt,15,0
42319,ĠGarrison,15,0
42320,ĠJibJab,15,0
42321,ĠKavanagh,15,0
42322,Sunday,15,0
42324,ĠHylidae,15,0
42325,ĠPembroke,15,0
42326,ĠNicolette,15,0
42327,ĠRwanda,15,0
42328,ĠJUNGLE,15,2
42329,ĠEritrea,15,0
42330,ĠChiodos,15,0
42331,ĠLeicester,15,0
42332,ĠKerensky,15,0
42333,ĠAshkenazi,15,0
42334,Ġinseparable,15,0
42335,Ġsteroids,15,0
42336,ĠBounty,15,1
42337,ĠStakeholders,15,0
42338,Ġaccosted,15,0
42339,Ġoppressors,15,0
42340,ĠGuillermo,15,0
42341,ĠWillingness,15,0
42342,Ġundetected,15,0
42343,Ġindescribable,15,0
42344,Ġoscill,15,0
42345,ĠThesiger,15,0
42346,ĠRastaf,15,1
42347,ĠVettriano,15,0
42349,ĠGladiators,15,0
42350,ĠArtemis,15,0
42351,ĠLongabaugh,15,0
42353,Ġxylophone,15,21
42354,Ġseductive,15,1
42355,Ġinhospitable,15,0
42356,Probably,15,0
42357,ĠSrinagar,15,0
42358,Ġsemblance,15,0
42360,Ġcommensurate,15,0
42361,ĠRehnquist,15,0
42362,Ġparochial,15,0
42363,ĠParallel,15,0
42364,ĠSchoelcher,15,0
42365,Ġwintry,15,0
42366,ĠTrianon,15,0
42367,ĠSoubise,15,0
42369,ĠBroye,15,0
42370,ctimystes,15,0
42371,ĠHimeji,15,0
42372,Ġderelict,15,2
42373,ĠDordogne,15,0
42374,ĠYiddish,15,0
42375,Ġunforeseen,15,0
42377,ĠShrewsbury,15,0
42378,ĠHerculaneum,15,0
42379,ĠXuanwu,15,0
42380,Ġantibiotic,15,0
42381,ĠAngelenos,15,0
42382,ĠSkiddaw,15,0
42383,ĠThanjavur,15,0
653,fter,14,2
945,reet,14,0
1355,Ġappro,14,0
1561,oice,14,0
1618,Ġocc,14,2
1826,resent,14,0
1951,Ġeng,14,3
1995,Ġimpro,14,0
2303,Ġdesc,14,3
2318,essie,14,0
2397,Ġfut,14,26
2440,Ġestim,14,0
2529,Ġfem,14,4
2953,Ġteac,14,27
2994,Ġmur,14,0
3019,orrow,14,0
3071,ĠAfric,14,1
3358,Ġprev,14,0
3424,Ġtrib,14,1
3885,Ġens,14,0
4054,----------------,14,0
4399,onse,14,0
4488,Ġperm,14,1
4845,Ġfurn,14,1
4910,ĠStud,14,1
4995,stances,14,0
5038,Ġsumm,14,1
5362,Ġlibr,14,1
5426,osure,14,0
5697,Ġmir,14,11
5736,Ġanaly,14,0
5743,Ġinhab,14,0
5807,Ġmechan,14,1
5859,ominated,14,0
5947,icial,14,0
5988,Ġ188,14,0
6476,appy,14,3
6503,ĠExecut,14,0
6702,Ġcompre,14,0
6906,ww,14,5
7095,hess,14,1
7141,ensity,14,0
7170,orious,14,0
7196,ribute,14,0
7305,kr,14,1
7309,azar,14,0
7330,itals,14,1
7415,ĠWent,14,0
7454,Ġobst,14,0
7858,Ġpersu,14,0
7993,ipt,14,3
7994,nat,14,4
8247,Ġune,14,27
8282,ulatory,14,0
8306,ternal,14,0
8364,ommod,14,0
8385,ilding,14,2
8585,Ġridic,14,0
8594,zone,14,27
8627,agues,14,0
9003,ĠDevelop,14,0
9109,ople,14,0
9545,ĠLis,14,1
9698,istent,14,0
9703,Ġentit,14,0
9805,uine,14,0
9806,isons,14,0
9862,Ġutil,14,0
10211,opher,14,16
10217,clist,14,7
10400,Ġdiagn,14,0
10724,rimination,14,0
10791,ĠAdvent,14,0
10931,rimin,14,0
10936,amil,14,0
10981,Ġfanc,14,0
11040,ĠMoo,14,4
11460,unction,14,0
11599,oven,14,0
11820,ĠLux,14,1
12102,Ġdod,14,5
12299,Ġirrit,14,0
12447,ĠGau,14,0
12490,arf,14,4
12497,ĠWick,14,3
12627,Ġproc,14,0
12688,ĠAgr,14,0
13635,Ġdevast,14,0
13676,rooke,14,0
13761,ĠLyn,14,0
13813,jah,14,0
13839,iels,14,1
13948,olutely,14,0
13980,ongh,14,5
14149,ecess,14,0
14174,Ġillumin,14,0
14376,Ġow,14,6
14537,alan,14,0
14553,osures,14,0
14599,Ġcontrad,14,0
14660,ĠChall,14,0
14955,Ġbarbar,14,0
15092,Ġfatig,14,45
15359,resh,14,0
15361,ĠJol,14,0
15368,Ġemigr,14,0
15417,Ġbacter,14,0
15564,omiya,14,0
15767,nings,14,0
15780,Ġnar,14,2
15908,Ġstal,14,0
16179,ufficient,14,0
16242,verning,14,0
16286,Ġaffili,14,0
16485,nuts,14,2
16559,ĠIntegr,14,0
16567,Ġhypocr,14,1
16616,eters,14,0
16669,brance,14,0
16806,Ġparach,14,26
16817,cheon,14,0
16923,Ġpersec,14,0
17050,illery,14,0
17409,Ġstub,14,3
17416,ĠPul,14,0
17471,ĠMonaster,14,0
17851,esy,14,17
17874,andel,14,0
17934,uddled,14,2
18029,ifiable,14,3
18226,agonal,14,3
18352,sole,14,13
18480,Ġhust,14,0
18881,encer,14,1
19094,ĠMeh,14,0
19603,bage,14,0
19611,wright,14,0
19697,ilingual,14,0
19742,ĠImprove,14,0
19801,atism,14,0
19894,loaded,14,0
20040,Ġschem,14,0
20349,Ġfantas,14,0
20429,Ġstalk,14,37
20434,ĠMint,14,2
20484,anka,14,1
20640,educt,14,0
20666,Ġseaw,14,1
20715,Ġphos,14,0
20726,Ġparad,14,0
20879,ĠLaf,14,0
20886,outed,14,0
20894,ptic,14,1
21050,fied,14,0
21077,ĠTiber,14,0
21079,omans,14,4
21091,immed,14,1
21180,beh,14,5
21182,ĠProof,14,0
21189,quez,14,0
21686,ricted,14,0
21750,fielder,14,3
21888,abella,14,0
22081,Bet,14,0
22125,Ġbellow,14,0
22509,ĠDeV,14,0
22570,ĠCorinth,14,0
22588,aminated,14,0
22674,cases,14,19
22751,quist,14,1
22753,elin,14,0
22837,Ġcalam,14,14
22943,ĠCambod,14,0
23025,imates,14,0
23152,Ġburgl,14,0
23166,ARA,14,6
23284,cul,14,0
23298,Ġtheor,14,0
23309,asions,14,0
23361,udence,14,0
23713,ĠAthen,14,0
23918,Sat,14,0
23924,ea,14,1
23983,Ġsegreg,14,0
24027,angan,14,0
24033,ickory,14,0
24155,ALS,14,3
24231,Ġamphithe,14,0
24279,Ġomn,14,2
24611,ĠSebast,14,0
24667,ĠIli,14,0
24707,allic,14,1
24778,shops,14,2
24791,ugu,14,0
24889,eva,14,0
25286,ĠFiref,14,1
25388,bod,14,0
25453,Ġdeft,14,0
25466,ĠRig,14,0
25486,raulic,14,3
25518,atchi,14,0
25526,Ġstragg,14,2
25528,Ġgloss,14,13
25551,Ġvehement,14,0
25806,vement,14,0
25814,verb,14,0
26168,cad,14,0
26179,mpt,14,0
26592,inous,14,0
26622,idium,14,0
26939,discipl,14,0
26969,Ġlymph,14,0
27039,hev,14,0
27094,Ġib,14,1
27097,ĠFet,14,0
27130,agram,14,0
27133,akusa,14,0
27135,epa,14,0
27173,Ġcaric,14,8
27247,Ġgoldsmith,14,0
27341,elessly,14,0
27598,ĠHust,14,0
27632,ĠGlend,14,0
27698,gets,14,3
27825,ĠDoubt,14,0
28076,ayment,14,0
28127,ĠLak,14,0
28139,rouse,14,0
28533,Bre,14,2
28542,Sy,14,0
28560,uci,14,0
28567,hene,14,0
28650,opic,14,0
28679,ĠRaff,14,0
28777,ĠCarp,14,1
28818,scape,14,1
29168,ĠMys,14,0
29173,ĠHitt,14,0
29193,emar,14,0
29218,Ġlev,14,2
29236,ĠThreat,14,0
29291,shoes,14,2
29359,depend,14,0
29513,enteering,14,0
29694,ĠTons,14,1
29762,ĠPomp,14,0
29784,umont,14,0
29807,ĠGaines,14,0
29819,ĠEmin,14,0
29875,ĠWhis,14,0
29945,ĠPlate,14,30
29991,ĠJewel,14,0
30002,woods,14,2
30022,rified,14,1
30079,Ġimpert,14,0
30304,UC,14,5
30319,waters,14,1
30377,ĠBec,14,1
30382,riv,14,0
30392,Ġrud,14,0
30422,ĠLum,14,1
30499,ocket,14,2
30520,Ġretali,14,0
30625,Ġfaire,14,0
30634,ATED,14,5
30957,brow,14,0
30961,eval,14,0
31197,ovan,14,0
31199,ublished,14,0
34190,uu,14,0
42384,"'""",14,0
42386,-?,14,0
42387,Bro,14,1
42388,Bus,14,2
42389,Based,14,0
42390,Barth,14,0
42391,Ca,14,0
42392,Cas,14,0
42393,Card,14,1
42395,Dri,14,0
42396,Duc,14,0
42397,Door,14,0
42398,Emer,14,0
42399,FT,14,89
42400,Fred,14,0
42402,Hon,14,0
42403,Hard,14,0
42404,Hang,14,0
42405,Holl,14,0
42406,JF,14,0
42407,Joe,14,0
42408,Kir,14,0
42409,KES,14,3
42410,Know,14,0
42411,Lo,14,0
42412,Lab,14,0
42413,Law,14,0
42414,Lincoln,14,0
42415,Men,14,0
42416,Mel,14,0
42417,Many,14,0
42419,Ny,14,0
42420,NER,14,44
42421,Oper,14,0
42423,Pa,14,1
42424,Po,14,0
42425,Pu,14,0
42426,Pont,14,0
42427,Rose,14,0
42428,RING,14,7
42429,Rev,14,0
42430,RED,14,4
42431,Rua,14,0
42432,SF,14,3
42433,SH,14,49
42434,Sk,14,3
42435,Sur,14,0
42436,Same,14,0
42437,Times,14,0
42438,UAL,14,4
42439,Via,14,0
42440,WARD,14,6
42441,Yet,14,0
42442,_),14,0
42444,ahem,14,0
42445,bol,14,0
42447,bishes,14,0
42449,crow,14,14
42450,collar,14,1
42451,dll,14,0
42452,dies,14,0
42453,doll,14,4
42454,fun,14,0
42455,fra,14,0
42456,few,14,0
42457,fund,14,0
42458,fledged,14,0
42459,gay,14,0
42461,gutenberg,14,0
42463,hai,14,0
42465,having,14,0
42466,hoff,14,0
42467,happy,14,5
42469,jas,14,0
42470,jug,14,0
42471,kamp,14,0
42472,lady,14,4
42473,loss,14,0
42474,lery,14,5
42475,lager,14,0
42476,litz,14,0
42480,muse,14,0
42481,nom,14,0
42482,none,14,0
42483,nau,14,0
42484,rower,14,13
42485,rama,14,0
42486,ranger,14,0
42487,sister,14,0
42488,tm,14,0
42489,tro,14,1
42490,tah,14,0
42491,total,14,0
42492,today,14,0
42493,uin,14,1
42494,via,14,1
42495,warm,14,1
42497,yne,14,0
42498,yield,14,0
42499,zai,14,0
42500,Ġtust,14,0
42501,Ġtamed,14,0
42502,Ġtanning,14,0
42503,Ġtagged,14,22
42504,Ġtester,14,0
42505,Ġtints,14,0
42506,Ġtouted,14,0
42507,heng,14,0
42508,Ġaha,14,0
42511,Ġsizz,14,0
42513,Ġsittin,14,13
42514,Ġwitt,14,1
42515,Ġwalt,14,1
42516,atur,14,0
42518,isco,14,2
42519,isection,14,0
42520,Ġbalk,14,1
42521,Ġbanged,14,0
42522,Ġbidden,14,0
42523,Ġbumpy,14,11
42524,Ġbanyan,14,0
42525,Ġbmx,14,1
42527,Ġcaged,14,7
42528,Ġcreeks,14,0
42529,Ġcrave,14,0
42530,onis,14,8
42531,itness,14,1
42532,itering,14,0
42533,ouet,14,0
42535,enie,14,3
42536,Ġfals,14,0
42537,Ġfumble,14,0
42538,orations,14,0
42541,Ġmesh,14,30
42542,Ġmolded,14,3
42543,Ġpry,14,0
42544,Ġhive,14,1
42545,Ġhooking,14,2
42546,Ġholog,14,0
42547,Ġhoot,14,3
42548,Ġhordes,14,0
42549,Ġhttps,14,0
42550,Ġdul,14,1
42551,Ġdum,14,24
42552,Ġdice,14,19
42553,Ġdads,14,0
42554,Ġinve,14,0
42555,Ġinund,14,0
42556,arou,14,0
42557,arable,14,0
42558,arca,14,0
42559,Ġoft,14,0
42560,ĠTj,14,0
42561,ĠTens,14,0
42562,ĠTool,14,1
42563,ĠTock,14,0
42564,ĠTomm,14,0
42565,ĠTully,14,0
42566,ĠTenth,14,0
42568,leth,14,0
42571,Ġthrees,14,0
42572,Ġthumping,14,0
42574,Ġnip,14,0
42575,Ġnull,14,0
42576,Ġnurt,14,0
42579,icine,14,0
42582,Ġlair,14,0
42583,Ġlbs,14,0
42584,Ġgim,14,0
42585,Ġgop,14,0
42586,Ġgals,14,3
42587,Ġgarn,14,22
42588,Ġgerm,14,0
42589,Ġgenders,14,0
42590,Ġgingham,14,3
42591,ĠIJ,14,0
42592,ĠIso,14,0
42593,ĠTheft,14,0
42594,ĠTheme,14,1
42595,ĠAther,14,0
42597,ĠAIR,14,29
42599,ĠAibak,14,0
42600,ĠAuckland,14,0
42601,Ġbead,14,28
42602,Ġbeater,14,9
42603,Ġbegu,14,0
42604,Ġbefall,14,0
42605,oward,14,5
42609,Ġeug,14,0
42610,sten,14,0
42611,Ġree,14,0
42612,Ġreen,14,2
42613,Ġreined,14,1
42614,Ġrethink,14,0
42615,Ġreengine,14,0
42616,Ġyore,14,0
42617,Ġyanked,14,0
42618,Ġhemp,14,0
42619,Ġhectic,14,0
42620,adero,14,0
42622,utra,14,0
42623,utton,14,1
42624,Ġwasp,14,17
42626,acia,14,1
42627,acled,14,9
42630,rode,14,0
42631,ĠSis,14,1
42632,ĠSest,14,0
42633,ĠSint,14,0
42634,ĠSling,14,0
42635,ĠSample,14,0
42637,ĠSysigambis,14,0
42638,Ġstomp,14,4
42639,iras,14,0
42641,Ġforaging,14,0
42642,Ġforums,14,0
42643,ambo,14,1
42645,Ġweave,14,3
42646,Ġwelder,14,6
42647,urian,14,0
42648,urra,14,0
42649,urious,14,0
42650,urrence,14,0
42652,ĠCreed,14,0
42653,ĠCoos,14,0
42654,ĠCandy,14,1
42655,ĠCoco,14,2
42656,ĠCatedral,14,0
42657,ĠMere,14,0
42658,ĠMek,14,0
42659,ĠMug,14,6
42660,ĠMention,14,0
42662,ĠMaker,14,4
42663,ĠMental,14,0
42664,ĠMEL,14,0
42665,ĠMAP,14,0
42666,ĠMAD,14,4
42667,ĠMHz,14,0
42668,ĠMinsk,14,0
42669,ĠMVP,14,0
42670,Ġanvil,14,19
42671,Ġwhore,14,0
42672,ĠBars,14,0
42673,ĠBates,14,0
42674,ĠBio,14,0
42675,ĠBism,14,0
42676,ĠBuses,14,1
42677,ĠBitch,14,0
42678,ĠBON,14,0
42679,ĠBien,14,1
42680,ĠBiel,14,0
42681,ĠBibi,14,0
42682,ĠBucks,14,0
42683,ĠBibles,14,0
42684,ĠBeware,14,0
42685,Ġhails,14,0
42686,riest,14,16
42687,ĠHU,14,7
42688,ĠHain,14,0
42689,ĠHagg,14,0
42690,ĠHole,14,0
42691,ĠHald,14,0
42692,ĠHora,14,0
42693,cealed,14,0
42695,chle,14,0
42696,chard,14,0
42697,kell,14,0
42698,terl,14,0
42699,hering,14,1
42700,ophe,14,0
42701,opted,14,0
42702,ĠPik,14,0
42704,ĠPubs,14,0
42705,ĠPomer,14,1
42706,ĠPigs,14,0
42707,ĠPLO,14,0
42708,ĠPenguin,14,0
42709,Ġkt,14,0
42710,Ġrk,14,0
42711,Ġrasp,14,29
42712,Ġire,14,0
42713,Ġseism,14,12
42715,ĠWight,14,0
42716,ĠWave,14,2
42717,ĠWines,14,2
42719,ĠWatts,14,0
42720,ĠWJC,14,0
42721,ĠWorsh,14,0
42722,ĠWHAT,14,3
42723,Ġhiss,14,1
42724,Ġshun,14,0
42725,Ġshamed,14,0
42726,Ġshocks,14,0
42727,Ġshuts,14,0
42728,ulia,14,0
42729,Ġdecept,14,0
42730,thank,14,0
42731,thorpe,14,0
42732,Ġfroth,14,1
42733,ĠFret,14,0
42734,ĠFees,14,0
42735,ĠFFA,14,1
42736,ĠFester,14,0
42737,ĠFDR,14,1
42738,ĠDry,14,2
42739,ĠDress,14,0
42740,ĠDee,14,0
42741,ĠDarn,14,0
42742,ĠDeng,14,0
42743,ĠDmit,14,0
42744,ĠDIS,14,2
42745,ĠDias,14,0
42746,ĠDiesel,14,1
42747,essential,14,0
42748,Ġbyproduct,14,0
42750,eminent,14,0
42751,Ġchanted,14,0
42753,ĠNad,14,0
42755,Ġploy,14,1
42756,Ġplumes,14,21
42757,Ġplotted,14,0
42758,Ġconval,14,0
42759,ĠLately,14,0
42760,ĠLipp,14,0
42761,ĠLara,14,0
42762,ĠLudd,14,0
42763,ĠLinn,14,0
42764,ĠLAND,14,5
42765,ĠLasso,14,0
42766,ĠLORD,14,0
42767,ĠGink,14,0
42768,ĠGamp,14,0
42769,ĠGoth,14,0
42770,ĠGork,14,0
42771,ĠGreed,14,0
42772,ĠGGD,14,0
42773,ĠGamble,14,0
42774,ĠGoku,14,0
42775,ĠGospels,14,0
42776,ĠGrouser,14,0
42777,qui,14,1
42778,quant,14,0
42780,ĠRV,14,17
42781,ĠRani,14,0
42782,ĠRutter,14,0
42783,istes,14,0
42784,abo,14,0
42785,aban,14,1
42787,ĠJal,14,0
42788,ĠJig,14,0
42789,ĠJaw,14,0
42790,ĠJai,14,0
42791,ĠJilk,14,0
42792,Ġexited,14,1
42793,Ġexodus,14,0
42794,Ġsoils,14,0
42795,Ġsojourn,14,0
42796,Ġlez,14,0
42797,Ġjov,14,1
42798,Ġjumbo,14,6
42799,ĠEE,14,0
42800,ĠEM,14,9
42801,ĠEazy,14,0
42802,ĠEternal,14,0
42803,ĠEighty,14,0
42804,ĠEtymology,14,0
42805,Ġabras,14,0
42806,Ġsages,14,0
42807,Ġbutted,14,2
42808,ĠIto,14,0
42809,Ġoutset,14,0
42810,Ġallude,14,0
42811,peace,14,3
42812,ĠHex,14,0
42813,ĠHeph,14,0
42814,ĠHeaviside,14,0
42816,ĠOWN,14,2
42817,ostro,14,0
42818,Ġtrite,14,0
42819,Ġtrident,14,12
42821,Ġtruer,14,0
42822,Ġhash,14,23
42824,ittings,14,0
42825,ittered,14,0
42826,indust,14,0
42827,ocations,14,0
42828,Ġinteger,14,0
42830,akian,14,0
42831,ĠThin,14,7
42832,urement,14,0
42833,ĠInns,14,0
42834,ĠYuen,14,0
42835,Ġdidst,14,0
42837,Ġ208,14,0
42838,Ġ2035,14,0
42839,Ġagile,14,6
42840,agem,14,0
42841,ĠKung,14,0
42842,ĠKING,14,0
42843,ĠKinder,14,0
42844,ĠKensington,14,0
42845,Ġros,14,15
42846,rae,14,0
42848,Ġblower,14,25
42850,ĠStuff,14,4
42851,Ġenroll,14,0
42852,Ġenrich,14,0
42853,Ġtimekeeper,14,0
42854,Ġunfe,14,0
42855,Ġunsh,14,1
42858,Ġunpro,14,0
42859,Ġunmarked,14,4
42860,Ġunoccupied,14,42
42861,Ġunearth,14,0
42862,Ġoverstated,14,0
42863,rency,14,0
42864,Ġadherence,14,0
42865,Ġquoth,14,0
42866,Ġquilted,14,4
42867,Ġquilts,14,0
42868,Ġquilting,14,0
42869,Ġaromatic,14,0
42871,Ġworkable,14,0
42872,Ġspades,14,0
42873,Ġspurt,14,0
42874,anson,14,0
42875,ĠChums,14,0
42876,ĠChili,14,9
42877,ahars,14,0
42878,avored,14,0
42879,Ġthanking,14,0
42880,Ġgraded,14,0
42881,Ġgramm,14,0
42882,Ġdiseng,14,0
42883,Ġdisinterested,14,5
42884,Ġdisarray,14,0
42885,Ġrie,14,0
42886,ĠVul,14,0
42887,ĠVest,14,2
42888,ĠViv,14,1
42889,ĠVoices,14,0
42890,ĠVOL,14,2
42891,ĠVICT,14,1
42892,ĠViscusi,14,0
42893,ograms,14,0
42896,Ġresidency,14,0
42897,ruch,14,1
42899,Ġcontender,14,0
42900,Ġdownpour,14,0
42901,Ġscour,14,0
42902,Ġscroll,14,11
42903,ends,14,0
42904,Ġsmock,14,19
42905,aille,14,0
42906,orden,14,0
42907,ĠShepherds,14,0
42908,ĠWex,14,0
42909,ĠWey,14,0
42912,erem,14,0
42913,Ġpreclude,14,0
42914,Ġpreformed,14,0
42915,Ġpretext,14,0
42916,Ġimparted,14,0
42917,Ġimpudent,14,0
42918,Ġbrit,14,21
42919,Ġbrag,14,0
42920,ervant,14,0
42921,Ġflattering,14,0
42922,feet,14,3
42924,Ġstandalone,14,3
42925,Ġstandstill,14,0
42926,Ġolden,14,0
42928,ampires,14,3
42929,Ġundercover,14,0
42932,Ġcriss,14,6
42933,Ġcrotch,14,20
42934,Ġdesolation,14,0
42935,Ġwherewith,14,0
42936,Ġrighty,14,28
42937,Ġhandouts,14,0
42938,Ġhandrail,14,26
42939,Ġrepud,14,0
42940,Ġrepose,14,0
42941,Ġheretics,14,0
42942,neck,14,17
42944,airns,14,0
42945,ĠWharf,14,0
42946,Ġaccru,14,0
42947,Ġremot,14,0
42948,ĠUnc,14,0
42949,ĠUnorganized,14,0
42951,ublique,14,0
42952,isely,14,0
42954,ĠAsking,14,0
42955,Ġemitting,14,1
42956,mannered,14,0
42957,ocker,14,28
42958,Ġslum,14,0
42959,Ġsloth,14,12
42960,Ġslums,14,0
42961,Ġslicing,14,13
42962,hened,14,0
42963,ĠAlma,14,0
42964,ĠAlpes,14,0
42965,ĠAltea,14,0
42966,Ġentice,14,0
42967,ibo,14,0
42970,Ġpresorting,14,0
42971,Ġplacebo,14,0
42972,lective,14,0
42973,ĠBram,14,0
42974,Ġskips,14,0
42975,jecting,14,0
42976,Ġsycamore,14,0
42977,Ġstruts,14,1
42978,Ġstrangling,14,0
42979,Ġheadland,14,0
42980,Ġglides,14,3
42981,Ġglazed,14,159
42982,Ġevoked,14,0
42983,Ġswirling,14,0
42984,Ġconserve,14,0
42985,Ġconsciously,14,0
42986,Ġretarded,14,1
42987,lipper,14,0
42988,Ġmonoc,14,0
42990,Ġdistortion,14,0
42991,Ġdistressing,14,0
42992,Ġsubdue,14,0
42993,Ġfrieze,14,0
42994,ĠArmer,14,0
42995,ĠLeel,14,0
42996,ĠLeone,14,0
42998,Ġmeanness,14,0
42999,Ġhighland,14,1
43000,ĠMarid,14,0
43001,ĠMarathon,14,14
43002,ĠMarijuana,14,0
43003,eks,14,0
43004,Ġexpire,14,0
43005,Ġexponent,14,0
43006,Ġexpensed,14,0
43007,Ġredder,14,2
43009,anything,14,0
43010,Ġinterdepend,14,0
43011,Ġairmen,14,0
43012,Ġnumerals,14,14
43013,Ġpayout,14,0
43014,Ġpayouts,14,0
43015,Ġfriendless,14,0
43016,shit,14,7
43017,shan,14,0
43018,shie,14,0
43019,ĠShankar,14,0
43020,Ġbooklets,14,32
43021,Ġcurators,14,0
43022,Ġlawless,14,0
43023,ĠAtari,14,1
43024,Ġminuscule,14,0
43025,ĠRear,14,44
43026,ĠReason,14,0
43027,ĠRequest,14,0
43028,ĠRebel,14,0
43029,ĠReuters,14,0
43030,Ġridding,14,9
43031,Ġ530,14,3
43032,Ġdefl,14,3
43034,early,14,0
43035,Ġrupees,14,0
43037,Ġmarred,14,0
43038,Ġmodelling,14,0
43040,Ġmatured,14,0
43041,Ġ2025,14,0
43042,ussia,14,0
43044,Ġdeposed,14,0
43045,Ġdeprec,14,0
43046,Ġmilked,14,5
43047,Ġmilestone,14,0
43048,Ġspecifying,14,0
43049,Ġspeculators,14,5
43050,Ġformulas,14,0
43051,Ġbehaves,14,0
43052,ĠJohnston,14,0
43053,Ġestranged,14,1
43054,Ġcommunion,14,0
43055,ĠBeaches,14,0
43056,Ġlandowners,14,0
43057,Ġ6000,14,0
43058,Ġ660,14,0
43059,ĠAllison,14,0
43060,Ġbreaches,14,0
43061,Ġreportable,14,0
43063,ĠDele,14,0
43064,ĠDepp,14,0
43065,ĠDeck,14,1
43066,ĠDeleg,14,0
43067,ĠDevi,14,0
43068,owska,14,0
43069,Ġmoire,14,0
43070,ĠEngines,14,0
43071,Ġbasalt,14,0
43072,Ġbaseman,14,21
43073,Ġcrepe,14,20
43074,Ġedging,14,1
43075,Ġwindward,14,0
43076,Ġwindfall,14,0
43077,Ġwindmill,14,7
43078,appers,14,0
43079,appointed,14,0
43080,okay,14,0
43081,rolog,14,0
43082,mina,14,0
43083,autiful,14,0
43084,Ġrevoked,14,0
43085,Ġloveliness,14,0
43087,Ġorganizer,14,0
43088,Ġconstrued,14,0
43089,Ġhotlines,14,0
43090,Ġveal,14,0
43091,Ġveiled,14,0
43092,Ġinflection,14,0
43093,Ġinfested,14,2
43094,Ġhumm,14,0
43095,Ġhumankind,14,0
43096,ĠCarole,14,0
43097,ĠCaravan,14,0
43098,Ġpeal,14,1
43099,Ġpeck,14,0
43101,issioned,14,0
43103,Ġtaxing,14,1
43104,Ġaudacity,14,0
43105,ĠConcent,14,0
43106,prin,14,0
43107,Ġgreenish,14,81
43108,Ġsunscreen,14,0
43110,Ġpractising,14,1
43111,onya,14,0
43112,Ġtestosterone,14,0
43113,ĠCola,14,16
43114,ĠColored,14,5
43115,ĠColbert,14,0
43116,ĠColmar,14,0
43117,ĠZw,14,0
43118,ĠZach,14,0
43119,ĠZola,14,0
43120,Ġ174,14,0
43121,Ġ176,14,0
43122,Ġ1780,14,0
43123,Ġ1775,14,0
43124,Ġ1748,14,0
43125,ĠMayer,14,0
43126,Ġequip,14,4
43128,ĠHarley,14,12
43129,Ġsnowshoes,14,74
43130,ĠGraduate,14,0
43132,Ġgenerational,14,0
43133,Ġbedspread,14,30
43134,Ġ1066,14,0
43135,Ġwoodworking,14,5
43136,ĠPharm,14,1
43137,Ġorienteering,14,0
43138,ĠPlath,14,0
43139,ĠPlastic,14,11
43140,1946,14,0
43142,ĠScal,14,0
43143,ĠScud,14,0
43144,ĠHerne,14,0
43145,Ġrafters,14,4
43146,Ġmajoring,14,0
43147,Ġposthum,14,0
43148,ĠBench,14,37
43149,Ġ153,14,0
43150,Ġ155,14,0
43151,Ġ1566,14,0
43152,Ġorderlies,14,0
43153,ĠBlind,14,1
43154,ĠBlighty,14,0
43155,ĠGerhard,14,0
43156,ĠSeasons,14,0
43157,ĠTran,14,0
43158,ooned,14,1
43159,Ġanalogue,14,1
43160,Ġbabe,14,7
43161,ĠExeter,14,0
43162,ĠExodus,14,1
43163,toed,14,5
43164,ĠGuillaume,14,0
43166,Ġclearances,14,0
43167,Ġ1699,14,0
43168,Ġexcommun,14,0
43169,Ġcorr,14,0
43170,Ġbeginner,14,1
43171,Ġmailboxes,14,5
43172,Ġlimo,14,10
43173,Ġcompetency,14,0
43174,Ġquickest,14,0
43175,coast,14,0
43176,ĠActuarial,14,0
43177,Ġsonny,14,0
43178,Ġsonnets,14,0
43179,Ġportly,14,7
43180,Ġsquats,14,12
43181,ĠPerl,14,0
43182,Ġhatchet,14,23
43183,valuation,14,0
43184,ĠTHR,14,7
43185,ĠTHOR,14,0
43186,ĠPresumably,14,0
43187,atori,14,1
43188,ĠTeens,14,0
43189,iodiversity,14,0
43190,Ġdivul,14,0
43191,ĠCalc,14,0
43192,Ġsoles,14,4
43193,Ġbrownish,14,60
43194,ĠDavie,14,0
43195,ĠDavies,14,0
43196,Ġfacets,14,0
43197,Ġcrossly,14,0
43198,Ġcrosscountry,14,33
43199,screw,14,13
43200,Ġattackers,14,0
43201,ĠAmmonia,14,0
43203,Ġstriker,14,2
43204,Ġresponsiveness,14,0
43205,Ġmissive,14,0
43206,comers,14,0
43207,gni,14,0
43208,Ġinflows,14,0
43209,ĠGodfrey,14,0
43210,ĠGodwinson,14,0
43211,ĠMech,14,0
43212,ĠMcA,14,0
43213,ĠMcLe,14,0
43214,ĠMcTeer,14,0
43215,Ġsandstorm,14,0
43216,Ġsandcastle,14,12
43217,Ġsettler,14,0
43218,Ġnonprofits,14,0
43219,ĠGenome,14,0
43220,ĠCityof,14,0
43221,Ġpicket,14,34
43222,Ġsufferer,14,0
43223,ĠPelee,14,0
43224,ĠTomas,14,0
43226,death,14,0
43227,forces,14,0
43228,rites,14,0
43229,Ġsoften,14,0
43230,Ġpotty,14,17
43231,Ġpotted,14,107
43232,ĠWestin,14,0
43233,ĠWestwood,14,0
43234,ĠWestchester,14,0
43235,askets,14,1
43236,ĠElmer,14,0
43237,ĠElmo,14,9
43238,ĠNorthampton,14,0
43239,Ġclaimants,14,0
43241,cientific,14,0
43243,Ġcoasting,14,0
43244,Ġmodernizing,14,0
43245,ĠWhitehall,14,0
43246,ĠAfraid,14,0
43247,Ġaccesses,14,0
43248,Ġgladiator,14,4
43249,Ġfasting,14,0
43250,ĠMonks,14,3
43251,ĠParticles,14,0
43252,ĠFinnegan,14,0
43253,itarians,14,0
43254,ĠPalheiro,14,0
43256,ĠEmancipation,14,0
43257,ĠResidence,14,0
43258,ĠCapone,14,0
43259,oxy,14,0
43260,goin,14,0
43261,Ġmessaging,14,2
43262,ĠRomani,14,0
43263,ĠFranks,14,0
43264,Ġcredentials,14,0
43265,ĠDemosthenes,14,0
43266,ĠJewell,14,0
43267,ĠJulio,14,0
43268,ĠDrom,14,0
43269,Ġresearching,14,0
43270,loft,14,0
43271,Ġsurfaced,14,0
43272,Ġfeathered,14,17
43273,Ġmisguided,14,0
43274,Ġmisinterpret,14,0
43275,Ġbroadside,14,3
43276,Ġregulator,14,0
43278,olutionary,14,0
43279,Ġemeritus,14,0
43280,Ġdaunted,14,0
43281,Ġdaunting,14,0
43282,address,14,0
43283,addled,14,8
43284,Ġchecklist,14,0
43285,ĠCoen,14,0
43286,ORE,14,6
43287,ĠMadden,14,0
43288,ĠMadrile,14,0
43289,strings,14,0
43290,ĠAcqu,14,0
43291,INK,14,106
43292,ĠCrackston,14,0
43293,Ġforcefully,14,0
43294,Ġhallowed,14,0
43295,ĠValerie,14,0
43296,Ġdams,14,0
43297,Ġbreathes,14,1
43298,Hearkening,14,0
43299,ĠGlam,14,0
43300,iformes,14,0
43301,Ġdespises,14,0
43302,Ġimmun,14,0
43303,ĠBohemia,14,0
43304,Ġrapists,14,0
43306,ĠLaGuardia,14,0
43307,regation,14,0
43308,regulated,14,0
43309,Ġrecommending,14,0
43310,Ġfleas,14,0
43311,Ġprimer,14,0
43312,Ġprimacy,14,0
43313,ĠSchm,14,0
43314,ĠSchwitz,14,0
43315,Ġsportsman,14,3
43316,Ġforeigner,14,0
43317,Ġconvulsive,14,0
43318,Ġtitular,14,0
43319,ĠDesirade,14,0
43320,iosa,14,0
43321,iosk,14,0
43322,Ġcollide,14,8
43323,Ġangular,14,2
43324,Ġpredatory,14,0
43325,ANNA,14,0
43326,ĠRoque,14,0
43327,Ġrepelled,14,0
43329,Ġcollectors,14,0
43330,Ġsensuality,14,0
43331,ĠLovers,14,1
43332,ĠStevie,14,1
43333,Ġtrickling,14,0
43334,Ġcoffins,14,0
43335,ĠOlympian,14,1
43337,Ġdenoted,14,1
43338,Ġ248,14,2
43340,Ġpreventive,14,0
43342,ĠAntony,14,2
43343,Ġsharper,14,0
43344,Ġinitiating,14,0
43345,Ġ237,14,0
43346,ĠBayou,14,0
43347,ĠBayern,14,0
43348,Ġmagnified,14,0
43349,Ġmagnifying,14,19
43350,ĠDisaster,14,2
43351,ĠImpeachment,14,0
43353,180,14,0
43354,ĠMorro,14,0
43356,Ġspeedboat,14,24
43357,ĠAnnap,14,0
43358,ĠAnnapolis,14,0
43359,guy,14,8
43360,Ġliterate,14,0
43361,Ġbombarded,14,0
43362,Ġ275,14,0
43363,Ġ278,14,0
43364,ĠMerdeka,14,0
43365,Ġroughing,14,0
43366,Ġprogressing,14,0
43367,blind,14,3
43368,ĠRecip,14,0
43369,Ġmortified,14,0
43370,ĠControvers,14,0
43371,Ġthicker,14,7
43372,hetamine,14,0
43373,Ġtrailers,14,4
43374,ĠKeit,14,0
43375,Ġcheerily,14,0
43376,Ġjumpsuits,14,75
43378,Story,14,0
43379,ĠDayak,14,0
43380,Ġbulge,14,2
43381,Ġfoolproof,14,0
43382,Ġrobin,14,2
43383,Ġprairies,14,0
43384,Ġwindowsill,14,34
43385,Ġwetland,14,0
43386,ĠWhoever,14,0
43388,FAC,14,3
43389,ECD,14,0
43390,ĠOverhead,14,4
43391,ĠCommunion,14,0
43393,ĠLatina,14,1
43394,Ġarrests,14,0
43395,ĠProvisions,14,0
43396,ĠHillabi,14,0
43397,Ġappreciating,14,0
43398,Ġironing,14,20
43399,ĠGreenville,14,0
43400,ĠWilton,14,0
43401,ĠHawkes,14,0
43402,Ġinforms,14,0
43403,Ġinformally,14,14
43404,"!'""",14,0
43405,ĠRelax,14,2
43406,Ġduet,14,0
43407,Ġadvantageous,14,0
43408,ĠRamon,14,0
43411,ĠKennewick,14,0
43412,ĠDOS,14,0
43413,ĠTwain,14,1
43414,SAM,14,0
43415,Ġracers,14,71
43416,ĠPanj,14,0
43417,ĠEstablished,14,0
43418,Ġminimizing,14,0
43419,ĠVisits,14,0
43420,Ġseekers,14,7
43421,ĠSubject,14,0
43422,Ġconcentrates,14,0
43423,Ġmirrored,14,11
43424,ĠSurgeons,14,6
43425,111,14,0
43426,Ġthinned,14,0
43427,generation,14,0
43428,escott,14,0
43429,ĠMausoleum,14,0
43430,ĠIntroduction,14,0
43431,Income,14,0
43432,Ġuppermost,14,11
43433,Ġaimlessly,14,0
43434,ĠINFORMATION,14,0
43435,barre,14,2
43437,ĠTrajan,14,0
43438,ĠSelangor,14,0
43439,Ġfondue,14,16
43440,ĠWoodford,14,0
43441,Ġugliest,14,0
43442,Ġpsycho,14,1
43443,Ġweaponry,14,0
43444,Ġbronzed,14,0
43445,ĠZealots,14,0
43446,ĠTransl,14,0
43447,ĠFigures,14,7
43448,Ġdemocracies,14,0
43449,Ġhelmeted,14,13
43450,ĠInstruct,14,0
43451,ĠBellagio,14,0
43452,ĠBooker,14,0
43453,Ġsoups,14,1
43454,Ġsouqs,14,0
43455,ĠDefender,14,0
43456,Ġinterprets,14,0
43457,ĠJoanna,14,0
43458,ĠHaynes,14,0
43459,Ġconceit,14,0
43460,ĠCorpus,14,0
43461,trade,14,0
43462,Ġgodly,14,0
43463,ĠMcGovern,14,0
43465,Ġunhurt,14,0
43466,Ġpinn,14,9
43467,Ġpinball,14,16
43468,ĠProjections,14,0
43469,Ġvacationing,14,0
43470,ĠVillar,14,0
43471,ĠVillena,14,0
43472,Ġreciproc,14,0
43473,character,14,0
43474,ĠHumanitarian,14,0
43475,ĠFounding,14,0
43476,ĠFerris,14,3
43477,Ġwrithed,14,0
43478,Ġspiteful,14,0
43479,urbation,14,0
43481,Ġbidder,14,0
43482,Ġbustled,14,0
43483,ĠOpened,14,2
43484,ĠOpening,14,1
43485,Ġdarlings,14,0
43486,ĠDenby,14,0
43487,Ġdimmed,14,1
43488,Ġdimensional,14,0
43489,Ġrecyclable,14,0
43490,ĠHyp,14,0
43491,Ġsteeply,14,0
43492,Ġidealistic,14,0
43493,ĠHondas,14,0
43494,Ġelevators,14,3
43495,Ġswiftness,14,0
43496,Ġhalftime,14,0
43497,ĠNatchez,14,0
43498,Ġ355,14,0
43499,Ġinspects,14,1
43500,Ġhomogeneous,14,0
43501,otypes,14,0
43502,Ġtooling,14,0
43503,Ġrumours,14,0
43505,ĠVerd,14,0
43506,ĠTitans,14,0
43507,Ġsneering,14,1
43508,Ġsneeze,14,3
43509,Ġsouther,14,0
43510,sports,14,0
43511,spotted,14,2
43512,Ġanticipates,14,0
43513,ĠRushiti,14,0
43514,remember,14,0
43515,Ġcomedians,14,0
43516,ĠCallipers,14,0
43517,ĠReviewing,14,0
43518,Ġhoax,14,0
43519,Ġtortoises,14,2
43520,ĠBordens,14,0
43521,Ġpartnering,14,0
43522,ĠPaella,14,0
43523,Ġtremulous,14,0
43524,smart,14,0
43525,richt,14,0
43526,Ġchartered,14,1
43527,Ġselects,14,0
43529,Ġpumped,14,5
43530,ĠDipl,14,0
43531,Ġcannibals,14,0
43532,ĠFiremen,14,4
43533,ĠNicol,14,1
43534,Ġscheming,14,0
43535,Ġskillfully,14,0
43536,topped,14,1
43537,ĠAffect,14,0
43538,Ġcontexts,14,0
43540,Ġtapas,14,0
43542,Ġenclose,14,0
43543,ĠDowney,14,0
43544,Ġ1806,14,0
43545,Ġmoderated,14,0
43546,Ġvictimized,14,0
43547,ĠCabo,14,0
43548,ĠCabral,14,0
43549,ĠBhag,14,0
43550,Ġmalign,14,0
43551,Ġrotting,14,1
43552,ĠLiberia,14,0
43553,ĠCrusher,14,1
43554,Ġpeculiarities,14,0
43555,ĠReforms,14,0
43556,Ġgrandmothers,14,0
43557,cutter,14,2
43558,Ġbreeches,14,2
43559,Ġpardoned,14,0
43560,ĠJeanette,14,0
43562,Ġboogie,14,17
43563,ĠMontevideo,14,0
43564,ĠHurt,14,0
43565,ĠHurghada,14,0
43566,ĠEmeritus,14,0
43567,Ġinducing,14,0
43568,ĠTalah,14,0
43569,ĠIdiot,14,0
43570,ĠBerthel,14,0
43571,ĠRolls,14,1
43572,Ġmilder,14,0
43573,332,14,0
43574,Ġoverwhelm,14,0
43575,Clock,14,6
43576,ĠRossini,14,0
43577,imbos,14,0
43578,Ġmobster,14,0
43579,ariah,14,0
43580,ĠCasinos,14,0
43581,Asian,14,1
43582,ĠCreoles,14,0
43583,ĠBronchitis,14,0
43584,Ġimperialism,14,0
43585,ĠCroats,14,0
43586,Ġbulletin,14,15
43587,Ġsubscribed,14,0
43588,Ġthirteenth,14,0
43589,Leave,14,0
43590,Ġexperimenting,14,1
43591,Ġprecedence,14,0
43592,ĠGilmore,14,0
43593,ĠDevine,14,0
43594,ĠAnimated,14,0
43595,balanced,14,0
43596,Ġcollaborated,14,0
43597,Ġgiggle,14,2
43598,Ġgiggling,14,0
43599,Ġsanctity,14,0
43600,Ġpriestess,14,0
43601,Ġinefficiency,14,0
43602,Ġenacting,14,0
43603,Ġmourners,14,0
43604,Ġlinens,14,10
43605,ĠGhalib,14,0
43606,Ġbuttresses,14,0
43607,ĠKaty,14,0
43608,ĠKatie,14,0
43609,ĠBeatrice,14,0
43610,ĠCatalina,14,0
43611,ĠCatalonian,14,0
43612,ĠRao,14,0
43613,ĠSafed,14,0
43614,ĠFalse,14,0
43615,ĠFaludi,14,0
43616,ĠProposition,14,0
43617,ĠHornets,14,0
43618,ĠLessons,14,0
43619,ĠHeavenly,14,0
43620,Ġtransmitting,14,0
43621,Ġneutron,14,0
43622,Ġexempted,14,0
43623,EWS,14,0
43624,OWS,14,13
43625,ĠFatih,14,0
43626,Ġscrubbers,14,4
43627,Ġscrubbed,14,0
43628,ĠDynam,14,0
43629,Ġiconic,14,0
43630,ĠAlcoholism,14,0
43631,Ġsummarizing,14,0
43632,ĠWriter,14,0
43633,Ġviceroy,14,0
43634,Ġnominally,14,0
43635,Ġnominating,14,0
43636,ĠCrypt,14,0
43637,Ġaggregated,14,0
43639,Ġtabern,14,0
43640,ĠBurney,14,0
43641,Ġcondemning,14,0
43642,ĠMcKenzie,14,0
43643,ĠWestermarsch,14,0
43644,Ġunconsciousness,14,0
43645,988,14,0
43646,ĠMortimer,14,0
43647,ĠFallin,14,0
43648,ĠRowland,14,0
43649,1977,14,0
43650,ĠTradition,14,0
43651,Ġharvested,14,2
43653,ĠEntire,14,19
43654,ĠTombs,14,0
43655,Ġfearsome,14,0
43656,Ġdormitories,14,0
43658,ĠPadilla,14,0
43659,ĠAdviser,14,0
43660,Ġbarbecuing,14,0
43661,ĠTanah,14,0
43662,ĠHoldings,14,0
43663,Ġreclaim,14,0
43664,ĠBodies,14,0
43665,ĠBodrum,14,0
43666,ĠExtreme,14,1
43667,Ġprototyping,14,0
43668,ĠHandbook,14,1
43669,ĠSepar,14,1
43670,Ġpatriarch,14,0
43671,ĠTrois,14,0
43672,Ġtuft,14,4
43673,ĠViziers,14,0
43674,Ġbankruptcies,14,0
43675,Ġlyrical,14,0
43676,Ġgranary,14,0
43677,Before,14,0
43678,ĠMagazines,14,0
43679,Ġculinary,14,8
43680,ĠKanagawa,14,0
43681,Ġselfishness,14,0
43682,Ġfranchises,14,0
43683,ĠPRES,14,1
43684,ĠOpposition,14,0
43685,Ġtoothpaste,14,26
43686,Ġblossomed,14,0
43687,Ġpleasanter,14,0
43688,ĠMagnolia,14,0
43689,ĠCFOs,14,0
43690,ĠImmigrant,14,0
43691,ĠImmigrants,14,0
43692,defined,14,0
43693,ĠAbsent,14,0
43694,Ġvexation,14,0
43695,Ġboroughs,14,0
43696,ĠClarion,14,0
43697,ĠOrientalism,14,0
43699,Ġlentil,14,0
43700,ĠSadie,14,0
43701,ĠBuffy,14,0
43702,Ġapplauding,14,0
43703,division,14,0
43704,ĠKaplan,14,0
43706,ĠKeszr,14,0
43707,ĠFrancesca,14,0
43708,Ġdiscriminatory,14,0
43709,ĠMangrove,14,0
43710,ĠMauricio,14,0
43711,ĠMauritius,14,0
43712,ĠBanana,14,54
43713,ĠNAFTA,14,0
43714,ĠLorenz,14,0
43715,Ġazure,14,2
43716,ĠFunctions,14,0
43717,ĠYardley,14,0
43718,ĠBotanic,14,0
43719,Ġcreepy,14,18
43720,Ġcoincide,14,0
43721,Ġcoincided,14,0
43722,Provence,14,0
43723,drops,14,0
43724,Ġqueue,14,11
43725,Ġqueerest,14,0
43726,Ġnarcotics,14,0
43727,Ġholster,14,17
43728,ĠApplications,14,0
43729,Ġendorsements,14,0
43730,Ġhemmed,14,0
43731,ĠPieter,14,0
43732,Ġguerrillas,14,0
43733,Ġdisapproving,14,1
43734,ĠVashem,14,0
43735,Ġretrieving,14,1
43737,Ġfractures,14,0
43738,ĠHerodian,14,0
43739,Ġquintile,14,0
43740,Ġhorizontally,14,27
43741,ĠICR,14,0
43742,ĠCambio,14,0
43743,ĠViews,14,0
43744,rille,14,0
43745,ĠHabana,14,0
43746,ĠProspect,14,0
43747,Without,14,0
43748,ĠFishermen,14,9
43749,Ġanthropologist,14,0
43750,Ġplacidly,14,0
43751,Ġwrinkle,14,2
43752,Ġwrinkles,14,2
43753,ĠALGER,14,0
43754,ĠJeong,14,0
43755,Ġpebble,14,2
43756,ĠIgnore,14,0
43757,ĠJardim,14,0
43758,ĠUlm,14,0
43759,ĠDebbie,14,3
43760,Ġsilhouetted,14,6
43761,Ġbloomed,14,0
43762,ĠAnalytical,14,0
43763,Ġsapling,14,2
43764,ĠMongolia,14,0
43765,ĠTango,14,0
43766,Ġmaneu,14,2
43767,ĠMcLaren,14,0
43768,ĠReconquest,14,0
43769,Ġauger,14,0
43770,ĠPosner,14,0
43771,Ġendorsing,14,0
43772,ĠImplementing,14,0
43773,ĠCoffin,14,0
43774,Ġplasterwork,14,0
43775,ĠLombards,14,0
43776,Ġprophets,14,0
43777,ĠSchwartzkopf,14,0
43778,ĠKleinman,14,0
43779,Ġannexation,14,0
43781,Ġreagents,14,0
43782,ĠSoup,14,5
43783,ĠSoufriyre,14,0
43784,Ġexulted,14,0
43785,ophryn,14,0
43786,ĠBuilders,14,3
43787,Ġpersistence,14,0
43788,ĠSHE,14,59
43789,ĠCeracz,14,0
43790,Ġabdomen,14,6
43791,ĠInvasion,14,1
43792,processing,14,0
43793,Ġillegit,14,0
43794,Ġcascading,14,1
43795,Ġportfolios,14,0
43796,Ġwedge,14,44
43797,ĠJodhpur,14,0
43798,ĠAlpaugh,14,0
43799,ĠPandit,14,0
43800,Ġlivelihood,14,0
43801,Ġunintention,14,0
43803,Ġreloading,14,0
43804,ĠEnsign,14,0
43805,Ġwoolly,14,6
43806,Ġwoollen,14,0
43807,ĠPredators,14,1
43808,Ġrickshaw,14,31
43809,Ġruthlessly,14,0
43810,ĠGustave,14,0
43811,Ġoverhauling,14,0
43812,Ġmeteorite,14,0
43813,Ġfrolicking,14,0
43814,Ġdeployed,14,0
43815,ĠRisorgimento,14,0
43816,Ġredeeming,14,0
43817,protection,14,0
43818,middle,14,1
43819,Ġloosen,14,0
43820,ĠToulon,14,0
43822,ĠMETH,14,0
43823,ĠMaidan,14,0
43824,ĠMaiden,14,1
43825,ĠBoche,14,0
43826,Ġspontaneously,14,0
43827,ĠShimoda,14,0
43828,Ġmesmer,14,0
43829,hydrous,14,0
43830,Ġjewellers,14,0
43831,CMWS,14,0
43832,Commun,14,0
43833,Ġreverted,14,0
43834,Ġwhimpering,14,0
43835,ĠKrai,14,0
43836,ĠChalecoo,14,0
43837,ikuzen,14,0
43838,Ġastronauts,14,0
43839,Antoinette,14,0
43841,Ġrancher,14,1
43842,ĠDjawadi,14,0
43843,Ġstabilize,14,0
43844,ĠBreton,14,0
43845,ĠBottom,14,22
43846,Ġripples,14,5
43847,RIGHT,14,6
43848,Ġwizards,14,0
43849,ĠHedge,14,0
43850,ĠWORK,14,6
43851,ĠPhotography,14,0
43852,Ġcameramen,14,17
43853,Ġlooted,14,0
43855,Ġcontends,14,0
43856,Ġvetoed,14,0
43857,ĠDahmer,14,0
43858,ĠLacrosse,14,4
43859,ĠJerem,14,0
43860,igarette,14,0
43861,Ġconsonant,14,0
43862,ĠShooting,14,0
43863,ĠAthenians,14,0
43864,ĠReservations,14,0
43865,ĠFellowship,14,0
43866,honored,14,0
43867,Ġnerds,14,0
43868,ĠPUBL,14,0
43869,Ġroulette,14,17
43870,Ġvomit,14,0
43871,ĠOgden,14,0
43872,ĠVandegrift,14,0
43873,Ġhumiliated,14,0
43874,Ġdeteriorated,14,0
43875,Ġsynchronized,14,14
43876,ĠLiberties,14,0
43877,ĠLGBTQ,14,0
43878,bottom,14,1
43879,subt,14,0
43880,Ġwhizzing,14,0
43881,Ġcypresses,14,0
43882,Ġabolitionist,14,0
43883,Ġfostering,14,0
43884,Ġdribbles,14,5
43885,ĠHagia,14,0
43886,ĠWashburn,14,0
43887,Ġvideotape,14,0
43888,ĠGloucestershire,14,0
43889,ĠCandidate,14,0
43890,Ġvindictive,14,0
43891,effectiveness,14,0
43892,Ġmaxed,14,0
43893,Ġpivotal,14,0
43894,ĠExpectations,14,0
43895,President,14,0
43896,fifth,14,0
43897,Ġluminous,14,1
43898,ĠSailors,14,0
43899,Ġalighted,14,0
43900,Ġcommendable,14,0
43901,ĠEvolutionary,14,0
43902,ĠMadeirans,14,0
43903,Margaret,14,0
43904,ĠFontainebleau,14,0
43905,Ġpeddling,14,1
43906,ĠTesuque,14,0
43907,Ġgadget,14,4
43908,Ġconglomerates,14,0
43909,Ġredistribution,14,0
43910,Ġbrochures,14,11
43911,ĠMcIntyre,14,0
43912,ĠGiacomo,14,0
43913,ĠSilesian,14,0
43914,Ġstylized,14,2
43915,Ġploughing,14,2
43916,Ġstrangest,14,0
43917,ĠIDAs,14,0
43919,Ġexemplary,14,0
43920,Ġincessant,14,0
43921,Ġbeseech,14,0
43922,Ġbagels,14,26
43923,ĠEuston,14,0
43924,Ġunceasing,14,0
43925,Ġrevisited,14,0
43926,Ġtyrann,14,0
43927,Ġexcerpts,14,0
43928,ĠRetrofit,14,0
43929,sacrif,14,0
43930,ĠTohoku,14,0
43931,Ġlilacs,14,0
43932,Ġdegrad,14,0
43933,ĠShreveport,14,0
43934,ĠMysore,14,0
43935,ĠHittite,14,0
43936,Ġchandelier,14,17
43937,Ġchandeliers,14,9
43938,Ġlevied,14,0
43939,ĠThreats,14,0
43940,Remember,14,0
43941,ĠLiquor,14,1
43942,Ġjockeys,14,29
43943,Ġunicorn,14,3
43944,Ġspawned,14,0
43945,ruggle,14,0
43946,ĠAnswer,14,0
43947,Ġrelativism,14,0
43948,Ġburgundy,14,90
43949,Ġencryption,14,0
43950,ĠHasegawa,14,0
43951,ĠPendleton,14,0
43952,ĠStamford,14,0
43953,Ġwaffles,14,21
43954,ĠWorcester,14,0
43955,Ġreimbursed,14,0
43956,ĠLETTER,14,1
43957,ĠRialto,14,0
43958,Ġtrudged,14,0
43959,Ġglobally,14,0
43960,Ġredskins,14,0
43962,ĠOpinion,14,0
43963,ĠIglesia,14,0
43964,ĠMoody,14,0
43965,ĠBukit,14,0
43966,Ġfrancs,14,0
43967,ĠDumbarton,14,0
43968,Ġsagacity,14,0
43969,Ġunabashed,14,0
43970,Ġmisdeeds,14,0
43971,directed,14,0
43972,ĠSuffolk,14,0
43973,ĠCicero,14,0
43974,ĠGifu,14,0
43975,Ġvultures,14,0
43976,Ġblasphe,14,0
43977,Ġreprimanded,14,0
43978,ĠZapruder,14,0
43979,ĠGujarat,14,0
43980,Family,14,0
43981,Mirror,14,0
43982,Ġinadvertently,14,0
43983,ĠHathor,14,0
43984,ĠGleason,14,0
43985,ĠGuevara,14,0
43986,ĠYahoo,14,1
43987,ĠVindolanda,14,0
43988,Ġfreckled,14,2
43989,ĠSurrounded,14,1
43990,ĠADVENTURE,14,0
43991,ĠFreemasonry,14,0
43992,ĠCLOs,14,0
43993,ĠWSJ,14,0
43995,Ġprostaglandin,14,0
43996,ĠKuching,14,0
43997,Ġwindshield,14,88
43998,Ġsandalwood,14,0
43999,ĠVallejo,14,0
44000,COPD,14,0
44001,ĠTERRI,14,0
44002,ĠSterling,14,0
44003,ĠLethal,14,0
44004,Ġtrinkets,14,31
44005,Ġministries,14,0
44006,Ġinfrequent,14,0
44007,ĠSanctuary,14,0
44008,ĠMeasurement,14,0
44009,ĠNeuenhaus,14,0
44010,Ġmisbehavior,14,0
44011,ĠMiddlesex,14,0
44012,Ġwigwam,14,0
44013,ĠTanzania,14,0
44014,Ġhefty,14,1
44015,ĠCervantes,14,0
44016,Ġscrawled,14,0
44017,Ġmargaritas,14,2
44018,ĠAdequate,14,0
44019,Ġcodenamed,14,0
44020,Bridgerton,14,0
44021,Ġdorsal,14,2
44022,ĠMFN,14,0
44023,ĠNawab,14,0
44024,Ġintertwined,14,1
44025,ĠSamudragupta,14,0
44026,ĠSaarland,14,0
44027,Frontispiece,14,0
44028,Ġmoccasins,14,4
44029,WORTH,14,0
44030,ĠHiyang,14,0
44031,orescence,14,0
44032,ĠBratislava,14,0
44033,ĠTurkmenistan,14,0
44034,ĠPrivilege,14,0
44035,ĠKimberly,14,0
44036,Ġtorpedoes,14,0
44037,Ukrainian,14,0
44038,Ġygapo,14,0
44039,Ġshorthand,14,0
44040,ĠNielsen,14,0
44041,ĠEhrlich,14,0
44042,Ġplethora,14,0
44043,ĠMinangkabau,14,0
44044,ĠByrne,14,0
44045,Ġpantaloons,14,1
44046,Ġfiduciary,14,0
44047,Ġcylindrical,14,8
44048,ĠBassenthwaite,14,0
44049,ĠEuphrates,14,0
44050,Ġimpenetrable,14,0
44051,Frisco,14,0
44052,haggard,14,0
44053,Ġausterity,14,0
44054,Ġnarthex,14,0
44055,ĠAeneas,14,0
44056,Ġugliness,14,0
44057,ĠSutherland,14,0
44058,Ġasparagus,14,33
44059,ĠNuremberg,14,0
44060,ĠGraupner,14,0
44061,ĠParmigianino,14,0
44062,ĠTomochichi,14,0
44063,ĠEmlichheim,14,0
44064,Ġturtlene,14,47
44065,ĠMacroeconomics,14,0
44066,Ġunfaithful,14,0
44067,ĠRethymnon,14,0
44068,ĠAlbemarle,14,0
44069,ĠDiaghilev,14,0
44070,ĠChernomyrdin,14,0
44071,ĠBartholomew,14,0
1376,Ġcommun,13,0
1406,velop,13,0
1715,ccess,13,0
1758,Ġ197,13,1
1868,ream,13,1
2097,Ġcomput,13,4
2184,Ġrele,13,4
2197,Ġ195,13,0
2373,ecut,13,0
2693,ateg,13,0
2835,ĠMuse,13,0
2909,Ġcapt,13,2
3025,Ġdispl,13,1
3135,Ġregul,13,0
3382,Ġphys,13,2
3472,Ġ192,13,1
3516,ource,13,0
3733,ĠSever,13,0
3760,ycl,13,4
3859,Ġstro,13,11
3961,Ġfol,13,1
4100,ĠIngleth,13,0
4574,ĠCoun,13,0
4789,Ġdecre,13,0
5012,ĠVict,13,0
5018,Ġ187,13,0
5115,elve,13,0
5151,heast,13,0
5211,othy,13,11
5280,Ġpir,13,5
5336,iscal,13,0
5699,iece,13,53
6227,amber,13,0
6663,ression,13,0
6802,Ġresc,13,3
7037,Ġinhabit,13,0
7373,inent,13,0
7765,mony,13,0
7906,ĠTit,13,0
7996,reck,13,0
8058,Ġpron,13,1
8107,xic,13,0
8620,keep,13,1
9451,acement,13,0
9462,ĠEmer,13,0
9653,ĠFreder,13,0
9883,Ġelabor,13,1
9948,ĠIsa,13,0
9987,Ġslop,13,7
10051,Ġindig,13,2
10207,adal,13,4
10209,ĠBalt,13,0
10392,olve,13,0
10420,ĠBelg,13,0
10462,Ġsanct,13,0
10662,ardy,13,0
10778,Ġchim,13,0
10888,rings,13,2
10897,Ġstre,13,5
10942,ĠNAT,13,1
10968,Ġastron,13,0
11189,ĠAnth,13,0
11192,ĠProp,13,1
11242,ĠExam,13,0
11365,ulb,13,0
11415,erves,13,0
11447,vard,13,0
11624,liver,13,1
11659,Ġnomin,13,0
11705,Ġwal,13,16
11742,iasm,13,0
11782,efully,13,0
11993,ĠBale,13,0
12488,Ġmamm,13,0
12779,Ġdischar,13,0
12849,osex,13,0
13165,jing,13,2
13463,ĠKaz,13,0
13847,teenth,13,0
13981,Ġpave,13,0
13996,ĠGing,13,0
14073,Ġkh,13,3
14095,Ġprett,13,0
14122,Gen,13,0
14385,heric,13,0
14479,archy,13,0
14573,Ġtrif,13,0
14661,olding,13,8
14696,ĠBrah,13,0
14722,lif,13,0
14893,ĠGreens,13,3
15020,olves,13,1
15093,ĠStephan,13,0
15122,Ġvert,13,9
15353,thouse,13,1
15925,ĠJO,13,3
15957,ĠTrin,13,0
15996,Ġdiscontin,13,0
16008,mamma,13,0
16596,XX,13,2
16625,Ġfract,13,0
16744,onso,13,0
16890,iches,13,5
16912,Ġtrag,13,0
16917,ĠUlt,13,0
16927,Ġamph,13,0
17005,appropriate,13,0
17031,arial,13,0
17093,flower,13,28
17134,mare,13,0
17177,Ġenlight,13,0
17222,hension,13,0
17548,Ġgamb,13,0
17552,uters,13,5
17714,ĠPars,13,0
17747,Ġglam,13,2
17902,clists,13,9
18088,Ġlitig,13,0
18343,Ġunav,13,0
18369,ieties,13,0
18497,chaft,13,0
18646,ouver,13,0
18818,esus,13,5
19002,DG,13,0
19102,mediate,13,0
19201,stery,13,10
19251,ainties,13,0
19296,ophry,13,0
19532,Ġbulldo,13,3
19581,original,13,0
19628,stal,13,0
19804,itives,13,0
20073,Ġtriv,13,0
20081,Ġorient,13,1
20099,ukushima,13,0
20260,ĠAlp,13,0
20282,ructive,13,0
20287,ĠHerz,13,0
20390,benef,13,0
20451,ĠLag,13,0
20486,Ġskil,13,0
20573,ĠHunger,13,0
20652,imburse,13,0
20684,ĠObl,13,0
20687,occo,13,0
20703,Ġmuzz,13,49
21107,ĠPrest,13,0
21210,Ġautobi,13,0
21321,ienced,13,0
21350,ĠTul,13,1
21376,orem,13,0
21454,ĠZar,13,1
21635,gender,13,1
21845,anium,13,0
21892,elong,13,0
21893,ĠEtr,13,0
22008,oshima,13,0
22394,Ġduct,13,37
22416,amations,13,0
22461,Ġupro,13,0
22526,aggio,13,4
22710,adian,13,2
22711,ĠSulf,13,0
22761,Ġnob,13,1
22981,fil,13,1
23004,arat,13,0
23136,okie,13,0
23186,ĠRecomm,13,0
23477,ĠKhor,13,0
23703,Ġglac,13,0
23942,Ġfath,13,0
23949,Ġhorm,13,0
23953,Ġinequ,13,0
23955,ĠTuk,13,0
24005,Ġallev,13,0
24123,ĠAfrik,13,0
24289,esis,13,0
24290,Ġphe,13,10
24333,Ġconject,13,0
24377,integr,13,0
24479,Ġunde,13,1
24480,Ġundes,13,0
24630,Jew,13,0
24666,Ġlith,13,0
24734,places,13,0
24794,ikers,13,12
25049,entry,13,10
25060,ĠMuk,13,0
25219,Ġcombust,13,0
25322,question,13,0
25435,ĠSapp,13,0
25454,ĠFug,13,0
25569,ĠGuin,13,0
25777,Ġsop,13,2
25782,erated,13,0
25799,icas,13,0
25851,ĠLenn,13,0
25893,clusion,13,0
25951,Ġtrill,13,0
25966,ĠGuid,13,0
26155,IRA,13,142
26194,ouin,13,0
26237,ĠPART,13,51
26264,ĠGott,13,0
26273,Ġalm,13,0
26576,Que,13,0
26591,yk,13,0
26616,leased,13,0
26719,ĠChuk,13,0
26935,Ġpatriot,13,1
27086,ĠMoul,13,0
27163,soon,13,0
27280,ĠBerk,13,0
27309,aphone,13,5
27520,lasting,13,0
27523,mills,13,3
27594,ĠBols,13,1
27811,stantial,13,0
27818,ĠSkate,13,23
27844,ĠIbicenc,13,0
28038,Ġail,13,1
28118,ĠDraw,13,0
28154,ochem,13,0
28185,Ġbuccane,13,0
28287,sche,13,0
28379,Ġsanction,13,0
28413,ĠCornwall,13,0
28485,Ġapprentices,13,0
28569,reation,13,0
28575,Ġcav,13,14
28607,otter,13,2
28608,ionate,13,0
28638,Ġanarch,13,0
28712,ĠChih,13,0
28731,Ġremar,13,0
28753,Ġredes,13,0
29097,Ty,13,0
29118,taker,13,1
29181,ĠPag,13,0
29188,gear,13,10
29220,Ġalk,13,0
29224,Ġwors,13,0
29230,agin,13,3
29234,ocating,13,0
29255,Ġdisem,13,5
29318,ĠManch,13,0
29521,Ġdeceit,13,0
29642,Hz,13,0
29647,Rem,13,0
29663,paste,13,0
29665,rams,13,4
29801,ĠLiqu,13,3
29816,Ġjoc,13,0
29838,Ġunic,13,0
30188,product,13,0
30286,Act,13,0
30311,jou,13,0
30332,eses,13,0
30387,ĠPure,13,1
30391,Ġker,13,0
30428,quets,13,3
30440,igator,13,0
30443,ĠOmn,13,0
30494,ullah,13,0
30546,venting,13,0
30566,Ġdemure,13,0
30604,Ġinflamm,13,0
30672,Ġembry,13,0
30729,marking,13,0
30745,||||,13,0
30840,Ġquadru,13,0
30971,pse,13,0
31011,ĠTian,13,1
31017,icides,13,0
31041,ĠCeram,13,1
31071,andi,13,0
31078,Ġneu,13,0
31099,atee,13,65
31110,ĠRough,13,0
31125,Ġabl,13,2
31153,ĠUrs,13,0
31166,Ġperipher,13,1
31181,Ġbrist,13,27
31338,Ġerad,13,0
31381,orescent,13,6
31563,Ġmisunderstand,13,0
31658,bay,13,3
31670,jigae,13,0
31696,anja,13,0
31698,enhaus,13,0
31792,ardom,13,0
31888,unders,13,0
32254,hopper,13,0
44072,240,13,0
44073,AIDS,13,0
44074,BB,13,1
44075,Bart,13,0
44076,Brave,13,0
44077,CL,13,1
44078,Ce,13,0
44079,Cut,13,0
44080,Cam,13,0
44081,Cross,13,0
44082,Cha,13,0
44083,Dolly,13,0
44084,Diesel,13,0
44086,Dendropsophus,13,0
44087,Etoile,13,0
44088,GV,13,0
44089,Gord,13,0
44090,GIC,13,0
44091,Hor,13,0
44092,Hill,13,0
44093,IUS,13,0
44094,Jumbo,13,0
44095,Kan,13,0
44096,Koh,13,0
44097,Lith,13,0
44098,Live,13,0
44099,LER,13,16
44100,Money,13,0
44101,NP,13,0
44102,Natal,13,0
44103,Nye,13,0
44104,Oro,13,0
44105,Pol,13,0
44106,Ra,13,0
44107,Ro,13,0
44108,Rue,13,0
44109,Requ,13,0
44110,Sant,13,0
44111,SON,13,0
44112,Southern,13,0
44113,SPAN,13,0
44114,Tim,13,0
44115,Town,13,2
44116,Thing,13,0
44117,Tib,13,0
44118,Unt,13,0
44119,WE,13,38
44120,Wal,13,0
44121,Want,13,0
44122,Zimbabwe,13,0
44123,"_),",13,0
44124,_.--,13,0
44125,_.],13,0
44126,aunt,13,0
44128,aghan,13,0
44129,bos,13,0
44130,bitt,13,0
44131,bald,13,0
44132,bright,13,0
44133,binary,13,0
44134,bruck,13,0
44135,cit,13,0
44136,came,13,0
44137,chel,13,26
44138,chens,13,0
44139,cooked,13,1
44140,cchia,13,0
44141,dan,13,0
44142,eong,13,0
44148,gars,13,4
44149,gones,13,0
44151,hos,13,0
44152,hine,13,5
44153,hagen,13,0
44154,iaries,13,0
44156,jump,13,6
44157,los,13,2
44158,lims,13,0
44159,mot,13,0
44160,mop,13,0
44161,mem,13,0
44162,mell,13,0
44163,nu,13,0
44164,nas,13,1
44165,nens,13,0
44167,nominated,13,0
44168,oiled,13,0
44169,pil,13,0
44170,pun,13,0
44171,park,13,2
44172,poly,13,0
44173,penny,13,0
44174,painting,13,1
44175,ritt,13,0
44176,rins,13,0
44177,rism,13,0
44178,sin,13,0
44179,subs,13,0
44180,till,13,0
44181,tong,13,0
44182,tank,13,0
44183,tiled,13,2
44184,uities,13,0
44185,uces,13,7
44187,wah,13,0
44188,wave,13,1
44190,xi,13,1
44191,yres,13,0
44192,zers,13,3
44193,"Ġ,""",13,0
44194,Ġiced,13,35
44195,Ġicing,13,109
44196,Ġtally,13,0
44197,Ġtics,13,0
44198,Ġtensed,13,0
44199,Ġtakin,13,1
44202,Ġace,13,3
44203,Ġaura,13,0
44204,information,13,0
44205,influ,13,0
44206,rex,13,0
44207,reis,13,0
44208,reys,13,0
44209,Ġsow,13,0
44210,Ġsown,13,0
44211,Ġsizable,13,0
44212,Ġwad,13,1
44213,Ġwil,13,5
44214,Ġwry,13,0
44215,Ġwove,13,0
44216,Ġwimp,13,0
44217,Ġwipes,13,2
44218,Ġoch,13,0
44219,Ġoint,13,0
44220,Ġomit,13,0
44221,ndra,13,0
44222,isu,13,16
44224,Ġbudd,13,10
44225,Ġbinge,13,0
44226,Ġbingo,13,2
44228,Ġcog,13,0
44229,Ġcuring,13,1
44230,Ġcaved,13,0
44231,Ġceded,13,0
44232,Ġcuffs,13,12
44234,iton,13,3
44235,ouac,13,0
44236,ouard,13,0
44237,ouching,13,4
44240,animated,13,0
44242,enohyla,13,0
44243,Ġfable,13,0
44244,Ġfairs,13,0
44245,Ġfanning,13,0
44246,Ġfowls,13,0
44247,orose,13,0
44248,orium,13,0
44250,orously,13,0
44251,Ġmou,13,0
44252,Ġmasons,13,2
44253,Ġmowed,13,1
44254,Ġmumbling,13,0
44255,Ġmossy,13,9
44256,Ġmpg,13,0
44258,Ġpars,13,29
44260,Ġplying,13,0
44262,Ġhan,13,2
44263,Ġhacking,13,0
44264,Ġhubs,13,0
44265,Ġhuddling,13,1
44266,Ġtofu,13,11
44267,Ġdich,13,0
44268,Ġdint,13,0
44269,arp,13,0
44270,aran,13,2
44272,arzy,13,0
44274,almed,13,0
44275,asim,13,0
44276,Ġandro,13,0
44277,ĠTand,13,0
44278,ĠTane,13,0
44279,ĠTests,13,0
44280,ĠTarant,13,0
44281,ĠTapest,13,0
44282,ĠTunku,13,0
44283,leaves,13,0
44287,Ġngel,13,0
44288,icer,13,52
44289,icist,13,0
44290,icence,13,0
44291,icists,13,0
44292,iciously,13,0
44293,Ġlb,13,2
44294,Ġlagging,13,8
44295,Ġgoof,13,3
44296,Ġgipsy,13,0
44297,llos,13,1
44298,ĠIlla,13,0
44299,ĠIgor,13,0
44300,Ġisa,13,1
44301,Ġislet,13,0
44302,ĠAK,13,2
44303,ĠAO,13,0
44304,ĠAware,13,0
44305,ĠArie,13,0
44306,ĠAquarium,13,0
44307,ĠAARP,13,0
44308,ĠAuschwitz,13,0
44309,ionomics,13,0
44310,Ġbegs,13,0
44311,Ġbeaver,13,22
44312,owan,13,0
44313,iduous,13,0
44314,Ġeunuchs,13,0
44315,Ġeuphem,13,0
44316,stre,13,3
44317,sting,13,0
44318,sted,13,5
44319,Ġreh,13,0
44320,Ġrew,13,1
44321,Ġreest,13,0
44322,Ġreuse,13,0
44323,Ġreiterated,13,0
44324,aden,13,0
44326,adour,13,3
44327,adden,13,0
44328,adze,13,0
44329,utani,13,0
44330,acom,13,0
44331,rocl,13,0
44332,ething,13,0
44334,ĠSB,13,0
44335,ĠSort,13,0
44336,ĠSog,13,0
44337,ĠSamp,13,0
44338,ĠSomm,13,0
44339,ĠSaff,13,0
44340,ĠSIX,13,4
44341,imen,13,0
44342,Ġstunted,13,0
44343,Ġstitching,13,4
44344,Ġstanza,13,0
44345,Ġiter,13,0
44347,severed,13,0
44348,irming,13,0
44349,amond,13,0
44350,ameless,13,0
44351,gha,13,0
44352,urried,13,0
44353,urrection,13,0
44354,ĠConey,13,0
44355,ĠCels,13,0
44356,ĠCrazy,13,9
44357,ĠMab,13,0
44358,ĠMour,13,0
44359,ĠMog,13,0
44360,ĠMurch,13,0
44361,ĠMush,13,2
44362,ĠMaul,13,0
44363,ĠMON,13,24
44365,ĠMatal,13,0
44366,ĠMIS,13,0
44367,ĠMBA,13,0
44368,ĠMazar,13,0
44369,ĠMatching,13,0
44370,ĠMHC,13,0
44372,Ġwhir,13,0
44373,ĠBEL,13,8
44374,ĠBJP,13,0
44375,ĠHM,13,2
44376,ĠHier,13,0
44377,ĠHuh,13,0
44378,ĠHAL,13,46
44379,ĠHanging,13,0
44380,ĠHoch,13,0
44381,ĠHomo,13,0
44382,ĠHaji,13,0
44383,ĠHaitian,13,0
44384,ĠHIPAA,13,0
44385,Ġasunder,13,0
44386,chley,13,0
44387,Ġnotch,13,2
44388,Ġnotation,13,0
44389,teries,13,0
44390,iland,13,0
44391,ilians,13,0
44392,ilisca,13,0
44394,opening,13,0
44396,ĠPace,13,0
44397,ĠPach,13,0
44398,ĠPens,13,2
44399,ĠPoth,13,0
44400,ĠPats,13,0
44401,ĠPFA,13,0
44402,ĠPitcher,13,9
44403,ĠPsal,13,0
44404,Ġkitty,13,72
44405,ande,13,0
44406,andered,13,0
44407,Ġrh,13,22
44408,Ġrard,13,0
44410,Ġrhod,13,1
44411,Ġrundown,13,4
44412,Ġdost,13,0
44413,Ġdooms,13,0
44414,Ġseams,13,0
44415,ĠWanda,13,1
44416,ĠWOL,13,0
44417,ĠWorthy,13,0
44418,ĠWoj,13,0
44420,ĠWerner,13,0
44421,Ġhisses,13,0
44422,aina,13,0
44424,gey,13,1
44425,Ġshined,13,0
44426,Ġshattering,13,0
44427,ersch,13,0
44430,Ġdepleted,13,0
44431,Ġfricative,13,0
44433,ĠFK,13,0
44434,ĠFM,13,0
44435,ĠFi,13,0
44436,ĠFy,13,0
44437,ĠFul,13,0
44438,ĠFies,13,0
44439,ĠFah,13,0
44440,ĠFool,13,0
44441,ĠFok,13,0
44442,ĠFey,13,0
44443,ĠFolly,13,0
44444,ĠFatal,13,0
44445,ĠFords,13,0
44446,ĠFEC,13,0
44447,ĠFiore,13,0
44448,ĠFOUR,13,7
44449,ĠFarewell,13,0
44450,ĠFuca,13,0
44451,ĠFleece,13,0
44452,umstances,13,0
44453,ĠDix,13,0
44454,ĠDomm,13,0
44456,ĠDaughter,13,0
44457,ĠDuma,13,0
44458,Ġbygone,13,0
44459,Ġchipped,13,4
44460,ĠNK,13,0
44461,ĠNom,13,0
44462,ĠNim,13,0
44463,ĠNur,13,0
44464,ĠNun,13,0
44466,ĠNanny,13,0
44467,ĠNiro,13,0
44468,Ġprostate,13,0
44469,Ġplucking,13,2
44470,Ġconcedes,13,0
44471,ĠLust,13,0
44472,ĠLass,13,0
44473,ĠLover,13,0
44474,ĠLoop,13,0
44475,ĠLilly,13,6
44476,ĠLLC,13,0
44477,ĠLeningrad,13,0
44478,ĠLutterfield,13,0
44479,ĠGanges,13,0
44480,qua,13,1
44481,iek,13,1
44482,ĠRX,13,7
44483,ĠRally,13,1
44484,ĠRage,13,0
44485,ĠRath,13,0
44487,ĠRaim,13,0
44488,ĠRID,13,15
44489,ĠRaft,13,3
44490,ĠRuddy,13,0
44491,ĠRAPS,13,0
44492,ĠRoutes,13,0
44493,ĠRIVER,13,4
44494,abiding,13,0
44495,ĠJU,13,24
44496,ĠJab,13,0
44497,ĠJail,13,0
44498,ĠJump,13,1
44499,ĠJUST,13,6
44500,ĠJenga,13,10
44501,Ġknack,13,0
44502,Ġorita,13,0
44503,ustic,13,0
44504,apoo,13,0
44505,Ġcomically,13,1
44506,Ġcombed,13,9
44507,Ġvying,13,0
44509,Ġexhum,13,0
44510,Ġexcelled,13,0
44511,Ġsofas,13,5
44512,Ġlem,13,2
44513,Ġlep,13,2
44514,Ġlegged,13,25
44515,Ġjac,13,10
44516,Ġjingle,13,0
44517,Ġjutting,13,4
44518,Ġalb,13,0
44519,Ġalias,13,0
44520,eler,13,1
44522,ĠEuch,13,0
44523,ĠEira,13,0
44524,ĠEwing,13,0
44525,ĠEste,13,0
44526,ĠEdson,13,0
44527,Ġsaver,13,5
44529,igar,13,2
44530,igraph,13,0
44531,Ġoutlandish,13,1
44532,Ġalloy,13,1
44533,Ġallergy,13,0
44534,Ġmead,13,0
44535,idea,13,0
44536,peed,13,0
44537,ĠHeidi,13,0
44538,ĠOise,13,0
44539,ĠObe,13,0
44540,ĠOden,13,0
44541,ĠOIG,13,0
44542,onges,13,22
44543,Ġuphol,13,19
44545,agina,13,0
44546,Ġnozzles,13,0
44549,ocious,13,0
44550,Ġintros,13,0
44551,Ġthereon,13,0
44552,aua,13,0
44553,auve,13,4
44554,odont,13,0
44555,oye,13,0
44556,ichu,13,0
44557,akov,13,0
44558,akami,13,0
44559,ĠThrace,13,0
44560,ifting,13,1
44561,ifiers,13,1
44562,ilde,13,0
44564,Ġclammy,13,0
44565,ĠInaug,13,0
44566,ĠInstitutional,13,0
44567,ĠInverness,13,0
44568,rym,13,0
44569,ĠYue,13,0
44570,uend,13,0
44571,ĠKard,13,0
44572,ĠKint,13,0
44573,ĠKama,13,0
44574,ĠKanto,13,0
44575,Ġwomb,13,0
44576,planes,13,1
44577,Ġroars,13,0
44578,rapping,13,0
44579,Ġblah,13,0
44580,Ġblob,13,45
44581,Ġblames,13,0
44582,Ġdiagonal,13,11
44583,ĠUM,13,0
44584,ĠUll,13,0
44585,ĠUri,13,0
44586,ĠUFO,13,0
44587,ĠUPS,13,12
44588,ĠUeno,13,0
44589,ĠUelsen,13,0
44590,Ġdonut,13,1607
44591,ĠStauff,13,0
44592,Ġenig,13,0
44593,ipus,13,0
44594,Ġunle,13,0
44596,Ġunprov,13,0
44597,Ġunruly,13,0
44598,Ġunorthodox,13,0
44599,Ġoverarching,13,0
44600,Ġoffenses,13,0
44601,Ġpervasive,13,0
44602,Ġspires,13,0
44603,Ġsputtering,13,0
44606,avira,13,0
44607,achal,13,0
44608,achments,13,0
44610,ubo,13,0
44611,Ġthinkers,13,0
44612,Ġintoxic,13,0
44613,angulation,13,0
44614,Ġgranny,13,10
44615,Ġdissect,13,0
44616,Ġdisheart,13,0
44617,ĠVide,13,2
44618,ĠVier,13,0
44619,ĠVech,13,0
44620,ĠVader,13,2
44621,ĠVogue,13,3
44623,pern,13,1
44624,perance,13,0
44625,Ġresh,13,0
44626,Ġresil,13,0
44627,Ġresolves,13,0
44628,Ġresurgence,13,0
44629,ruce,13,0
44630,Ġcontended,13,0
44631,Ġpartitions,13,1
44632,Ġpartridges,13,0
44633,Ġscat,13,23
44634,Ġscutt,13,0
44635,endar,13,0
44636,Ġsmug,13,2
44637,Ġgoodliness,13,0
44638,ĠWeight,13,0
44639,ĠWearing,13,13
44640,Ġappellation,13,0
44642,Ġprecept,13,0
44643,Ġprerog,13,0
44644,Ġbackwoods,13,0
44645,ancourt,13,0
44646,Ġflanking,13,1
44647,Ġflickered,13,0
44648,Ġhowls,13,0
44649,Ġwanton,13,0
44650,Ġguise,13,0
44652,Ġpolyn,13,0
44653,Ġpointer,13,18
44654,awat,13,0
44655,awan,13,0
44656,Ġunderpin,13,0
44657,oby,13,0
44658,Ġcrutch,13,16
44659,Ġcronies,13,0
44660,Ġmenus,13,14
44661,Ġattested,13,0
44662,needed,13,0
44663,neutral,13,0
44664,ĠWharton,13,0
44665,Ġaccreditation,13,0
44666,Ġaccolades,13,0
44667,Ġpersonification,13,0
44668,ĠAncest,13,0
44669,ĠAnthrop,13,0
44670,Ġcommuters,13,5
44671,Ġrematch,13,0
44673,ĠUniform,13,8
44674,ĠUncommon,13,0
44675,Ġ'_,13,0
44676,Ġhelium,13,2
44677,Ġwrangler,13,2
44678,ĠAspen,13,0
44679,gano,13,3
44680,Ġeminence,13,0
44681,manager,13,0
44682,Ġslant,13,1
44683,Ġslated,13,0
44684,Ġsleds,13,13
44685,heny,13,0
44686,ĠAlst,13,0
44687,ĠAlvin,13,0
44689,ĠAlvarez,13,0
44690,Ġbelated,13,0
44693,Ġreggae,13,2
44694,Ġentangled,13,0
44695,Ġenthr,13,0
44696,Ġincriminating,13,0
44697,ĠFrau,13,0
44698,Ġ340,13,0
44699,Ġ325,13,2
44700,Ġdecisively,13,0
44701,Ġobesity,13,0
44702,Ġglitz,13,0
44703,Ġbusied,13,0
44704,Ġendpoint,13,0
44705,Ġretin,13,0
44706,Ġretake,13,0
44707,Ġretract,13,0
44708,Ġretrace,13,0
44709,liaments,13,0
44710,azas,13,0
44711,azila,13,0
44712,Ġmonsoons,13,0
44713,Ġcapric,13,0
44714,Ġprovocation,13,0
44715,Ġproviso,13,0
44716,Ġsubgen,13,0
44717,Ġsubtext,13,0
44718,Ġfrills,13,1
44719,ĠArrest,13,0
44721,Ġdrone,13,0
44722,ĠLeen,13,0
44723,ĠLeac,13,0
44724,ĠLevant,13,0
44725,Ġaddictions,13,0
44726,Ġadditives,13,0
44727,Ġrequisite,13,0
44728,Ġcheats,13,0
44729,Ġcheeses,13,12
44730,Ġturnip,13,0
44731,ballos,13,0
44732,ĠMarried,13,4
44733,ĠMarathi,13,0
44734,ificance,13,0
44735,Ġ181,13,0
44736,Ġ1818,13,0
44737,Ġdiscus,13,0
44738,Ġinterd,13,0
44739,ĠClause,13,7
44740,ĠCluster,13,0
44741,ĠClimb,13,0
44742,Ġvisage,13,1
44743,Ġleftover,13,7
44744,ĠSharm,13,0
44745,Ġsystemic,13,0
44746,Ġbooksellers,13,0
44747,atsch,13,0
44748,nery,13,0
44749,Ġcurv,13,1
44750,Ġcurry,13,37
44751,ĠAthe,13,0
44752,ĠAtomic,13,0
44753,Ġblueberry,13,19
44754,Ġcharger,13,15
44755,Ġchariots,13,0
44756,Ġridges,13,2
44757,Ġ590,13,0
44758,exactly,13,0
44759,Ġsignalled,13,0
44760,Ġworldclass,13,0
44762,Ġrefinery,13,2
44763,Ġsnoring,13,0
44764,Ġwalkways,13,12
44765,Ġruse,13,0
44766,Ġclew,13,0
44767,Ġelude,13,0
44768,Ġmodular,13,14
44769,ĠForfe,13,0
44770,Ġpublicize,13,0
44771,Ġdeportment,13,0
44772,Ġformulation,13,0
44773,Ġdripped,13,1
44774,Ġtopography,13,0
44775,Ġlandfall,13,0
44776,Ġ650,13,0
44777,Ġextrad,13,0
44778,ĠSpotted,13,6
44779,Ġvaliantly,13,0
44780,Ġvaluables,13,0
44782,Ġnumbering,13,1
44783,ĠProb,13,0
44784,ĠProceed,13,0
44785,Ġtwos,13,7
44786,Ġdeton,13,12
44788,Ġbasins,13,3
44789,Ġcreed,13,0
44790,Ġconferees,13,0
44791,Ġedict,13,0
44792,ĠMyn,13,0
44793,Ġstatu,13,1
44794,brac,13,0
44795,brimmed,13,5
44796,rictly,13,0
44797,ĠEditors,13,0
44799,ĠEdnoth,13,0
44800,ikal,13,0
44801,ikas,13,0
44803,Ġforearm,13,19
44804,Ġforeclosure,13,0
44805,Ġforesaw,13,0
44806,Ġrevising,13,0
44807,uredly,13,0
44808,Ġbrooms,13,36
44809,Ġinsom,13,0
44810,Ġinsensible,13,0
44811,ĠDozens,13,21
44812,annes,13,0
44813,Ġmedall,13,2
44814,inaire,13,0
44815,Ġweekday,13,0
44816,Ġ711,13,0
44817,Ġveered,13,0
44819,usey,13,0
44821,Ġpeg,13,15
44822,Ġpecc,13,0
44823,ĠPratt,13,0
44824,ĠPrinted,13,0
44825,ĠPriscus,13,0
44827,Ġfireplaces,13,0
44828,Ġtriggers,13,0
44829,Ġwinnings,13,0
44830,Ġloam,13,0
44831,Ġloathe,13,0
44832,ĠFlam,13,0
44833,Ġparry,13,0
44834,Ġparaded,13,0
44835,Ġshorten,13,0
44836,ĠChristensen,13,0
44837,Ġbaron,13,1
44838,Ġbarons,13,0
44839,Ġbarrow,13,0
44840,Ġmement,13,0
44842,ĠReproduction,13,0
44843,Ġcaec,13,0
44844,Ġcaressed,13,2
44845,Ġshopkeepers,13,0
44846,Ġstoryline,13,0
44847,Ġtechnologist,13,0
44848,Ġcrowing,13,0
44849,Ġfunders,13,0
44850,ĠColors,13,0
44851,ĠZa,13,0
44852,ĠZan,13,1
44853,ĠZay,13,0
44854,ĠZell,13,0
44855,ĠQUE,13,1
44856,Ġ172,13,0
44857,Ġ1735,13,0
44858,Ġ1723,13,0
44859,ĠMaya,13,0
44860,Ġequiv,13,0
44861,Ġvisitation,13,0
44862,Ġunderstandably,13,0
44863,Ġsnowcapped,13,14
44864,Ġbedstead,13,0
44865,Ġwoodpecker,13,2
44866,ĠPhonetic,13,0
44867,Ġreplicated,13,0
44868,Ġreplacements,13,0
44869,oller,13,1
44870,ĠPlac,13,3
44871,ĠOrb,13,0
44872,ĠOrville,13,0
44873,1950,13,1
44874,1961,13,0
44875,ĠScore,13,2
44876,Ġtablecloths,13,12
44877,Ġpostmaster,13,0
44878,Ġpostcard,13,2
44879,Ġpostgraduate,13,0
44880,Ġcatac,13,2
44881,ĠBenet,13,0
44882,Ġdolly,13,24
44883,Ġ1598,13,0
44884,ĠGeological,13,0
44885,Ġdarkening,13,1
44886,ĠGerm,13,0
44887,letters,13,0
44888,ĠSeinfeld,13,0
44889,ĠSeleuc,13,0
44890,ĠTof,13,0
44891,omaniac,13,0
44892,Ġengages,13,1
44893,Ġquestioningly,13,0
44894,ĠExcl,13,0
44895,ĠExisting,13,0
44896,Ġlayoffs,13,0
44897,aiji,13,0
44898,toe,13,17
44899,Ġfilings,13,0
44900,ĠGuitar,13,3
44901,Ġmagpies,13,0
44902,Ġwatcher,13,9
44903,Ġburgh,13,0
44904,ĠBarro,13,0
44905,Ġrulings,13,0
44906,coons,13,3
44908,Ġmermaid,13,4
44909,rafted,13,0
44910,Ġcomputed,13,0
44911,ĠWarwick,13,0
44912,maal,13,0
44913,Ġsquared,13,4
44914,ĠPermanent,13,0
44915,Ġhatched,13,0
44916,ĠTHREE,13,19
44917,Anderson,13,0
44918,ĠCanico,13,0
44919,ĠTeaching,13,0
44920,Ġsolves,13,0
44921,Ġsalted,13,1
44922,scribed,13,0
44923,ĠCharleville,13,0
44924,Ġcults,13,0
44925,Ġceas,13,1
44926,Ġceases,13,0
44927,ĠAmirs,13,0
44928,Ġharang,13,0
44929,Ġharms,13,0
44930,Ġharming,13,0
44931,ĠSecession,13,0
44932,ambar,13,0
44933,Ġlaboring,13,0
44934,ĠMegan,13,0
44935,ĠXena,13,0
44936,Ġnonstop,13,0
44937,Ġnonpartisan,13,0
44938,Ġnonchal,13,0
44939,ĠPolite,13,0
44940,Ġfurt,13,4
44941,Ġfurlough,13,0
44942,ĠGenovese,13,0
44943,ĠCityHall,13,0
44944,Ġpaled,13,0
44945,Ġpalate,13,1
44946,Ġpallet,13,20
44947,Ġpalazzi,13,0
44948,Ġpalheiro,13,0
44949,Ġsufficed,13,0
44951,Ġappliance,13,26
44952,deacon,13,0
44953,Ġarmad,13,1
44954,Ġcomplicate,13,0
44955,Ġexistential,13,0
44957,Ġfortification,13,0
44958,ĠElimin,13,0
44959,ĠEligible,13,0
44960,Ġ131,13,0
44961,Ġordnance,13,0
44962,HAR,13,0
44963,Ġsuperl,13,0
44964,Ġsuperintend,13,0
44965,Ġsuperabundant,13,0
44966,ĠSwitch,13,0
44967,Ġfastening,13,0
44968,Ġantelopes,13,0
44969,Ġpositioning,13,1
44970,Ġautographs,13,2
44971,ĠFinney,13,0
44972,ĠPalo,13,0
44973,ĠEmile,13,0
44974,Ġsightless,13,0
44975,Ġchairperson,13,0
44976,afa,13,0
44977,ĠPortable,13,0
44978,ĠPortela,13,0
44980,ĠCapture,13,0
44981,Ġ305,13,0
44982,ifornia,13,2
44983,Ġnetting,13,11
44984,ĠAssumptions,13,0
44985,Ġmultinational,13,0
44986,Ġdocile,13,1
44987,Ġhitched,13,8
44988,Ġrouted,13,0
44989,Ġcredence,13,0
44990,ĠDemographics,13,0
44991,Ġimpacting,13,0
44992,Ġexpressways,13,0
44993,ĠQuad,13,0
44994,ĠQuart,13,1
44995,ĠQuerc,13,0
44996,ĠNobunaga,13,0
44997,Ġlaughable,13,0
44998,Ġwaitin,13,0
44999,Ġmisrepresent,13,0
45000,Ġmisogyn,13,0
45001,chee,13,1
45002,chem,13,0
45003,ĠEngel,13,0
45004,Ġacquies,13,0
45006,ĠIrvine,13,0
45007,ĠAirports,13,0
45008,Ġ259,13,0
45009,ĠAga,13,0
45010,Ġbloodstream,13,0
45011,ĠSerie,13,0
45012,ĠCoordination,13,0
45013,garh,13,0
45014,ĠCourthouse,13,0
45015,Ġcombating,13,0
45016,Ġguitarists,13,32
45017,Ġhospice,13,0
45018,Ġradically,13,0
45019,ĠCriminals,13,0
45020,Ġthrash,13,0
45021,Ġ210,13,2
45022,Ġ216,13,0
45023,ONS,13,9
45024,Ġfreaks,13,0
45025,ĠValuable,13,0
45026,Ġconversions,13,0
45027,Ġearthworks,13,0
45028,Ġimagines,13,0
45029,Ġimaginations,13,0
45030,Ġbenchmarking,13,0
45031,humor,13,0
45032,ĠGlitter,13,0
45033,ĠBohemian,13,1
45034,imsky,13,0
45035,Ġannounces,13,0
45036,regard,13,0
45037,ĠRosal,13,0
45038,ĠComart,13,0
45039,ĠCompleted,13,0
45041,iqued,13,0
45042,Ġcorrecting,13,0
45043,Ġcruising,13,2
45044,Ġcookbooks,13,0
45045,Ġcollimated,13,0
45046,Ġdisprove,13,0
45047,Ġpredetermined,13,0
45048,Ġgasps,13,0
45049,Ġverte,13,0
45050,Ġsensit,13,0
45051,Ġuncouth,13,0
45052,Ġtrooped,13,0
45053,Ġlaurels,13,0
45054,Ġtrickled,13,0
45055,Ġcoffers,13,0
45056,Ġensuing,13,0
45057,brevi,13,0
45058,Ġcowards,13,0
45059,Ġ246,13,1
45060,Ġhospitalization,13,0
45061,ĠMartial,13,4
45062,ĠMartins,13,0
45063,Ġundaunted,13,0
45064,Ġcitation,13,0
45065,ĠMidtown,13,0
45066,ĠPreventing,13,0
45067,ĠWindsurfing,13,0
45068,Ġ231,13,0
45069,Ġ232,13,0
45070,Ġ236,13,0
45071,ĠBayonne,13,0
45072,Ġteleconferencing,13,0
45073,ĠSuwak,13,0
45074,Ġbikinis,13,48
45075,ĠTIer,13,0
45076,ĠBoyne,13,0
45077,ĠDisclosure,13,0
45078,ĠImus,13,0
45079,ĠImpl,13,0
45080,ĠMori,13,0
45081,ĠBurr,13,1
45082,hiy,13,0
45083,ĠBlackie,13,0
45084,Ġdecorum,13,0
45085,Ġdomains,13,0
45086,ĠPrizes,13,0
45087,Ġneckties,13,15
45088,Ġ221,13,0
45089,Ġ223,13,0
45090,Ġ224,13,1
45091,Ġ226,13,0
45092,121,13,0
45095,Ġimpressively,13,0
45096,Ġstockade,13,1
45097,Ġ271,13,0
45098,ĠSalazar,13,0
45099,ĠSaladin,13,0
45100,ĠMerwin,13,0
45101,ĠSamoth,13,0
45102,ĠSamantha,13,0
45103,Ġentertainments,13,0
45105,blade,13,0
45106,ITCH,13,21
45107,Ġtripod,13,52
45108,ĠHelip,13,0
45109,Ġapprehensive,13,0
45110,ĠLittleton,13,0
45111,Ġbriefs,13,5
45112,Ġdigits,13,2
45113,Ġdigger,13,1
45114,Ġvacated,13,0
45115,Ġpetrified,13,0
45116,Ġrenounce,13,0
45117,Ġgalle,13,0
45118,ĠMacintosh,13,1
45119,Ġproserity,13,0
45120,Ġunsur,13,0
45121,Ġunsettled,13,0
45122,Ġunspoken,13,0
45123,ĠUnderwater,13,0
45124,Ġbulging,13,2
45125,ĠGoldwater,13,0
45126,ĠSkip,13,0
45127,Ġprawns,13,1
45128,Ġunfolding,13,0
45129,Ġcongressmen,13,0
45130,Ġlawnmower,13,16
45131,Ġbatons,13,20
45132,iyenko,13,0
45133,Ġcashmere,13,0
45134,ĠOverseas,13,0
45135,Ġmadame,13,0
45136,Ġsmokeless,13,0
45137,ĠMurfrees,13,0
45138,ICA,13,2
45139,ĠOutdoor,13,11
45140,Ġbuckled,13,2
45141,160,13,1
45142,Ġdismally,13,0
45143,Ġdismount,13,0
45144,ĠMagi,13,0
45145,Ġsilverware,13,74
45146,Ġcriticizes,13,0
45147,Ġmutilated,13,0
45148,ĠCarolinas,13,0
45149,Ġsubmarines,13,0
45150,ĠKhans,13,0
45151,Ġcasement,13,0
45152,ĠMcCl,13,0
45153,ĠMcCann,13,1
45154,ĠWorkforce,13,0
45155,crafted,13,1
45156,ĠCampus,13,1
45158,Ġschoon,13,0
45159,Ġcontainment,13,0
45160,Ġderailed,13,1
45161,Ġconflagration,13,0
45162,Ġobliging,13,0
45163,Ġathwart,13,0
45164,ĠNorse,13,0
45166,IDs,13,0
45167,Ġracially,13,1
45168,Ġinterventionist,13,0
45169,ĠTerms,13,0
45170,ĠPenney,13,1
45171,Ġ08,13,3
45172,ĠSurf,13,18
45173,Ġsmartphone,13,18
45174,ACT,13,3
45175,Ġthinly,13,0
45176,ĠMaoris,13,0
45177,Ġquantifying,13,0
45178,Ġquantitatively,13,0
45179,Ins,13,0
45180,Ġlifetimes,13,0
45181,ĠBasu,13,0
45182,ĠUsher,13,0
45183,Ġdissolving,13,0
45184,ĠWinfrey,13,0
45185,uzzi,13,3
45186,ĠPerspectives,13,0
45187,ĠINTO,13,2
45188,barrel,13,0
45189,ĠTravis,13,0
45190,ĠMosko,13,0
45191,Ġdescends,13,0
45192,falling,13,0
45194,ĠWoodstock,13,0
45195,ĠGiord,13,0
45196,Ġtorii,13,0
45197,Ġastute,13,0
45198,ĠInterface,13,0
45199,ĠArchdiocese,13,0
45200,igel,13,0
45201,ĠLatinos,13,0
45202,ĠTrieste,13,0
45203,Ġbronco,13,7
45204,Ġrevolutions,13,0
45205,Ġchestnuts,13,1
45206,Ġtoughness,13,0
45207,iii,13,1
45208,Ġsatisfactorily,13,0
45209,IAM,13,0
45210,ĠInstalling,13,0
45211,ĠInstallation,13,0
45212,ĠOsage,13,1
45213,Ġclockwork,13,0
45214,ĠRobins,13,0
45216,hoek,13,0
45217,ĠDubliners,13,0
45218,Ġsymbolized,13,0
45219,ĠDeficit,13,0
45220,ĠDefinition,13,0
45221,Ġtongs,13,63
45222,ĠTyrol,13,0
45223,ĠConferees,13,0
45224,Ġcroak,13,0
45225,ĠSarac,13,0
45226,ĠSarrazin,13,0
45227,ĠGalland,13,0
45228,ĠKristen,13,0
45229,Ġmelts,13,0
45230,Ġsequential,13,0
45231,Ġbayonets,13,2
45232,tracks,13,1
45233,ĠCivilian,13,0
45235,Ġabsorbs,13,0
45236,ĠMillar,13,0
45237,Ġcounselor,13,0
45238,Ġreckoning,13,0
45239,Ġunhooked,13,0
45240,ĠPacers,13,0
45241,ĠPacino,13,0
45242,Ġpinning,13,2
45243,ĠStatutory,13,0
45245,ĠSecondary,13,1
45246,ĠFarwell,13,0
45247,ĠNorma,13,0
45248,Also,13,0
45249,aganza,13,0
45250,Ġbattalions,13,0
45251,ĠPuyo,13,0
45252,ĠFairies,13,0
45253,Ġ702,13,0
45254,Ġdeterminations,13,0
45255,Ġsacrificial,13,0
45257,Ġhyphen,13,0
45258,ĠLoches,13,0
45259,ĠDanielle,13,0
45260,ĠVolkswagen,13,7
45262,ĠNortherners,13,0
45263,Anjou,13,0
45264,ĠPotomac,13,0
45265,Ġpedoph,13,0
45266,marine,13,0
45267,ĠPointCast,13,0
45268,Ġsheltering,13,3
45269,ĠHyund,13,3
45270,ĠTimber,13,0
45271,Ġsampled,13,0
45272,Ġgleaned,13,0
45273,Ġidealism,13,0
45274,ĠSCRs,13,0
45275,ĠRenault,13,0
45276,Ġvested,13,4
45277,Ġvestiges,13,0
45278,ĠAshikaga,13,0
45279,Ġhomo,13,1
45280,Ġkilow,13,0
45281,ĠRodgers,13,3
45282,ĠJeffords,13,0
45283,ĠVerde,13,0
45285,Ġtacked,13,0
45286,ĠSECRET,13,0
45287,Ġjewelers,13,0
45289,Ġspinach,13,65
45290,Ġpiloting,13,0
45291,Ġwounding,13,0
45292,Ġweirdly,13,3
45293,Ġcompensatory,13,0
45294,Ġexpedient,13,0
45295,Ġinstituting,13,0
45296,Ġdismissing,13,0
45297,ĠPoems,13,0
45298,Ġdelightedly,13,0
45299,Ġessentials,13,0
45300,ĠMotiv,13,0
45301,ĠBourges,13,0
45302,Ġaerospace,13,0
45303,Ġinventors,13,0
45304,Ġinterfaces,13,2
45305,organic,13,0
45306,ĠBedroom,13,1
45307,Ġvocation,13,0
45308,Ġmonarchies,13,0
45309,smelling,13,0
45310,ĠMandel,13,0
45311,ĠMandeville,13,0
45312,Ġdrunkard,13,0
45313,Ġdominion,13,1
45314,ĠLibre,13,0
45315,Ġbubbling,13,2
45316,Ġpumpkins,13,13
45317,immons,13,0
45318,ĠDiwan,13,0
45319,Ġbreastplate,13,0
45320,Ġdepositing,13,0
45321,ĠFirebug,13,0
45323,ĠCopenhagen,13,4
45324,ĠOlson,13,0
45325,Ġ336,13,2
45326,ĠInvesting,13,0
45328,Ġacademia,13,0
45329,Ġpaddies,13,1
45330,Ġpaddocks,13,0
45331,ĠJordanian,13,0
45332,ĠCabaret,13,0
45333,ĠCornel,13,0
45334,ĠBhosle,13,0
45335,Ġmalaria,13,0
45336,Ġgrossly,13,0
45337,Ġsighing,13,0
45339,Ġblazes,13,0
45340,ĠTaxis,13,0
45341,ĠLovell,13,0
45342,ĠAutob,13,0
45343,ĠParticipant,13,1
45344,Ġtrashy,13,0
45345,ĠSharma,13,0
45346,ĠSobek,13,0
45347,Ġballooning,13,0
45348,ĠNonprofit,13,0
45349,Ġferret,13,13
45350,Ġmoody,13,0
45351,Ġtommy,13,2
45352,ĠEmery,13,0
45353,Ġdilated,13,0
45354,ĠTalent,13,0
45355,Ġoutlining,13,0
45356,Ġspectacularly,13,0
45357,ĠHuguen,13,0
45359,ĠAleks,13,0
45360,ĠMultimedia,13,0
45361,ĠAdvice,13,0
45362,Ġmobsters,13,0
45363,ĠMercer,13,0
45364,Ġenthusiast,13,2
45365,ĠWWF,13,0
45366,Ġclarifying,13,0
45367,ĠSooners,13,10
45368,Ġrending,13,0
45369,Ġplanetary,13,4
45370,ĠNetworks,13,0
45371,Ġbeastly,13,0
45372,ĠBatista,13,1
45373,Ġxen,13,0
45374,762,13,0
45375,Ġgiggled,13,0
45376,ĠKashmiri,13,0
45377,ĠFarmworkers,13,0
45378,ĠSemple,13,0
45379,ĠHasid,13,4
45380,ĠDCs,13,0
45381,Ġconjure,13,0
45382,Ġconjuring,13,0
45383,ĠHeadquarters,13,0
45384,ĠNavigator,13,0
45385,Ġjuggler,13,5
45386,Ġwithdrawals,13,0
45387,anzas,13,1
45388,Ġhindsight,13,0
45389,burne,13,0
45390,ĠFriendship,13,0
45391,Ġunfairness,13,0
45392,Ġretainer,13,12
45393,ĠVenezia,13,0
45394,Ġstallions,13,0
45395,Ġkayaker,13,13
45396,Ġ496,13,0
45397,Ġstreaked,13,5
45398,riminal,13,0
45399,ĠAdministrators,13,0
45400,Ġequivalence,13,0
45401,Ġracked,13,3
45402,ĠDesigns,13,0
45403,Ġaerobic,13,0
45404,Whatever,13,0
45405,ravity,13,0
45406,Ġallegation,13,0
45407,ĠProphe,13,0
45408,Ġtransmittal,13,0
45409,ĠHalfway,13,0
45410,Ġ1787,13,0
45411,Ġ1788,13,0
45412,Ready,13,0
45413,ĠCAD,13,0
45414,Ġabsurdity,13,0
45416,Ġaccumulating,13,0
45417,Ġadaption,13,0
45418,Ġvinegar,13,3
45419,Ġsobering,13,0
45420,Ġindulgence,13,0
45421,United,13,0
45422,Ġsolicitude,13,0
45423,Ġfussy,13,1
45424,Ġfussed,13,0
45425,ĠTelecommunications,13,0
45427,ĠAbdullah,13,0
45428,ĠFallen,13,0
45429,Ġluxuriously,13,0
45430,ĠPetersfield,13,0
45431,Ġchateaux,13,0
45432,believe,13,0
45433,ĠEveridge,13,0
45434,Ġ1701,13,0
45435,Ġirritably,13,0
45436,ĠMarinella,13,0
45437,ĠJeffersons,13,0
45438,Ġvibration,13,0
45439,Ġstimulation,13,0
45440,ĠDiscrimination,13,0
45441,ĠBodh,13,0
45442,ĠBahadur,13,0
45443,ĠExtended,13,0
45444,ĠHORATIO,13,0
45445,Ġgeniuses,13,0
45446,slate,13,0
45447,OKI,13,0
45448,Ġreproving,13,0
45449,ĠBernardino,13,0
45450,Ġdistinguishable,13,0
45451,ĠBiddle,13,0
45452,ĠPractical,13,1
45453,ĠGentleman,13,6
45454,Ġworshipping,13,0
45455,ĠObservers,13,10
45456,ĠSweat,13,0
45457,ĠSpacey,13,0
45458,Ġcherish,13,0
45459,Ġascribed,13,0
45460,ĠKazimierz,13,0
45461,Ġsurrendering,13,0
45462,ĠKanazawa,13,0
45463,ĠHoag,13,0
45464,ĠPearinsky,13,0
45465,Ġpuffs,13,13
45466,Ġpuffy,13,29
45467,Ġappoints,13,0
45468,Ġtoothp,13,78
45469,ĠConditions,13,0
45470,Ġuninv,13,0
45471,ĠClippers,13,0
45472,ĠPolycrates,13,0
45473,ĠEscort,13,0
45474,Ġwiggle,13,0
45475,Ġcovet,13,0
45476,Ġcomprehended,13,0
45477,Ġtranquillity,13,0
45478,Ġzei,13,0
45479,ĠCreatures,13,0
45480,ĠDowit,13,0
45481,ĠGaunt,13,0
45482,Ġcontradicted,13,0
45483,ĠBergamo,13,0
45484,Ġnutrition,13,1
45485,Ġgauging,13,0
45486,ĠCombining,13,0
45487,Ġpatrols,13,1
45488,ĠChenonce,13,0
45489,Ġthrongs,13,0
45490,Ġexhaustive,13,0
45491,Ġvertically,13,21
45492,ĠCONS,13,0
45493,ĠNAACP,13,0
45494,Ġcrippling,13,0
45495,ĠTuttle,13,0
45496,Ġgossiping,13,0
45497,ĠSagar,13,0
45498,ĠDocuments,13,0
45499,ĠSpaniard,13,0
45500,ĠGlassware,13,0
45501,ULT,13,15
45502,didn,13,0
45503,ĠBotany,13,0
45504,Ġcreepers,13,0
45505,negative,13,0
45506,Ġcrestfallen,13,0
45507,Ġbarefooted,13,15
45508,Prof,13,0
45509,Ġcurtly,13,0
45510,Ġpromenades,13,0
45511,Ġairliner,13,4
45512,ĠAbbott,13,0
45513,IFIC,13,1
45514,Ġmarshm,13,44
45515,calib,13,0
45516,Ġmolest,13,0
45517,Ġparasol,13,29
45518,Ġlurked,13,0
45519,ĠIRT,13,0
45520,ĠIRCA,13,0
45521,ĠWhistler,13,0
45522,Ġinconsequential,13,0
45523,Ġdentists,13,2
45524,Ġseminal,13,0
45525,ĠVeteran,13,1
45526,Ġbouquets,13,12
45527,ĠSophy,13,0
45528,ĠSoprano,13,0
45529,ĠPoniatowski,13,0
45530,Ġoverlapping,13,8
45531,Ġsqq,13,0
45532,ĠSuccession,13,0
45533,Ġethnically,13,8
45534,Ġethnography,13,0
45535,Ġwaxed,13,1
45536,ĠSardis,13,0
45537,ĠBessette,13,0
45538,ĠBathurst,13,0
45539,Ġsnapshot,13,0
45540,Ġbunker,13,2
45541,ĠPsychic,13,1
45542,ĠPsychology,13,0
45543,ĠProcessing,13,0
45544,Ġsulky,13,0
45545,Ġcroseng,13,0
45546,Ġserenely,13,0
45547,Ġdistributions,13,0
45548,Ġaforementioned,13,0
45549,Ġlustily,13,0
45550,ĠParsis,13,0
45551,Ġtsar,13,0
45552,Ġslaughtering,13,0
45553,Ġsteerage,13,0
45554,Ġpromotions,13,0
45555,Ġphilanthropy,13,0
45556,ĠFRONT,13,77
45557,ĠAlphabet,13,0
45558,ĠFormerly,13,0
45559,Ġtaverns,13,0
45560,ĠCetel,13,0
45561,ĠCertification,13,2
45562,Doesn,13,0
45563,Ġhustling,13,0
45564,ĠJedi,13,0
45565,Ġstrongholds,13,0
45566,Ġbagpipe,13,24
45567,Ġclamoring,13,0
45568,Turkish,13,0
45569,Ġbobbing,13,0
45570,Ġyawns,13,9
45571,Ġinserts,13,0
45572,ĠMcCarthyism,13,0
45573,Ġintimidate,13,0
45574,Ġnotebooks,13,26
45575,Ġcraze,13,0
45576,Ġdefectors,13,0
45577,ĠBROTHERS,13,0
45578,ĠDobrava,13,0
45579,ĠJudean,13,0
45580,Ġmathematicians,13,0
45581,Ġalgorithms,13,0
45582,Ġencircling,13,1
45583,ĠAppropriate,13,0
45584,Ġlangues,13,0
45586,ĠXXVIII,13,0
45587,Ġencompass,13,0
45588,buildings,13,0
45589,ĠFolketing,13,0
45590,ĠEssert,13,0
45591,ĠArriaga,13,0
45592,ĠPandorica,13,0
45593,Ġunintended,13,0
45594,Ġfluctuations,13,0
45595,ĠClaiborne,13,0
45596,ĠObjects,13,0
45597,ĠTotoro,13,0
45598,ĠCoxwell,13,0
45599,ĠJarrah,13,0
45600,Ġmeteorology,13,0
45601,Ġbesiegers,13,0
45602,Ġgrievous,13,0
45603,Ġgrievously,13,0
45604,ĠCinemat,13,0
45605,ĠRawlings,13,0
45606,Ġoverflowed,13,0
45607,Ġdeprive,13,0
45608,Ġvirgins,13,0
45609,Ġdisseminating,13,0
45610,Ġshreds,13,0
45611,ĠFolks,13,5
45612,Ġoutnumber,13,0
45613,ĠFrisia,13,0
45614,Ġreconcile,13,0
45615,Ġforfeiture,13,0
45616,Ġmelodic,13,0
45617,sighted,13,0
45618,ĠCummings,13,0
45619,Ġdraughts,13,0
45620,ĠSantorum,13,0
45621,ĠTihipko,13,0
45622,Ġmantelpiece,13,0
45623,ĠGazu,13,0
45624,Ġstipulation,13,0
45625,ĠNabors,13,0
45626,Ġmanifestations,13,0
45627,Ġhogs,13,0
45628,Ġthroes,13,0
45629,ĠBotticelli,13,0
45630,Ġrippling,13,1
45632,grandfather,13,0
45633,Ġslamming,13,0
45634,Ġrapturous,13,0
45635,ĠWelchman,13,0
45636,ĠMoira,13,0
45637,ĠFSF,13,0
45638,Ġorthodoxy,13,0
45639,Ġjaboty,13,0
45640,Ġdigestive,13,0
45641,breeding,13,0
45644,Ġtheorists,13,0
45645,Ġdueling,13,0
45646,Ġchisel,13,30
45647,Ġcongestion,13,0
45648,ĠGertis,13,0
45649,ĠVaclav,13,0
45650,Ġscoundrels,13,0
45651,Histoire,13,0
45652,Ġtantal,13,0
45653,Ġholler,13,0
45654,ĠScheduled,13,0
45655,Ġintuition,13,0
45656,Ġentreaties,13,0
45657,Ġglacier,13,5
45658,ĠAthenian,13,0
45659,ĠRequests,13,0
45660,Ġpenalize,13,0
45661,Fellows,13,0
45662,ĠBRADLEY,13,0
45663,Ġchromium,13,0
45664,Ġsentinel,13,0
45665,Ġcolonnade,13,4
45666,ĠBraunfels,13,0
45667,bottomed,13,3
45668,Ġomnibus,13,0
45669,Ġsterling,13,0
45670,ĠMaterial,13,0
45671,Ġpacifier,13,42
45672,ĠSensitive,13,0
45673,ĠHogarth,13,0
45674,ĠPKK,13,0
45675,Ġremodeling,13,0
45676,Ġrelinquished,13,0
45677,Ġsnugly,13,0
45678,Ġissuers,13,0
45679,Charles,13,0
45680,ĠApalachicola,13,0
45681,ĠFOX,13,1
45682,Ġillumined,13,0
45683,ĠComparison,13,0
45684,mainly,13,0
45685,ĠPtolemy,13,0
45686,Ġoverruled,13,0
45687,Ġdelirious,13,0
45688,ĠLiggett,13,0
45689,ĠVariations,13,0
45690,ĠCAFR,13,0
45691,ĠGymnasium,13,0
45692,Ġfiendish,13,0
45693,ĠSailor,13,2
45694,ĠBilox,13,0
45695,Ġintrigue,13,0
45696,ĠWeaknesses,13,0
45697,ĠSuzanne,13,0
45698,ĠMillionaire,13,0
45699,Ġwithholding,13,0
45700,ĠGMC,13,1
45701,ĠKwanzaa,13,0
45702,Ġroyals,13,0
45703,Ġpreviews,13,0
45704,ĠBeaumont,13,0
45705,ĠMaccabi,13,0
45706,Ġblotting,13,0
45707,Ġimbib,13,0
45708,Ġunimpressed,13,0
45709,reviewed,13,0
45710,ĠChernobyl,13,0
45711,ĠMateo,13,0
45712,ĠPattens,13,0
45713,ĠRSSI,13,0
45714,Ġheralded,13,0
45715,Ġresidue,13,4
45716,Ġgrappling,13,0
45717,ĠFarmington,13,0
45719,ĠGimignano,13,0
45720,ĠChocolate,13,35
45722,Ġrevisit,13,0
45723,Ġaesthetically,13,0
45724,African,13,0
45725,Ġlibretto,13,0
45726,ĠHeathen,13,0
45727,Ġnarcotic,13,0
45728,Ġtoxins,13,0
45729,ĠMnuchin,13,0
45730,ĠNORTH,13,1
45731,Ġpropeller,13,52
45732,ĠTonsil,13,0
45733,ĠPompidou,13,0
45734,ĠGainesville,13,0
45735,ĠEminem,13,0
45736,Ġrecapture,13,0
45737,ĠWhiskey,13,0
45738,ĠPlateau,13,0
45739,ĠJewelry,13,1
45740,Ġimpertinent,13,0
45741,Actually,13,0
45742,ĠPureiromba,13,0
45743,Ġkerchief,13,7
45744,ĠOmnibus,13,0
45745,Ġdemurely,13,0
45746,Ġinflammation,13,0
45747,Ġembryos,13,0
45748,Ġquadruple,13,0
45749,Panthoibi,13,0
45750,Schoolcraft,13,0
45751,district,13,0
45752,Ġdandelions,13,24
45753,ĠAeronautics,13,0
45754,ĠPLAY,13,165
45755,ĠLoyola,13,0
45756,Ġsnobbish,13,0
45757,Ġcaptivating,13,0
45758,Ġspreadsheets,13,0
45759,ĠLedfords,13,0
45760,Financial,13,0
45761,Museo,13,0
45762,ĠCumulative,13,0
45763,ĠBILLY,13,0
45764,ĠLaxman,13,0
45765,Ġunquestionably,13,0
45766,ĠBricktop,13,0
45767,Ġbenevolent,13,0
45768,Ġconjugation,13,0
45769,ĠBrahmins,13,0
45770,ĠRespondents,13,0
45771,Ġsemicircle,13,3
45772,Ġpiteously,13,0
45773,Ġgrenade,13,13
45774,Ġexasperated,13,0
45775,ĠKansai,13,0
45776,ĠShivaji,13,0
45777,Ġtreasured,13,0
45778,ĠAdirond,13,2
45779,Ġapocalyptic,13,0
45780,Ġinexplicable,13,0
45781,ĠScandinavian,13,0
45782,Ġchimpanzee,13,0
45783,ĠPappu,13,0
45784,ĠFosco,13,0
45785,ĠGOLDEN,13,1
45786,ĠROBERT,13,0
45787,ĠChoctaw,13,0
45788,ĠAdmissions,13,0
45789,Ġprotruding,13,4
45790,Ġobsessive,13,0
45791,CBN,13,0
45792,George,13,0
45794,ĠBumpass,13,0
45795,ĠWaverley,13,0
45796,Ġunseemly,13,0
45797,Ġunclaimed,13,0
45799,ĠBroderick,13,0
45800,Ġambivalence,13,0
45801,Ġjuxtaposition,13,0
45802,ĠStaffordshire,13,0
45803,Ġrattlesnake,13,15
45804,zewski,13,0
45805,Ġbrazen,13,0
45806,clerosis,13,0
45807,Ġmenhirs,13,0
45808,ĠArauco,13,0
45809,Ġpainstakingly,13,0
45810,Ġapprehensively,13,0
45811,ĠMagdalene,13,0
45812,ĠHadesarchaea,13,0
45813,Ġkennel,13,2
45814,Ġrhinos,13,0
45815,ĠRunaway,13,0
45816,ĠOtho,13,0
45817,Ġhygiene,13,0
45818,Ġschizophrenia,13,0
45819,Ġinanimate,13,0
45820,ĠSatellite,13,0
45821,ĠCurnin,13,0
45822,ĠElementary,13,1
45823,Ġscruffy,13,11
45824,ĠAndalusia,13,0
45825,ĠLeinster,13,0
45826,Ġelicited,13,0
45827,Ġfaaade,13,0
45828,Ġunrecogn,13,2
45829,Honganji,13,0
45830,JOHN,13,0
45831,Ġeconometric,13,0
45832,Ġasymmetrical,13,0
45833,ĠRodeo,13,2
45834,ĠKhamlangba,13,0
45835,Ġsmouldering,13,0
45836,ĠAluminium,13,0
45837,ĠDoctrine,13,0
45838,ĠConestoga,13,0
45839,Ġparlors,13,0
45840,ĠRescue,13,7
45841,Ġprecursor,13,1
45842,ĠCorbett,13,0
45843,ĠProfessionals,13,0
45844,warrior,13,0
45845,ĠGhazni,13,0
45846,ĠWyandotte,13,0
45847,ĠTuscaloosa,13,0
45848,Ġcrustaceans,13,0
45849,Ġstupefied,13,0
45850,ĠLauderdale,13,0
45851,soccer,13,0
45852,Ġcessation,13,0
45853,Ġtoenails,13,8
45854,Ġguttural,13,0
45855,ĠMitterrand,13,0
45856,ĠPotsdam,13,0
45857,ĠWiltshire,13,0
45858,ĠDomenico,13,0
45859,odendrons,13,0
45860,ĠUnexpected,13,0
45861,Ġunadorned,13,0
45862,ĠUnabomber,13,0
45863,ĠAlthea,13,0
45864,ĠArapaho,13,0
45865,Ġlimousine,13,22
45866,ĠUpdike,13,0
45867,Ġtrajectory,13,0
45868,ĠVolleyball,13,8
45869,Ġintrinsic,13,0
45870,ĠSagittarius,13,0
45871,ĠDolomites,13,0
45872,Ġpampered,13,0
45873,ĠTarrant,13,0
45874,Ġbefriended,13,0
45875,ĠMOUN,13,1
45876,ĠLulie,13,0
45877,ĠJyoti,13,0
45878,ĠHefner,13,0
45879,ĠKildare,13,0
45880,Ġscorpion,13,13
45881,ĠTragedy,13,0
45882,ĠPergamum,13,0
45883,ĠMemorandum,13,0
45884,ĠGalileo,13,0
45885,ĠLSNJ,13,0
45886,ĠMahabharata,13,0
45887,ĠSwayambhunath,13,0
45888,Daily,13,0
45889,Microsoft,13,0
45890,Ġsikhara,13,0
45891,Ġmonsieur,13,0
45892,ĠMitzpe,13,0
45893,ĠPazzag,13,0
45894,ĠWrigley,13,1
45895,Ġchoicest,13,0
45896,Ġtrapeze,13,7
45897,Ġunethical,13,0
45898,Ġunparalleled,13,0
45899,Ġcranberry,13,20
45900,ĠLeipzig,13,0
45901,Ġmountaintop,13,17
45902,ĠLairembi,13,0
45903,Ġbelligerent,13,0
45904,ĠApplebome,13,0
45905,ĠVoivodeship,13,0
45906,Ġgnarled,13,1
45907,hectare,13,0
45908,Ġpiazzas,13,0
45909,Ġthiosulfate,13,0
45910,ĠMamsie,13,0
45911,ĠPumori,13,0
45912,Ġraiment,13,0
45913,ĠWrynose,13,0
45914,ĠNiihau,13,0
45915,ĠRautela,13,0
45916,Ġviolets,13,0
45917,Ġclumsily,13,0
45918,Ġunnerved,13,0
45919,ĠAranjuez,13,0
45920,ĠEddington,13,0
45921,Ġvehemence,13,0
45922,ĠPortinatx,13,0
45923,ĠIrrigation,13,0
45924,ĠSavonarola,13,0
45925,ĠVerrocchio,13,0
45926,ĠCHILDREN,13,3
45927,ĠThernstroms,13,0
45928,ĠQinhuangdao,13,0
1118,ween,12,14
1472,Ġhor,12,3
1538,Ġhist,12,0
2000,Ġswe,12,7
2153,Ġtrou,12,0
2330,Ġ194,12,0
2405,ĠTupp,12,2
2641,Ġ193,12,2
2841,Ġbask,12,5
2856,Ġrelig,12,0
2884,ĠCaliforn,12,0
2958,Ġcreat,12,0
3225,ught,12,5
3481,itect,12,0
3667,ĠCharl,12,0
4062,Ġinqu,12,0
4078,ergy,12,0
4350,Ġstrateg,12,0
4459,ĠAssoci,12,0
4887,itution,12,0
5183,Ġaccompl,12,0
5319,cely,12,0
5465,ĠKenn,12,0
5506,Ġconqu,12,0
5650,Ġminim,12,0
5684,essel,12,3
5696,ousin,12,0
5873,levant,12,0
5909,isition,12,1
5989,Ġexplan,12,0
6035,Ġfal,12,2
6062,Ġhes,12,20
6085,ropical,12,0
6179,Ġ189,12,2
6191,onent,12,0
6598,Ġconce,12,0
6783,enance,12,0
7050,ippi,12,0
7065,Ġfab,12,0
7319,Ġcris,12,5
7344,alysis,12,0
7351,Ġdiscl,12,0
7371,fits,12,0
7494,unning,12,0
7670,uties,12,0
7809,ĠPerform,12,22
8024,Ġtob,12,17
8223,Ġoverse,12,0
8499,employ,12,0
8604,ĠNatal,12,0
8678,oyal,12,0
8801,achment,12,0
8931,ĠPip,12,0
8954,ensions,12,0
9032,Ġprohib,12,0
9079,ammed,12,0
9203,neath,12,1
9228,cery,12,0
9314,Ġfisher,12,1
9510,ĠPrin,12,0
9544,olk,12,25
9601,usse,12,0
9759,Ġlect,12,14
9763,ruption,12,0
10135,Ġdign,12,2
10705,onder,12,0
10901,Ġjur,12,1
10935,icits,12,0
11260,ĠCustom,12,0
11344,ĠBourg,12,0
11442,fashion,12,3
11443,hun,12,0
11551,apore,12,0
11556,asso,12,0
11785,Ġinfr,12,1
12273,ipes,12,5
12620,lden,12,0
12786,Ġfootst,12,5
13261,onto,12,2
13607,Ġcongrat,12,1
13812,hang,12,0
13815,sor,12,1
13859,Ġpleas,12,1
13876,Ġpanor,12,0
13943,rington,12,0
13993,ĠDud,12,1
14317,imming,12,0
14458,ĠStu,12,0
14540,Ġsturd,12,0
14898,Ġmerchand,12,0
15064,Ġconstr,12,0
15081,ĠCompan,12,0
15132,irth,12,1
15227,Ġinaug,12,0
15251,Ġundergr,12,0
15336,asper,12,0
15372,Ġfinanc,12,0
15573,Ġstag,12,2
15602,Ġpresc,12,0
15778,arming,12,0
15801,eston,12,0
15810,ittens,12,16
15912,ĠBever,12,0
16026,ooh,12,0
16035,ĠDelt,12,0
16098,ĠInspect,12,2
16516,emic,12,0
16573,design,12,0
16604,inals,12,0
16666,aneous,12,0
16755,amoto,12,0
16801,Ġtransf,12,0
17132,dig,12,0
17150,riages,12,0
17269,gue,12,2
17461,banded,12,0
17709,imson,12,0
17723,Ġpla,12,12
17927,Ġpromot,12,0
18313,arus,12,0
18658,sept,12,0
18715,Ġmeth,12,0
18993,ĠPompe,12,0
19112,ĠImag,12,0
19183,ciously,12,0
19187,mons,12,0
19426,urated,12,0
19496,thening,12,0
19605,gia,12,0
19795,tche,12,0
19800,ndon,12,0
19805,Ġfren,12,0
19819,Ġstagn,12,0
19871,ĠSpot,12,1
19885,cycl,12,0
20030,agles,12,0
20046,ĠAlz,12,0
20215,Ġraz,12,5
20445,orers,12,3
20471,Ġappar,12,0
20548,Ġembro,12,0
20673,ĠGust,12,0
20694,ipher,12,0
20718,Ġcurric,12,0
20928,Ġmusk,12,0
20946,ĠBritann,12,0
20973,ĠPrepar,12,0
21064,Ġbart,12,1
21094,urate,12,0
21136,Ġsauc,12,14
21146,ĠStra,12,1
21163,Ġincap,12,0
21271,OME,12,1
21294,Ġrollersk,12,34
21381,umption,12,0
21387,Ġconve,12,0
21856,ĠSle,12,0
22071,occupied,12,4
22103,Ġauber,12,0
22120,ĠTrou,12,0
22307,Ġcrystall,12,0
22494,ĠLeim,12,0
22695,ĠTad,12,0
22700,ĠAU,12,1
22735,ulance,12,0
22777,orders,12,0
22899,married,12,0
22935,Ġobliv,12,0
22957,cycloped,12,0
22992,Ġwiz,12,0
23027,Ġstagger,12,0
23043,olera,12,0
23048,Ġlia,12,0
23125,ĠClint,12,0
23139,Ġmedi,12,0
23206,REE,12,2
23217,spons,12,0
23325,etle,12,25
23349,Ġchis,12,3
23410,Ġnumer,12,2
23508,Ġcobbl,12,3
23556,Ġexhilar,12,0
23586,Hist,12,0
23718,rico,12,0
23793,versely,12,0
23912,DR,12,3
24138,Ġdispro,12,0
24261,bott,12,5
24396,xton,12,1
24415,brid,12,0
24661,Ġdrib,12,0
24865,igrant,12,5
25045,icon,12,2
25129,ĠAnastas,12,0
25174,annie,12,0
25230,Ġturbul,12,0
25460,ppe,12,2
25512,techn,12,0
25592,ĠMonitor,12,22
25769,gang,12,0
25871,ackers,12,0
25922,Ġmonet,12,0
26020,prof,12,0
26108,Ġplummet,12,0
26134,educated,12,0
26143,Ġlooph,12,0
26200,Ġfung,12,0
26247,thood,12,1
26285,Ġagon,12,0
26314,Ġboomer,12,0
26350,Ġdelinqu,12,0
26463,spoken,12,0
27198,erential,12,0
27200,ĠShir,12,0
27272,ascar,12,1
27325,Ġblockb,12,0
27536,ym,12,0
27601,Ġnotor,12,0
27621,ĠDW,12,0
27629,Ġplast,12,1
27785,ARDS,12,12
27954,ĠPrincip,12,0
28035,wig,12,14
28084,separ,12,0
28094,ĠBAT,12,58
28155,ocleis,12,0
28176,cliffe,12,0
28179,ĠVisc,12,0
28207,ibli,12,0
28233,ĠShik,12,0
28247,Ġfunn,12,0
28318,Ġneglig,12,1
28423,ukuji,12,0
28512,itudinal,12,0
28566,hele,12,0
28580,Ġmish,12,0
28626,ĠCag,12,0
28652,Ġketch,12,0
28674,ĠLaud,12,0
28734,ovable,12,1
28794,Ġpostc,12,0
28813,ĠTej,12,0
28949,ĠPoet,12,0
28978,Ġsubtit,12,0
29119,ugh,12,1
29210,ĠJah,12,0
29219,Ġjub,12,0
29263,ancers,12,0
29322,ippo,12,6
29612,Ġdisproport,12,0
29730,Ġsti,12,0
29750,ĠBett,12,0
29773,gev,12,0
29841,Ġquir,12,0
29884,ĠAlter,12,0
29894,Ġretros,12,0
29908,ĠClo,12,0
29934,Ġinfuri,12,0
29952,Ġvolt,12,0
29966,Ġdivis,12,0
30038,Ġapprehend,12,0
30085,ĠMahab,12,0
30187,algam,12,0
30288,BL,12,5
30471,Ġspawn,12,1
30481,rugg,12,0
30495,ĠAns,12,1
30503,Ġrelativ,12,0
30595,Ġburg,12,13
30616,Ġencry,12,0
30650,aea,12,0
30951,Pan,12,0
30953,School,12,0
30960,dist,12,0
30987,isite,12,2
30993,anji,12,0
30995,enko,12,0
31019,ĠAeron,12,0
31069,ĠPLA,12,32
31101,ĠLoy,12,0
31235,erner,12,0
31244,Ġsnob,12,0
31326,Ġcaptiv,12,10
31328,uddling,12,8
31533,ĠLedford,12,0
31732,stay,12,0
31818,osi,12,0
31820,igmat,12,0
31825,ĠOpt,12,0
31917,Ġexpatri,12,0
31992,ĠMinim,12,0
32011,beds,12,0
32189,aduates,12,0
32441,goes,12,0
32451,phe,12,0
32522,otional,12,0
32539,imble,12,12
32673,feit,12,0
32745,eely,12,0
32803,worker,12,2
33183,tebrates,12,0
34936,________________,12,0
45929,"""&",12,0
45930,038,12,0
45931,3000,12,0
45932,320,12,1
45933,330,12,0
45934,624,12,0
45935,:=,12,0
45936,AF,12,1
45937,Agn,12,0
45938,Born,12,0
45939,BIL,12,2
45940,Corn,12,0
45942,Coming,12,0
45943,Dark,12,0
45944,Dead,12,0
45945,EF,12,11
45946,FR,12,10
45947,Fi,12,0
45948,Fall,12,0
45949,Fant,12,0
45950,Find,12,0
45951,GL,12,11
45952,Gaz,12,0
45953,Glor,12,0
45955,Hy,12,0
45956,Hank,12,0
45957,Hell,12,0
45958,Half,12,0
45959,Hurrah,12,0
45960,Im,12,0
45961,IRE,12,11
45962,Jon,12,0
45963,Jones,12,0
45964,Kill,12,0
45965,Lad,12,0
45966,Los,12,0
45967,Lost,12,0
45968,LIN,12,3
45969,Lola,12,0
45970,MC,12,1
45971,Mis,12,0
45972,Magn,12,0
45973,Ok,12,0
45974,Ooh,12,0
45975,Pen,12,0
45976,Pray,12,0
45977,Priv,12,0
45978,Rather,12,0
45979,Rec,12,0
45980,Rosa,12,0
45981,RATED,12,0
45982,Sin,12,0
45983,Sing,12,0
45984,Sun,12,0
45985,Saving,12,0
45986,Spy,12,0
45987,Smith,12,0
45988,Suffer,12,0
45989,Twas,12,0
45990,Var,12,0
45992,"_!""",12,0
45993,aal,12,0
45994,boo,12,1
45996,buds,12,28
45997,cs,12,22
45998,cass,12,1
46000,civil,12,0
46001,cuses,12,0
46004,czy,12,0
46005,cups,12,0
46006,dro,12,1
46007,det,12,1
46008,ei,12,0
46009,ein,12,0
46010,eans,12,0
46011,fen,12,0
46012,fool,12,0
46013,fried,12,2
46014,flying,12,0
46015,gos,12,0
46016,gently,12,0
46017,given,12,0
46018,gazing,12,0
46020,hardy,12,0
46022,jon,12,2
46023,kid,12,1
46024,kirk,12,0
46025,lost,12,0
46026,lars,12,0
46027,lai,12,0
46029,links,12,0
46030,mut,12,0
46031,mai,12,0
46032,miles,12,0
46033,mailed,12,0
46034,matics,12,0
46035,nis,12,1
46036,nall,12,0
46037,nost,12,0
46038,nob,12,22
46039,nath,12,0
46040,ooms,12,2
46041,pap,12,0
46042,pile,12,2
46043,pah,12,8
46044,rn,12,2
46045,racing,12,0
46046,rado,12,0
46047,rasa,12,0
46048,sq,12,0
46049,sir,12,1
46050,sav,12,0
46051,ssel,12,1
46052,sitting,12,2
46053,sides,12,0
46054,snake,12,0
46055,til,12,0
46056,tall,12,1
46057,tia,12,0
46058,tick,12,0
46059,talking,12,1
46060,towers,12,0
46061,takers,12,2
46062,thens,12,0
46063,tropical,12,1
46064,tested,12,0
46065,tackle,12,0
46066,uire,12,0
46067,uates,12,0
46068,vir,12,0
46069,vul,12,0
46070,vres,12,0
46071,vich,12,0
46072,vili,12,0
46073,wi,12,27
46074,wana,12,0
46075,wala,12,0
46077,zal,12,0
46079,zero,12,0
46080,Ġtter,12,0
46081,Ġtreet,12,2
46082,Ġtaps,12,5
46083,Ġtipp,12,1
46084,Ġtoned,12,7
46085,Ġtaping,12,1
46086,Ġtetr,12,0
46087,Ġtinder,12,0
46088,hex,12,0
46089,Ġalder,12,0
46090,inam,12,0
46091,inol,12,0
46092,initi,12,0
46093,invest,12,0
46094,render,12,0
46095,reli,12,0
46096,release,12,0
46097,recht,12,0
46099,Ġtheological,12,0
46100,Ġsher,12,0
46101,Ġsans,12,1
46102,Ġsord,12,0
46103,Ġsiting,12,18
46104,Ġsipped,12,0
46105,Ġsari,12,16
46106,Ġsherry,12,2
46107,Ġsesame,12,16
46108,Ġwily,12,1
46109,Ġwert,12,0
46110,Ġogre,12,0
46111,eri,12,0
46113,atting,12,8
46114,atius,12,0
46115,island,12,0
46116,Ġbic,12,1
46117,Ġbah,12,0
46118,Ġbib,12,96
46119,Ġbared,12,1
46120,Ġbern,12,0
46121,Ġbilled,12,2
46122,Ġberry,12,22
46123,Ġbumble,12,2
46124,Ġbinder,12,45
46125,Ġcack,12,0
46126,Ġcud,12,0
46127,Ġcocks,12,1
46128,Ġcache,12,0
46129,Ġcenotaph,12,0
46130,onians,12,0
46131,itters,12,0
46132,itano,12,0
46133,anol,12,0
46134,anist,12,0
46135,edged,12,0
46136,editor,12,0
46137,enin,12,0
46138,Ġfated,12,0
46139,Ġfaking,12,0
46140,Ġfief,12,0
46141,Ġfathered,12,0
46143,Ġfanned,12,1
46144,Ġfudge,12,14
46145,orce,12,0
46146,Ġmie,12,0
46147,Ġmens,12,4
46148,Ġmares,12,0
46149,Ġmammy,12,0
46150,Ġpter,12,2
46151,Ġpep,12,46
46152,Ġpere,12,1
46153,Ġpoth,12,29
46155,Ġpanned,12,2
46156,Ġppen,12,0
46157,Ġhating,12,0
46158,Ġhank,12,6
46160,Ġtome,12,0
46161,Ġtolls,12,0
46162,Ġtopping,12,72
46163,Ġtoasted,12,28
46164,Ġdick,12,1
46165,Ġdashes,12,0
46166,Ġinept,12,0
46167,Ġinpatient,12,0
46168,aray,12,0
46169,arist,12,2
46170,arazzi,12,2
46171,alam,12,0
46172,almost,12,0
46173,alism,12,0
46174,alik,12,0
46177,ĠTD,12,0
46178,ĠTY,12,6
46179,ĠTome,12,0
46180,ĠTired,12,0
46181,ĠTrap,12,1
46182,ĠTik,12,0
46183,ĠTama,12,0
46184,ĠTiny,12,3
46185,ĠTips,12,1
46186,ĠTools,12,3
46188,lei,12,0
46189,lez,12,1
46190,lees,12,1
46191,Ġthrones,12,0
46192,omero,12,0
46193,Ġnab,12,1
46194,Ġnause,12,0
46195,Ġlub,12,0
46196,Ġlapping,12,0
46197,Ġgist,12,0
46198,Ġgills,12,1
46199,Ġgutter,12,17
46200,ĠIld,12,0
46201,ĠIain,12,0
46203,Ġist,12,3
46204,ĠTheban,12,0
46205,ĠAes,12,0
46206,ĠAet,12,0
46207,ĠAik,12,0
46209,ĠALS,12,4
46210,Ġbeets,12,4
46211,Ġbeaker,12,22
46212,vez,12,0
46214,Ġeuth,12,0
46215,Ġeclips,12,0
46216,stamp,12,0
46217,string,12,4
46218,stitch,12,0
46219,Ġrenal,12,0
46220,Ġreeled,12,0
46221,Ġrewritten,12,0
46222,Ġyan,12,5
46223,Ġhew,12,0
46224,Ġheater,12,29
46225,Ġhearers,12,0
46226,addle,12,1
46227,adowing,12,1
46228,utor,12,0
46230,acus,12,14
46231,acci,12,0
46232,academ,12,0
46235,ayers,12,2
46236,etown,12,0
46237,etics,12,0
46238,ĠSore,12,0
46239,ĠSour,12,0
46240,ĠSight,12,2
46241,ĠSoy,12,1
46242,ĠShing,12,0
46243,ĠSuh,12,0
46244,ĠSense,12,0
46245,ĠSize,12,0
46246,ĠSays,12,0
46247,ĠSerm,12,0
46248,ĠSisters,12,2
46249,ĠSIM,12,0
46250,ĠSIDS,12,0
46252,imatum,12,0
46253,vera,12,0
46254,Ġstent,12,0
46255,Ġstile,12,15
46256,Ġstave,12,0
46257,Ġstumped,12,0
46258,Ġstigmat,12,0
46259,seeded,12,0
46261,amins,12,0
46262,amatsu,12,0
46263,urid,12,0
46264,urals,12,0
46265,urization,12,0
46266,urgeon,12,0
46267,urundi,12,0
46268,ĠCS,12,4
46269,ĠCav,12,1
46270,ĠCoss,12,0
46271,ĠCrew,12,5
46272,ĠCovered,12,2
46273,ĠCof,12,1
46274,ĠCzes,12,0
46275,ĠCaye,12,0
46276,ĠMW,12,0
46277,ĠMum,12,0
46278,ĠMupp,12,0
46279,ĠMasons,12,0
46281,ĠMola,12,0
46282,ĠMesh,12,0
46283,ĠMih,12,0
46284,ĠMCI,12,0
46285,ĠMixed,12,0
46286,ĠMBE,12,0
46287,ĠMebbe,12,0
46289,Ġanest,12,0
46290,Ġwhined,12,0
46291,ĠBate,12,0
46292,ĠBres,12,0
46293,ĠBary,12,0
46294,ĠBanan,12,30
46295,ĠBossy,12,0
46296,ĠBingo,12,1
46297,ĠBOLD,12,0
46298,ĠBenson,12,0
46299,ĠBaggot,12,0
46300,rival,12,0
46301,rillo,12,0
46302,riggs,12,0
46303,ĠHO,12,29
46304,ĠHoss,12,0
46305,ĠHines,12,0
46306,ĠHiking,12,5
46307,ĠHRC,12,0
46308,ĠHazard,12,0
46309,champ,12,1
46310,channel,12,0
46313,kei,12,0
46314,ilized,12,0
46315,"Ġ""-",12,0
46316,ĠPest,12,0
46317,ĠPess,12,0
46318,ĠPact,12,0
46319,ĠPages,12,0
46320,ĠParent,12,0
46321,ĠPSC,12,0
46322,ĠPunch,12,0
46323,ĠPoe,12,0
46324,ĠPension,12,0
46325,ĠPulse,12,0
46326,ĠPocket,12,1
46327,ĠPenguins,12,0
46328,ĠPueblo,12,0
46329,ĠProust,12,0
46330,ĠPangkor,12,0
46331,Ġky,12,0
46332,Ġkan,12,0
46333,Ġken,12,2
46334,Ġkap,12,0
46335,Ġkahar,12,0
46336,andt,12,0
46337,andez,12,2
46339,Ġramb,12,0
46340,Ġrapping,12,0
46341,Ġranches,12,0
46342,Ġrimmed,12,25
46343,olut,12,0
46344,olested,12,0
46345,Ġsealing,12,0
46347,ĠWB,12,0
46348,ĠWoo,12,3
46349,ĠWences,12,0
46350,ĠWENT,12,0
46352,ainment,12,0
46353,Ġneur,12,0
46354,Ġneoclassical,12,0
46355,ulin,12,0
46356,thrift,12,0
46357,Ġfron,12,11
46358,Ġfraught,12,0
46359,Ġfriction,12,0
46360,Ġfractions,12,0
46361,Ġmann,12,3
46362,Ġmanatee,12,13
46363,Ġlien,12,1
46364,ĠFas,12,0
46365,ĠFiss,12,0
46366,ĠFides,12,0
46367,ĠFarrow,12,0
46368,ĠFoch,12,2
46369,ĠFacts,12,0
46370,ĠFRC,12,0
46371,allus,12,1
46372,estra,12,0
46374,ĠDra,12,1
46375,ĠDiz,12,0
46376,ĠDang,12,0
46377,ĠDalt,12,0
46379,ĠDRA,12,6
46380,ĠDumas,12,0
46381,emus,12,0
46382,emate,12,1
46383,emia,12,0
46384,emps,12,0
46385,Ġchl,12,0
46386,Ġchock,12,0
46387,Ġchants,12,0
46388,Ġcharted,12,0
46389,Ġchurned,12,0
46391,ĠNU,12,41
46392,ĠNW,12,0
46393,ĠNani,12,0
46394,ĠNandi,12,0
46395,ĠNirvana,12,0
46396,arden,12,0
46397,Ġproactive,12,0
46398,Ġplagues,12,0
46399,Ġploughed,12,0
46400,ĠLle,12,0
46402,ĠLuch,12,0
46403,ĠLacking,12,0
46404,ĠLRI,12,0
46405,ĠLoretta,12,0
46406,ĠLTCM,12,0
46407,ĠGB,12,0
46408,ĠGd,12,0
46409,ĠGad,12,0
46410,ĠGurn,12,0
46411,ĠGok,12,0
46412,ĠGorry,12,0
46413,ĠGEN,12,0
46414,ĠGRA,12,59
46415,ĠGinger,12,1
46416,ĠGyles,12,0
46417,ĠGazi,12,0
46418,ĠGensh,12,0
46419,quick,12,0
46420,quita,12,0
46421,ieg,12,0
46422,ĠRs,12,0
46423,ĠRies,12,1
46424,ĠRag,12,0
46425,ĠRiz,12,0
46426,ĠRapp,12,0
46427,ĠRhy,12,0
46428,ĠRai,12,0
46429,ĠRih,12,0
46430,ĠRohan,12,0
46431,aband,12,0
46433,abric,12,0
46434,ĠJi,12,0
46435,ĠJest,12,0
46436,ĠJame,12,0
46437,ĠJains,12,0
46438,ĠJha,12,0
46439,ĠJunk,12,1
46440,ĠJaws,12,0
46441,Ġknoll,12,2
46442,Ġcompend,12,0
46443,Ġvim,12,0
46444,Ġviz,12,2
46445,Ġvarn,12,0
46446,Ġvogue,12,1
46447,Ġvodka,12,10
46448,Ġsuing,12,0
46449,Ġsupr,12,3
46450,Ġsuicides,12,0
46451,Ġjeopardy,12,0
46452,ĠEre,12,0
46453,ĠErin,12,0
46454,ĠEggs,12,3
46455,ĠEarned,12,0
46456,ĠEclipse,12,0
46457,ĠEunuchs,12,0
46458,ĠEzra,12,0
46459,ositions,12,0
46461,Ġbutchers,12,6
46462,kings,12,0
46463,Ġoutpatient,12,0
46464,Ġmerest,12,0
46465,Ġmegaron,12,0
46466,Ġmebbe,12,0
46467,ĠHeald,12,0
46469,ourg,12,0
46470,ourage,12,0
46471,astructures,12,0
46472,Ġupkeep,12,0
46473,udo,12,0
46474,udently,12,0
46475,Ġtrappings,12,0
46476,Ġ(/,12,0
46477,oodoo,12,0
46478,Ġhimmy,12,0
46479,indler,12,0
46481,ivat,12,0
46482,ivist,12,0
46484,occ,12,0
46485,Ġwouldst,12,0
46487,ĠThal,12,0
46488,Ġusur,12,0
46489,Ġclings,12,2
46490,Ġclover,12,21
46491,Ġteasp,12,3
46492,ĠInez,12,0
46493,ĠYi,12,0
46494,ĠYv,12,0
46495,ĠYach,12,0
46496,inki,12,0
46497,Ġ2030,12,0
46499,ageable,12,0
46500,ĠKou,12,0
46501,ĠKia,12,1
46502,ĠKail,12,0
46503,ĠKuh,12,0
46504,ĠKoli,12,0
46505,ĠKNOW,12,0
46507,pla,12,0
46508,plums,12,0
46509,planned,12,0
46510,Ġroped,12,4
46511,Ġroping,12,1
46512,Ġrogu,12,0
46513,Ġrogues,12,0
46514,Ġblister,12,0
46515,Ġblanks,12,0
46516,Ġplayback,12,0
46517,Ġplaythings,12,0
46518,Ġdior,12,1
46519,Ġdiag,12,4
46520,ĠdiGenova,12,0
46521,ĠUy,12,0
46522,ĠUND,12,37
46523,ĠURS,12,0
46524,assisted,12,0
46525,Ġwhatnot,12,0
46526,ĠStru,12,0
46527,ĠStrom,12,0
46529,ĠStaples,12,2
46530,ĠStoughton,12,0
46531,Ġenl,12,0
46532,".""[",12,0
46533,ishments,12,0
46534,Ġimitated,12,0
46535,Ġimitations,12,0
46536,izo,12,0
46537,Ġunch,12,0
46538,Ġunison,12,7
46539,Ġunrel,12,0
46541,Ġunguarded,12,0
46543,renheit,12,0
46544,Ġadren,12,0
46545,Ġcompute,12,1
46546,Ġcompounded,12,0
46547,Ġprancing,12,4
46548,Ġprunes,12,1
46549,onde,12,3
46550,ondi,12,0
46551,Ġarbutus,12,0
46552,Ġoffhand,12,0
46554,Ġperceptible,12,0
46555,Ġworkplaces,12,0
46556,Ġspor,12,1
46557,ĠChob,12,0
46558,ĠChances,12,0
46559,ĠChairs,12,4
46560,ĠChamb,12,0
46561,ĠChanged,12,0
46562,avent,12,0
46563,avirus,12,0
46564,achin,12,0
46565,ubstant,12,0
46566,ubani,12,0
46568,Ġgritted,12,0
46569,Ġdisorganized,12,1
46571,ĠVF,12,0
46572,ĠVain,12,0
46573,ĠVoc,12,0
46574,ĠVince,12,0
46575,ĠVote,12,0
46576,ĠVital,12,0
46578,ĠVault,12,0
46579,ĠVrad,12,0
46581,Ġresumes,12,0
46582,Ġresusc,12,0
46583,irelli,12,0
46584,ruse,12,0
46585,Ġamort,12,0
46586,Ġamide,12,0
46587,Ġamply,12,0
46588,Ġamput,12,0
46589,Ġpartnered,12,0
46590,Ġscaring,12,1
46591,Ġscents,12,0
46592,Ġscaven,12,1
46593,Ġscoops,12,0
46594,Ġscrawl,12,0
46595,Ġscathing,12,0
46596,Ġsmir,12,7
46597,Ġsmirk,12,5
46598,ĠShee,12,0
46599,ĠSheer,12,1
46600,ĠSheikh,12,0
46601,ĠWeber,12,0
46602,ĠWebs,12,0
46603,Ġmuse,12,0
46604,Ġapportion,12,0
46605,erems,12,0
46606,Ġprecepts,12,0
46607,Ġimpudence,12,0
46608,Ġbackfl,12,1
46609,Ġbackstroke,12,2
46610,avement,12,1
46611,Ġfloss,12,13
46612,Ġflutes,12,21
46613,Ġflitted,12,0
46614,Ġflask,12,17
46616,Ġflirting,12,0
46617,Ġgues,12,0
46618,Ġwayward,12,0
46619,ometrics,12,0
46620,feat,12,0
46621,feeding,12,1
46622,Ġpolly,12,0
46623,Ġstandoff,12,0
46624,Ġunderdog,12,0
46625,Ġlongingly,12,0
46626,Ġlongstanding,12,0
46627,ulled,12,0
46628,Ġwhereon,12,0
46629,tellers,12,0
46630,Ġreplete,12,0
46631,Ġcohes,12,0
46632,Ġreceded,12,1
46633,ĠWhoop,12,0
46634,Ġaccrue,12,0
46635,Ġaccrued,12,0
46636,itsch,12,0
46637,gran,12,17
46639,Ġcommended,12,0
46640,Ġremade,12,0
46641,Ġremix,12,0
46642,Ġdoggie,12,9
46644,ertiary,12,0
46645,athlet,12,0
46646,ĠUnity,12,0
46647,iseum,12,0
46648,Ġcolouring,12,0
46649,Ġkefir,12,0
46650,Ġemigration,12,0
46651,Ġemblems,12,8
46652,mani,12,0
46653,Ġslits,12,0
46654,Ġslavers,12,0
46655,Ġbooted,12,0
46656,Ġboomed,12,0
46657,ĠAlison,12,0
46658,atingly,12,0
46659,Ġrunoff,12,0
46660,Ġenticing,12,0
46661,Ġentailed,12,0
46662,Ġentertains,12,0
46664,eco,12,0
46665,Ġhelpers,12,2
46666,Ġwaterproof,12,5
46667,Ġincurring,12,0
46668,Ġacorn,12,16
46669,Ġacne,12,0
46670,Ġacademies,12,0
46671,ankah,12,0
46672,Ġ312,12,2
46673,Ġ322,12,1
46674,Ġ380,12,2
46675,Ġ335,12,0
46676,Ġ326,12,0
46677,ĠBrack,12,0
46678,Ġcameo,12,1
46679,Ġsyring,12,17
46680,Ġcentred,12,0
46682,Ġcentrist,12,0
46683,Ġdeco,12,1
46684,Ġoboe,12,5
46685,Ġmusty,12,0
46686,ĠNewgrange,12,0
46687,rosis,12,0
46688,Ġstrangle,12,1
46689,Ġstraying,12,0
46690,Ġstrumming,12,2
46691,Ġheader,12,3
46692,Ġheadpiece,12,7
46693,Ġheadwaters,12,0
46694,Ġevaded,12,0
46695,Ġswum,12,0
46696,Ġswamped,12,0
46697,Ġconspired,12,0
46698,Ġcourting,12,0
46699,liqu,12,2
46700,Ġblackberry,12,30
46701,azo,12,0
46702,Ġmonoxide,12,0
46703,Ġsuborder,12,0
46704,ribble,12,1
46705,ĠAnde,12,0
46706,ĠAndres,12,0
46707,ĠArp,12,0
46708,ĠArqu,12,0
46709,ĠArgon,12,0
46710,Ġmightn,12,0
46711,Ġchees,12,52
46712,Ġturnaround,12,0
46713,Ġgoverns,12,0
46714,ĠMargo,12,0
46715,ĠMarcell,12,0
46716,ĠMaruyama,12,0
46717,ĠMarginal,12,0
46718,ologus,12,0
46720,upa,12,0
46721,anyam,12,0
46722,Ġphony,12,0
46723,ĠClover,12,1
46724,Ġairspace,12,0
46725,ĠOnes,12,0
46726,ĠOnam,12,0
46727,ĠOnardo,12,0
46728,Ġuntold,12,0
46730,ĠIfill,12,0
46731,Ġproducibility,12,0
46732,shade,12,19
46733,shape,12,0
46734,Ġschoolhouse,12,0
46735,ĠShales,12,0
46736,ĠSharks,12,0
46737,Ġmetre,12,0
46738,Ġmettle,12,0
46739,Ġcurrants,12,0
46740,Ġlawfully,12,0
46741,Ġminiseries,12,0
46742,ĠRez,12,0
46743,ĠReic,12,0
46744,ĠRepe,12,0
46745,Ġ550,12,1
46746,exam,12,0
46747,otechn,12,1
46748,insular,12,0
46749,ashima,12,0
46751,Ġsignifying,12,0
46752,Ġrefine,12,0
46753,Ġrefilled,12,2
46754,Ġreflex,12,1
46755,Ġelation,12,0
46756,Ġelves,12,4
46757,Ġmarines,12,3
46758,Ġmarital,12,0
46760,Ġmusado,12,0
46761,Ġmuslim,12,5
46763,Ġmaturing,12,0
46764,"----,",12,0
46766,ieta,12,0
46767,attie,12,1
46768,atties,12,12
46769,Ġsimulator,12,0
46770,Ġdressmaker,12,0
46771,ĠAdultery,12,0
46772,ĠBeer,12,13
46773,ĠBeppu,12,0
46774,ĠAllergy,12,0
46775,bees,12,15
46776,beyond,12,0
46777,Ġopener,12,42
46778,Ġextramarital,12,0
46779,Ġaffright,12,0
46780,Ġaffront,12,0
46781,ĠSpur,12,0
46782,ĠSparks,12,2
46783,ĠDeG,12,0
46784,ismo,12,0
46785,ĠHowell,12,0
46786,Ġtwain,12,2
46787,Ġtwine,12,4
46788,Ġtwitch,12,0
46789,Ġtwinge,12,0
46790,Ġfootprint,12,17
46791,Ġeffecting,12,0
46792,ĠEngagement,12,0
46793,Ġaval,12,0
46794,Their,12,0
46795,Ġconfid,12,0
46796,Ġedgy,12,1
46797,Ġwinded,12,1
46798,Ġwindsurfer,12,4
46800,Ġstatistically,12,0
46801,brances,12,0
46802,Ġforego,12,0
46803,Ġforefinger,12,0
46804,arnassus,12,0
46805,Ġreceivable,12,0
46806,Ġrevises,12,0
46807,Ġbrood,12,0
46808,Ġinsiders,12,0
46809,Ġlightness,12,0
46811,Ġorganizes,12,0
46814,Ġsleeper,12,4
46815,Ġlegalized,12,0
46816,Ġveg,12,27
46817,Ġinfilt,12,0
46818,Ġinfernal,12,0
46819,Ġdemurred,12,0
46820,Ġhumbug,12,0
46821,ĠCarla,12,0
46822,Ġ850,12,0
46823,theria,12,0
46824,Ġpepp,12,18
46825,media,12,0
46826,ĠPrzy,12,0
46827,ĠPrithvi,12,0
46828,ĠManet,12,0
46829,Ġprofiling,12,0
46830,ĠConv,12,0
46831,ĠConfl,12,0
46832,ĠConnie,12,2
46833,Ġprotester,12,8
46834,Ġconcili,12,0
46835,Ġconcourse,12,4
46836,ĠFlags,12,1
46837,Ġesoteric,12,0
46838,Ġparable,12,0
46839,Ġpurty,12,0
46840,Ġmainstay,12,0
46841,Ġshortfalls,12,0
46842,Ġpresentable,12,0
46843,ippe,12,0
46844,ippy,12,9
46845,Ġdeline,12,1
46846,ĠRepl,12,0
46847,Ġpastime,12,0
46848,prim,12,0
46849,priest,12,0
46850,Ġcaress,12,0
46851,Ġsentient,12,0
46852,Ġconducive,12,0
46853,Ġelecting,12,0
46854,Ġpracticable,12,0
46855,Ġtempers,12,0
46856,ĠColes,12,0
46857,ĠColonna,12,0
46858,ĠZhu,12,0
46859,Ġ1740,12,0
46860,Ġ1724,12,0
46861,Ġ1738,12,0
46862,Ġ1768,12,0
46863,Ġ1756,12,0
46864,ĠMayfair,12,0
46865,Ġsixpence,12,0
46866,ĠAfternoon,12,0
46867,Ġgrowls,12,0
46868,ĠHarp,12,0
46869,ĠHarald,12,0
46870,ĠHarriet,12,0
46871,porting,12,0
46872,ĠSoissons,12,0
46873,Ġcloseout,12,0
46874,ĠGris,12,0
46875,ĠGrit,12,0
46876,ĠGrannis,12,0
46877,Ġbedroll,12,0
46878,Ġbedrock,12,0
46879,Ġlowincome,12,0
46880,ĠPhou,12,0
46881,ĠOrwell,12,0
46882,1962,12,0
46883,ĠScene,12,0
46884,ĠScafel,12,0
46885,ĠScissor,12,0
46886,ĠHerb,12,1
46887,Ġsilvery,12,5
46888,Ġsilky,12,5
46889,Ġsilvertip,12,0
46890,Ġrais,12,31
46891,Ġraunch,12,0
46892,Ġcataract,12,1
46893,ĠBening,12,0
46894,ĠBenigni,12,0
46895,ronomy,12,0
46896,Ġ1540,12,0
46897,Ġ1591,12,0
46898,Ġshallows,12,3
46899,Ġdarkest,12,233
46900,Ġpropane,12,4
46901,Ġprophetic,12,0
46902,SCRI,12,0
46904,ĠSeek,12,0
46905,ĠSejm,12,0
46906,Ġannuity,12,0
46907,Ġlaig,12,0
46908,ĠTram,12,0
46909,Ġlegions,12,0
46910,ĠGuest,12,1
46911,Ġmagenta,12,19
46912,Ġ162,12,0
46913,Ġ1633,12,0
46914,ĠBarber,12,2
46915,ĠBarracks,12,0
46917,Ġroundly,12,2
46918,Ġgrassroots,12,0
46919,ĠDonetsk,12,0
46920,ĠWillow,12,0
46921,butz,12,0
46922,atica,12,0
46923,Ġpopularized,12,0
46924,Ġsquab,12,0
46925,ĠWorlds,12,0
46926,ĠTHere,12,0
46927,ĠMinas,12,0
46928,Ġbreakout,12,0
46929,Ġdivan,12,0
46930,ĠCalab,12,0
46931,Ġsolace,12,0
46932,ĠCongressmen,12,0
46933,ĠDavol,12,0
46934,ĠSanj,12,0
46935,Ġoutdone,12,0
46936,ĠĠĠĠĠĠĠĠĠĠĠĠĠĠĠĠĠĠĠĠĠĠĠĠĠĠĠĠĠĠĠĠĠĠĠĠĠĠĠĠ,12,0
46937,Ġlanguid,12,0
46938,scher,12,0
46939,ĠCharacters,12,1
46940,Ġcultured,12,1
46941,ĠByblos,12,0
46942,ĠAmir,12,0
46943,ĠAmel,12,0
46944,ĠAmalfi,12,0
46945,ĠAmaterasu,12,0
46946,ĠCaution,12,4
46947,ĠCauses,12,0
46948,Ġresponsibly,12,0
46949,compl,12,0
46950,ĠUSS,12,0
46951,ĠUSACE,12,0
46952,ambi,12,1
46953,ĠMcEver,12,0
46955,ĠAbigail,12,0
46956,Ġestimator,12,0
46957,Ġapothe,12,1
46958,Ġcalico,12,10
46959,2023,12,0
46960,Ġ141,12,1
46961,Ġ1453,12,0
46962,Ġperfected,12,0
46963,Ġchancellor,12,0
46964,ĠPeking,12,0
46965,ĠPerennial,12,0
46966,dev,12,0
46967,iola,12,0
46968,ischen,12,0
46969,ĠMalacca,12,0
46970,Ġgeneralized,12,0
46971,Ġglassy,12,1
46972,Ġarching,12,2
46973,Ġsoftening,12,0
46974,Ġwronged,12,0
46976,Ġexacting,12,0
46977,ĠPosts,12,0
46978,Ġcourtiers,12,0
46979,Ġsupercil,12,0
46981,Ġcornucopia,12,13
46982,Ġcastes,12,0
46983,Ġantlers,12,6
46985,ĠMonck,12,0
46986,Ġstatesmen,12,0
46987,Ġviolates,12,0
46988,Ġmountaineer,12,5
46989,ĠMedina,12,0
46990,ĠMedvedev,12,0
46991,ĠPalem,12,0
46992,ĠPalos,12,0
46993,ĠPalazz,12,0
46994,ĠEmmet,12,0
46995,Ġafield,12,0
46996,Ġtotaled,12,0
46997,ĠResult,12,0
46998,ĠResidency,12,0
46999,Ġnetworking,12,0
47000,Ġescorting,12,1
47001,whom,12,0
47002,hampton,12,0
47003,Ġcleanup,12,0
47004,Ġmultimillion,12,0
47005,Ġgentry,12,0
47006,aula,12,0
47007,aulah,12,0
47008,Ġhitter,12,34
47009,Ġbespoke,12,0
47010,Ġutopian,12,0
47011,Ġraincoat,12,51
47012,ĠQuagmire,12,0
47013,ĠQuindlen,12,0
47014,Ġwaitresses,12,4
47015,Ġpeacekeeping,12,0
47016,ĠIIHF,12,0
47017,Ġagreeably,12,0
47020,checked,12,3
47021,ĠEnclosed,12,0
47022,ĠEncyclopedia,12,0
47023,Ġbroaden,12,0
47024,Ġspotlights,12,13
47025,ĠComputing,12,0
47026,ĠBillington,12,0
47027,Ġdauntless,12,0
47028,Ġwintertime,12,0
47029,ĠOldenburg,12,0
47030,Ġfearlessly,12,0
47031,Ġcheckout,12,10
47032,ĠSerger,12,0
47033,Ġtrustees,12,0
47034,Ġllama,12,23
47035,ĠCoaching,12,0
47036,ĠSantoval,12,0
47037,Ġkeyboards,12,15
47038,ĠSeneca,12,0
47039,ĠPataki,12,0
47040,Ġgrebe,12,0
47041,ORGE,12,1
47042,ĠAcad,12,0
47043,ĠAcute,12,0
47044,ascal,12,0
47045,Ġreachable,12,0
47046,Ġcontractual,12,0
47047,Ġradar,12,12
47048,Ġsexism,12,0
47049,itchens,12,0
47050,ĠCracker,12,0
47051,Ġphysiology,12,0
47052,ĠNewspaper,12,0
47053,ĠEaston,12,0
47054,Ġindividualism,12,0
47055,Ġcustomized,12,2
47056,Ġshootin,12,0
47057,ĠGloss,12,0
47058,Ġimmac,12,0
47059,Ġimmaterial,12,0
47060,ĠLavery,12,0
47061,Ġepa,12,0
47062,Ġannouncer,12,1
47063,ĠHallo,12,0
47064,ĠRosso,12,0
47065,ĠRosenthal,12,0
47066,ĠSchiff,12,0
47067,ĠSchultz,12,0
47068,ĠSchwinn,12,0
47069,Ġconvuls,12,0
47070,iqui,12,0
47071,Ġcorrectness,12,0
47072,Ġfreshies,12,0
47073,agovernmental,12,0
47074,Ġgraders,12,9
47075,Ġbattleground,12,0
47076,ophag,12,0
47077,Ġempties,12,1
47078,Ġhurtled,12,0
47079,Ġhurtling,12,0
47080,ĠGoodrum,12,0
47081,Ġdispir,12,0
47082,Ġdispensed,12,0
47083,ĠDisturbed,12,0
47084,ĠDistinguished,12,0
47085,Ġcarted,12,0
47086,Ġeyeglasses,12,63
47087,ĠRoany,12,0
47088,ĠRocha,12,0
47089,Ġverifying,12,0
47090,ĠLoved,12,0
47091,ĠLojack,12,0
47092,Ġuncond,12,0
47093,Ġtroll,12,3
47094,Ġoceanic,12,0
47095,Ġlaboriously,12,0
47096,collection,12,0
47097,ĠApples,12,14
47098,Ġensconced,12,0
47099,ĠOlympias,12,0
47100,Ġcowered,12,0
47101,Ġurn,12,37
47102,Ġurgency,12,0
47103,ĠDoria,12,0
47104,Ġdenounce,12,0
47105,Ġcabaret,12,0
47106,ĠBroken,12,2
47107,Ġ245,12,0
47108,metal,12,2
47109,Ġconsummate,12,0
47110,Ġcelluloid,12,0
47111,179,12,0
47112,ĠDanie,12,0
47113,systems,12,0
47114,Ġundocumented,12,0
47115,Ġundivided,12,0
47116,ĠQueer,12,0
47117,Ġcitations,12,0
47118,Ġmixer,12,54
47119,Ġanxieties,12,0
47120,ĠAntiqu,12,0
47121,ĠAntiques,12,0
47122,Through,12,0
47123,Thierry,12,0
47124,Ġlieve,12,0
47125,ĠSometime,12,0
47126,Ġpreferably,12,0
47127,Ġtelecom,12,0
47128,Ġbanter,12,0
47129,ĠHighly,12,0
47130,ĠHighlights,12,0
47131,ĠImage,12,3
47132,1800,12,0
47133,ĠBurd,12,0
47134,ĠBela,12,0
47135,Ġ227,12,0
47136,Ġbulldog,12,8
47138,Ġshutdown,12,0
47139,Ġskinning,12,0
47140,olesome,12,0
47141,Ġsafari,12,9
47142,Ġ264,12,0
47143,ĠSami,12,0
47144,ĠSamples,12,0
47145,ĠGregg,12,0
47146,ĠSatanic,12,0
47147,ĠBrownell,12,0
47148,Ġfaiths,12,0
47149,ITIES,12,0
47150,ĠRecovery,12,0
47151,ĠHelicop,12,0
47152,ĠContribut,12,0
47153,Ġthickets,12,0
47154,hetically,12,0
47155,ederate,12,0
47156,Ġgroove,12,0
47157,ĠDelacroix,12,0
47158,Ġlogistics,12,0
47159,Ġdebau,12,0
47160,Ġdiggings,12,0
47161,ĠArturo,12,0
47162,franch,12,0
47163,ĠMacArthur,12,0
47164,ĠMacNeil,12,0
47165,Ġmillennia,12,0
47166,ĠUnderstand,12,0
47167,Ġwheeling,12,1
47168,Ġ290,12,0
47169,utchi,12,0
47170,ĠSketch,12,0
47171,ĠSingha,12,0
47173,Ġbonfires,12,0
47174,ĠEvita,12,0
47175,Ġartistically,12,0
47176,ĠSpelling,12,0
47177,steins,12,0
47178,Donnell,12,0
47179,iyan,12,6
47180,ĠAldithely,12,0
47181,Ġbottomless,12,0
47182,Ġtextures,12,0
47183,ĠGarrett,12,0
47184,Ġgeom,12,0
47185,Ġfrightfully,12,0
47186,chery,12,0
47187,ĠMurillo,12,0
47188,ĠMurphys,12,0
47189,ICH,12,65
47190,secret,12,0
47191,ĠOutlet,12,0
47192,ĠOutram,12,0
47193,Ġfilly,12,0
47195,noji,12,0
47196,weekly,12,0
47197,Ġaccomplice,12,0
47198,Ġunclean,12,0
47199,ĠKhushi,12,0
47200,ĠKhajuraho,12,0
47202,Ġdreads,12,18
47203,Ġconstructor,12,0
47204,Ġvanishing,12,0
47205,ĠZeit,12,0
47207,ĠPersonally,12,1
47208,140,12,0
47209,149,12,0
47210,Ġimplausible,12,0
47211,Ġsatisfies,12,0
47212,ĠDOE,12,0
47213,However,12,0
47214,Ġpointedly,12,0
47215,Ġracists,12,0
47216,Ġraccoon,12,16
47217,Ġcontentment,12,0
47219,Ġconclusive,12,0
47220,ĠCamden,12,5
47221,hands,12,7
47222,Ġminimally,12,0
47223,ĠSubsc,12,0
47224,China,12,0
47225,ĠStonewall,12,0
47226,ĠPenelope,12,0
47227,Ġ04,12,5
47228,ĠSurv,12,0
47229,ĠSuruga,12,0
47230,Ġsmartphones,12,5
47231,Ġempress,12,0
47232,Ġanalyzes,12,0
47233,doctor,12,0
47234,Ġneatness,12,0
47235,Ġmercantile,12,0
47237,Ġcounterculture,12,0
47238,Ġflowerbeds,12,0
47239,Ġobtains,12,0
47240,ĠRocket,12,0
47241,ĠMahendra,12,0
47242,ĠMelan,12,1
47243,ĠMelvin,12,0
47244,ĠIntr,12,0
47245,134,12,0
47246,135,12,0
47247,Inf,12,0
47248,Inter,12,0
47249,ĠWatertown,12,0
47250,ĠTechnological,12,0
47251,ĠLandry,12,0
47252,Ġexcitable,12,0
47253,uzzle,12,1
47254,Ġcoalitions,12,0
47255,Ġcreamery,12,0
47256,Ġconsultations,12,0
47257,ĠSelcuk,12,0
47258,ĠBonnard,12,0
47259,ĠSultanate,12,0
47260,222,12,0
47261,ĠHamon,12,0
47262,ĠHamill,12,0
47263,ĠSCSI,12,0
47264,ĠLikely,12,0
47265,Ġbursts,12,0
47266,Ġventilation,12,3
47267,ĠPenny,12,0
47268,ĠMichener,12,0
47269,ĠPlayboy,12,0
47270,Ġfascism,12,0
47271,ĠACE,12,2
47272,Ġuniverses,12,0
47273,ĠSilv,12,0
47274,ĠFilming,12,0
47275,Ġimperious,12,0
47276,ELD,12,13
47277,ĠMassif,12,0
47278,Ġterrors,12,0
47279,Ġterracotta,12,6
47280,Ġconverter,12,0
47282,ĠTopeka,12,0
47283,ĠOsmin,12,0
47284,ĠOsiris,12,0
47285,ĠRobot,12,0
47286,ĠBusy,12,4
47287,gaard,12,0
47288,ĠEsqu,12,0
47289,ĠClearwater,12,0
47290,ĠOrioles,12,16
47291,Ġcrooks,12,0
47292,Ġpaleont,12,2
47294,classified,12,0
47295,Ġsemantics,12,0
47296,Ġconcealing,12,1
47297,Ġconceivable,12,0
47298,Ġstupor,12,0
47299,Ġpitfall,12,0
47300,Ġpitfalls,12,0
47301,husband,12,0
47303,ĠSTAT,12,3
47304,train,12,0
47305,Ġfiercest,12,0
47306,ĠMcGregor,12,0
47307,Ġlatte,12,18
47308,Ġcommissioning,12,0
47309,Ġcommissioners,12,0
47310,Ġwiden,12,0
47311,Ġwidower,12,0
47312,ĠMillville,12,0
47313,ĠHonour,12,0
47314,Ġtranslations,12,0
47316,Ġbirthdays,12,0
47317,Ġcymb,12,19
47318,ĠHorrors,12,0
47319,ĠAttila,12,0
47320,Ġhabitual,12,0
47321,Ġsanitation,12,13
47322,Ġlocket,12,12
47323,commuting,12,0
47324,ĠSecondly,12,0
47325,ĠHolm,12,1
47326,ĠLowering,12,0
47327,ĠProjects,12,0
47328,ĠSolomons,12,0
47329,ĠVillajoyosa,12,0
47330,ĠPublications,12,0
47331,ĠRutha,12,0
47332,702,12,0
47333,ĠAmongst,12,0
47334,ĠRyerson,12,0
47335,ĠRydal,12,0
47336,Ġconveniences,12,0
47337,ĠFerre,12,0
47338,ĠFerrer,12,0
47339,Ġoversaw,12,0
47340,Ġhypoch,12,0
47341,Ġbrilliance,12,0
47342,Ġmorph,12,0
47343,ĠEduard,12,0
47344,Ġscorer,12,0
47345,ĠPottinger,12,0
47346,Ġpedals,12,10
47347,ĠRemem,12,0
47348,ĠRemnick,12,0
47349,Ġincredulity,12,0
47350,ĠDenezy,12,0
47351,ĠGalicia,12,0
47352,ĠRajmund,12,0
47353,ĠLucca,12,0
47354,Ġsteeped,12,0
47355,Ġbolder,12,0
47356,Ġnoblemen,12,0
47357,ĠMeaning,12,0
47358,Ġincorporation,12,0
47359,Ġhalo,12,2
47360,Ġtablesp,12,0
47361,Ġhomogenous,12,0
47362,ĠPassage,12,0
47363,ĠPassover,12,0
47364,ĠBaum,12,0
47365,ĠBaix,12,0
47366,Ġmasse,12,0
47367,ĠNapolean,12,0
47368,Ġskew,12,4
47369,Ġskeletal,12,0
47370,Ġrabbis,12,0
47371,Ġjogger,12,6
47373,Ġfragrance,12,1
47374,Ġalienated,12,0
47375,ĠAstros,12,0
47376,ĠPaynes,12,0
47377,ĠMirage,12,0
47378,Ġcreationists,12,0
47379,Ġcontroversies,12,0
47380,Ġnarrating,12,0
47381,ĠUNC,12,0
47382,ĠOxide,12,0
47383,ĠOxnard,12,0
47384,Ġfluorescent,12,29
47385,ĠĠĠĠĠĠĠĠĠĠĠĠĠĠĠĠĠĠĠĠĠĠĠĠĠĠĠĠĠĠĠĠĠĠĠĠĠĠĠ,12,0
47386,football,12,0
47387,Ġjuices,12,1
47388,Ġentryway,12,5
47389,Ġhoi,12,0
47390,Ġhoist,12,2
47391,Ġhoatzin,12,0
47392,Ġtortuous,12,0
47393,ĠBorders,12,0
47394,ĠPoison,12,1
47395,ĠDunstan,12,0
47396,Ġsweatpants,12,40
47397,Ġaeron,12,0
47398,ĠPawn,12,0
47399,ĠRubber,12,1
47400,Ġtremor,12,0
47402,ROW,12,12
47403,Ġadmirably,12,0
47404,APP,12,4
47405,Ġ362,12,0
47406,ĠMatth,12,0
47407,ĠRadical,12,0
47408,immigrant,12,0
47409,ĠDioc,12,0
47410,ĠDiaries,12,0
47411,ĠExpressway,12,0
47412,ĠDetermine,12,0
47413,ĠCirque,12,0
47414,ĠOliv,12,0
47415,rizio,12,0
47416,ĠLindbergh,12,0
47417,ĠLiechtenstein,12,0
47418,Ġproofs,12,0
47419,ĠHungry,12,4
47420,Ġtcha,12,0
47422,Ġenclosures,12,0
47423,Ġsurrept,12,0
47424,Ġ1804,12,0
47425,Ġmedalist,12,1
47426,Ġnervousness,12,0
47427,Ġrejoic,12,0
47428,Ġunlock,12,0
47429,ĠBhai,12,0
47430,Franc,12,0
47431,Ġgrossed,12,0
47432,ĠDevelopers,12,0
47433,ĠHartleys,12,0
47434,Ġgrimace,12,2
47435,Ġconfessing,12,0
47436,Ġbreech,12,0
47437,Ġbreezy,12,0
47438,662,12,0
47439,ĠTaipa,12,0
47440,ĠSharpton,12,0
47441,Ġapologizing,12,0
47442,Ġleafless,12,17
47443,Ġtoxicant,12,0
47444,ĠNazareth,12,0
47445,ĠExploring,12,0
47446,Ġplotting,12,0
47448,Ġbotul,12,0
47449,ĠOceania,12,0
47450,Ġsync,12,0
47451,ĠDecreasing,12,0
47452,Ġdiluted,12,0
47453,ĠTalai,12,0
47454,ĠIdun,12,0
47455,Ġoutlived,12,0
47456,Ġanchorage,12,0
47457,ĠEfficiency,12,0
47458,ĠNichols,12,0
47459,Ġimproperly,12,0
47460,Forbes,12,0
47461,RCH,12,0
47462,Ġentitlements,12,0
47463,Ġlectured,12,0
47464,Ġwindswept,12,1
47465,Ġmobs,12,2
47466,ĠJudgement,12,0
47467,ĠCreated,12,0
47468,ĠPicardy,12,0
47469,Ġinstinctive,12,0
47470,ĠGuardie,12,0
47471,ĠSabina,12,0
47472,Ġchampioned,12,0
47473,Ġunpleasantly,12,0
47474,ĠTsushima,12,0
47475,ĠWolver,12,0
47476,ĠWalesa,12,0
47477,ĠNHLs,12,0
47478,385,12,0
47479,ĠCooperative,12,0
47480,Ġspellbound,12,0
47481,Ġprecedes,12,0
47482,wedlock,12,0
47483,Ġcocktails,12,16
47484,ĠCochrane,12,0
47485,ĠMarshal,12,0
47486,ĠUniversit,12,0
47487,ĠConservatory,12,0
47488,ĠDriggs,12,0
47489,ĠShrum,12,0
47490,Ġdugout,12,40
47491,ĠSaying,12,0
47492,ĠSemitic,12,0
47494,ĠNavona,12,0
47495,Ġjuggernaut,12,0
47496,Ġlinemen,12,0
47498,Ġrationalize,12,0
47499,ĠLamont,12,0
47500,Ġretainers,12,0
47501,ĠAuthorization,12,0
47502,Ġprovisional,12,0
47503,ĠKeepers,12,0
47504,AAF,12,0
47505,Ġtherapists,12,0
47506,Ġlends,12,0
47507,Ġenterprising,12,0
47508,URES,12,1
47509,While,12,0
47510,Whose,12,0
47511,Ġallegorical,12,0
47512,ĠRuy,12,0
47513,Ġcleric,12,0
47514,ĠExamining,12,0
47515,ĠSheridan,12,0
47516,ĠNanking,12,0
47517,Ġbreeders,12,0
47518,Ġ1782,12,0
47519,Ġ1784,12,0
47520,Ġhollows,12,0
47521,Ġtelescopes,12,10
47522,hunter,12,0
47523,Ġsaintly,12,0
47524,Ġaccumulates,12,0
47525,Ġgrooming,12,10
47526,Ġgroomed,12,3
47527,modification,12,0
47528,ĠEngineer,12,0
47529,ĠCarrara,12,0
47530,Ġviciously,12,0
47531,Ġrecreated,12,0
47532,ĠMajestic,12,0
47533,ĠEthics,12,0
47534,Ġwallets,12,3
47535,Ġirrepar,12,0
47536,ĠDEATH,12,0
47537,Ġdividend,12,0
47538,Ġlunches,12,4
47539,ĠBurning,12,0
47540,ĠFuturobot,12,0
47541,ĠTheodor,12,0
47542,ĠTelecom,12,0
47543,ĠEpstein,12,0
47544,ĠExperiences,12,0
47545,ĠCHU,12,0
47546,ĠHigashi,12,0
47547,Ġaccelerating,12,0
47548,Ġaccelerators,12,0
47549,Ġhydrofo,12,0
47550,ĠANOTHER,12,58
47551,Ġfictitious,12,0
47552,Ġstimuli,12,0
47553,ĠGauguin,12,0
47554,ĠGrave,12,0
47555,Ġsqueezing,12,4
47556,ĠAlexandre,12,0
47557,Ġsupervisory,12,1
47558,Ġencouragingly,12,0
47559,history,12,0
47560,Ġbowsprit,12,0
47561,structed,12,7
47562,ĠBahrain,12,0
47563,ĠDigger,12,0
47564,Ġpursuer,12,0
47565,Ġperturbed,12,0
47566,ĠPittsburg,12,0
47567,slides,12,0
47568,ĠEcology,12,0
47569,Ġmicroscopes,12,11
47570,Ġcynic,12,0
47571,Ġaptly,12,0
47572,ĠTrojan,12,1
47573,ĠRabin,12,0
47574,ĠRabbi,12,0
47575,ĠExposition,12,0
47576,Ġfundamentalist,12,0
47577,Ġartificially,12,1
47578,Ġneglects,12,0
47579,Ġneglecting,12,0
47580,Ġcherub,12,1
47581,ĠDurga,12,0
47582,ATIONS,12,0
47583,ĠWaas,12,0
47584,ĠLoraine,12,0
47585,Ġpapering,12,0
47586,ĠPokhara,12,0
47587,ĠKurashiki,12,0
47588,Ġcongratulating,12,1
47589,ĠPROP,12,2
47590,Ġappointees,12,0
47591,Ġspokeswoman,12,0
47592,ĠCandia,12,0
47593,Ġornamentation,12,0
47594,ĠMagnus,12,0
47595,ĠMagnum,12,0
47596,Ġpatchwork,12,6
47597,ĠMesquite,12,0
47598,ĠArmenians,12,0
47599,ĠLevinson,12,0
47600,Ġboosting,12,0
47601,deficit,12,0
47602,Ġexaggeration,12,0
47603,ĠTWA,12,0
47604,Ġsuccinct,12,0
47605,ĠErnestine,12,0
47606,ĠClarinet,12,0
47607,Ġoxidized,12,0
47608,Ġowls,12,2
47609,ĠPurbeck,12,0
47610,UTION,12,0
47611,catcher,12,4
47612,ĠCartmel,12,0
47613,ĠKochanowski,12,0
47614,Ġassigning,12,0
47615,ĠBrahma,12,0
47616,Ġsqueamish,12,0
47617,ĠTubbs,12,0
47618,Ġperpetually,12,0
47619,ĠAltam,12,0
47620,ĠAltman,12,0
47621,Ġepicenter,12,0
47622,ĠCombined,12,0
47623,Ġrecollected,12,0
47624,ĠAmazonas,12,0
47625,ĠPiero,12,0
47626,ĠShinano,12,0
47627,ĠTagus,12,0
47628,ĠBanquet,12,1
47629,ĠNarc,12,0
47630,Ġcompatri,12,0
47631,Ġundergraduates,12,0
47632,Ġinsightful,12,0
47633,Ġinsignia,12,3
47634,Ġsprinkling,12,3
47635,ĠHaley,12,0
47636,Ġvacuuming,12,0
47637,Ġlibertarians,12,0
47638,knowing,12,0
47639,Ġcoinage,12,0
47640,Ġ1609,12,0
47641,ĠNathaniel,12,0
47642,ĠRotterdam,12,0
47643,Ġdwells,12,0
47644,Ġcubes,12,37
47645,ĠBarkin,12,0
47646,Ġramifications,12,0
47647,Ġbountiful,12,0
47648,Ġgerms,12,0
47649,Ġgeriatric,12,0
47650,Ġhemlock,12,0
47651,ĠPelosi,12,2
47652,beaten,12,1
47653,Ġparasites,12,0
47654,Ġunwillingness,12,0
47655,ĠIRFA,12,0
47656,ĠKorchnoi,12,0
47657,ĠViollet,12,0
47658,ĠZionist,12,0
47659,Ġpyg,12,0
47660,ĠMARK,12,2
47661,ĠLotso,12,0
47662,Ġoverthrew,12,0
47663,Ġundermines,12,0
47664,Ġcomplimentary,12,0
47665,ĠPonzi,12,0
47666,ĠFontana,12,0
47667,Ġsniffs,12,2
47668,ĠAzerbaijani,12,0
47669,Ġhubris,12,0
47670,Ġmanipulation,12,0
47671,ĠBathsheba,12,0
47672,ĠBrosnan,12,0
47673,Ġ1772,12,0
47674,Ġfelonies,12,0
47675,ĠGrozny,12,0
47676,Ġunkindness,12,0
47677,Ġmemorize,12,0
47678,Ġbunkhouse,12,0
47679,ĠIDPA,12,0
47680,Ġeyebrow,12,9
47681,Ġtrekkers,12,0
47682,ĠMontanaire,12,0
47683,"Ġ----,",12,0
47684,Ġsulk,12,0
47685,Ġniha,12,0
47686,Ġstubble,12,4
47687,Ġpebbly,12,1
47688,Ġdevotees,12,0
47689,Ġfrosty,12,5
47690,Ġbrewing,12,0
47691,ĠWEEK,12,1
47692,Ġsentimentality,12,0
47693,Ġdeducted,12,0
47694,ĠManners,12,0
47695,Wouldn,12,0
47696,ĠFRANK,12,0
47697,ĠCetello,12,0
47698,ĠLicata,12,0
47699,ĠLicchavi,12,0
47700,ĠZuckerman,12,0
47701,ĠContracts,12,0
47702,ĠAnglia,12,0
47703,ĠSexual,12,0
47704,ĠDhaka,12,0
47705,ĠNuova,12,0
47706,ĠCutting,12,1
47707,couldn,12,0
47708,ĠJuvent,12,0
47709,Ġperceiving,12,0
47710,ĠMontgomerie,12,0
47711,Ġintimidation,12,0
47712,Ġintimidated,12,0
47713,Ġecclesiast,12,0
47714,Ġcosmic,12,1
47715,Ġloyalties,12,0
47716,ĠJudeo,12,0
47717,ĠConnaught,12,0
47718,Ġepidem,12,0
47719,Ġdispersion,12,0
47720,ĠRelationships,12,0
47721,atinate,12,0
47722,Ġpompous,12,0
47723,ĠCockpit,12,0
47724,Ġimpetuously,12,0
47725,Ġimpartial,12,0
47726,Ġsubdivision,12,0
47727,ĠParalympic,12,0
47728,ĠHemisphere,12,0
47729,Ġupsets,12,0
47730,ĠCompletely,12,1
47731,Ġcranky,12,0
47732,Ġdiscomf,12,0
47733,ĠXXVI,12,0
47734,ĠXXVII,12,0
47735,Ġominously,12,0
47736,ĠEisner,12,0
47737,ĠAdriaanse,12,0
47738,Ġidolatry,12,0
47739,fujing,12,0
47740,ĠTatuc,12,0
47741,ĠIllegal,12,0
47742,ĠAjax,12,0
47743,ĠAjami,12,0
47744,ĠMOON,12,2
47745,ĠMOBA,12,0
47746,ĠFreshwater,12,0
47747,ĠArriving,12,0
47748,ĠAllahabad,12,0
47749,ĠLagos,12,0
47750,ĠLaguna,12,0
47751,Ġanalogies,12,0
47752,ĠEnsuring,12,0
47753,Christmas,12,0
47754,ĠReturns,12,0
47755,Ġbounces,12,0
47756,Ġbouncy,12,7
47757,ĠBakaly,12,0
47758,Ġungracious,12,0
47759,Ġtuxedos,12,38
47760,Ġfrolics,12,2
47761,Ġdeployment,12,1
47762,Ġbracken,12,0
47763,Ġbrackets,12,3
47764,Ġredeemed,12,0
47765,ĠTiberius,12,0
47766,ĠSigism,12,0
47767,ĠCordova,12,0
47768,ĠPondicherry,12,0
47769,ĠWynette,12,0
47770,ĠCommentary,12,0
47771,Ġreproachfully,12,0
47772,Ġturbochargers,12,0
47773,Ġrehabilitate,12,0
47774,midt,12,0
47775,ĠTamara,12,0
47776,Ġarcheological,12,0
47777,ĠClifford,12,0
47778,ĠCLOU,12,0
47779,ĠBoches,12,0
47780,ĠPorcelain,12,3
47781,ĠGrowers,12,0
47782,Ġacrosefrom,12,0
47783,Ġpentameter,12,0
47784,ĠBingi,12,0
47785,delivered,12,0
47786,Ġwreaths,12,7
47787,ĠJANE,12,0
47788,Ġresurrection,12,0
47789,magaz,12,0
47790,ĠTouchstone,12,0
47791,striped,12,37
47792,ĠSedan,12,2
47793,Ġchoreographed,12,2
47794,Ġacrobatic,12,7
47795,ĠClinic,12,0
47796,Ġkimonos,12,12
47797,ĠKarnataka,12,0
47798,Ġripple,12,1
47799,ĠIndigent,12,0
47800,Ġinterchangeable,12,0
47801,Ġburglary,12,0
47802,ĠHorseshoe,12,0
47803,Ġmangled,12,0
47804,Ġcongestive,12,0
47806,Ġdisrupted,12,0
47807,ĠVaishn,12,0
47808,ĠVacation,12,0
47809,Ġmarauding,12,0
47810,ĠPOST,12,5
47811,Ġspruces,12,0
47812,ĠVaucl,12,0
47813,Ġslyly,12,0
47814,Ġostent,12,0
47815,atchee,12,0
47816,ĠRiddle,12,0
47817,Ġalarmingly,12,0
47818,Ġenchantment,12,0
47819,ogeneity,12,0
47820,Ġimprint,12,1
47821,Ġpleadings,12,0
47822,ĠAfrikanders,12,0
47823,ĠVolunteers,12,4
47824,Ġomnip,12,0
47825,ĠRancho,12,0
47826,ĠECAC,12,0
47827,ĠScenarios,12,0
47828,Twenty,12,0
47829,Ġmockingly,12,0
47830,Ġdribbling,12,6
47831,ĠShalit,12,0
47832,Ġelectroly,12,0
47833,ĠFrequently,12,0
47834,Topham,12,0
47835,ypical,12,0
47836,ĠHodge,12,0
47837,Ġmushroom,12,43
47838,Ġdemolition,12,2
47839,ĠScrolls,12,0
47840,cultural,12,0
47841,Ġhaughtily,12,0
47842,ĠLinkin,12,0
47843,technic,12,0
47844,technology,12,0
47845,tebrate,12,0
47846,ĠMcNally,12,0
47847,ĠSchneiderman,12,0
47848,Ġpivot,12,0
47849,ĠIchiki,12,0
47850,Ġheterogeneous,12,0
47851,Ġweasel,12,13
47852,ĠHazel,12,0
47853,ĠInjun,12,0
47854,ĠInjins,12,0
47855,ĠAlbums,12,0
47856,ĠCAFE,12,1
47857,fifths,12,0
47858,Ġmunitions,12,0
47859,ĠMeadow,12,0
47860,ĠHannibal,12,0
47861,ĠDAVE,12,0
47862,Ġfiberglass,12,0
47863,Ġpeddlers,12,0
47864,ĠCAMP,12,0
47865,ĠENEM,12,0
47866,ĠChopra,12,0
47867,ĠMcIntire,12,0
47868,ĠCovenanters,12,0
47869,Ġhesitatingly,12,0
47870,ĠIwate,12,0
47871,ĠFLOW,12,43
47872,ĠFawzi,12,0
47873,ĠFawcett,12,0
47874,Ġplodded,12,0
47875,Ġundoing,12,0
47876,Ġsteadfastly,12,0
47877,Ġgusts,12,0
47879,Ġatheist,12,0
47880,ĠStoddard,12,0
47881,Ġdisbursing,12,0
47882,Ġdisrespectful,12,0
47883,privileged,12,0
47884,ĠMeasles,12,0
47885,Ġfastenings,12,0
47886,Murder,12,0
47887,RATIONS,12,0
47888,ĠHoover,12,0
47889,ĠDolphin,12,0
47890,Ġproffer,12,0
47891,Ġproffered,12,0
47892,ĠGwadar,12,0
47893,ĠMarmara,12,0
47894,ĠSparkes,12,0
47895,Ġunsuspecting,12,0
47896,ĠRetrofits,12,0
47897,ĠConstituent,12,0
47898,Ġnigger,12,1
47899,ĠABOUT,12,2
47900,Ġserenity,12,0
47901,Ġreplenished,12,0
47902,Ġsemifinals,12,0
47903,Ġlandslides,12,0
47904,Ġducal,12,0
47905,ĠSplash,12,0
47906,ĠBungo,12,0
47907,Ġresonance,12,0
47908,ĠSalamanca,12,0
47909,ĠSFWA,12,0
47910,ĠCCLS,12,0
47911,Ġrecaptured,12,0
47912,Ġcampgrounds,12,0
47913,Ġloathsome,12,0
47914,ĠAntipater,12,0
47915,Ġdissuade,12,0
47916,Ġdissuaded,12,0
47917,UCN,12,0
47918,ĠBecoming,12,0
47919,ĠPrelude,12,0
47920,ĠPreliminary,12,0
47921,Ġrudeness,12,0
47922,ĠLumet,12,0
47923,Ġretaliated,12,0
47924,Ġfairer,12,0
47925,Ġdandelion,12,18
47926,ĠTiananmen,12,1
47927,ĠCeramics,12,0
47928,Ġneurological,12,0
47929,ĠRoughly,12,0
47930,Ġablaze,12,0
47931,ĠUrsula,12,0
47932,Ġperipheral,12,2
47933,Ġbristled,12,1
47934,Ġeradicated,12,0
47935,Ġspreadsheet,12,4
47936,ĠPiccolo,12,0
47937,ĠPiccolomini,12,0
47938,Ġmisunderstandings,12,0
47939,ĠOptim,12,0
47940,Ġexpatriate,12,0
47941,ĠMinimum,12,0
47942,Hindus,12,0
47943,Ġwokli,12,0
47944,Ġanonymously,12,0
47945,Ġteetotal,12,0
47946,Ġperseverance,12,0
47947,Ġheliport,12,0
47948,Ġparakeet,12,2
47949,ĠMurdock,12,0
47950,ĠProtocols,12,0
47951,Ġunexplored,12,0
47952,Ġsneezed,12,0
47953,ĠBodhisattvas,12,0
47954,ĠOASDI,12,0
47955,Julien,12,0
47956,Ġukulele,12,20
47957,ĠCezary,12,0
47958,ĠBoundary,12,0
47959,ĠBreath,12,0
47960,ĠNeyruz,12,0
47961,Ġmegahertz,12,0
47962,ĠKiyomizu,12,0
47963,ĠAscension,12,0
47964,Ġskylight,12,1
47965,ĠArsenal,12,0
47966,Ġdroplets,12,10
47967,Ġpenitent,12,0
47968,Ġdespondent,12,0
47969,Ġgypsum,12,1
47970,ĠFeinstein,12,0
47971,ĠFAIRY,12,0
47972,Ġnymphs,12,0
47973,Disney,12,0
47974,Girls,12,0
47975,Ġtiptoe,12,0
47976,Ġolympics,12,0
47977,Ġgerbil,12,0
47978,ĠCategory,12,0
47979,ĠPashup,12,0
47980,ĠPeyres,12,0
47981,ĠDwight,12,0
47982,Ġboycotting,12,0
47983,Ġdecadence,12,0
47984,Ġinfidelity,12,0
47985,ANCES,12,0
47986,Ġenslaved,12,0
47987,Ġcinematographer,12,0
47988,ĠBoilermakers,12,0
47989,ĠOrphanage,12,0
47990,Ġancients,12,0
47991,ĠWeasel,12,0
47992,Ġcovenant,12,0
47993,Ġdistasteful,12,0
47994,ĠLebuh,12,0
47995,Ġmethylmercury,12,0
47996,Ġcouncillor,12,0
47997,Ġlacquerware,12,0
47998,Ġzigzag,12,3
47999,ĠUzbekistan,12,0
48000,Ġtuberculosis,12,0
48001,ĠAFTER,12,2
48002,ĠCatechist,12,0
48003,ĠDravidians,12,0
48004,ĠRauch,12,0
48005,ĠYukon,12,0
48006,ĠChaldean,12,0
48007,ĠEnthroned,12,0
48008,Ġtribunal,12,0
48009,International,12,0
48010,Ġsabotaged,12,0
48011,ĠDatabase,12,0
48012,Possens,12,0
48013,Solomon,12,0
48014,square,12,1
48015,Ġcongenial,12,0
48016,ĠGearbox,12,0
48017,ĠGaelic,12,0
48018,Ġtrundle,12,0
48019,Ġinvigorating,12,0
48020,ĠLeastways,12,0
48021,Ġprophesied,12,0
48022,Ġsoliloquized,12,0
48023,ĠGoumoens,12,0
48024,Ġlengthened,12,0
48025,Ġgroping,12,0
48026,ĠHuey,12,0
48027,ĠOaxaca,12,0
48028,ĠThierrens,12,0
48029,Ġpreoccupation,12,0
48030,ĠMayakovsky,12,0
48031,ĠArchduke,12,0
48032,ĠVolturi,12,0
48033,ĠMachiavelli,12,0
48034,Ġincomprehensible,12,0
48035,Claude,12,0
48036,Ġtussle,12,6
48037,Ġhollyh,12,0
48038,Ġdansband,12,0
48039,Ġealdorman,12,0
48040,Ġitalics,12,0
48041,ĠBreeding,12,0
48042,ĠHannington,12,0
48043,Ġrusset,12,0
48044,ĠDunkan,12,0
48045,ĠDASHAWAY,12,0
48046,ĠJeeves,12,0
48047,ĠAnswers,12,0
48048,ĠAnalyses,12,0
48049,Ġdiscredit,12,0
48050,Ġprofusely,12,0
48051,Ġfingernails,12,29
48052,ĠCaucasus,12,0
48053,Ġunceremoniously,12,0
48054,Henry,12,0
48055,Ġwacky,12,0
48056,ĠBallsbridge,12,0
48057,ĠHOPE,12,1
48058,ĠPitchfork,12,0
48059,ĠFAMILY,12,4
48060,Ġconfigurations,12,0
48061,Ġvarmints,12,0
48062,ĠMaltese,12,0
48063,ĠMartherenges,12,0
48064,ĠSalzillo,12,0
48065,ĠCamargue,12,0
48066,Ġambiguity,12,0
48067,Ġarchetypal,12,0
48068,ĠGiacometti,12,0
48069,ĠSnorkeling,12,0
48070,Ġcistern,12,4
48071,Ġmeringue,12,1
48072,ĠTuvia,12,0
48073,Ġthwarted,12,0
48074,icionados,12,0
48075,ĠAiguille,12,0
48076,ĠWimbledon,12,0
48077,Ġfoodstuffs,12,11
48078,ĠScanlon,12,0
48079,Ġinnertube,12,15
48080,ĠBurroughs,12,0
48081,Ġcedars,12,0
48082,Ġpitiable,12,0
48083,Ġanachron,12,0
48084,ĠDioxide,12,0
48085,ĠChianti,12,0
48086,ĠAlvarado,12,1
48087,Ġinfinites,12,0
48088,ĠManjushri,12,0
48089,ĠWestmoreland,12,0
48090,Ġvanquished,12,0
48091,ĠMallorcan,12,0
48092,ĠRenesmee,12,0
48093,Ġdiscomfiture,12,0
48094,ĠShetimasha,12,0
48095,Cierges,12,0
48096,Georges,12,0
48097,Ġfiestas,12,0
48098,Ġpitchers,12,30
48099,Ġhubbub,12,0
48100,ĠTbilisi,12,0
48101,ĠIthaca,12,0
48102,ĠAjaccio,12,0
48103,ĠMiquel,12,0
48104,Ġruckus,12,0
48105,ĠWanniski,12,0
48106,ĠDaresby,12,0
48107,ĠLumbini,12,0
48108,ĠOglethorpe,12,0
48109,ĠKivitoo,12,0
48110,ĠStrecker,12,0
48111,Ġunhelpful,12,0
48112,Ġdisingenuous,12,0
48113,ĠVivero,12,0
48114,Ġfloresiensis,12,0
48115,Ġcentigrade,12,0
48116,Ġuntrustworthy,12,0
48117,ĠJonofi,12,0
48118,ĠMcVeigh,12,0
48119,Ġmisfortunes,12,0
48120,ĠMontpellier,12,0
48121,ĠCorrevon,12,0
48122,Ġcounterproductive,12,0
48123,ĠTorrevieja,12,0
48124,ĠMojacar,12,0
48125,Ġvocabularies,12,0
1362,Ġposs,11,13
1650,artment,11,0
1827,arent,11,1
1925,Ġbeaut,11,0
2152,haps,11,0
2412,sidered,11,0
2486,aughter,11,1
2662,Ġdefin,11,0
2776,ĠGovern,11,0
2880,Ġinflu,11,0
2943,Ġcred,11,0
2966,itely,11,0
3163,Ġacqu,11,0
3166,ĠFlore,11,1
3232,Ġassoci,11,0
3343,iple,11,3
3388,rection,11,0
3524,rael,11,0
3618,gypt,11,0
3670,note,11,0
3758,Ġstren,11,0
4008,gency,11,0
4558,amund,11,0
4861,Ġremem,11,0
4974,istics,11,0
5218,Ġcompar,11,0
5526,adel,11,1
5527,ĠKore,11,0
5544,enge,11,0
5731,lah,11,0
5831,ĠOklah,11,0
5854,Ġconsequ,11,0
5864,Ġquant,11,0
5894,Ġlif,11,2
6092,ilty,11,0
6321,Ġdemocr,11,0
6849,eram,11,4
6982,ugues,11,0
7554,raham,11,0
7560,comes,11,0
7675,Ġelev,11,0
7776,obal,11,0
7939,ĠEduc,11,0
7995,zant,11,0
7999,Ġassemb,11,2
8110,ript,11,0
8159,Ġcompens,11,0
8172,Ġtast,11,0
8222,Ġenorm,11,0
8484,Ġnegoti,11,1
8528,Ġdiscipl,11,0
8637,cript,11,0
8646,ĠCir,11,1
8727,Ġspo,11,0
8887,atala,11,0
8901,ĠHou,11,0
9285,uze,11,1
9384,ĠPriv,11,0
9407,aughters,11,0
9779,hent,11,2
9942,ittees,11,0
10013,emet,11,0
10107,ĠWol,11,0
10160,Ġauthent,11,0
10224,shine,11,0
10354,estation,11,0
10357,Ġplung,11,14
10363,ovak,11,0
10554,Ġunne,11,0
10743,otal,11,0
10750,iege,11,5
10883,HT,11,7
11235,herent,11,0
11255,initely,11,0
11366,Ġdece,11,0
11377,irect,11,0
11405,adise,11,0
11414,Ġappet,11,35
11497,Ġhaz,11,0
11718,Ġsear,11,2
11764,imore,11,1
11981,awn,11,1
12124,ĠTrad,11,0
12214,Ġdisgr,11,0
12318,ĠTay,11,0
12394,Ġdisgu,11,0
12424,avering,11,0
12499,Ġchlor,11,0
12534,anchester,11,0
12592,ĠSyd,11,0
12708,plete,11,0
12714,annels,11,0
12972,Ġank,11,13
13076,Ġunsu,11,0
13180,ĠBenn,11,0
13265,Ġinterven,11,0
13343,ĠPhoen,11,0
13519,Ġvel,11,18
13754,irds,11,0
14170,Ġburd,11,0
14318,amount,11,0
14391,Ġpled,11,0
14637,Ġthres,11,1
14659,ĠKend,11,0
15103,Ġcinem,11,1
15175,arently,11,0
15197,Ġhomosex,11,0
15257,ennium,11,0
15460,rix,11,0
15562,ĠTud,11,0
15777,Ġdwar,11,0
15900,Ġpandem,11,0
15938,uala,11,0
16151,ĠNong,11,0
16276,Ġcommod,11,0
16278,Ġincon,11,0
16309,Ġuncomm,11,0
16513,ĠFact,11,0
16600,nels,11,0
16626,Ġmanip,11,0
16652,Ġsurm,11,0
16697,flu,11,0
16887,Ġinadequ,11,0
16888,ĠTow,11,2
17086,orporated,11,0
17166,ĠNets,11,0
17273,inis,11,0
17330,Ġpopul,11,0
17331,amese,11,7
17361,ĠGiov,11,0
17534,rine,11,0
18305,laf,11,0
18307,viously,11,0
18310,atization,11,0
18534,beit,11,0
18683,ortions,11,0
18809,gus,11,1
18991,pillar,11,22
19012,poles,11,0
19041,urous,11,0
19397,lich,11,0
19529,Ġunderest,11,0
19657,iguous,11,0
20024,Ġpropri,11,0
20037,angar,11,0
20079,ĠCommod,11,0
20116,Ġfurnishing,11,0
20147,Ġecst,11,0
20196,lements,11,0
20227,abul,11,0
20331,heimer,11,0
20402,Lou,11,0
20436,rious,11,0
20499,arnation,11,0
20660,opal,11,0
20937,ikoff,11,0
21016,Ġreferen,11,0
21088,ĠSeb,11,1
21181,Ġaffl,11,0
21192,ĠGrac,11,0
21288,Ġstereoty,11,0
21337,atown,11,0
21353,Ġloos,11,0
21475,adda,11,0
21670,yson,11,0
21684,ombre,11,0
21722,Ġmischie,11,0
21832,dad,11,0
21935,Ġsubstit,11,0
21951,Ġedif,11,0
22091,bian,11,0
22106,Ġwreat,11,0
22265,ĠHumph,11,0
22425,ĠPain,11,0
22428,Ġranc,11,0
22540,official,11,0
22687,inum,11,0
22718,ĠBAS,11,17
22766,ĠKod,11,0
23044,ĠWag,11,2
23056,ĠDian,11,0
23094,ensible,11,0
23164,loading,11,0
23281,Russ,11,0
23360,ourse,11,0
23585,HC,11,2
23638,amous,11,0
23658,ĠDise,11,0
23676,ĠHein,11,0
23944,Ġfuzz,11,5
23973,ĠBRA,11,7
23989,Ġchamp,11,3
24000,ĠRid,11,0
24028,ĠVand,11,0
24053,Ġheadsc,11,35
24082,ractive,11,4
24308,ĠMater,11,0
24318,ĠPf,11,0
24324,ĠFail,11,0
24418,Ġexplor,11,0
24419,Ġdemean,11,0
24714,ĠLief,11,0
25043,omical,11,0
25080,ĠNum,11,0
25100,ĠInstit,11,0
25112,closure,11,1
25172,Ġinspir,11,0
25378,Alf,11,0
25410,Ġsult,11,0
25436,ĠSyl,11,0
25514,Ġcoh,11,0
25515,Ġremed,11,0
25534,phur,11,0
25587,uchs,11,15
25673,Ġsymmet,11,1
25681,Perfect,11,0
25764,banks,11,0
25792,Ġpater,11,1
25809,roof,11,14
25829,ĠPix,11,0
25843,ĠDF,11,0
25860,eligible,11,0
25877,ĠInj,11,0
25906,Ġcrumb,11,25
25921,Ġobli,11,0
26110,hawks,11,1
26186,tal,11,2
26240,Ġseiz,11,0
26281,owness,11,0
26309,Ġcoeff,11,0
26505,Ġcustod,11,1
26639,ĠMie,11,0
26686,outhed,11,6
26696,ĠInfl,11,1
27046,itational,11,0
27057,ĠTie,11,6
27071,advert,11,0
27089,iless,11,3
27104,ĠNarr,11,1
27112,ĠRut,11,0
27138,Ġdidgerid,11,2
27186,Ġretr,11,0
27255,Ġantit,11,0
27370,Ġvigil,11,14
27519,lining,11,0
27550,inged,11,2
27614,Ġneb,11,0
27677,ruptions,11,0
27787,Ġzig,11,5
28046,Ġcres,11,0
28199,airn,11,0
28203,Ġkeb,11,17
28230,Ġintercon,11,0
28319,Ġdais,11,0
28345,Ġunsatis,11,0
28597,Ġleng,11,0
28627,ĠCull,11,0
28680,ĠRapt,11,0
28727,neau,11,0
28793,ropics,11,0
29235,odder,11,0
29240,ĠInqu,11,0
29372,Ġskyrock,11,0
29590,Ġpropriet,11,4
29710,Ġbere,11,0
29716,Ġrearr,11,0
29722,etera,11,0
29782,ĠFPA,11,0
29785,ĠDere,11,0
29865,ensation,11,6
29888,ggio,11,0
29964,restrial,11,0
29994,ĠDrunk,11,0
29999,addressed,11,0
30084,ademia,11,0
30170,Guard,11,0
30245,igarettes,11,0
30306,coun,11,0
30312,mu,11,0
30313,mort,11,1
30317,wu,11,1
30321,yst,11,0
30374,ĠMild,11,0
30416,ĠNou,11,0
30464,ĠStraw,11,7
30500,henberg,11,0
30505,Ġshowc,11,1
30560,ĠMyster,11,0
30572,ĠConce,11,0
30658,utsu,11,0
30671,imento,11,0
30940,GER,11,48
30945,JC,11,0
30976,vie,11,0
31056,ĠHase,11,0
31068,ĠPend,11,1
31154,ĠStam,11,0
31254,Ġwaff,11,59
31289,ĠWorces,11,0
31646,Fin,11,0
31648,JP,11,0
31650,Muse,11,0
31667,iots,11,0
31679,saw,11,0
31710,arius,11,0
31744,ĠCum,11,0
31755,ĠBILL,11,1
31797,ĠLax,11,0
31858,Ġunquestion,11,0
31898,ĠBrick,11,3
31927,nesses,11,0
31933,Ġbenev,11,0
31966,iterated,11,0
31968,leville,11,0
32198,Ġconjug,11,0
32252,ĠBrahm,11,0
32270,ĠRespond,11,0
32358,Ġsemicir,11,2
32412,Hind,11,0
32419,NOW,11,18
32476,Ġwok,11,19
32508,legal,11,0
32529,adar,11,0
32542,irting,11,1
32551,Ġanonym,11,0
32584,antics,11,0
32610,aples,11,5
32635,Ġteet,11,5
32654,Ġpersever,11,0
32685,Ġhelip,11,0
32712,azing,11,2
32781,Ġparake,11,0
32908,ĠMurd,11,0
32945,ĠProtoc,11,0
32971,Ġunexpl,11,0
32984,Ġsneez,11,0
33058,ĠBodhisatt,11,0
33092,uyama,11,0
33164,ĠOASD,11,0
33284,ruth,11,0
33311,erth,11,0
33324,ingling,11,0
33511,igne,11,1
33682,uddles,11,4
33840,STON,11,0
48126,"!,",11,0
48127,"""--""",11,0
48128,++,11,0
48129,",&",11,0
48130,"._,",11,0
48131,299,11,0
48132,319,11,0
48133,323,11,0
48134,480,11,0
48135,Aut,11,0
48136,Aud,11,0
48137,Aichi,11,0
48138,Bon,11,0
48139,Boys,11,0
48140,Bourgeois,11,0
48141,Buffalo,11,0
48142,Cle,11,0
48143,Cruz,11,1
48144,Dess,11,0
48145,Dave,11,0
48146,DER,11,3
48147,EY,11,19
48148,Eh,11,0
48149,End,11,0
48150,Ent,11,0
48151,Edd,11,0
48152,Fut,11,0
48153,Fore,11,0
48154,Fox,11,0
48155,Flore,11,0
48156,Fairy,11,0
48157,Gore,11,0
48158,Ghost,11,0
48159,Glad,11,0
48160,HD,11,0
48161,Hark,11,0
48162,Hope,11,0
48164,IOUS,11,1
48166,Ka,11,0
48167,Kn,11,0
48168,Kay,11,0
48169,Koning,11,0
48170,Low,11,0
48171,Lam,11,0
48172,Mas,11,0
48173,Mid,11,0
48174,Mass,11,0
48175,MER,11,1
48176,Maur,11,0
48177,MENTS,11,0
48178,Nic,11,0
48179,Nav,11,2
48180,NII,11,0
48181,Number,11,0
48182,NOT,11,4
48183,OH,11,0
48184,Oy,11,0
48185,Olymp,11,3
48186,Pin,11,0
48187,Pay,11,0
48188,Pass,11,0
48189,Pins,11,0
48190,QL,11,0
48191,Rand,11,0
48192,Ros,11,0
48193,River,11,0
48194,Ragged,11,0
48195,RMS,11,0
48196,Rolling,11,0
48197,SN,11,1
48198,Sl,11,1
48199,Su,11,0
48200,Sac,11,0
48201,Set,11,0
48202,Sour,11,0
48203,Sah,11,0
48204,Sty,11,0
48205,Sever,11,0
48206,SEC,11,0
48207,Slam,11,0
48208,Sylv,11,0
48209,Script,11,0
48210,Tr,11,0
48211,Toy,11,0
48212,Tok,11,0
48213,Us,11,0
48214,VC,11,3
48215,VD,11,0
48216,Vall,11,0
48217,VIII,11,0
48218,Way,11,0
48219,Watch,11,0
48220,Women,11,0
48221,Whew,11,0
48222,XP,11,0
48223,Yam,11,0
48224,Yea,11,0
48225,aq,11,5
48226,average,11,0
48227,bri,11,0
48230,basket,11,0
48231,baby,11,3
48232,cke,11,4
48233,cong,11,0
48234,cada,11,0
48235,catching,11,2
48236,dl,11,5
48237,dat,11,0
48238,dot,11,15
48239,done,11,0
48240,dew,11,0
48241,dresses,11,25
48242,dropping,11,0
48243,dwelling,11,0
48244,eers,11,6
48245,ears,11,3
48246,each,11,0
48247,eira,11,0
48248,fre,11,2
48249,fur,11,2
48250,fights,11,0
48251,facing,11,4
48252,fisher,11,2
48253,figer,11,3
48254,figuration,11,0
48255,gro,11,0
48256,gir,11,2
48257,gud,11,0
48258,hur,11,0
48259,hink,11,0
48260,houn,11,0
48261,hari,11,0
48262,iard,11,0
48263,iob,11,0
48264,iata,11,0
48265,jake,11,0
48266,jew,11,0
48267,jacks,11,2
48268,lice,11,3
48269,labor,11,0
48270,layer,11,4
48271,mult,11,0
48272,mens,11,0
48273,municip,11,0
48274,macher,11,0
48275,missible,11,0
48276,mabah,11,0
48277,nies,11,5
48278,niest,11,5
48279,oza,11,0
48280,pents,11,0
48281,parent,11,3
48282,pires,11,1
48283,punk,11,0
48284,pora,11,0
48285,paved,11,7
48286,pipes,11,7
48287,rone,11,0
48288,rhy,11,0
48289,rades,11,0
48290,sum,11,0
48291,spl,11,2
48292,sound,11,0
48293,sick,11,0
48294,suit,11,2
48295,sburg,11,0
48296,span,11,0
48297,sounding,11,0
48298,sylum,11,0
48299,suppose,11,0
48300,tob,11,0
48301,times,11,0
48302,taz,11,0
48303,tape,11,0
48304,tmann,11,0
48305,uant,11,0
48307,vid,11,0
48308,vably,11,0
48309,vously,11,0
48310,vij,11,0
48311,wast,11,0
48312,wars,11,1
48314,zk,11,0
48315,Ġ%,11,6
48316,Ġtes,11,0
48317,Ġtors,11,55
48318,Ġtico,11,0
48319,Ġticking,11,1
48320,Ġtienne,11,0
48321,Ġtingling,11,0
48322,hea,11,0
48323,hewn,11,0
48324,Ġaugust,11,0
48325,instead,11,0
48326,rely,11,0
48327,really,11,3
48328,reality,11,0
48329,rella,11,52
48330,Ġsowing,11,2
48331,Ġwaked,11,0
48332,Ġwigs,11,53
48333,Ġwields,11,2
48334,Ġwesterly,11,0
48335,Ġober,11,0
48336,Ġoui,11,0
48337,erys,11,0
48338,ndi,11,1
48339,ndes,11,0
48340,atu,11,0
48341,isman,11,0
48342,isement,11,0
48343,ispo,11,0
48344,Ġbure,11,0
48345,Ġbanish,11,0
48346,Ġbudding,11,0
48347,Ġbrawl,11,2
48348,Ġcaj,11,0
48349,Ġcuddled,11,3
48350,Ġcowering,11,0
48351,Ġcouture,11,0
48352,onin,11,0
48353,itre,11,0
48354,itled,11,0
48355,itiously,11,0
48356,ingulate,11,0
48358,enfeld,11,0
48359,Ġfus,11,3
48360,Ġfum,11,1
48361,Ġfick,11,0
48362,Ġfiss,11,0
48363,Ġfauc,11,43
48364,Ġfiasco,11,0
48365,orgh,11,0
48366,oril,11,0
48367,orra,11,0
48368,orably,11,0
48369,Ġmp,11,12
48370,Ġmott,11,4
48371,Ġmoths,11,0
48372,Ġmignon,11,0
48373,Ġpect,11,0
48374,Ġpained,11,2
48375,Ġpunt,11,0
48376,Ġpuddles,11,14
48377,Ġpsyche,11,0
48378,Ġhars,11,0
48379,Ġhors,11,13
48380,Ġhives,11,0
48381,Ġhoses,11,10
48382,Ġhanja,11,0
48383,Ġdir,11,4
48384,Ġdop,11,0
48385,Ġdred,11,2
48386,Ġdast,11,0
48387,Ġdents,11,2
48388,Ġdiction,11,0
48389,Ġdangled,11,0
48390,Ġinferences,11,0
48391,Ġinversely,11,0
48392,Ġinasmuch,11,0
48393,Ġinappropriately,11,0
48394,arak,11,0
48395,arched,11,0
48396,arotti,11,0
48397,alm,11,0
48398,alines,11,0
48399,alena,11,0
48400,asier,11,0
48401,asagi,11,0
48402,ĠTet,11,0
48403,ĠTir,11,0
48404,ĠTies,11,1
48405,ĠTost,11,0
48406,ĠTars,11,0
48407,ĠTough,11,0
48408,ĠTuring,11,1
48409,ĠTeb,11,1
48410,ĠTeng,11,0
48411,ĠTBS,11,1
48412,ĠTEM,11,0
48413,ĠTamba,11,0
48414,ĠTammy,11,0
48415,ĠTaksim,11,0
48416,lea,11,0
48417,lec,11,0
48420,Ġnm,11,1
48421,Ġnis,11,0
48422,Ġnan,11,2
48423,Ġnipped,11,0
48424,Ġnchez,11,0
48425,Ġnimble,11,0
48426,icile,11,1
48427,icisms,11,0
48428,Ġlug,11,11
48429,Ġlouds,11,4
48430,Ġlongevity,11,0
48431,Ġgong,11,12
48432,Ġgland,11,0
48433,Ġgestic,11,14
48434,Ġglands,11,0
48435,ĠIo,11,0
48436,ĠTherap,11,0
48437,ĠThebans,11,0
48438,ĠAq,11,0
48439,ĠAgh,11,0
48440,ĠAph,11,0
48441,ĠAmin,11,0
48442,ĠAston,11,1
48443,ĠAkr,11,0
48444,ĠAJK,11,0
48445,otions,11,0
48446,Ġbeep,11,1
48447,Ġbemo,11,0
48448,owell,11,0
48449,veh,11,1
48450,veys,11,0
48453,Ġeul,11,0
48454,stress,11,1
48455,steen,11,1
48457,steps,11,0
48458,stayed,11,0
48459,stitching,11,0
48460,storied,11,0
48461,Ġrebo,11,0
48462,Ġreused,11,0
48463,Ġrework,11,0
48464,Ġreelection,11,0
48465,Ġreeval,11,0
48466,Ġreindeer,11,38
48467,Ġyon,11,0
48468,Ġyaks,11,0
48469,Ġhedon,11,0
48470,Ġonstage,11,0
48471,adj,11,0
48472,adent,11,0
48473,utz,11,0
48474,utations,11,0
48475,utroph,11,0
48476,ayyad,11,0
48477,Ġthats,11,142
48479,roft,11,0
48480,ĠSall,11,2
48481,ĠSere,11,0
48482,ĠSne,11,1
48483,ĠSury,11,0
48484,ĠSamb,11,0
48485,ĠSorrow,11,0
48486,ĠSQU,11,16
48487,ĠSufferin,11,0
48488,verick,11,0
48489,verting,11,1
48490,verdon,11,0
48491,Ġstances,11,0
48492,Ġstoves,11,3
48493,Ġstardom,11,0
48494,Ġsteely,11,0
48495,Ġforay,11,0
48496,Ġforage,11,1
48497,Ġforays,11,0
48498,among,11,1
48499,urized,11,1
48500,ĠCP,11,2
48501,ĠCres,11,0
48502,ĠCattle,11,2
48503,ĠCops,11,0
48504,ĠCasc,11,0
48505,ĠCube,11,0
48506,ĠCFC,11,0
48507,ĠCLA,11,1
48508,ĠCuster,11,0
48509,ĠCologne,11,0
48510,ĠCUNY,11,0
48511,ĠMI,11,1
48512,ĠMide,11,0
48513,ĠMoc,11,0
48514,ĠMous,11,0
48515,ĠMish,11,0
48516,ĠMiz,11,0
48517,ĠMenc,11,0
48518,ĠMels,11,0
48519,ĠMato,11,0
48520,ĠMATH,11,0
48521,ĠMapple,11,0
48522,Ġanon,11,0
48523,Ġwhinn,11,0
48524,Ġwhoso,11,0
48525,ĠBim,11,0
48526,ĠBant,11,0
48527,ĠBone,11,0
48528,ĠBats,11,0
48529,ĠBering,11,0
48530,ĠBlet,11,0
48531,ĠBoe,11,0
48532,ĠBones,11,0
48533,ĠBaux,11,0
48534,ĠBoca,11,0
48535,ĠBEA,11,12
48536,ĠBadu,11,0
48537,ĠBCE,11,0
48538,ĠBakh,11,0
48539,ĠBrenn,11,0
48540,ĠBoulder,11,0
48541,Ġhain,11,0
48542,ĠHail,11,0
48543,ĠHenn,11,0
48544,ĠHels,11,0
48545,ĠHadd,11,0
48546,ĠHux,11,0
48547,ĠHAS,11,4
48548,ĠHEN,11,0
48549,ĠHIC,11,0
48550,ĠHAD,11,1
48551,ĠHogan,11,0
48552,ĠHaines,11,0
48553,ĠHTM,11,0
48554,cey,11,1
48555,Ġaspiration,11,0
48556,chap,11,0
48557,chos,11,17
48558,changes,11,0
48559,ilic,11,0
48560,ilate,11,0
48561,"Ġ"".",11,0
48562,opulated,11,0
48563,ĠPich,11,0
48564,ĠPint,11,0
48565,ĠPork,11,1
48566,ĠPug,11,2
48567,ĠPts,11,0
48568,ĠPadd,11,0
48569,ĠPicking,11,0
48570,ĠPaste,11,0
48571,ĠPima,11,0
48572,ĠPiano,11,1
48573,ĠPaddy,11,0
48574,ĠPuri,11,0
48575,ĠPimas,11,0
48576,ĠPussy,11,0
48577,ĠPinyin,11,0
48578,Ġkl,11,0
48579,andango,11,0
48580,Ġrd,11,5
48581,Ġrt,11,2
48582,Ġron,11,0
48583,Ġrite,11,27
48584,Ġrants,11,0
48585,Ġraves,11,0
48586,Ġrima,11,0
48587,Ġrumbled,11,0
48588,Ġrammed,11,0
48589,Ġrazed,11,2
48590,Ġrarity,11,0
48591,illan,11,0
48592,illance,11,0
48593,olle,11,1
48594,olias,11,0
48596,Ġsel,11,1
48597,ĠWand,11,0
48598,ĠWage,11,0
48599,ĠWarn,11,0
48600,ĠWann,11,0
48601,ĠWiley,11,0
48602,ĠWCHA,11,0
48603,ĠWerth,11,0
48604,ĠWillem,11,0
48605,ulz,11,0
48606,Ġdelect,11,0
48607,Ġdelet,11,0
48608,Ġdexter,11,0
48609,thirty,11,0
48610,Ġmanure,11,1
48611,Ġmantles,11,0
48612,Ġmantra,11,0
48613,users,11,0
48614,oreal,11,0
48615,unz,11,0
48616,union,11,0
48617,unty,11,0
48618,unked,11,0
48619,unched,11,3
48620,unctions,11,0
48621,omever,11,0
48622,ĠFus,11,0
48623,ĠFong,11,0
48624,ĠFog,11,1
48625,ĠFosh,11,0
48626,ĠFinger,11,4
48627,ĠFighter,11,1
48628,ĠFrio,11,0
48629,ĠFLY,11,11
48630,ĠFonda,11,0
48631,ĠFayette,11,0
48632,ĠFremont,11,0
48633,antine,11,0
48636,ĠDorm,11,0
48637,ĠDaff,11,0
48638,ĠDurs,11,0
48639,ĠDental,11,1
48640,ĠDAN,11,1
48641,ĠDwar,11,2
48642,ĠDhar,11,0
48643,ĠDREAM,11,0
48644,ĠDachshund,11,1
48646,emeth,11,0
48647,Ġchimes,11,13
48648,Ġchaff,11,0
48649,Ġchrome,11,25
48650,ĠNL,11,1
48651,ĠNP,11,0
48652,ĠNod,11,0
48653,ĠNail,11,0
48654,ĠNiss,11,5
48655,ĠNai,11,0
48656,ĠNippur,11,0
48657,Ġplowed,11,1
48658,Ġplasma,11,2
48659,resistant,11,0
48660,ĠLark,11,1
48661,ĠLec,11,1
48662,ĠLank,11,0
48663,ĠLys,11,0
48664,ĠLoh,11,0
48665,ĠLets,11,0
48666,ĠLula,11,0
48667,ĠLAN,11,0
48668,ĠLira,11,0
48669,ĠLooper,11,0
48670,ĠLounge,11,5
48671,ĠLOND,11,0
48672,ĠGU,11,170
48673,ĠGrou,11,3
48674,ĠGadd,11,0
48675,ĠGiel,11,0
48676,ĠGonna,11,0
48677,ĠGwyn,11,0
48678,ĠGulb,11,0
48679,quiet,11,0
48680,quenes,11,0
48681,ĠRent,11,0
48682,ĠRav,11,0
48683,ĠRank,11,0
48684,ĠRama,11,0
48685,ĠRaging,11,0
48686,ĠRyo,11,0
48687,ĠRavi,11,0
48688,istician,11,0
48689,istota,11,0
48691,istocene,11,0
48692,abue,11,0
48693,ĠJit,11,0
48694,ĠJum,11,0
48695,ĠJoc,11,13
48696,ĠJans,11,0
48697,ĠJave,11,0
48698,ĠJinn,11,0
48699,ĠJunto,11,0
48700,ustainable,11,0
48702,Ġcomfor,11,37
48703,roux,11,0
48704,Ġvents,11,6
48705,Ġvanish,11,0
48706,Ġvarsity,11,0
48707,outi,11,0
48708,Ġexiles,11,0
48709,Ġexcel,11,2
48710,Ġsobered,11,0
48711,Ġsuicidal,11,0
48712,Ġlemons,11,38
48713,Ġhernia,11,0
48714,Ġjin,11,0
48715,Ġjett,11,0
48716,Ġjjigae,11,0
48717,Ġjiffy,11,0
48718,Ġalw,11,0
48719,Ġaltering,11,0
48720,Ġalarms,11,0
48721,Ġalighting,11,0
48722,Ġalgae,11,1
48723,ĠEero,11,0
48724,ĠELE,11,131
48725,ĠEtch,11,0
48726,Ġaborig,11,0
48727,Ġsavers,11,0
48728,igen,11,0
48729,iglia,11,0
48731,Ġoutwitted,11,0
48732,Ġoutbreaks,11,0
48733,Ġalll,11,0
48734,Ġallers,11,0
48735,Ġmeag,11,0
48736,Ġworsen,11,0
48737,Ġgov,11,0
48738,Ġknowest,11,0
48739,ĠHeads,11,1
48740,ĠOre,11,2
48741,ĠOIM,11,0
48742,ĠOdin,11,0
48743,ongba,11,0
48744,astes,11,0
48745,Ġupshot,11,0
48747,Ġtrice,11,0
48748,agata,11,0
48749,Ġnoh,11,0
48750,Ġsheathed,11,0
48751,indle,11,11
48752,independent,11,0
48753,Ġthemself,11,0
48754,odas,11,0
48755,odge,11,0
48756,oyan,11,0
48757,oyama,11,0
48758,akshi,11,0
48759,ĠThick,11,3
48760,ĠThorough,11,0
48761,ephy,11,0
48762,arely,11,0
48763,acea,11,0
48764,Ġclatter,11,0
48765,Ġclams,11,7
48766,Ġclaust,11,0
48767,ĠInch,11,0
48768,ĠInca,11,0
48769,ĠYin,11,0
48770,ĠYong,11,2
48771,ĠYuri,11,0
48772,ĠYOu,11,0
48773,bermann,11,0
48774,inkle,11,5
48775,Ġfeuds,11,0
48777,ĠKond,11,0
48778,ĠKorn,11,0
48779,ĠKob,11,0
48780,ĠKling,11,0
48781,ĠKany,11,0
48782,ĠKael,11,0
48783,ĠKita,11,0
48784,ĠKadem,11,0
48785,ĠKrik,11,0
48786,ĠKrup,11,0
48787,ĠKrillin,11,0
48788,planted,11,0
48789,Ġroly,11,0
48790,Ġbled,11,0
48791,Ġblasts,11,0
48792,Ġblisters,11,0
48793,Ġbluster,11,0
48794,Ġblunders,11,0
48795,Ġdiph,11,0
48796,Ġdiaries,11,0
48797,Ġdiablo,11,0
48798,ĠUA,11,0
48799,ĠUng,11,0
48800,ĠUgo,11,0
48801,assa,11,0
48802,assen,11,0
48803,assment,11,0
48805,Ġdonning,11,1
48806,ĠStret,11,0
48807,ĠStorage,11,0
48808,ĠStresa,11,0
48809,Ġenshr,11,0
48810,izoomi,11,0
48811,Ġunn,11,1
48812,Ġunil,11,0
48813,Ġunborn,11,0
48814,Ġunbur,11,0
48815,Ġunwh,11,0
48816,Ġunbl,11,0
48817,Ġunaided,11,0
48818,Ġunidentified,11,9
48819,Ġoverre,11,0
48820,Ġoverhang,11,10
48821,Ġoverbearing,11,0
48822,Ġado,11,0
48823,Ġadoring,11,0
48824,Ġquas,11,0
48825,Ġquirt,11,0
48826,Ġquell,11,0
48827,Ġquagmire,11,0
48828,Ġprank,11,0
48829,Ġpristinus,11,0
48830,Ġarb,11,0
48831,Ġarctic,11,1
48832,Ġarrondissements,11,0
48833,iae,11,0
48834,Ġperverse,11,0
48835,Ġworkday,11,0
48836,Ġspas,11,0
48837,Ġsprin,11,3
48838,Ġsphin,11,2
48839,Ġspoof,11,0
48840,Ġspinoff,11,0
48841,ĠChis,11,1
48842,ĠChip,11,0
48843,ĠChav,11,0
48844,merland,11,0
48845,achy,11,0
48846,clar,11,0
48847,climate,11,0
48849,Ġgrins,11,1
48850,Ġgrams,11,0
48851,Ġgrubs,11,0
48852,Ġgrotto,11,1
48853,Ġdisincl,11,0
48854,Ġdisreputable,11,0
48855,Ġrift,11,0
48856,ĠVive,11,0
48857,ĠVish,11,0
48858,ĠVog,11,0
48859,ĠVick,11,0
48860,ĠVerv,11,0
48861,ĠVantabl,11,0
48862,ckers,11,0
48864,period,11,0
48865,Ġamending,11,0
48866,Ġpartaken,11,0
48867,Ġdownloads,11,0
48868,Ġscut,11,0
48869,Ġscrou,11,0
48870,Ġscaled,11,0
48871,endra,11,0
48872,Ġsmel,11,0
48873,Ġsmear,11,2
48874,ailability,11,0
48875,Ġwelled,11,0
48876,ĠWeir,11,0
48877,0000,11,0
48878,Ġmugs,11,25
48879,web,11,4
48880,issued,11,0
48881,Ġprecon,11,0
48882,Ġpreaches,11,0
48883,Ġimpeded,11,0
48884,Ġimprec,11,0
48885,Ġchildlike,11,0
48886,Ġbrimmed,11,10
48887,introdu,11,0
48888,intech,11,0
48889,fte,11,0
48890,Ġflake,11,1
48891,Ġfluff,11,5
48892,ensburg,11,0
48893,Ġdaydream,11,1
48894,Ġnewt,11,0
48895,awesi,11,0
48896,Ġbetook,11,0
48897,Ġbetided,11,0
48898,Ġunderwhelming,11,0
48899,Ġcraps,11,0
48900,Ġcrony,11,0
48901,Ġcrumble,11,0
48902,Ġcraggy,11,1
48903,ulla,11,0
48904,tex,11,0
48905,Ġrighted,11,1
48906,Ġhandc,11,19
48907,Ġhandguns,11,0
48908,Ġreplying,11,0
48909,Ġreparations,11,0
48910,Ġcargoes,11,0
48911,Ġrecited,11,0
48912,nec,11,0
48913,neither,11,0
48914,enco,11,0
48915,ĠWhom,11,0
48916,ĠWhales,11,0
48917,Ġacclam,11,0
48918,Ġaccretion,11,0
48919,Ġaccredited,11,0
48920,itsa,11,0
48921,grow,11,0
48922,ĠAnwar,11,0
48923,Ġcommences,11,0
48924,Ġdogma,11,0
48926,ĠUnions,11,0
48927,ovic,11,0
48928,ovych,11,0
48929,Ġmayonnaise,11,4
48931,ontide,11,0
48932,Ġindel,11,0
48933,Ġindomitable,11,0
48934,ĠAsylum,11,0
48935,ĠAsahi,11,0
48936,Ġtakeovers,11,0
48937,manova,11,0
48938,Ġslat,11,8
48939,Ġboils,11,0
48940,ĠAlon,11,0
48941,ĠAlberg,11,0
48942,Ġbelvedere,11,0
48943,velines,11,0
48944,ossom,11,0
48945,Ġreliably,11,0
48946,Ġregroup,11,0
48947,Ġregimes,11,0
48948,Ġregression,11,0
48949,Ġshowcases,11,0
48950,ibee,11,0
48951,Ġassiduously,11,0
48952,Ġwatercol,11,1
48953,Ġwatercraft,11,19
48954,Ġincub,11,12
48955,Ġincarn,11,0
48956,Ġsurgeries,11,0
48957,Ġinvocation,11,0
48958,Ġfinery,11,0
48959,ĠFranti,11,0
48960,ixing,11,0
48961,ĠBray,11,0
48962,Ġskul,11,0
48963,Ġskunk,11,16
48964,Ġsynergy,11,1
48965,Ġchildrens,11,8
48966,Ġdecently,11,0
48967,Ġmustangers,11,0
48968,ggies,11,109
48969,ĠNewer,11,1
48970,ĠNewari,11,0
48971,Ġstrident,11,0
48972,keda,11,0
48973,Ġheadset,11,36
48974,Ġglen,11,0
48975,Ġgluc,11,0
48976,Ġswapped,11,0
48977,Ġswagger,11,1
48978,Ġswooped,11,0
48979,Ġseceded,11,0
48980,Ġsetback,11,1
48981,lius,11,0
48982,Ġhousemaid,11,0
48983,gincourt,11,0
48984,Ġdistort,11,0
48985,Ġsubvert,11,0
48986,Ġsubstitution,11,0
48987,Ġsubcomm,11,0
48988,alea,11,0
48989,Ġearl,11,2
48990,Ġkindling,11,0
48991,ĠAndrom,11,0
48992,ĠArles,11,0
48993,ĠArches,11,0
48994,Ġmightily,11,0
48995,ĠLeap,11,0
48996,ĠLeach,11,0
48997,Ġadditive,11,0
48998,Ġchev,11,3
48999,Ġhighs,11,1
49000,Ġhighness,11,0
49001,Ġhighbrow,11,0
49002,ĠMarquis,11,1
49003,cession,11,0
49004,Ġtownships,11,0
49005,Ġfaraway,11,6
49006,eki,11,0
49007,Ġwarily,11,0
49008,Ġwarms,11,2
49009,Ġexpel,11,0
49010,Ġdiscol,11,0
49011,anya,11,0
49012,Ġphial,11,0
49013,Ġphyl,11,0
49014,Ġphlog,11,0
49015,efonso,11,0
49016,ĠClair,11,1
49017,ĠClosed,11,10
49018,ĠClerm,11,0
49019,ĠClouds,11,1
49020,Ġvisor,11,93
49021,Ġuntruth,11,0
49022,Ġbestiality,11,1
49023,Ġpayed,11,0
49024,Ġpayable,11,0
49025,Ġpaychecks,11,0
49026,shift,11,1
49027,shali,11,0
49028,Ġartful,11,0
49029,osedly,11,0
49030,ĠShowing,11,1
49031,ĠShimb,11,0
49032,Ġmetall,11,0
49033,nerable,11,0
49034,Ġfeelin,11,0
49035,ĠAtaterk,11,0
49036,ĠReck,11,0
49037,ĠReale,11,0
49038,ĠReina,11,0
49039,ĠReims,11,0
49040,ĠReggie,11,0
49041,Ġriddle,11,0
49042,Ġ515,11,1
49043,Ġcouched,11,0
49044,Ġ420,11,0
49045,Ġ440,11,0
49046,Ġdefaced,11,1
49047,Ġdeficient,11,0
49048,ashas,11,0
49049,ashire,11,1
49050,Ġsignaling,11,1
49051,earned,11,0
49052,Ġrefute,11,0
49053,Ġsnoo,11,2
49054,Ġsnuck,11,0
49055,Ġsnatching,11,0
49056,Ġsnorting,11,0
49057,Ġelicit,11,0
49058,Ġmusing,11,0
49059,ĠIsola,11,0
49060,tenant,11,0
49061,Ġmotherless,11,0
49062,ĠForward,11,9
49063,usser,11,1
49064,bok,11,1
49065,conc,11,0
49066,Ġimporting,11,0
49067,uhu,11,0
49068,Ġspeculating,11,0
49069,atto,11,0
49070,Ġcompletes,11,0
49071,Ġtreeless,11,0
49072,clear,11,2
49073,Ġplanner,11,5
49074,ĠAdler,11,0
49075,ĠAdolphe,11,0
49076,ĠJohnsen,11,0
49077,Ġteamster,11,0
49078,Ġcommunicates,11,0
49079,Ġwaive,11,0
49080,Ġwaif,11,0
49081,Ġwaists,11,10
49082,tsville,11,0
49083,ombat,11,0
49084,ĠBellow,11,0
49085,ĠBeetle,11,2
49086,ĠBeyea,11,0
49087,Ġlandowner,11,0
49088,Ġlandmass,11,0
49089,Ġ640,11,1
49090,Ġ670,11,0
49091,been,11,1
49092,Ġideologies,11,0
49093,Ġextrap,11,0
49094,Ġaffording,11,0
49095,Ġaffixed,11,1
49096,ĠSpr,11,6
49097,ĠSpock,11,0
49098,ĠSpurs,11,1
49099,ĠSpaniel,11,0
49100,ĠDeion,11,0
49101,ĠDealing,11,0
49102,ĠHowe,11,0
49103,Ġdetested,11,0
49104,ĠEngagements,11,0
49105,Ġavatars,11,0
49106,Ġpretender,11,0
49107,racting,11,0
49108,bride,11,0
49109,brunn,11,0
49110,ricting,11,0
49111,ĠEddy,11,0
49112,ĠEdfu,11,0
49113,ikia,11,0
49114,ikhel,11,0
49115,byes,11,0
49116,auts,11,0
49117,Ġforeseen,11,0
49118,Ġforerunner,11,0
49119,Ġstopover,11,0
49120,Ġrevamped,11,0
49121,Ġbroc,11,244
49122,Ġinsulated,11,1
49123,Ġlighthearted,11,1
49124,ucherry,11,0
49125,aida,11,0
49126,ĠDolls,11,1
49127,Ġmeditate,11,0
49128,Ġsleepers,11,0
49129,Ġsleepily,11,0
49130,Ġseverability,11,0
49132,Ġdoorkeeper,11,0
49133,Ġdemo,11,1
49134,Ġdemoted,11,0
49135,Ġhumbled,11,0
49137,ĠCarrier,11,0
49138,Ġsteeds,11,0
49139,Ġpeaches,11,29
49140,Ġpegged,11,0
49141,Ġperenn,11,0
49142,Ġgroundbreaking,11,0
49143,Ġballots,11,0
49144,orps,11,0
49145,ĠPrzek,11,0
49146,Ġoftener,11,0
49147,ĠManor,11,1
49148,ĠManacor,11,0
49149,Ġdesignbuild,11,0
49150,Ġtripled,11,0
49151,aima,11,0
49152,Ġwinking,11,2
49153,ĠConley,11,0
49154,ĠConversation,11,0
49155,Ġprotons,11,0
49156,Ġloll,11,25
49157,Ġloathing,11,0
49158,ĠThence,11,0
49159,Ġparishes,11,0
49160,Ġparalys,11,0
49161,Ġparagl,11,6
49162,Ġprobing,11,1
49163,Ġpurported,11,0
49164,Ġbarley,11,14
49165,Ġbarbe,11,4
49166,ipps,11,1
49167,Ġdeluxe,11,0
49168,ebur,11,15
49169,icycles,11,20
49171,Ġnewsroom,11,0
49172,Ġelects,11,0
49173,Ġsoundness,11,0
49174,Ġexpectantly,11,0
49175,Ġdeathly,11,0
49176,ounter,11,0
49177,Ġtempo,11,2
49178,Ġtemplate,11,0
49179,Ġcutbacks,11,0
49180,ĠZu,11,0
49181,ĠQumran,11,0
49182,Ġ1720,11,0
49183,Ġ1733,11,0
49184,Ġ1745,11,0
49185,iori,11,1
49186,ĠCommune,11,0
49187,levitz,11,0
49188,Ġclassmate,11,5
49189,Ġsnowfl,11,17
49190,Ġsnowboards,11,20
49191,ĠGrun,11,0
49192,ĠGrab,11,0
49193,ĠGrimes,11,0
49194,ĠGranny,11,4
49195,Ġgenerator,11,14
49196,Ġwoodlands,11,0
49197,ĠPhar,11,0
49198,ĠPhilly,11,0
49199,Ġfederalism,11,0
49200,Ġreplicate,11,0
49201,olled,11,0
49202,Ġrisings,11,0
49203,ĠOrs,11,0
49204,ĠOrson,11,0
49205,ĠOrhan,11,0
49206,1930,11,0
49207,1965,11,0
49208,ĠScorp,11,0
49209,Ġsilvers,11,0
49210,Ġsilken,11,0
49211,eyes,11,1
49212,Ġpostmark,11,0
49213,ĠBene,11,0
49214,ĠBenven,11,0
49215,ĠBenito,11,0
49216,ĠBengals,11,0
49217,ĠBennington,11,0
49218,Ġ1513,11,0
49219,Ġ1565,11,0
49220,Ġ1564,11,0
49221,ĠGAR,11,4
49222,auri,11,0
49223,Ġshallop,11,0
49224,Ġvoluy,11,0
49225,ĠBlois,11,0
49226,ĠGeass,11,0
49227,ĠGeveden,11,0
49228,ĠNotices,11,0
49229,meeting,11,0
49230,SCAP,11,0
49231,apeake,11,0
49232,letto,11,0
49233,ĠSeizing,11,0
49234,ĠToads,11,0
49235,Ġbitch,11,2
49236,ĠTrace,11,0
49237,ĠTraste,11,0
49238,Ġoriginating,11,0
49239,Ġoriginator,11,0
49240,zealous,11,0
49241,Ġprivations,11,0
49242,ĠExcess,11,0
49243,Ġreasonableness,11,0
49244,Ġhurrah,11,0
49245,ĠGuave,11,0
49246,ĠParose,11,0
49247,Ġmagically,11,0
49248,ĠBartlemy,11,0
49249,Ġ1622,11,0
49250,Ġ1642,11,0
49251,Ġburrows,11,1
49252,Ġburlap,11,12
49253,Ġcorrals,11,1
49254,Ġgrasshopper,11,20
49255,ĠDonovan,11,0
49256,ĠWills,11,0
49257,leri,11,0
49258,Ġhairstyle,11,7
49259,Ġcapitalists,11,0
49260,coe,11,0
49261,coigne,11,0
49262,Ġbanded,11,5
49263,Ġcomputational,11,0
49264,ĠLSCA,11,0
49265,Ġtenured,11,0
49266,Ġtenacious,11,0
49267,otsky,11,0
49268,Ġsquaws,11,0
49269,Ġsquinting,11,10
49270,Ġsquabble,11,1
49271,ĠFrenchmen,11,0
49272,ĠTHAN,11,1
49273,ĠTHERE,11,24
49274,ĠMineral,11,0
49275,ĠTeapot,11,0
49276,Ġtreefrog,11,0
49277,Ġdivider,11,13
49278,Ġdivisive,11,0
49279,Italy,11,0
49280,Ġsolids,11,0
49281,ĠDavison,11,0
49282,ĠSanhed,11,0
49283,Ġauthorizations,11,0
49284,Ġgrandly,11,0
49285,ĠAmman,11,0
49286,Ġstepfather,11,0
49287,Ġpaintball,11,7
49288,Ġstripper,11,2
49289,Ġaskin,11,0
49290,Ġshipmates,11,0
49291,Ġshipbuilding,11,0
49292,Ġprotectors,11,17
49293,comer,11,0
49294,commer,11,0
49295,complete,11,0
49296,ĠUSE,11,1
49297,ambos,11,0
49298,Ġlabelled,11,8
49299,ĠMehta,11,0
49300,Ġcritter,11,4
49301,Ġresell,11,0
49302,ĠNeck,11,4
49303,ĠAbst,11,0
49304,Ġgunning,11,0
49305,Ġ1493,11,0
49306,Ġstuffy,11,3
49307,Ġcommonwealth,11,0
49308,Ġpalazz,11,0
49309,Ġsufferers,11,0
49310,ethnic,11,6
49311,Ġdevotional,11,0
49312,ĠPean,11,1
49313,ĠPearson,11,0
49314,ĠTHEY,11,0
49315,Ġparentage,11,0
49316,Ġgoldfields,11,0
49317,forgotten,11,0
49318,ĠMali,11,0
49319,Ġgeneralizations,11,0
49320,Ġnecessitate,11,0
49321,PAS,11,0
49322,Ġcamshaft,11,0
49323,Ġfortitude,11,0
49324,linear,11,0
49325,ĠElm,11,0
49326,ĠNorthwestern,11,1
49327,ĠNorthumbria,11,0
49328,uchad,11,0
49329,uchies,11,0
49330,iminaries,11,0
49331,Ġcharacterizes,11,0
49332,ĠSlaughter,11,0
49333,ĠSlawek,11,0
49334,Ġencrusted,11,0
49335,ĠSwenson,11,0
49336,ĠAccords,11,0
49337,Ġaccessibility,11,0
49338,religious,11,0
49339,Ġfastidious,11,0
49340,Ġsignification,11,0
49341,ĠMonter,11,0
49342,ĠMonopoly,11,6
49343,Ġautograph,11,5
49344,Ġwilder,11,0
49345,Ġeastwards,11,0
49346,ĠPalau,11,0
49347,ĠEmmanuel,11,0
49348,ĠEmrold,11,0
49349,Ġcircuses,11,0
49350,afi,11,0
49351,ĠCapcom,11,0
49352,Ġ307,11,0
49353,Ġeschew,11,0
49354,whis,11,0
49355,Ġfavoring,11,0
49356,Ġcleaners,11,6
49357,Ġcaption,11,2
49358,Ġhillbilly,11,0
49359,ĠRomana,11,0
49360,Ġexcepting,11,0
49361,Ġkiddie,11,3
49362,uddin,11,0
49363,ĠDemer,11,0
49364,ĠDemonstr,11,22
49365,Ġpinks,11,3
49366,ĠTurbay,11,0
49367,Ġfawn,11,0
49368,Ġseparat,11,0
49369,Ġexpressway,11,1
49370,Ġbalust,11,1
49371,Ġbalmy,11,0
49372,Ġrainforests,11,0
49373,ĠQuote,11,0
49374,ĠDragons,11,0
49375,Ġmisqu,11,0
49376,Ġmismanagement,11,0
49377,Ġmisdemean,11,0
49378,ĠAlexis,11,0
49379,chelles,11,0
49380,Ġpathogens,11,0
49381,ĠEnh,11,0
49382,ĠEnid,11,0
49383,Ġbroadest,11,0
49384,Ġbaggy,11,28
49385,ARCH,11,4
49386,Ġmistaking,11,0
49387,Ġacquit,11,0
49388,Ġzool,11,0
49389,ĠDepot,11,2
49390,Ġ253,11,0
49391,Ġ2500,11,0
49392,ĠAgde,11,0
49393,ĠAgreements,11,0
49394,ĠSerpent,11,0
49395,Ġhangin,11,1
49396,ĠCoimbra,11,0
49397,ĠMichal,11,0
49398,ĠSenso,11,0
49399,ĠSenhora,11,0
49400,ĠPatent,11,0
49401,ĠPatrol,11,0
49402,ĠCours,11,0
49403,ĠCourage,11,0
49404,Ġheavyweight,11,0
49405,Ġradishes,11,9
49406,Ġthrice,11,0
49407,Ġfreights,11,0
49408,ĠValve,11,0
49409,Ġconnector,11,2
49410,Ġfilmmaking,11,0
49411,ĠParkson,11,0
49412,Ġnaturalized,11,0
49413,Ġnaturalistic,11,0
49414,Ġconversed,11,0
49415,liner,11,4
49416,humans,11,0
49417,Ġsavour,11,0
49418,righteous,11,0
49419,domed,11,0
49420,ĠBozena,11,0
49421,ĠLaHaye,11,0
49422,Ġjeers,11,0
49423,regulation,11,0
49424,regulatory,11,0
49425,agonally,11,5
49426,Ġfleec,11,0
49427,ĠRosario,11,0
49428,ĠComple,11,0
49429,ĠCompton,11,0
49430,ĠSchippers,11,0
49431,Ġconductors,11,2
49432,Ġfarmworker,11,0
49433,ĠCheval,11,1
49434,Ġgrading,11,0
49435,Ġcruelties,11,0
49436,ophobic,11,0
49437,Ġcolloqu,11,0
49438,Ġdispense,11,0
49439,Ġpolicing,11,0
49440,ANDS,11,26
49441,flat,11,0
49442,Ġcollectibles,11,0
49443,Ġvertebrates,11,0
49444,Ġsensibly,11,0
49445,ĠSchoolcraft,11,0
49446,Ġstandardize,11,0
49447,Ġtrod,11,0
49448,Ġtrolls,11,0
49449,Ġlackluster,11,0
49450,Ġ501,11,0
49451,Ġgrills,11,8
49452,Ġgripes,11,0
49453,Ġlaborious,11,0
49454,Ġsweetened,11,0
49455,Ġpurchaser,11,0
49456,ĠArend,11,0
49457,Ġbilly,11,0
49458,Ġbillowing,11,1
49459,Ġbillboards,11,16
49460,Ġensign,11,0
49461,ĠOlympia,11,0
49462,Ġcolonized,11,0
49463,Ġcabbages,11,3
49464,Ġ243,11,4
49465,Ġbrokenly,11,0
49466,aean,11,0
49467,Ġcommentaries,11,0
49468,nesium,11,0
49469,1775,11,0
49470,ĠDanville,11,0
49471,ĠDanzig,11,0
49472,Ġunduly,11,0
49473,Ġundeniable,11,0
49474,Ġintroductions,11,0
49475,Ġpurposefully,11,0
49476,ĠFrancs,11,0
49477,ĠAntig,11,0
49478,ĠAntone,11,0
49479,ĠAntio,11,0
49480,Thought,11,0
49481,ĠMidget,11,0
49482,ĠPrefect,11,0
49483,ĠPreminger,11,0
49484,Ġpanes,11,1
49485,Ġ234,11,2
49486,ĠBayer,11,0
49487,ĠBayeux,11,0
49488,Ġtelegrap,11,0
49489,ĠDistricts,11,0
49490,Ġbanal,11,0
49491,ĠSuicide,11,0
49492,Ġcomplexities,11,0
49493,Ġmagnates,11,0
49494,Ġmagnanim,11,0
49495,Ġgallantly,11,0
49496,Ġsearchable,11,0
49497,egers,11,0
49498,Ġgarish,11,5
49499,ĠMora,11,0
49500,ĠMorass,11,0
49501,ĠTemm,11,0
49502,ĠTemporary,11,0
49503,ĠDidier,11,0
49504,Ġlitre,11,0
49505,Ġdomineering,11,0
49506,ĠBelfast,11,0
49507,Ġroofed,11,5
49508,Ġprincipled,11,0
49509,ĠKalinga,11,0
49510,ĠKalymn,11,0
49511,ĠVenues,11,0
49512,Ġbullies,11,0
49513,Ġcools,11,0
49514,ĠMontessori,11,0
49515,ariable,11,0
49516,Ġannualized,11,0
49517,Ġ279,11,2
49518,ĠMerman,11,0
49519,Ġ263,11,0
49520,Ġ268,11,0
49521,ĠSamurai,11,1
49522,Ġprogressively,11,0
49523,blest,11,0
49524,blown,11,13
49525,ITAL,11,0
49526,ITED,11,2
49527,ĠContra,11,0
49528,ĠDelay,11,0
49529,Ġ281,11,2
49530,Ġloggias,11,0
49531,Ġ406,11,1
49532,Ġwoodshed,11,0
49533,Ġwelcomes,11,1
49534,Ġbriefed,11,0
49535,MBO,11,0
49536,MBER,11,44
49537,efficient,11,0
49538,Ġethere,11,1
49539,ĠArtif,11,0
49540,ĠHuma,11,0
49541,Ġrenounced,11,0
49542,Ġadvertises,11,0
49543,Ġunsightly,11,0
49544,Ġticks,11,0
49545,ĠDaytime,11,0
49546,Ġclosets,11,13
49547,Ġ292,11,0
49548,Ġ295,11,0
49549,Ġ297,11,0
49550,Ġrobotic,11,2
49551,ĠSkull,11,1
49552,ĠSkala,11,0
49553,Ġbonnets,11,6
49554,iener,11,6
49555,ĠEvangel,11,0
49556,Ġartistry,11,0
49557,ĠRoyalty,11,0
49558,ĠAudio,11,0
49559,Ġcongressionally,11,0
49560,wingers,11,0
49561,Ġbaton,11,76
49562,ECE,11,38
49563,iyres,11,0
49564,iyeh,11,0
49565,ĠGarment,11,0
49566,ĠGarry,11,0
49567,Ġgeologist,11,0
49568,Ġgelding,11,0
49569,Ġgeothermal,11,0
49570,Ġsmokey,11,1
49571,Ġethos,11,0
49572,ĠMurat,11,0
49573,security,11,0
49574,Ġsideshow,11,2
49575,Ġironically,11,0
49576,Ġironwork,11,0
49577,ĠGreenwood,11,0
49578,ĠApenn,11,0
49579,ĠApocalypse,11,0
49580,164,11,0
49581,ĠWilhel,11,0
49582,noides,11,0
49583,Ġtentative,11,0
49584,Ġteeny,11,1
49585,Ġshelved,11,0
49586,Ġshelving,11,6
49587,ĠCurry,11,1
49588,ĠMetall,11,0
49589,ĠKhartoum,11,0
49590,Illustrated,11,0
49591,Ġduplex,11,0
49592,Ġderided,11,0
49593,loride,11,0
49594,ĠCorrespond,11,0
49595,ĠRamseys,11,0
49596,Ġsplendour,11,0
49597,ILES,11,0
49598,ĠNorplant,11,0
49599,ĠCartery,11,0
49600,ĠAtlant,11,0
49601,Ġtailpipe,11,1
49602,Ġcalculates,11,0
49603,Ġmicrobi,11,0
49604,ĠTwitch,11,0
49605,SAB,11,0
49606,lamic,11,0
49607,Ġconclusively,11,0
49608,ĠEsthonia,11,0
49609,Ġdeliverables,11,0
49610,lawyer,11,0
49611,andaa,11,0
49612,Ġsteelworkers,11,0
49613,ĠSubaru,11,3
49614,ĠSubsequently,11,0
49615,Ġporphyry,11,0
49616,Ġhandlebars,11,59
49617,ĠSurowiecki,11,0
49618,Ġanalytic,11,0
49619,impy,11,21
49620,ĠDuvall,11,0
49621,Ġmercies,11,0
49622,Ġcounterfeit,11,2
49623,Ġtightening,11,0
49624,ĠRogan,11,0
49625,ĠIntake,11,0
49626,Ġenvironmentalist,11,0
49627,Ġdissertation,11,0
49628,ĠMemoir,11,0
49629,ĠPershing,11,0
49630,Ġthanksgiving,11,0
49631,ĠRomulus,11,0
49632,ĠIncident,11,0
49633,Ġbleached,11,3
49634,Ġambulatory,11,0
49635,Ġambassadors,11,0
49636,ĠThorne,11,0
49637,ĠProfessors,11,0
49638,ĠPetro,11,0
49639,Ġfalter,11,0
49640,Ġfaltering,11,0
49641,ĠWebb,11,0
49642,Ġfondled,11,0
49643,ĠDarth,11,3
49644,ĠWoodrow,11,0
49645,ĠWoodburn,11,0
49646,Ġastir,11,0
49647,Ġpsychotherap,11,0
49648,ĠErick,11,0
49649,Ġchicks,11,2
49650,ĠInterpret,11,0
49651,legs,11,6
49652,legiate,11,0
49653,ĠFeat,11,0
49654,ĠFearing,11,0
49655,ĠHadassah,11,0
49656,ĠDivisi,11,0
49657,Ġadvancements,11,0
49658,Ġrevolting,11,0
49659,ĠStrand,11,0
49660,ĠStrategy,11,0
49661,Ġstrictest,11,0
49662,presso,11,27
49663,warming,11,0
49664,ĠBernardo,11,0
49665,ĠProtector,11,0
49666,ĠRoby,11,0
49667,ĠRobesp,11,0
49668,Ġtechnicalities,11,0
49669,hosted,11,0
49670,Ġidyll,11,0
49671,Ġcropping,11,1
49672,ĠSupporters,11,0
49673,ĠSargon,11,0
49674,ĠGallup,11,0
49675,Ġratified,11,0
49676,ĠKrue,11,0
49677,Ġpitbull,11,7
49678,Ġsequest,11,0
49679,ĠTOWN,11,0
49680,ĠRepresentation,11,0
49681,ĠEdmond,11,0
49682,true,11,0
49684,Ġfiercer,11,0
49685,Ġmysticism,11,0
49686,ĠCivilization,11,0
49687,ĠMahomet,11,0
49688,ĠMahathir,11,0
49689,Ġsheepish,11,0
49690,Ġsheepishly,11,0
49691,Ġvisionaries,11,0
49692,Ġrescues,11,0
49693,Ġrescuers,11,11
49694,Ġtranslucent,11,3
49695,ĠTorqu,11,0
49696,ĠYeo,11,0
49697,Ġcyst,11,0
49698,ĠHorwitz,11,0
49699,Ġplateaus,11,1
49700,Ġtiered,11,7
49701,Ġpinching,11,3
49702,Ġpinpoint,11,0
49703,Ġpromptness,11,0
49704,panic,11,12
49705,Ġramps,11,11
49706,Ġrampart,11,0
49707,ĠAvon,11,0
49708,Ġindustrialization,11,0
49709,Ġcrackdown,11,0
49710,Ġinhabitant,11,1
49711,Albert,11,0
49712,charger,11,0
49713,ĠBorrome,11,0
49714,eshwar,11,0
49715,ĠForman,11,0
49716,Ġstirrups,11,2
49717,ĠBarnett,11,0
49718,Ġunpublished,11,0
49719,ĠGatehouse,11,0
49720,Annie,11,0
49721,ĠRemus,11,0
49722,902,11,0
49723,ĠOpium,11,0
49724,ĠGalbra,11,0
49725,Ġrecycles,11,0
49726,ĠRajiv,11,0
49727,Ġstringing,11,1
49728,ĠXXIX,11,0
49729,ĠHypostyle,11,0
49730,ĠAzis,11,0
49731,ĠAziz,11,0
49732,ĠOrganized,11,0
49733,ĠTimna,11,0
49734,Ġthyroid,11,0
49735,Ġworships,11,0
49736,Ġvestibule,11,0
49737,ĠAshurst,11,0
49738,Ġstupidity,11,0
49739,Ġsternness,11,0
49740,Ġelevating,11,0
49741,ĠNatasha,11,0
49742,Ġ354,11,0
49743,Ġhomicide,11,0
49744,ĠElector,11,0
49745,ĠUtilities,11,0
49746,desk,11,1
49747,ĠVerdes,11,0
49748,ĠBali,11,2
49749,ĠBalbina,11,0
49750,Ġsinned,11,1
49751,ĠMoines,11,0
49752,ĠPopolo,11,0
49753,Ġscientifically,11,0
49754,Ġdoubting,11,0
49755,ipton,11,1
49756,iptical,11,0
49757,natus,11,0
49758,naturally,11,0
49759,Ġ1843,11,0
49761,Ġcocoon,11,12
49762,ĠBOSTON,11,0
49763,parties,11,0
49764,spin,11,1
49765,spoon,11,0
49766,spots,11,0
49767,ĠMirac,11,0
49768,Ġunwonted,11,0
49769,Ġvalidated,11,0
49770,Ġuncertainly,11,0
49771,Ġfluids,11,0
49772,Ġborrows,11,0
49773,Ġexpedite,11,0
49774,ĠClassified,11,0
49775,Ġinnermost,11,0
49776,ĠDunleavy,11,0
49777,Ġwanders,11,1
49778,ĠPaxton,11,0
49779,Ġimpressionist,11,0
49780,ĠKeno,11,0
49781,ĠKenzo,11,0
49782,Ġpecking,11,6
49783,Ġknighted,11,0
49784,Ġhookup,11,0
49785,Ġsympathies,11,0
49786,Ġassassinations,11,0
49787,Ġblanketed,11,0
49788,courses,11,0
49789,Ġprospectus,11,0
49790,NNY,11,2
49791,Ġdisciplinary,11,0
49792,ĠAddiction,11,0
49793,ĠAddressing,11,0
49794,Ġodors,11,0
49795,Ġhoods,11,39
49796,ĠFirefly,11,1
49797,Ġregretting,11,0
49798,criptive,11,0
49799,ĠOlathe,11,0
49800,Ġ3310,11,0
49801,ĠATIRCM,11,0
49802,ĠHunstanton,11,0
49803,Ġcontextual,11,0
49804,ĠEquity,11,0
49805,Ġsolemnity,11,0
49806,Ġhorny,11,0
49807,ĠPollitt,11,0
49808,ĠCabin,11,0
49809,ĠCabbage,11,0
49810,ĠCornish,11,0
49811,ĠBhuban,11,0
49812,Ġpitying,11,0
49813,Ġbarrio,11,0
49814,ĠJacobson,11,0
49815,ĠAutry,11,0
49816,ĠParticipation,11,0
49817,Ġcobra,11,13
49818,ĠTestimony,11,0
49819,Ġimpecc,11,0
49820,ĠSharpe,11,0
49821,Ġhuntin,11,0
49822,Ġleaflets,11,1
49823,Ġdawning,11,0
49824,Ġdisturbs,11,0
49825,Ġveterinarian,11,1
49826,ĠExplain,11,0
49827,ĠIndependents,11,0
49828,ĠDecisions,11,0
49829,Ġdilute,11,0
49830,ĠVarner,11,0
49831,ĠLabs,11,0
49832,ĠBallarat,11,0
49833,ĠBertol,11,0
49834,Ġpregnancies,11,0
49835,ĠGranth,11,0
49836,Ġwingspan,11,1
49837,Ġfacilitators,11,0
49838,iatrics,11,0
49839,ĠNagas,11,0
49840,ĠNagorno,11,0
49841,Ġlecturing,11,0
49842,Ġfeverishly,11,0
49843,Ġcolonialism,11,0
49844,ĠAlgerian,11,0
49845,Ġmobility,11,0
49846,ĠCasanova,11,0
49847,Ġmigratory,11,0
49848,ĠCrevill,11,0
49849,Ġknockout,11,0
49850,ĠBronstein,11,0
49851,Ġcorduroy,11,2
49852,ĠSabine,11,0
49853,ĠIsaiah,11,0
49854,ĠMaurer,11,0
49855,Ġ1795,11,0
49856,ĠWWI,11,0
49857,Ġtolerably,11,0
49858,absor,11,0
49859,Marit,11,0
49860,Ġsarcasm,11,0
49861,Ġdignitaries,11,0
49862,Ġplanetarium,11,0
49863,Ġauthentication,11,0
49864,Ġnicknames,11,0
49865,uvan,11,0
49866,ĠLitigation,11,0
49867,ĠBrandt,11,0
49868,ĠSnap,11,0
49869,Ġspellings,11,0
49870,ĠConnector,11,0
49871,Ġtubers,11,0
49872,ĠCardin,11,0
49873,ĠBaton,11,0
49874,ĠAkko,11,0
49875,Ġdiagnose,11,0
49876,ĠUniversidad,11,0
49877,Ġswitchboard,11,0
49878,Ġencountering,11,0
49879,niak,11,0
49880,ĠCyril,11,0
49881,ĠCyrillic,11,0
49882,ĠDrivers,11,0
49883,ĠCDC,11,0
49884,ĠCDU,11,0
49885,Ġpadlock,11,15
49886,Ġsaddlebags,11,1
49887,Ġdiverge,11,0
49888,Ġforeheads,11,8
49889,Ġjuggle,11,0
49890,Ġwithdraws,11,0
49891,Ġwithdrawing,11,0
49892,ĠTolbooth,11,0
49893,Ġbeamlines,11,0
49894,finite,11,0
49895,Ġgaiety,11,0
49896,Ġrationality,11,0
49897,Classical,11,0
49898,Ġkayakers,11,42
49899,ĠMegatron,11,0
49900,ĠKatzen,11,0
49901,ĠKatamari,11,0
49902,amilies,11,0
49903,communication,11,0
49904,ĠViagra,11,0
49905,Ġfundamentals,11,0
49906,Ġdealerships,11,0
49907,ĠPutnam,11,0
49908,runners,11,0
49909,ĠSportsZone,11,0
49910,purpose,11,0
49911,Ġsedentary,11,0
49912,ĠSafari,11,0
49913,Ġallegory,11,0
49914,Ġintrude,11,0
49915,Ġintruders,11,0
49916,ĠSheryl,11,0
49917,ĠNanak,11,0
49918,Ġ1781,11,0
49919,592,11,0
49920,Ġalleging,11,0
49921,Ġeditorials,11,0
49922,ĠDynamic,11,0
49923,Ġadaptive,11,0
49924,ĠHollander,11,0
49925,Ġrecreate,11,0
49926,Ġirreverent,11,0
49927,ĠTobey,11,0
49928,ĠTobago,11,0
49929,Unfortunately,11,0
49930,Ġsoliciting,11,0
49931,Ġsleeved,11,106
49932,ĠKidd,11,1
49933,ĠKidder,11,0
49934,Ġverdure,11,0
49935,ĠSinise,11,0
49936,ĠBaleira,11,0
49937,ĠEpid,11,0
49938,ĠExpert,11,1
49939,Ġthreaded,11,0
49940,ĠCHILD,11,39
49941,ĠHigo,11,0
49942,Ġhydrochloric,11,0
49943,Ġhydrocarbons,11,0
49944,Ġsweatshirts,11,66
49945,ĠCadets,11,0
49946,ĠMortgage,11,0
49947,ĠFalling,11,1
49948,ĠNaturalization,11,0
49949,Ġdungeons,11,0
49950,ĠTombigbee,11,0
49951,Ġcurbside,11,3
49952,Ġrevengeful,11,0
49953,Ġ1706,11,2
49954,PPL,11,0
49955,Ġdubiously,11,0
49956,Ġdubbing,11,0
49957,ĠYamamoto,11,0
49958,Ġstimulus,11,0
49959,ĠAdvisers,11,0
49960,ĠTanner,11,0
49961,ĠTanenhaus,11,0
49962,ĠDiscussion,11,0
49963,Ġornith,11,0
49964,Ġornately,11,2
49965,ĠLucasfilm,11,0
49966,historical,11,0
49967,ĠNickles,11,0
49968,Guy,11,0
49969,ĠHandic,11,0
49970,Ġappendixes,11,0
49971,Ġprelude,11,0
49972,ĠGenerating,11,0
49973,ĠSMART,11,1
49974,Ġscrewing,11,0
49975,Ġaptitude,11,0
49976,ĠTrova,11,0
49977,ĠCyclists,11,53
49978,Ġtimidity,11,0
49979,Ġtufts,11,1
49980,Ġcodified,11,0
49981,Ġreproached,11,0
49982,ĠExpansion,11,0
49983,umanu,11,0
49984,ĠPublisher,11,0
49985,ĠFedge,11,0
49986,ĠFedEx,11,13
49987,ĠLiu,11,0
49988,ĠLiem,11,0
49989,Ġcalendars,11,0
49990,ĠSilverado,11,0
49991,Ġnavigates,11,0
49992,ĠBennet,11,0
49993,Ġascribe,11,0
49994,Ġcoupon,11,0
49995,Ġvoiceless,11,0
49996,ufo,11,0
49997,Ġwanderings,11,0
49998,Ġvelve,11,2
49999,Ġculprits,11,0
34,>,10,33
1519,Ġiss,10,1
1527,Ġpartic,10,0
1655,Ġeconom,10,0
2038,Ġtrad,10,0
2339,Ġrespons,10,0
2419,Ġident,10,1
2421,rible,10,0
2457,Ġjo,10,2
2507,ivil,10,0
2535,minist,10,0
2737,pecially,10,0
3179,Ġvers,10,0
3234,atever,10,2
3309,Ġbicy,10,16
3346,Ġhosp,10,0
3521,PTER,10,3
3898,ufact,10,0
4133,Ġbik,10,8
4360,Ġsaf,10,0
4489,Ġcontro,10,2
4958,astern,10,4
4984,ĠCommun,10,0
5391,colm,10,1
5454,Ġath,10,0
5528,ucker,10,10
5587,liament,10,0
5614,wr,10,2
6654,ĠRepresent,10,0
6960,Ġliqu,10,2
7147,Ġfascin,10,0
7412,Ġdyn,10,0
7567,Ġsubsid,10,0
7571,Ġnom,10,1
7604,Ġimmigr,10,0
7661,Ġvend,10,1
7706,Ġmurm,10,0
7754,Ġrand,10,0
7825,ĠRal,10,10
7847,ĠOtt,10,0
7900,bors,10,0
8460,Ġresear,10,0
8589,Ġacquaint,10,0
8754,epend,10,0
8944,wyn,10,1
8982,ĠEnv,10,0
9111,ĠWed,10,0
9147,Ġexplo,10,0
9177,umbling,10,0
10014,Ġreprodu,10,0
10042,ĠDak,10,0
10273,Ġuncomfort,10,0
10372,Ġrenov,10,0
10389,leans,10,0
10405,ĠUnivers,10,0
10489,Ġvolcan,10,0
10522,uddy,10,0
10528,Ġceremon,10,0
10946,iguration,10,0
11004,Ġequival,10,0
11142,ributes,10,0
11239,Ġtransm,10,0
11245,ĠOffic,10,0
11523,Ġlaund,10,1
11571,elson,10,0
11607,ĠHamp,10,0
11647,ĠProtest,10,0
11658,Ġdre,10,13
11762,ĠIllust,10,0
11796,azzo,10,0
11812,roit,10,2
11829,Ġscoot,10,4
11942,Ġfrust,10,0
11956,Ġexplos,10,0
12026,ĠEntertain,10,6
12218,ggles,10,3
12235,ĠErn,10,0
12316,Ġcust,10,3
12703,Ġprel,10,0
12961,vings,10,0
12983,ĠViz,10,0
13012,Ġextrav,10,0
13106,ĠJenn,10,0
13190,Ġadmin,10,0
13260,graph,10,15
13516,rics,10,1
13559,amboo,10,0
13776,Ġsurve,10,0
13817,isle,10,0
13897,Ġbureaucr,10,0
14003,Ġupgr,10,0
14028,ambur,10,2
14117,ĠSTOR,10,1
14219,Ġarous,10,0
14243,ideo,10,0
14246,ousins,10,0
14264,icycle,10,33
14816,ivery,10,0
15235,urai,10,0
15323,FP,10,0
15461,kees,10,4
15571,ĠSold,10,6
15590,blem,10,1
15725,Ġconvinc,10,0
15769,spr,10,14
15813,Ġquot,10,0
15895,Ġairl,10,2
15930,Ġblo,10,0
16426,Ġcatast,10,0
16465,historic,10,0
16488,rue,10,0
16509,olia,10,0
16512,unette,10,14
16607,anthrop,10,0
16643,Ġadjo,10,0
16673,Ġcatal,10,0
16750,etty,10,0
16958,Ġnorther,10,0
16961,regular,10,0
17009,EB,10,109
17044,rift,10,0
17123,ĠCindere,10,0
17162,unciation,10,0
17174,ilded,10,0
17207,reedom,10,0
17276,Ġcau,10,3
17317,renches,10,0
17353,criptions,10,0
17493,ulsive,10,0
17683,cuse,10,0
17758,althy,10,0
17899,ĠStee,10,0
18078,Ġcamoufl,10,19
18111,ĠHyd,10,0
18119,Ġsubscrib,10,0
18329,ĠWik,10,0
18405,Ġpredomin,10,1
18439,ĠAngl,10,0
19035,Ġrehab,10,0
19174,ipelago,10,0
19191,vice,10,0
19194,Ġhilar,10,0
19300,ĠMonten,10,0
19479,Ġslipp,10,0
19648,ĠDiam,10,0
19685,ĠDeL,10,0
19870,Ġeloqu,10,0
19909,process,10,0
20043,ĠYouT,10,0
20091,compliance,10,0
20206,Ġstif,10,0
20245,izability,10,0
20253,ruit,10,52
20296,iffel,10,1
20517,ĠMcM,10,1
20549,Ġembod,10,0
20651,ĠSod,10,0
20756,hetto,10,0
20765,Ġinterpre,10,0
20771,umberland,10,0
20795,Ġunreason,10,0
20892,inde,10,0
20896,Ġoverfl,10,0
20940,Ġparap,10,8
21003,omeday,10,0
21080,icab,10,2
21130,abol,10,0
21166,ohan,10,0
21183,anners,10,5
21280,ĠInfant,10,2
21292,ĠNeighbor,10,0
21323,lash,10,0
21413,ĠVirt,10,0
21505,ĠCathed,10,1
21517,Ġreconc,10,0
21580,opotam,10,19
21633,oled,10,0
21661,Ġdisd,10,0
21674,azard,10,4
21880,Ġshuff,10,30
21914,venile,10,0
22092,cot,10,0
22157,owners,10,0
22165,ountain,10,0
22369,fus,10,0
22374,leness,10,0
22459,pecial,10,0
22683,tails,10,15
22770,ishna,10,0
23028,ampton,10,0
23046,ĠWOR,10,1
23327,imir,10,0
23364,ichael,10,1
23393,ovsky,10,0
23483,Ġdissip,10,0
23600,suff,10,0
23695,Ġcrad,10,4
23707,Ġredd,10,7
23779,Ġirres,10,0
24140,Ġcolonn,10,0
24329,Ġchag,10,0
24374,formers,10,0
24414,ĠSpy,10,0
24434,ERT,10,7
24439,Ġcorro,10,0
24758,Ġremod,10,0
24808,uffer,10,0
24816,ERE,10,23
25059,ĠMagg,10,0
25160,uger,10,0
25175,Ġdemol,10,0
25423,orpe,10,0
25523,ĠBrant,10,0
25768,folded,10,1
25848,ardan,10,0
25935,Ġrefurb,10,0
26001,ollywood,10,1
26095,ĠCAF,10,0
26187,uished,10,0
26295,ubby,10,8
26509,ĠOpportun,10,0
26733,enson,10,0
26752,Ġrestruct,10,0
26882,ulsed,10,0
26945,elfth,10,0
26954,Ġunmistak,10,0
27261,ESSIE,10,0
27287,ographically,10,0
27507,Jap,10,0
27537,Ġtt,10,0
27549,itomo,10,0
27597,rien,10,0
27609,andar,10,0
27611,ĠiP,10,9
27624,ĠDais,10,0
27683,Ġimposs,10,0
27706,axter,10,0
27892,ĠCzechosl,10,0
27906,ĠCadill,10,0
28081,imeters,10,0
28187,Ġflot,10,17
28193,tym,10,0
28202,Ġindist,10,1
28210,yssey,10,0
28299,Ġencamp,10,0
28326,Ġimmers,10,0
28503,ĠRecommend,10,0
28510,ĠCHRIST,10,0
28611,iddy,10,0
28615,Ġreinc,10,0
28620,ĠSiege,10,0
28649,chuk,10,0
28702,raised,10,0
28747,axon,10,0
29045,protected,10,0
29201,ĠGop,10,0
29204,ĠGior,10,0
29207,iello,10,0
29270,ĠAnch,10,0
29341,coal,10,0
29362,liney,10,0
29436,Ġracquet,10,130
29583,ĠEurop,10,0
29629,itsubishi,10,0
29704,ĠIp,10,1
29749,ĠBorrow,10,0
29778,thang,10,0
29837,assic,10,0
29855,ogu,10,0
30104,ordinate,10,0
30214,Ġplagiar,10,0
30409,ĠDial,10,0
30473,avid,10,0
30515,rosoph,10,0
30545,ussions,10,0
30590,ĠGuer,10,0
30652,Ġinquis,10,1
30679,iyama,10,0
30703,Ġmirac,10,0
30767,ĠMamel,10,0
30789,ĠEthn,10,0
30876,planade,10,0
30912,FORM,10,4
30969,mount,10,0
30972,pine,10,0
30980,inters,10,0
31004,Ġtok,10,0
31022,owment,10,0
31031,etan,10,0
31032,ĠSoci,10,0
31092,emaker,10,26
31094,Ġchieft,10,0
31095,ĠNij,10,0
31102,ĠLongh,10,1
31156,Ġunfast,10,0
31175,Ġdisbel,10,0
31464,ĠLyd,10,0
31476,Ġdecentral,10,0
31538,Ġinconsist,10,0
31657,aith,10,0
31677,ragupta,10,0
31735,Ġreimb,10,0
31737,acz,10,0
31800,ĠLET,10,5
31804,ĠRial,10,0
31832,Ġtrud,10,0
31903,Ġglob,10,8
31918,Ġreds,10,7
31929,insk,10,0
31984,ĠBarth,10,0
32146,ĠOpin,10,0
32174,osterone,10,0
32233,pherds,10,0
32491,orily,10,0
32493,Ġpite,10,0
32514,Ġgren,10,14
32532,acements,10,0
32534,etermined,10,0
32570,andum,10,0
32612,Ġexasper,10,0
32619,iges,10,0
32637,ĠKans,10,0
32696,verness,10,0
32737,ĠShiv,10,0
32755,Ġtreas,10,0
32757,ĠAdi,10,0
32830,Ġapocaly,10,0
32868,ONT,10,15
33008,Ġinexpl,10,0
33146,ĠScandin,10,0
33194,Ġchimpanz,10,0
33241,HF,10,1
33244,Jul,10,0
33275,mee,10,0
33314,atry,10,0
33350,enta,10,0
33359,Ġuk,10,0
33379,ĠCez,10,0
33385,ĠBound,10,1
33386,ĠBreat,10,0
33426,ĠNey,10,0
33459,Ġmega,10,0
33470,areth,10,0
33474,bergh,10,0
33478,ĠKiy,10,0
33532,ĠAsc,10,0
33547,Ġskyl,10,1
33554,ĠArsen,10,0
33627,rones,10,0
33676,Ġdrople,10,0
33688,Ġpenit,10,0
33705,Ġdespond,10,0
33781,Ġgyps,10,0
33793,ĠFein,10,0
33806,Arthur,10,0
34002,enguins,10,18
34021,ĠFAIR,10,0
34079,Ġnymph,10,0
34107,lesiast,10,0
34453,obic,10,0
34559,ported,10,0
34563,olling,10,0
34920,gotten,10,0
38080,................,10,0
42385,**,10,0
46076,yy,10,4
64,\,9,64
96,|,9,1
1008,ublic,9,0
1601,joy,9,0
1693,Ġcolle,9,0
1739,Ġpract,9,1
1800,ober,9,1
1942,ograp,9,2
2022,oors,9,3
2870,Ġparticip,9,0
3010,Ġsepar,9,0
3530,Ġrecomm,9,0
3783,Ġdeg,9,0
3801,uty,9,2
4239,Ġdom,9,20
4344,usal,9,0
4654,ĠBudd,9,1
4720,Ġpropos,9,0
5120,ompl,9,0
5163,annel,9,0
5275,ĠMedic,9,0
5686,Ġconcent,9,3
5821,Ġobt,9,0
5856,Ġdram,9,0
5929,Ġexcit,9,0
6008,ivered,9,1
6347,ĠDesp,9,0
6637,gment,9,0
6675,Ġreput,9,0
6815,Ġsymp,9,0
6883,ĠPac,9,4
7009,Ġerr,9,0
7092,thur,9,0
7207,Ġconven,9,2
7218,ĠSwed,9,0
7457,Ġlaun,9,2
7513,Ġrecycl,9,1
7559,umbled,9,1
7573,otton,9,3
7589,Ġ185,9,1
7650,idering,9,0
7799,ĠLaur,9,0
7862,achusetts,9,0
8013,Ġprepar,9,0
8570,Ġgest,9,0
8587,Ġhoriz,9,2
8871,riff,9,12
8997,icket,9,1
9053,Ġcaut,9,1
9082,Ġkne,9,28
9205,Ġende,9,0
9485,glas,9,0
9499,agons,9,0
9509,Ġrefres,9,0
9707,raph,9,0
9955,ustomed,9,0
9984,ogne,9,1
10035,Ġcrou,9,16
10441,ĠHosp,9,0
10689,oard,9,10
10729,Ġendeav,9,0
10988,usively,9,0
11065,arents,9,0
11094,estyle,9,3
11463,Ġclut,9,5
11563,ribed,9,0
11610,ĠWr,9,2
11623,Ġrecre,9,0
11754,IPA,9,0
11823,ĠYan,9,0
11840,Ġcondem,9,0
11879,Ġalph,9,0
11936,ĠTheod,9,0
11943,ĠFif,9,0
12037,Ġcors,9,56
12520,ĠAlexand,9,0
12706,angelo,9,0
12712,ugos,9,0
12969,Ġinher,9,0
12995,idespread,9,0
13039,rors,9,0
13054,Ġinval,9,0
13183,ĠDaw,9,0
13186,Ġorph,9,0
13278,Ġharass,9,0
13709,Ġkidn,9,0
13729,smith,9,0
13736,Ġextravag,9,1
14013,ĠAlban,9,0
14084,Ġdisple,9,0
14145,Ġdisadvant,9,0
14302,ailles,9,0
14398,ictions,9,1
14437,atra,9,0
14536,aration,9,0
14654,uddle,9,4
14751,ĠKau,9,0
14855,Ġspraw,9,0
14897,oiselle,9,0
15058,ricate,9,0
15088,Ġcheerle,9,63
15195,reprene,9,0
15683,ĠJaff,9,0
15731,Ġgeomet,9,2
15766,gor,9,1
15899,Ġfug,9,2
15934,icken,9,2
16011,inqu,9,0
16025,ĠBark,9,0
16027,opular,9,0
16052,Ġprefect,9,0
16114,oubtedly,9,0
16231,Ġwist,9,0
16331,Ġjuris,9,0
16496,llor,9,6
16692,chester,9,0
17171,elie,9,0
17292,ooses,9,0
17308,apor,9,0
17379,Ġloung,9,6
17424,ĠLiver,9,0
17597,Ġrestr,9,0
17712,cels,9,0
17845,Ġcoo,9,1
17938,justice,9,0
17996,dess,9,0
18036,cled,9,13
18327,ĠPund,9,0
18647,Ġfu,9,1
19039,semble,9,0
19084,akening,9,0
19184,fri,9,0
19211,olini,9,4
19247,ĠBrace,9,1
19391,bot,9,0
19481,ĠBritt,9,0
19623,ĠTres,9,0
19658,pelling,9,0
19672,eca,9,0
19815,uttering,9,0
19830,ĠNEP,9,0
19912,........,9,1
20052,jected,9,0
20112,ĠSumm,9,0
20201,ĠAj,9,0
20254,Ġamen,9,0
20278,Ġpeac,9,0
20360,ĠNicar,9,0
20412,wait,9,0
20556,Ġastrol,9,1
20633,Ġswo,9,0
20696,Ġungr,9,0
20732,ollies,9,1
20872,Ġshrie,9,0
20904,former,9,0
21092,Ġitiner,9,0
21164,Ġinvari,9,0
21205,iscovered,9,0
21238,SAD,9,0
21435,orks,9,0
21644,ĠGN,9,0
21805,qualified,9,0
21842,isal,9,0
21860,ĠCott,9,0
21868,riad,9,0
21901,aue,9,0
21909,ĠKins,9,0
21929,plend,9,0
22062,ĠBundes,9,0
22112,oris,9,0
22143,essim,9,0
22166,arsity,9,0
22183,onton,9,0
22213,aiming,9,0
22234,Ġordin,9,1
22243,Ġnegot,9,0
22383,Ġwedd,9,4
22433,uling,9,1
22727,oored,9,4
22778,ĠShet,9,0
22840,bedded,9,0
22934,ĠCONT,9,7
23413,leyman,9,0
23443,ĠValenc,9,0
23629,adoes,9,0
23787,ĠMacle,9,0
23921,bath,9,27
23957,leine,9,0
23980,Ġrou,9,18
24011,ittin,9,1
24015,ĠYaz,9,0
24087,Ġhumili,9,0
24312,ĠBAR,9,14
24360,ccane,9,0
24641,oic,9,0
24657,esi,9,1
24663,arning,9,0
24762,Ġrelinqu,9,0
24901,itanic,9,0
24907,ĠRodrig,9,0
25042,Ġthirt,9,0
25070,anders,9,1
25078,umas,9,0
25093,aguchi,9,0
25120,Ġbackp,9,4
25214,ĠCompar,9,0
25383,Pil,9,0
25406,Ġted,9,4
25434,role,9,1
25471,abar,9,0
25530,Ġglimps,9,1
25564,iterate,9,0
25588,uchy,9,0
25758,FOR,9,4
25783,isen,9,1
25791,Ġpiv,9,1
25795,Ġdaff,9,1
25831,ĠPyram,9,0
25840,estones,9,3
26174,jor,9,0
26531,Ġdisobed,9,0
27101,Ġchimp,9,0
27115,ĠJem,9,1
27143,Ġunve,9,0
27164,Ġimpair,9,0
27210,ĠProhib,9,0
27213,Ġinfect,9,0
27274,ĠCriter,9,1
27329,handle,9,13
27347,uanian,9,0
27524,oge,9,0
27534,wine,9,0
27546,atio,9,0
27582,adder,9,0
27584,ĠSettle,9,0
27975,Ġirresist,9,0
28025,kop,9,0
28030,riment,9,0
28123,ĠNax,9,0
28165,vency,9,0
28186,ĠWeis,9,0
28411,Ġunbear,9,0
28547,cill,9,4
28550,hame,9,0
28606,ĠAval,9,0
28732,atham,9,0
28785,ĠQut,9,0
28821,ĠNeap,9,0
28872,ĠMerch,9,0
29102,cian,9,0
29113,pox,9,0
29123,Ġais,9,0
29264,anched,9,0
29276,Ġobe,9,0
29278,Ġglist,9,0
29305,Ġ630,9,3
29311,bron,9,0
29334,ĠSeren,9,0
29476,iotrope,9,0
29514,hui,9,0
29581,ĠFabric,9,2
29638,Chi,9,0
29643,Hung,9,0
29648,cribed,9,0
29689,Ġdownt,9,0
29691,Ġinsec,9,0
29715,Ġreper,9,0
29737,ĠCros,9,0
29833,ĠKof,9,0
29939,ĠZag,9,0
29980,burst,9,3
30082,Ġmaib,9,0
30257,roleum,9,0
30307,function,9,0
30433,ablish,9,0
30482,Ġsmith,9,4
30673,Ġembank,9,0
30833,holm,9,0
31065,opause,9,0
31115,abund,9,0
31127,Ġgond,9,2
31137,oyage,9,0
31147,ĠKass,9,0
31148,ĠKnot,9,0
31246,Ġsnugg,9,7
31355,ographies,9,0
31400,ĠCamer,9,0
31459,ĠKosov,9,0
31630,Ġpettico,9,1
31671,kick,9,1
31672,lords,9,0
31719,icially,9,0
31720,Ġlen,9,1
31831,ostic,9,0
31847,ĠKed,9,0
31873,Ġimpregn,9,0
31895,angelical,9,0
31924,Ġminisk,9,6
31993,ĠCald,9,0
32241,khov,9,0
32458,qs,9,0
32484,ingham,9,0
32517,ĠIgles,9,0
32550,ĠMood,9,0
32555,ĠBuk,9,0
32578,Ġfranc,9,1
32587,ĠDumb,9,0
32602,iecki,9,0
32609,apo,9,0
32618,Ġsag,9,0
32649,Ġunab,9,0
32860,Ġmisde,9,0
32909,ICT,9,27
33171,enzie,9,0
33272,gled,9,1
33289,vine,9,13
33303,inition,9,0
33325,anking,9,0
33371,sellers,9,0
33400,ĠPapp,9,0
33415,ĠFos,9,0
33438,ĠGOLD,9,6
33442,ĠROB,9,1
33500,ĠChoct,9,0
33530,graduate,9,1
33582,ĠAdm,9,0
33605,Ġprotr,9,0
33672,Ġobsess,9,0
33710,razy,9,0
34117,endropsophus,9,0
34129,Dis,9,0
34130,Ever,9,0
34134,Girl,9,0
34203,Ġtipt,9,1
34215,Ġolymp,9,6
34261,Ġgerb,9,0
34288,ĠCateg,9,0
34309,opian,9,0
34311,ĠPash,9,0
34313,ĠPey,9,0
34333,ĠDw,9,0
34379,pell,9,0
34446,Ġboycot,9,0
34472,Ġdecad,9,0
34511,tenstein,9,0
34538,Ġinfidel,9,0
34649,ANC,9,2
34655,Ġensl,9,0
34674,guarded,9,0
34859,Ġcinemat,9,0
35012,ĠBoilerm,9,0
35021,ĠOrphan,9,0
35037,oclassical,9,0
35096,zena,9,0
35123,itators,9,0
35124,oum,9,0
35361,grap,9,0
35412,shr,9,1
35582,uxe,9,0
66,^,8,0
842,llow,8,8
1500,Ġ198,8,0
1639,ajor,8,0
2058,ample,8,0
2545,kay,8,0
2931,Ġfamil,8,0
2940,unicip,8,0
2961,ohol,8,1
3168,Ġarg,8,0
3288,medi,8,0
3299,Ġachie,8,0
3316,Ġcelebr,8,1
3430,ashion,8,0
3432,Ġimag,8,0
3576,Ġsen,8,2
3927,Ġstreng,8,0
3965,ennis,8,1
4410,hedral,8,0
4438,ghed,8,1
4517,Ġexcell,8,0
4597,ributed,8,0
4631,199,8,3
4833,Ġmotorcy,8,54
4860,peror,8,0
4968,Ġsymb,8,1
5580,inois,8,0
5601,eys,8,1
5620,Ġconcl,8,0
5645,semb,8,9
5660,edding,8,0
5706,mosp,8,0
6319,ublin,8,0
6677,Ġdivor,8,0
6972,iazza,8,0
7167,uguese,8,0
7199,aska,8,3
7465,Ġfant,8,0
7647,rane,8,0
7762,Ġbarg,8,0
7791,ĠNapole,8,0
7882,asury,8,0
7956,Ġfrag,8,0
7963,Ġcontem,8,1
7988,Ġdoub,8,0
8057,izza,8,2
8176,Ġshif,8,0
8199,ĠBord,8,0
8219,ighed,8,0
8341,Ġtrem,8,0
8489,cour,8,1
8769,ounced,8,0
8895,ĠTib,8,0
9102,Ġbree,8,0
9171,Ġimpe,8,0
9287,Ġsoph,8,1
9330,Ġveter,8,0
9401,ective,8,0
9404,ĠIndepend,8,0
9406,bean,8,1
9577,ffiti,8,2
9663,kia,8,1
9718,ĠSudden,8,0
9818,ĠHend,8,0
10008,Ġfulf,8,0
10011,Ġrhy,8,0
10049,Ġclar,8,3
10076,ĠMuh,8,0
10148,Ġindign,8,0
10177,antern,8,11
10243,VID,8,0
10321,ĠAnim,8,0
10351,ambers,8,0
10477,llen,8,1
10655,ĠAe,8,0
11087,iences,8,8
11089,Ġtherap,8,0
11120,Atl,8,1
11160,ĠNether,8,0
11210,Ġlugg,8,11
11326,iffe,8,5
11434,Ġmortg,8,0
11526,piration,8,0
11723,Ġcance,8,0
11843,Ġsolic,8,0
12106,ĠFem,8,0
12141,intendo,8,7
12327,chant,8,0
12337,ultane,8,0
12510,ĠHispan,8,0
13099,roller,8,17
13159,aics,8,0
13198,ciation,8,0
13288,ammar,8,0
13344,umbent,8,0
13359,ĠMagaz,8,0
13479,retty,8,0
13604,Ġfranch,8,0
13610,artments,8,9
13652,ĠHimalay,8,0
13743,itia,8,0
13880,iciencies,8,0
13908,Ġbapt,8,3
13915,ĠSaud,8,0
13991,Ġshru,8,1
14030,uctions,8,0
14076,resa,8,0
14080,uez,8,0
14360,Ġoxid,8,0
14674,Ġtempor,8,0
14820,Ġtheat,8,0
14828,ĠAbr,8,0
14853,Ġoverc,8,0
14949,Ġdiscrimin,8,0
15139,ĠBened,8,0
15141,ĠHud,8,0
15265,Ġinsign,8,0
15291,Ġsprink,8,196
15489,itionally,8,0
15580,istine,8,0
15589,ishn,8,0
15620,ĠSanti,8,0
15656,drop,8,14
15676,ĠPom,8,1
15814,Ġconting,8,0
15887,Aub,8,0
16039,ĠEston,8,0
16128,Ġbount,8,0
16175,annet,8,0
16177,iversary,8,0
16260,ĠInstr,8,9
16274,Ġguer,8,0
16435,oulos,8,0
16469,ĠChatah,8,0
16780,angular,8,14
16932,Ġindef,8,0
17290,amu,8,1
17397,gian,8,0
17705,stable,8,0
17733,Ġunanim,8,0
17852,Ġpaj,8,20
17886,ĠGins,8,0
17918,ertainly,8,0
17960,natural,8,0
18007,Ġferv,8,0
18197,ĠAlph,8,0
18217,covery,8,0
18351,Ġsmok,8,3
18390,Ġgrandp,8,1
18645,Ġaug,8,0
18689,Ġabol,8,0
18718,ucing,8,1
18897,Ġrespir,8,5
18908,Ġprophe,8,0
19294,Ġepid,8,0
19492,veloped,8,0
19518,ĠFlorent,8,0
19555,rondissements,8,0
19604,eous,8,0
19808,Ġlang,8,1
19845,ancellor,8,0
20236,ĠThur,8,0
20431,ĠCly,8,6
20503,affected,8,0
20627,truck,8,19
20686,ivia,8,0
20849,ittering,8,0
20907,Ġbrack,8,2
20913,idently,8,0
20943,prot,8,0
21109,ĠWyn,8,0
21343,esame,8,0
21619,stood,8,0
21736,casting,8,0
21853,Ġgir,8,241
21932,Ġconspic,8,0
21938,ificent,8,0
22175,Ġresur,8,0
22258,Ġbombard,8,6
22462,Ġhass,8,0
22534,ĠResear,8,0
22702,entin,8,0
22709,adan,8,0
22767,ĠKarn,8,0
22958,angaroo,8,0
22984,papa,8,0
23060,ĠGoo,8,1
23083,Ġunacc,8,0
23092,ancies,8,0
23105,ovies,8,1
23342,Ġmang,8,0
23596,liter,8,3
23963,velled,8,0
24030,ĠVlad,8,0
24088,ĠCarm,8,0
24513,respons,8,0
24591,Ġpacif,8,0
24592,imedia,8,0
24606,imbursement,8,0
24650,isley,8,0
24761,Ġempir,8,0
24943,ĠCHR,8,0
25008,STER,8,1
25021,vos,8,0
25023,vae,8,0
25082,ĠLt,8,0
25109,Ġoverh,8,0
25135,ĠNewfound,8,0
25386,Wor,8,0
25391,cult,8,0
25448,ĠPto,8,0
25506,issible,8,0
25658,casters,8,4
25869,ĠHellen,8,1
25870,ackle,8,2
25892,ĠChrys,8,0
25975,aggers,8,0
25996,roduction,8,0
26172,fif,8,0
26173,groom,8,2
26176,lap,8,1
26202,leigh,8,0
26284,ooked,8,12
26288,assad,8,0
26289,ĠStall,8,0
26661,Ġdele,8,2
26694,aceut,8,0
26956,ĠTrinf,8,0
27003,shadowed,8,0
27030,mated,8,0
27036,zig,8,0
27087,rilla,8,0
27098,ĠFaw,8,0
27105,ĠNIA,8,0
27125,igae,8,1
27136,arets,8,0
27289,cellaneous,8,3
27463,authorized,8,0
27498,ĠChaudh,8,0
27619,ĠFavor,8,0
27640,Ġabnorm,8,0
27650,odrome,8,2
27684,Ġimpract,8,0
27742,rawl,8,0
27749,Ġengross,8,0
27804,ĠMontmart,8,0
27863,iotics,8,0
28019,eau,8,1
28049,anile,8,0
28060,Ġny,8,4
28098,ĠHick,8,0
28102,kerel,8,0
28107,Ġkos,8,0
28146,ĠEGU,8,0
28215,cium,8,0
28260,ĠCarly,8,0
28482,Ġprolifer,8,0
28495,Ġauxili,8,0
28574,Ġcact,8,10
28641,ĠBure,8,0
28648,ceph,8,0
28684,Ġexor,8,0
28741,ĠBrut,8,0
28936,ulsively,8,0
29145,ĠTuc,8,0
29208,ĠREP,8,0
29732,irac,8,0
29779,unches,8,0
29794,atech,8,0
29846,ĠChit,8,0
30059,evich,8,0
30115,Ġjunct,8,0
30151,heartedly,8,0
30262,ĠMycena,8,0
30388,ĠPaw,8,0
30418,ĠNub,8,0
30454,ĠInvent,8,0
30475,angible,8,0
30492,awares,8,0
30497,ganu,8,0
30527,ĠArist,8,0
30536,Ġmetic,8,0
30553,iento,8,0
30605,ĠNeander,8,0
30609,itoria,8,0
30686,puted,8,0
30728,Ange,8,0
30826,Ġhandicraft,8,0
31012,ĠTosh,8,0
31021,owth,8,1
31045,ĠMIN,8,3
31050,ĠBury,8,0
31072,andal,8,0
31223,orkers,8,0
31253,Ġwaver,8,1
31333,ercise,8,0
31660,crit,8,0
31663,gne,8,0
31694,Ġcoy,8,5
31777,Ġfrater,8,0
31781,ĠFoc,8,0
31837,ĠThom,8,0
31875,Ġbran,8,2
31908,Ġsubpo,8,0
31960,Ġbarric,8,14
31985,Ġredund,8,0
32026,ĠEnlight,8,0
32042,ammu,8,0
32085,ĠHindust,8,0
32196,ĠEvalu,8,0
32265,ĠPEOP,8,2
32460,rach,8,0
32535,ĠSart,8,0
32583,estial,8,0
32599,ĠGhi,8,0
32608,ustered,8,0
32625,oneys,8,0
32660,Ġgrap,8,60
32743,ĠRequire,8,0
32748,Ġsnub,8,2
32925,Chic,8,0
33083,pillars,8,0
33169,Ġchromos,8,0
33261,direct,8,0
33292,zr,8,0
33320,itories,8,0
33363,etted,8,0
33365,ĠSuff,8,0
33375,ĠCic,8,0
33410,ulas,8,2
33434,ĠGif,8,0
33450,Ġvult,8,28
33481,Ġblasp,8,0
33504,orsh,8,0
33525,Ġreprim,8,0
33617,ĠZap,8,0
33634,ĠGujar,8,0
33835,spread,8,0
34125,CB,8,0
34133,Ge,8,0
34155,awe,8,0
34181,nance,8,0
34192,varez,8,0
34194,wak,8,0
34299,ĠBump,8,0
34324,ĠWaver,8,0
34380,pecker,8,0
34417,Ġunse,8,0
34418,Ġuncl,8,1
34555,ĠQin,8,0
34631,ettled,8,0
34657,ĠBroder,8,0
34704,Ġambival,8,0
34748,Ġjuxtap,8,0
34814,ĠStafford,8,0
34867,Ġrattles,8,0
35076,coon,8,0
35078,finger,8,0
35184,Ġanci,8,0
35340,ogenous,8,0
35346,ĠWeas,8,0
35358,Ġcoven,8,0
35391,Ġdistaste,8,0
35398,ĠLeb,8,0
35415,Ġmethyl,8,0
35541,ursing,8,1
35556,afel,8,3
35567,Ġcouncill,8,0
35591,ANK,8,11
35839,Ġlacquer,8,0
35930,Ġzigz,8,1
35949,ĠUzbek,8,0
35973,enotaph,8,0
36030,frog,8,0
36041,mass,8,0
36054,yll,8,0
36121,idious,8,1
36282,agra,8,0
36283,ightly,8,1
36291,ocene,8,0
36383,manuel,8,0
36638,syche,8,0
36776,cipled,8,0
36800,remont,8,0
923,ĠAmeric,7,0
931,alking,7,0
1158,Ġbelie,7,0
1488,Ġresp,7,0
1622,Ġele,7,129
1828,Ġgener,7,0
1982,ording,7,2
2025,Ġredu,7,0
2046,Ġdou,7,10
2047,ivid,7,13
2135,iversity,7,1
2293,Ġhus,7,16
2423,Ġsett,7,0
2596,Ġindust,7,0
3174,Ġemer,7,1
3235,ondon,7,5
3367,Ġmaint,7,0
3680,Foot,7,0
3759,ĠAustral,7,0
3978,nown,7,0
4068,Ġveh,7,9
4090,Ġiniti,7,0
4207,Ġinvestig,7,0
4366,athered,7,2
4603,ĠCI,7,3
4686,usalem,7,0
4850,ultan,7,1
5100,Ġobv,7,0
5444,Ġsplend,7,0
5460,sych,7,0
5485,ĠAtl,7,0
5593,terday,7,0
5727,unte,7,0
6032,lasses,7,8
6258,emies,7,0
6343,Ġterr,7,14
6477,engers,7,0
6499,axim,7,0
6697,Ġfier,7,1
6929,ĠFrid,7,0
7074,ĠViet,7,0
7476,yles,7,12
7688,izabeth,7,1
7802,Ġgras,7,3
7817,inces,7,0
7820,Ġpow,7,5
7887,ĠNep,7,0
8202,Ġinstit,7,0
8241,ĠFest,7,0
8305,ĠWhitting,7,0
8345,ĠPalest,7,0
8386,pless,7,0
8413,ĠRhod,7,0
8593,vals,7,7
8679,ĠInvest,7,0
8783,Ġsurre,7,0
8799,ilst,7,0
8833,Ġmoder,7,0
9024,orge,7,2
9041,Ġmathem,7,0
9214,ĠBenj,7,0
9328,uesday,7,0
9380,adesh,7,0
9722,oupe,7,0
10388,inction,7,0
10463,ropolitan,7,0
10542,urities,7,0
10615,othes,7,0
10756,aware,7,15
10799,ĠVenez,7,0
11041,rily,7,0
11045,istance,7,0
11302,Ġphen,7,0
11407,ĠCai,7,0
11763,ĠIstan,7,0
11876,ĠNett,7,1
12060,Ġacceler,7,0
12147,zens,7,0
12207,Ġchate,7,0
12292,Ġcataly,7,0
12328,ĠFlex,7,0
12335,ĠStew,7,1
12511,ĠAdvis,7,0
12514,Ġbarbec,7,1
12684,Ġpenc,7,0
12830,iour,7,0
12848,ĠChatter,7,0
12858,ĠShakespe,7,0
12916,Ġorch,7,19
12968,Ġdimin,7,0
13196,eches,7,0
13221,Ġhypothes,7,0
13501,ĠArchae,7,0
13598,ĠSci,7,0
13633,Ġnonf,7,0
13751,Ġonlook,7,37
14063,isans,7,1
14124,gments,7,0
14125,pensive,7,0
14132,ĠCli,7,0
14267,ĠSeab,7,0
14270,holds,7,0
14343,ĠZel,7,0
14571,appropri,7,0
14655,agogue,7,0
14662,wealth,7,0
15040,aho,7,0
15210,ĠLoren,7,0
15236,riger,7,4
15341,owary,7,0
15475,elts,7,1
15686,Ġvenge,7,0
15733,ĠApal,7,0
15802,umper,7,1
16012,erals,7,0
16075,ylon,7,8
16119,bying,7,0
16196,ĠAppe,7,0
16258,ĠOnt,7,0
16489,uish,7,0
16606,itory,7,0
16720,Ġsurrend,7,0
16774,odus,7,0
16911,ĠEvent,7,0
17040,ĠCray,7,2
17061,akery,7,0
17063,Ġclust,7,0
17319,ickets,7,0
17432,Ġoutst,7,8
17440,ilee,7,0
17441,perors,7,0
17446,ĠAlib,7,0
17595,plement,7,0
17782,Ġimagin,7,0
17844,Ġbiz,7,0
17878,olith,7,0
18336,abin,7,0
18403,Ġepit,7,0
18635,cod,7,0
18826,utches,7,0
18827,acio,7,0
18847,Ġshab,7,0
18898,ĠChron,7,0
19036,roe,7,0
19040,amination,7,0
19050,Ġshrew,7,0
19144,Ġmicrow,7,6
19356,amiliar,7,0
19507,ambled,7,0
19632,seud,7,0
19636,ĠCater,7,1
19720,ĠFrancisc,7,0
19770,surfing,7,1
19844,Ġroomm,7,2
19931,Ġilleg,7,0
20003,icol,7,16
20006,owler,7,0
20154,orbent,7,0
20234,Ġallerg,7,0
20364,Ġingen,7,0
20465,Ġunatt,7,2
20476,enched,7,0
20620,Gold,7,0
20739,Ġsandw,7,89
20840,Ġtux,7,29
20989,ĠStras,7,0
20997,Ġcocon,7,14
21055,rament,7,0
21090,ĠSOPH,7,0
21857,Ġsta,7,2
21885,ĠLG,7,5
21902,ifa,7,0
22179,amph,7,0
22185,ibu,7,2
22424,ĠPill,7,4
22463,ĠKais,7,0
22493,ĠLeh,7,0
22566,liga,7,0
22647,Ġadolesc,7,0
22722,rils,7,1
22758,astas,7,0
22825,eese,7,1
22919,ifference,7,0
22993,Ġwets,7,25
23038,ĠHok,7,0
23081,ptuous,7,0
23296,Ġtrol,7,3
23344,antom,7,1
23362,ocaly,7,0
23404,Ġconscient,7,0
23591,barrow,7,0
23628,stro,7,0
24025,merged,7,0
24154,iesta,7,0
24158,glomer,7,0
24284,itania,7,0
24317,opolitan,7,0
24339,apid,7,2
24413,gerid,7,0
24673,Ġrelev,7,0
24684,ĠMig,7,0
24710,empl,7,0
24820,ĠParce,7,0
25010,Tex,7,0
25033,itud,7,0
25041,alore,7,0
25103,Ġfeeb,7,0
25215,Ġargu,7,0
25324,okermann,7,0
25457,anty,7,0
25660,repared,7,0
26031,ILA,7,0
26111,ĠGymn,7,0
26216,ĠSail,7,3
26217,ĠSiss,7,0
26275,osium,7,0
26276,iesel,7,0
26340,ĠMyc,7,0
26398,ascular,7,0
26589,pret,7,0
26610,Ġpedd,7,2
26796,Ġcorros,7,0
26806,ĠMcInt,7,0
26933,ĠTuval,7,0
27031,pk,7,0
27067,otas,7,0
27085,ĠCOR,7,43
27106,ĠNRC,7,0
27127,ĠHew,7,0
27314,azzi,7,0
27527,patient,7,0
27617,Ġliken,7,0
27663,Ġench,7,16
27847,payments,7,0
28075,Ġreneg,7,0
28099,ĠHats,7,1
28190,urnal,7,0
28235,Ġbookst,7,0
28272,ĠHarg,7,0
28561,voc,7,0
28663,usality,7,0
28762,idson,7,5
28859,ĠSym,7,0
29084,Et,7,0
29100,VENT,7,1
29120,vision,7,0
29158,impro,7,0
29229,Ġtromb,7,3
29233,ivals,7,0
29331,ropic,7,1
29760,ĠPoc,7,0
29787,emporary,7,0
29870,Ġrepos,7,0
29898,Ġdistr,7,0
29974,itorial,7,0
30126,oulevards,7,0
30398,Ġshod,7,0
30463,ptive,7,0
30465,Ġunobs,7,0
30472,ĠChag,7,0
30493,Ġcray,7,41
30522,Ġsubcont,7,0
30577,ĠZeb,7,290
30644,ĠChest,7,1
30646,Ġprecar,7,1
30702,boxing,7,0
30737,Ġpicn,7,0
30884,Ġuncontroll,7,0
31119,Ġalc,7,0
31161,Ġadam,7,0
31225,Ġsubgroup,7,0
31424,ĠEsk,7,0
31625,aceutical,7,0
31729,enters,7,0
31730,Ġetern,7,0
31750,ĠMazz,7,0
31785,ĠDoy,7,0
31869,perity,7,0
31905,Ġmonolog,7,0
31952,Ġinfert,7,0
32170,employment,7,0
32272,ĠMozamb,7,0
32383,Europe,7,0
32410,Den,7,0
32473,rero,7,0
32553,ĠBian,7,0
32560,ĠHuff,7,0
32606,istrate,7,0
32699,Ġincongru,7,0
32735,Ġartic,7,0
32873,ĠSchro,7,0
32940,ĠIncred,7,0
32950,ĠStanisl,7,0
33049,ĠTheodos,7,0
33245,KO,7,0
33264,felt,7,0
33268,gam,7,15
33270,gary,7,3
33279,oine,7,0
33331,Ġpiss,7,5
33374,uria,7,0
33376,ĠCah,7,0
33413,Ġlique,7,0
33443,ĠRousse,7,0
33447,ortex,7,0
33452,Ġleot,7,19
33469,aree,7,0
33487,associ,7,0
33520,obat,7,0
33568,shake,7,26
33581,uthven,7,0
33592,Ġreval,7,0
33652,oeuv,7,1
33656,ĠAmbo,7,0
33724,ĠBrod,7,0
33726,metics,7,0
33805,Ġtraum,7,0
33892,Ġineffect,7,0
33937,ĠNegoti,7,0
34131,Fam,7,0
34143,Mir,7,0
34172,hpur,7,0
34205,herence,7,0
34248,Ġinadvert,7,0
34307,ĠHath,7,0
34344,ĠGle,7,0
34346,ĠGue,7,0
34390,agio,7,0
34398,ĠYah,7,0
34432,ĠVind,7,0
34475,ommun,7,0
34638,Ġfreck,7,4
34669,illaume,7,0
34699,ĠSurround,7,0
34783,ĠADVENT,7,0
34787,ĠFreem,7,0
34992,kopf,7,0
35052,IO,7,4
35065,TO,7,5
35095,zew,7,0
35112,ervers,7,36
35119,Ġbraz,7,1
35165,utting,7,1
35210,ainting,7,1
35335,cler,7,2
35341,orned,7,1
35354,Ġmenh,7,0
35393,ĠArau,7,0
35522,Ġpainstaking,7,0
35626,Ġapprehens,7,0
35644,ĠMagdal,7,0
35766,huang,7,0
36058,Ġtuber,7,0
36111,ĠAF,7,3
36160,ĠCatech,7,0
36169,riet,7,0
36221,ĠDrav,7,0
36250,ĠRau,7,0
36297,ĠYuk,7,0
36299,ueblo,7,0
36332,ĠChald,7,0
36334,aterial,7,0
36429,ernaut,7,0
36480,ebbe,7,0
36483,print,7,33
36515,ographed,7,1
36530,ermine,7,0
36594,ĠEnth,7,0
36607,garon,7,0
36615,Ġtribun,7,0
36698,hensible,7,0
36738,Intern,7,0
36862,oretta,7,0
36893,vernmental,7,0
36938,Ġsabot,7,0
36999,ĠDatab,7,0
37153,dream,7,0
37183,uers,7,0
37207,inga,7,0
37208,anova,7,0
37222,arations,7,0
37443,uban,7,0
37515,owering,7,0
37596,ippur,7,0
37629,uroy,7,0
37919,imbra,7,0
1170,Ġprodu,6,0
2504,seum,6,0
2530,Ġscen,6,0
2577,Ġnecess,6,0
2632,Ġfif,6,0
2677,wered,6,3
3258,Ġbott,6,10
3264,Ġdisapp,6,0
3409,outhern,6,1
3471,noon,6,0
4091,ĠSomet,6,0
4120,Ġmanufact,6,0
4643,Ġcorpor,6,0
4828,Ġpra,6,1
4885,Ġepis,6,0
5268,erald,6,0
5330,Ġlandsc,6,1
5795,Ġwebs,6,0
5846,earch,6,0
6076,Ġperman,6,0
6296,Ġsurpl,6,0
6372,oston,6,2
6459,rison,6,1
6621,Ġguarant,6,0
6731,Ġinnoc,6,0
6737,Ġlux,6,0
7010,atoes,6,3
7387,eddin,6,0
7545,Ġrebu,6,0
7549,Ġcraw,6,0
7652,ĠRena,6,0
7696,--------------------------------,6,0
7734,itage,6,0
7779,ixon,6,0
7959,ellect,6,0
7974,erning,6,0
8025,Ġtodd,6,6
8114,Ġcomed,6,0
8244,Ġalloc,6,0
8328,Ġack,6,5
8343,ointment,6,0
8475,Ġvig,6,0
8569,Ġcott,6,4
8586,Ġdepos,6,0
8702,Ġaccommod,6,0
8737,Ġwhist,6,2
8797,Ġpadd,6,6
8958,Ġbarri,6,1
9121,theless,6,0
9144,actions,6,0
9190,Ġauth,6,0
9249,nesday,6,0
9268,Ġdiscour,6,0
9426,Ġnep,6,0
9498,Ġoutl,6,0
9555,Ġartif,6,1
9642,Ġbund,6,7
9841,wor,6,2
9911,Ġswall,6,0
10102,Ġisol,6,0
10131,Ġpedest,6,1
10225,Ġlandl,6,0
10473,oque,6,0
10510,ĠEval,6,0
10537,Ġineff,6,0
10622,Ġjugg,6,2
10680,sembly,6,0
10753,avil,6,0
10767,escue,6,0
10781,itei,6,0
10811,orca,6,0
11001,apsed,6,2
11006,Ġfemin,6,0
11119,Ġaerob,6,0
11143,nergy,6,0
11240,Ġparalle,6,0
11488,Atlant,6,0
11701,cano,6,0
11951,ĠAltern,6,0
12257,icut,6,0
12315,wart,6,0
12397,rosc,6,12
12427,ocaust,6,0
12495,ĠSadd,6,0
12568,raits,6,0
13142,Ġoxy,6,0
13242,amic,6,1
13378,ugoslav,6,0
13462,istocr,6,0
13547,Ġprest,6,0
13592,pher,6,0
13669,zhou,6,0
13700,ĠBeaut,6,2
13804,irmative,6,0
13846,Ġbloss,6,7
13872,Ġdispos,6,0
14006,actly,6,0
14345,ĠPhill,6,2
14557,renched,6,1
14729,ĠTub,6,0
14758,ĠVaugh,6,0
14791,Ġgrocer,6,1
14836,unned,6,0
14914,brew,6,0
15046,Ġhandic,6,1
15118,WI,6,0
15123,Ġ--------------------------------,6,0
15230,Ġgoss,6,1
15637,OLTA,6,0
15765,corn,6,2
15803,ĠDill,6,1
16028,ĠPow,6,4
16122,slee,6,0
16132,edar,6,0
16275,ĠWhist,6,1
16292,Ġpean,6,0
16367,ĠSain,6,0
16394,ĠKeen,6,0
16432,ivering,6,0
16517,ĠNass,6,0
16603,Ġaest,6,0
16608,esome,6,3
16824,castle,6,0
16858,ĠMcKin,6,0
17550,otine,6,0
17972,arthy,6,0
18002,Ġsib,6,0
18065,ushu,6,0
18359,Ġsubdu,6,0
18456,ĠBulgar,6,0
18483,arity,6,0
18485,enton,6,1
18524,Ġaccl,6,0
18704,ogan,6,2
18871,Ġperce,6,0
19222,ĠJude,6,0
19241,Ġsmoot,6,0
19455,ueva,6,0
19786,eenth,6,0
19811,ĠAber,6,0
20109,haba,6,0
20218,olics,6,0
20636,Ġboun,6,1
20659,ilings,6,0
20706,undy,6,2
20741,Ġbesie,6,0
20748,Ġgriev,6,0
20829,HN,6,10
20875,ĠFarr,6,1
21133,Ġexch,6,0
21156,ailable,6,0
21322,lion,6,0
21326,mese,6,1
21352,iceless,6,0
21356,Ġrehe,6,0
21422,undered,6,0
21631,anded,6,0
21895,idered,6,1
22190,Ġmonst,6,0
22373,lour,6,2
22452,arta,6,2
22500,ĠClin,6,0
22537,overty,6,0
22559,Ġundist,6,0
22736,thology,6,0
22967,Ġanecd,6,0
23009,iculate,6,0
23036,ĠBerm,6,0
23049,ĠFH,6,0
23054,estead,6,0
23055,umsy,6,0
23070,igion,6,0
23182,habited,6,0
23231,ĠCypr,6,0
23351,ĠLina,6,0
23353,ĠGert,6,0
23420,ĠProced,6,0
23509,Ġinexper,6,0
23599,parts,6,0
23669,ablo,6,0
23680,Ġintu,6,0
23704,Ġconson,6,0
23816,ĠRajas,6,0
23930,Ġtac,6,5
24021,Ġenchant,6,0
24210,ĠLibert,6,0
24364,Ġunac,6,0
24863,guer,6,0
24894,elligence,6,0
24904,onomy,6,0
24929,ĠFrequ,6,0
25062,ĠBalk,6,0
25075,Ġshroud,6,2
25117,Ġscor,6,0
25159,Ġmush,6,6
25315,Ġsuprem,6,0
25706,Ġmascul,6,0
25810,roken,6,0
25875,akt,6,0
26112,Ġabbrev,6,0
26195,ouches,6,0
26211,Ġhered,6,0
26279,Ġintrig,6,0
26373,Ġfutur,6,2
26582,iatic,6,0
26666,estrian,6,4
26717,ĠChop,6,5
26741,Ġindisp,6,0
26815,oudon,6,0
26966,Ġmonoton,6,0
27017,LV,6,0
27041,Ġbip,6,0
27078,ĠSomers,6,0
27128,ourke,6,0
27181,ixt,6,0
27275,ueless,6,0
27512,bug,6,20
27709,terson,6,0
27754,ividing,6,0
28093,ĠBurs,6,0
28124,Ġproff,6,0
28213,ĠBrus,6,0
28269,Ġelectrom,6,0
28310,offer,6,1
28454,rupulous,6,0
28546,belly,6,4
28548,cern,6,0
28571,athing,6,0
28616,Ġrebut,6,0
28691,igolds,6,0
28718,cki,6,0
28808,ermined,6,0
28844,ĠCompre,6,0
28878,Ġembar,6,0
29026,ĠMYSTER,6,0
29571,ATHER,6,7
29653,gies,6,1
29657,kok,6,0
29757,Ġatroc,6,0
29829,area,6,0
29882,Ġslugg,6,0
30124,giate,6,0
30265,iovascular,6,0
30378,ĠBows,6,0
30441,pei,6,0
30447,iview,6,0
30461,ĠUz,6,0
30479,ĠVec,6,0
30489,ancip,6,0
30813,origin,6,0
30944,HIP,6,0
30981,reuil,6,0
31003,Ġhinter,6,0
31134,asties,6,0
31190,obody,6,0
31203,mane,6,0
31266,istery,6,0
31681,spir,6,0
31684,ximately,6,0
31688,inently,6,0
31695,ingale,6,0
31767,ĠWach,6,0
31883,onsider,6,0
32087,ĠConsort,6,0
32290,immering,6,1
32350,prisingly,6,0
32425,Rich,6,0
32440,faring,6,0
32452,pace,6,2
32456,polis,6,0
32648,izi,6,0
32659,merc,6,0
32675,Ġdesir,6,0
32707,rosh,6,0
32732,Ġbigot,6,0
32785,prime,6,0
32813,anguard,6,0
32879,Ġundec,6,1
32888,kiing,6,0
32977,ĠElectron,6,0
33029,Ġunconcern,6,0
33111,atisfied,6,0
33132,Ġunintellig,6,0
33254,YC,6,46
33310,eric,6,0
33462,ĠOv,6,2
33496,Ġperc,6,0
33529,ĠWhitt,6,0
33531,lesh,6,0
33771,ĠCorre,6,0
33912,ANDER,6,0
33990,Ġtsun,6,0
34009,ĠAbercromb,6,0
34137,Jose,6,0
34157,bral,6,2
34188,rath,6,0
34282,Ġstater,6,0
34356,istas,6,0
34378,Ġgoalt,6,0
34425,ressor,6,0
34427,achim,6,0
34519,Ġwaft,6,0
34521,Ġaffidav,6,0
34592,Ġlabou,6,0
34603,anagh,6,0
34609,ĠElse,6,0
34633,ĠCoordin,6,0
34653,Ġbilli,6,3
34762,epsi,6,22
34779,Ġcantal,6,1
34817,ĠBullet,6,0
35092,tl,6,0
35179,ĠCLO,6,99
35205,ĠWS,6,0
35219,usch,6,0
35238,Ġprost,6,6
35294,aup,6,0
35308,ĠKuch,6,0
35336,fters,6,2
35355,tea,6,0
35426,aneously,6,0
35457,Ġwindsh,6,1
35532,Ġsandal,6,31
35548,HAT,6,1
35580,ĠValle,6,0
35802,interested,6,0
35852,oinette,6,0
35875,journ,6,0
35932,tymology,6,0
35951,ancipation,6,0
36071,onetic,6,0
36118,owls,6,1
36125,adin,6,0
36127,utral,6,0
36172,ĠHades,6,0
36176,celled,6,0
36190,Ġkenn,6,0
36193,Ġrhin,6,14
36243,reditation,6,0
36252,ĠRuna,6,0
36274,ĠOth,6,0
36359,intosh,6,2
36364,landish,6,0
36569,PAN,6,1
36579,zzles,6,1
36611,Ġhygien,6,0
36628,ulfate,6,0
36713,Ġschizophren,6,0
36948,enhagen,6,0
37137,Poss,6,0
37138,Sol,6,0
37145,bis,6,0
37158,glasses,6,60
37177,squ,6,0
37272,iris,6,0
37344,Ġcongen,6,0
37353,ĠGear,6,0
37355,ĠGael,6,0
37399,Ġtrund,6,0
37481,oughton,6,0
37495,hener,6,1
37498,Ġinvig,6,0
37523,ĠLeast,6,5
37608,untless,6,0
37615,Ġprophes,6,0
37642,Ġsoliloqu,6,0
38014,ithely,6,0
38119,ĠGoumo,6,0
38160,Ġlengthen,6,0
38339,atron,6,0
38413,lding,6,7
38496,abah,6,0
38505,outure,6,1
38582,vedere,6,0
38583,othermal,6,0
38765,unto,6,0
38850,itaries,6,0
38885,inyin,6,0
95,{,5,0
1044,Ġhapp,5,0
1048,chool,5,0
1178,erent,5,0
1493,conom,5,0
1549,Ġincre,5,0
1560,ploy,5,0
1701,Ġexper,5,0
2009,Ġwat,5,8
2290,ggest,5,0
2427,levision,5,0
2474,Ġhous,5,1
2576,Ġfoc,5,2
2604,Ġrestaur,5,0
2792,ustom,5,0
2822,Ġexecut,5,0
2915,Ġneigh,5,2
3087,Ġhistor,5,0
3376,Ġadminist,5,0
3526,Ġannoun,5,0
3867,ulpt,5,0
4017,rences,5,0
4151,Ġvot,5,0
4406,Ġess,5,1
4581,Ġdefe,5,0
4818,cri,5,0
5094,itzerland,5,0
5158,ĠJama,5,0
5439,ĠAdminist,5,0
5449,Ġevalu,5,0
5573,ucle,5,1
5746,Ġaband,5,0
5779,Ġchalleng,5,0
5930,ĠCanad,5,0
6010,ciples,5,0
6067,Ġunus,5,0
6073,Ġug,5,3
6093,ĠEconom,5,0
6192,Ġfasc,5,0
6232,Ġemph,5,0
6445,Ġrif,5,0
6448,insula,5,0
6512,Ġdesper,5,0
6645,Ġpupp,5,1
7016,othic,5,0
7023,Ġathlet,5,0
7076,Ġenthus,5,0
7203,sylv,5,0
7391,ugal,5,1
7443,Ġpuzz,5,1
7648,ouds,5,0
7741,ĠJour,5,0
7890,gines,5,0
8276,Ġspectac,5,0
8309,Ġinterf,5,0
8628,Ġsche,5,0
8692,Ġtatt,5,6
8719,inced,5,0
8774,jac,5,0
9019,whel,5,0
9059,Ġblaz,5,0
9081,resents,5,0
9433,onscious,5,0
9465,unded,5,0
9503,ordinary,5,0
9639,Ġdisg,5,0
9683,Ġfacil,5,0
9781,Ġlod,5,0
10121,zech,5,0
10253,Ġrit,5,0
10301,fortunate,5,0
10393,thodox,5,0
10614,Ġmour,5,0
10717,itcher,5,0
10790,ĠIndones,5,0
10815,Ġkay,5,2
10899,ĠDever,5,1
11036,isure,5,0
11106,ĠShil,5,0
11252,Ġdiplom,5,0
11396,hattan,5,0
11508,irling,5,0
11577,itchell,5,0
11707,Ġhamm,5,0
11868,bably,5,0
11887,Ġbrut,5,0
11966,Ġverd,5,0
12052,igious,5,0
12204,Ġrept,5,1
12258,ĠAIC,5,0
12462,Ġsquee,5,12
12484,vant,5,0
12631,ĠEthe,5,0
12665,aguar,5,0
12698,assador,5,0
12747,ĠPitts,5,0
12774,ateur,5,0
13144,naments,5,0
13162,cific,5,0
13400,ĠMunicip,5,0
13614,Ġadap,5,0
13659,____,5,1
13686,ptroller,5,0
13752,advant,5,0
13753,ĠSier,5,0
13769,olded,5,3
14222,Ġmasc,5,18
14314,enged,5,0
14442,Ġdess,5,1
14739,ĠCelt,5,0
14830,acca,5,0
15248,ections,5,0
15572,ĠSoph,5,0
15663,eron,5,2
15692,ordination,5,0
15728,Ġnonex,5,0
15826,Ġpromen,5,0
15941,venth,5,0
15970,ĠAppl,5,0
15992,erbai,5,0
16009,uay,5,0
16042,astically,5,0
16126,reement,5,0
16138,ĠAms,5,0
16291,ĠCarth,5,0
16403,ĠVeter,5,0
16542,Ġtrous,5,10
16574,Ġrollerbl,5,31
16752,ĠSER,5,3
16839,ĠImpro,5,0
16913,ivan,5,0
16942,minster,5,0
17070,Ġinvis,5,0
17113,Ġferoc,5,0
17589,ovitz,5,0
17685,papers,5,0
17687,vous,5,0
17688,xide,5,0
18055,orthy,5,1
18264,stitutional,5,0
18324,ĠMong,5,0
18495,ĠMoff,5,0
18553,Ġbagp,5,3
18716,Ġmarvell,5,0
18843,ilight,5,1
18856,istant,5,0
18870,Ġunsc,5,0
18955,Ġmelanch,5,1
19054,Ġprol,5,0
19089,engu,5,0
19233,pta,5,0
19267,Ġsunbat,5,0
19347,ipedia,5,0
19428,ĠCany,5,0
19472,Ġimpet,5,0
19528,ridges,5,0
19645,Ġiod,5,0
19678,upiter,5,0
19849,Ġapprent,5,0
19859,angered,5,0
20032,oculars,5,0
20187,anor,5,1
20359,immers,5,0
20462,Ġenlar,5,0
20664,Ġruth,5,0
20833,rising,5,1
20836,wreck,5,1
21248,ĠSupplement,5,0
21252,ĠFergus,5,0
21327,nard,5,1
21382,ĠDaven,5,0
21598,uver,5,0
21671,ohyla,5,0
21720,Ġutens,5,46
21840,heum,5,0
22007,Ġjewell,5,0
22139,geon,5,1
22182,ertainties,5,0
22682,rale,5,0
22775,Ġripp,5,2
22813,cepts,5,0
22833,Ġmotoc,5,17
22995,eried,5,0
23030,ĠCadd,5,0
23050,ĠFS,5,1
23065,Ġvint,5,0
23111,velina,5,0
23143,nai,5,0
23204,ĠBonap,5,0
23288,fat,5,1
23408,Ġgenoc,5,0
23715,ĠReyn,5,0
23928,rative,5,0
23937,atche,5,0
24263,dp,5,0
24299,oters,5,0
24390,iban,5,0
24397,Ġeffic,5,0
24576,ĠMesopotam,5,0
24779,shadow,5,0
24819,ĠGuatem,5,0
25138,Ġsubl,5,0
25394,gow,5,0
25405,xon,5,1
25463,ateful,5,0
25546,ussy,5,0
25548,ksa,5,0
25630,hetical,5,0
25644,piratory,5,0
25847,arde,5,0
25873,auc,5,0
25918,ibal,5,0
26246,Ġdemer,5,0
26361,Ġcatamar,5,0
26407,ANF,5,0
26441,ranos,5,0
26490,Marg,5,0
26586,mour,5,0
26618,leaders,5,0
26683,abling,5,0
26701,ĠKangle,5,0
26703,Ġroy,5,2
26731,aseo,5,0
26766,ĠBea,5,0
26818,ĠCoven,5,0
27020,MIP,5,0
27026,iov,5,0
27100,Ġbystand,5,8
27116,apot,5,3
27174,hesus,5,0
27286,ĠSymp,5,0
27587,urances,5,0
27606,ĠPJ,5,0
27676,rued,5,0
27819,criber,5,0
28029,rational,5,0
28048,itat,5,0
28053,Ġpett,5,2
28110,geons,5,0
28178,wning,5,0
28292,Ġdevi,5,0
28525,rofoam,5,9
28623,imensional,5,0
28628,ĠCov,5,0
28669,eming,5,0
28700,inez,5,0
28885,ĠNetany,5,0
29007,ichever,5,0
29104,gore,5,0
29116,rude,5,0
29121,zhen,5,0
29185,ĠiPh,5,0
29189,ulcher,5,2
29198,Ġprod,5,0
29258,ruz,5,0
29490,ĠBhair,5,0
29995,Ġmisle,5,0
30092,ĠJacqu,5,1
30249,ĠTukab,5,0
30349,Ġnur,5,0
30380,Ġhag,5,0
30395,olutions,5,0
30420,ĠNLA,5,0
30521,azaki,5,0
30523,phalia,5,0
30524,Ġfrivol,5,0
30544,ĠIsk,5,0
30587,ĠExec,5,0
30641,ĠBoil,5,0
30684,forcement,5,0
30687,ĠHawth,5,0
30724,Ġerrone,5,0
30741,Ġcocoan,5,0
30829,ulchre,5,0
30901,anganate,5,0
30948,MAS,5,0
31001,Ġpizz,5,19
31258,arnier,5,0
31285,ĠNotting,5,0
31436,fathers,5,0
31610,Ġsynchrot,5,0
31674,nem,5,0
31762,ĠPitc,5,0
31771,ĠWagon,5,0
31774,ersa,5,1
31851,ĠKame,5,0
31896,ellie,5,0
32004,iscopal,5,0
32461,rists,5,0
32467,Ġtul,5,17
32634,Ġtex,5,10
32686,onti,5,0
32703,ĠFrame,5,4
32727,ĠIndic,5,0
32741,uckles,5,0
32746,ashtra,5,0
33053,SEE,5,1
33252,URA,5,1
33257,bucks,5,6
33315,atia,5,1
33321,ousel,5,0
33421,estion,5,0
33427,ardian,5,0
33534,Ġboister,5,5
33553,axy,5,0
33572,uckoo,5,0
33590,okko,5,0
33613,Ġnewsweek,5,0
33650,ĠSanam,5,0
33718,umni,5,0
33743,ĠMerri,5,0
33767,ĠMcCon,5,0
33779,Child,5,0
33927,racial,5,11
34042,simile,5,0
34132,GM,5,0
34154,XIC,5,0
34263,ĠIMA,5,8
34359,nton,5,0
34399,agell,5,0
34410,assuming,5,0
34428,achsh,5,0
34448,intered,5,0
34461,ovis,5,0
34625,Ġmisstat,5,0
34693,looked,5,0
34724,Ġunhapp,5,0
34831,licable,5,0
34908,friars,5,0
34998,cephalus,5,0
35050,GLE,5,9
35094,vity,5,0
35115,ateness,5,0
35198,opo,5,0
35241,ĠLov,5,1
35252,ĠGarr,5,0
35262,ĠJib,5,0
35306,ĠKav,5,0
35425,aneum,5,0
35468,ucian,5,0
35845,patrick,5,0
35963,practice,5,0
36001,COP,5,0
36019,VP,5,0
36035,ihood,5,0
36050,tics,5,0
36067,ispiece,5,0
36076,anter,5,8
36092,alib,5,0
36094,ĠTER,5,1
36134,ĠSter,5,0
36199,olanda,5,0
36240,ĠLeth,5,0
36272,peachment,5,0
36280,Ġtrink,5,0
36390,ibals,5,0
36391,ledged,5,0
36394,ankind,5,0
36434,Ġminist,5,0
36468,Ġinfrequ,5,0
36540,ĠSanct,5,0
36545,ĠMeasure,5,0
36546,ĠNeuen,5,0
36593,Ġmisbeh,5,0
36641,ĠMiddles,5,0
36914,Ġwigw,5,0
36987,camore,5,0
37155,fels,5,0
37219,Ġinan,5,0
37243,idi,5,0
37260,ĠSatell,5,0
37281,ĠCurn,5,0
37375,outes,5,0
37387,ĠElement,5,1
37455,Ġscruff,5,2
37489,manent,5,0
37504,ggers,5,0
37511,azawa,5,0
37519,ĠAndalus,5,0
37522,ĠLein,5,0
37552,Ġelic,5,0
37599,arching,5,0
37701,Ġfaa,5,0
37864,dao,5,0
37887,partisan,5,0
37954,Ġunrec,5,0
38358,orating,5,2
38389,Ġgrop,5,0
38423,urations,5,0
38437,ĠHue,5,0
38525,ĠOax,5,0
38540,ĠThier,5,0
38596,Ġpreoccup,5,0
38664,ernal,5,1
38759,ĠMayak,5,0
38859,omini,5,0
38880,regor,5,0
38886,ulele,5,0
39005,ĠArchdu,5,0
39048,ĠVolt,5,0
39056,enthal,5,0
39216,Genova,5,0
39246,ĠMachiavell,5,0
39262,Ġincompre,5,0
39445,mercury,5,0
39469,ocumented,5,0
39544,aust,5,0
39578,vall,5,0
39581,ymn,5,0
39592,inarian,5,0
39628,oried,5,0
39931,ogens,5,0
39968,nington,5,1
40183,illem,5,0
40381,onnaise,5,0
40397,REAM,5,6
40473,whelming,5,0
40555,ableness,5,0
40713,ufferin,5,0
40810,achshund,5,7
1432,Ġtoget,4,1
1832,overed,4,0
2066,uthor,4,0
2251,Ġgard,4,1
2277,Ġfav,4,0
2341,udget,4,0
2349,ysis,4,0
2401,Ġrese,4,0
2540,Ġhig,4,7
2689,Ġtou,4,23
2977,cohol,4,0
3339,ĠDemocr,4,0
3353,itchen,4,0
3391,Ġindepend,4,0
3559,ength,4,0
3651,Ġempt,4,1
3743,Ġappropri,4,0
3768,ittee,4,0
4648,Ġsuc,4,1
4713,Ġpock,4,1
5008,fortun,4,0
5054,urday,4,0
5086,nament,4,0
5252,oln,4,0
5368,Ġcere,4,0
5371,Ġnurs,4,0
5381,Ġadministr,4,0
5425,Ġlear,4,1
5468,Ġdise,4,0
6022,ĠProfess,4,0
6086,uclear,4,0
6137,ĠBuddh,4,0
6210,Ġdescri,4,0
6475,Ġincent,4,0
6547,ĠVandem,4,0
6592,GD,4,0
6840,Ġnerv,4,0
6851,Ġreck,4,1
6870,Ġindic,4,0
7131,Ġemphas,4,0
7197,ĠMississ,4,0
7202,Ġagricult,4,0
7204,Ġaston,4,0
7272,umph,4,0
7304,ĠPennsylv,4,0
7870,Ġenh,4,0
8002,ĠUkr,4,0
8065,Ġanticip,4,3
8294,hensive,4,0
8339,endix,4,0
8395,Ġadmir,4,0
8474,abama,4,0
8521,Ġvul,4,1
8718,__,4,3
8726,Ġcompos,4,1
8959,198,4,0
9031,olen,4,0
9151,ĠParticip,4,0
9288,atient,4,0
9514,ammad,4,0
9556,ursday,4,0
9637,Ġoverwhel,4,0
9666,ront,4,0
9705,Ġtremb,4,0
9717,Ġkilomet,4,0
10138,stration,4,0
10220,clude,4,0
10316,ĠWT,4,1
10327,ĠGuadel,4,0
10399,Ġdipl,4,0
10408,ĠPrud,4,0
10452,ĠShag,4,2
10584,atell,4,0
10744,ilica,4,0
10838,oosa,4,0
11037,ldom,4,0
11093,olished,4,1
11105,erness,4,0
11183,Ġalleg,4,0
11187,soever,4,0
11228,Ġcler,4,2
11367,uscript,4,0
11394,Ġtelesc,4,1
11402,icop,4,0
11476,Ġvolunt,4,0
11519,comed,4,0
11668,Ġclas,4,4
11709,Ġnav,4,3
11758,zburg,4,0
11807,lph,4,3
11927,vada,4,0
12034,hile,4,0
12064,ĠExhib,4,0
12090,jab,4,1
12458,braska,4,0
12682,Ġming,4,0
12772,ĠBav,4,0
12875,Ġsurviv,4,0
12959,puts,4,0
13048,Ġworsh,4,0
13101,ĠPubl,4,0
13179,irie,4,0
13283,ĠAssess,4,0
13446,inople,4,0
13539,ĠOsc,4,0
13582,ĠBalear,4,0
13875,ĠCleve,4,0
13909,itol,4,0
13927,apolis,4,0
14221,orig,4,0
14790,iciary,4,0
14916,gerton,4,0
15029,istol,4,0
15260,Ġtreacher,4,0
15278,ylum,4,0
15298,ĠKentuck,4,0
15385,inai,4,0
15478,akened,4,0
15518,ictionary,4,0
15556,uana,4,0
15671,Ġstere,4,0
15696,enches,4,1
15698,versed,4,0
15699,iblical,4,0
15722,ĠBerke,4,0
15776,Ġdwe,4,0
15950,ippie,4,1
16237,Ġlur,4,1
16252,ĠEil,4,0
16330,ĠSemin,4,0
16397,Ġoverth,4,1
16628,ĠNing,4,0
16761,ĠMuss,4,0
16957,monia,4,0
17053,usole,4,0
17074,Ġeyeb,4,0
17195,ĠForment,4,0
17212,ĠRegard,4,0
17303,ĠNCA,4,0
17396,fman,4,0
17444,Ġwrink,4,4
17518,luent,4,0
17729,udder,4,0
17835,mun,4,0
17867,urbed,4,0
17887,ĠGarrow,4,0
17970,dinand,4,0
17979,ĠAbram,4,0
18017,rigo,4,0
18037,Ġdisreg,4,0
18147,inians,4,0
18293,neumonia,4,0
18455,ubbock,4,0
18477,anical,4,0
18500,olan,4,0
18571,guing,4,0
18755,Ġracetr,4,0
18784,ĠEthiop,4,0
18872,cling,4,0
18994,gorith,4,0
19190,rots,4,1
19198,Ġloy,4,0
19277,menio,4,0
19400,nals,4,0
19653,quisition,4,0
19662,asset,4,0
19670,obiles,4,4
19794,tical,4,0
19846,Ġprote,4,0
19963,ĠGentile,4,0
20162,Ġinconven,4,0
20208,semin,4,0
20222,allied,4,0
20273,ussion,4,2
20293,aggage,4,0
20387,Ġnostalg,4,0
20427,Ġhect,4,0
20489,stems,4,1
20491,ĠCla,4,0
20523,ylan,4,0
20593,asketball,4,0
20663,Ġrick,4,1
20682,igible,4,0
20850,Ġfrol,4,2
20862,ĠCec,4,0
20908,ampire,4,0
20939,ĠPrinc,4,0
21054,raged,4,0
21119,Ġplent,4,0
21145,ĠUE,4,0
21148,Ġadul,4,0
21167,lihood,4,0
21335,Ġaust,4,2
21345,Ġding,4,0
21397,akhan,4,0
21509,fallen,4,0
21621,ghai,4,1
21645,ĠGrow,4,0
21719,Ġmulticol,4,30
21837,sight,4,0
22162,ĠInfr,4,0
22372,kon,4,0
22377,uania,4,0
22379,viol,4,0
22400,Ġgour,4,1
22422,ĠBiels,4,0
22450,ĠREM,4,19
22457,ignt,4,0
22505,asonry,4,0
22760,aggy,4,0
22762,auff,4,0
22986,witz,4,0
23175,lsen,4,1
23226,ĠAlej,4,0
23236,ĠSacrament,4,0
23270,abulary,4,0
23331,ĠBajor,4,0
23345,antically,4,1
23383,ignant,4,0
23416,ceptible,4,0
23441,Ġgravey,4,0
23625,ĠAraw,4,0
23670,ĠJere,4,0
23761,ukakis,4,0
23991,Ġchrom,4,0
24432,ĠScen,4,0
24715,ĠLamm,4,0
24717,ĠGiff,4,0
24824,ĠPerp,4,0
24828,Ġlabyrin,4,0
24849,asionally,4,0
25029,recy,4,0
25069,ĠPorts,4,0
25105,Ġdilem,4,0
25119,issors,4,9
25142,ologna,4,12
25662,Ġunpredict,4,0
25767,fax,4,0
25771,pard,4,6
25805,oween,4,8
25946,aughlin,4,0
25954,ĠConquer,4,0
25982,onesome,4,0
26208,ĠAstr,4,0
26255,ĠDull,4,0
26675,ĠLeop,4,2
26742,veless,4,3
26772,Ġhorrend,4,0
26819,odeon,4,0
26873,ĠGiac,4,0
26898,ĠTaens,4,0
26931,Ġtransparen,4,0
27029,logy,4,0
27072,acional,4,0
27081,sees,4,0
27243,ĠMcDon,4,0
27313,verend,4,0
27486,guerite,4,0
27518,hwa,4,0
27541,incl,4,4
27588,ĠChern,4,0
27670,Ġdisb,4,0
27721,ventions,4,0
27832,ezes,4,0
28157,odils,4,0
28173,onduct,4,0
28191,fered,4,0
28217,pleted,4,1
28396,ĠRetro,4,0
28400,aguars,4,0
28433,oretto,4,0
28553,nake,4,0
28572,isis,4,0
28682,ĠJago,4,0
28743,vester,4,0
28744,phalt,4,0
28756,ĠShaft,4,0
28760,eez,4,0
28929,ĠVillan,4,0
28942,oidable,4,0
29082,Bat,4,0
29085,Euro,4,0
29106,jid,4,0
29110,laces,4,0
29149,ĠIro,4,0
29154,access,4,0
29303,ĠBeut,4,0
29650,eaux,4,0
29682,anar,4,0
29727,ĠSask,4,0
29914,ĠAtmosp,4,0
29984,ĠFinkel,4,0
30018,omingo,4,0
30157,hisatt,4,0
30263,Ġindispens,4,0
30356,idels,4,0
30363,utic,4,2
30394,Ġroust,4,0
30411,ĠDaim,4,0
30628,ĠSmack,4,1
30785,abetes,4,0
30926,ĠNefert,4,0
30982,Ġwart,4,1
31020,othered,4,1
31081,unc,4,0
31091,essment,4,0
31100,atello,4,0
31171,clamation,4,0
31754,ĠBucking,4,0
31756,riever,4,3
31809,Ġexal,4,0
31871,ulties,4,0
32027,Ġpenetr,4,0
32041,ophis,4,0
32057,ĠAntar,4,0
32104,lawful,4,0
32133,ĠYeh,4,0
32181,IMS,4,3
32212,ĠAggreg,4,0
32379,Ġelectromag,4,0
32442,grave,4,0
32444,kner,4,0
32530,adjust,4,0
32842,Ġsuperf,4,0
32844,dding,4,0
32851,factory,4,0
32969,ĠHyder,4,0
32994,ĠCopy,4,1
33106,ucco,4,0
33249,Pac,4,0
33294,Ġtus,4,5
33342,ĠTec,4,0
33465,agull,4,3
33486,ptych,4,0
33489,ĠSturg,4,0
33670,agerie,4,0
33675,Ġautor,4,0
33687,ercher,4,0
33690,monary,4,0
33851,Ġsympt,4,0
33968,Manipur,4,0
34034,anskrit,4,0
34179,moud,4,0
34180,mosis,4,0
34186,pok,4,0
34198,zeb,4,4
34256,ĠTropic,4,0
34320,olates,4,0
34363,Ġorchest,4,0
34373,Ġjoust,4,1
34382,ĠOP,4,2
34406,Ġblizz,4,0
34451,fell,4,0
34549,Ġparch,4,0
34574,Ġburge,4,0
34617,afia,4,0
34895,powder,4,0
35079,furt,4,0
35109,Ġostr,4,35
35111,erat,4,0
35191,ĠBosh,4,0
35207,ĠWate,4,0
35226,ĠFrey,4,0
35339,ogany,4,0
35438,Ġmiliti,4,0
35465,arnath,4,0
35537,Ġfurthe,4,0
35551,Ġantenn,4,2
35595,rupted,4,0
35637,ĠGarib,4,0
35844,prefecture,4,0
36013,Sund,4,0
36038,killed,4,0
36073,itical,4,0
36116,otive,4,2
36131,acoteca,4,0
36132,ayun,4,0
36135,ĠSway,4,0
36173,ĠHyl,4,0
36182,ĠPem,4,1
36225,emple,4,0
36232,ĠNico,4,0
36248,ĠRw,4,0
36258,ĠJUN,4,1
36264,ĠErit,4,0
36331,ĠChiod,4,0
36333,clair,4,24
36376,isexual,4,0
36420,ĠLeices,4,0
36487,affes,4,8
36622,ASB,4,0
36649,egna,4,0
36677,ĠKeren,4,0
36788,ĠAshken,4,0
37095,thirsty,4,0
37227,ĠTanz,4,0
37247,Ġheft,4,0
37254,rovers,4,0
37280,ĠCerv,4,0
37303,rile,4,0
37454,Ġscraw,4,0
37466,ensington,4,0
37554,Ġmargar,4,23
37562,ĠAdequ,4,0
37690,array,4,0
37727,entials,4,0
37984,Ġcoden,4,0
38068,aviside,4,0
38255,Hong,4,0
38261,JO,4,1
38330,infeld,4,0
38349,anj,4,0
38380,omics,4,0
38383,ickered,4,1
38406,Ġecon,4,0
38442,Ġasymmet,4,0
38453,illity,4,0
38494,ĠRode,4,0
38548,ĠKham,4,0
38585,ruly,4,0
38589,Ġsmould,4,0
38626,ĠAlumin,4,1
38658,orthodox,4,0
38688,conferencing,4,0
38717,ĠDoct,4,0
38725,elsen,4,0
38735,ĠConest,4,0
38740,Ġparl,4,0
38778,enga,4,0
38808,ospace,4,0
38833,isca,4,0
38853,ĠResc,4,0
38899,Ġprecurs,4,0
38971,ĠCorb,4,0
39000,ĠProfession,4,0
39003,IVER,4,5
39011,warri,4,0
39014,THERS,4,17
39034,common,4,0
39157,ĠGhaz,4,0
39210,ĠWyand,4,0
39272,ĠTuscal,4,0
39298,Ġcrustace,4,2
39391,Ġstupe,4,0
39418,ĠLauder,4,0
39505,Cla,4,0
39508,EK,4,2
39568,pants,4,10
39583,zra,4,0
39587,Ġtuss,4,0
39610,atum,4,0
39625,anters,4,0
39644,Ġholly,4,1
39648,Ġdans,4,0
39666,omizu,4,0
39687,oteric,4,0
39691,idians,4,0
39693,Ġeald,4,0
39697,acters,4,0
39707,Ġital,4,0
39731,ĠBreed,4,0
39739,ĠHanning,4,0
39755,Ġruss,4,1
39790,ĠDunk,4,3
39792,ĠDAS,4,0
39823,ĠJee,4,0
39939,igni,4,0
39944,issor,4,37
39965,ĠAnsw,4,0
39966,ĠAnalys,4,0
40030,Ġdiscred,4,0
40075,rological,4,0
40089,Ġprofuse,4,0
40099,ructures,4,0
40163,aggot,4,2
40235,vertip,4,0
40279,Ġfingern,4,2
40329,putable,4,0
40596,ĠCaucas,4,11
40717,culture,4,0
40748,Ġunceremon,4,0
40964,rusted,4,0
40977,yad,4,0
41051,ionally,4,0
41088,amari,4,0
41130,opoly,4,0
41406,ggie,4,37
41875,esterly,4,0
42086,ongevity,4,0
32,<,3,34
1374,Ġgiv,3,0
1392,Ġchang,3,0
1620,mber,3,1
1990,eah,3,0
2399,--------,3,4
2484,cially,3,2
2509,Ġlawy,3,0
2997,ortun,3,0
3379,venue,3,0
3429,ĠPoir,3,0
3453,bum,3,0
3461,Ġbreat,3,0
3571,Ġimmedi,3,0
3641,Ġchall,3,0
4073,Ġshar,3,2
4379,Ġadop,3,0
4565,Ġbehav,3,0
5077,adow,3,6
5196,riend,3,0
5317,Ġcig,3,3
5694,itial,3,0
5735,ĠNort,3,0
5834,Ġcarri,3,0
6119,ĠGree,3,1
6217,Ġunivers,3,0
6278,ĠZeal,3,0
6313,ndish,3,0
6387,Ġgradu,3,0
6610,Ġstup,3,0
6616,fortunately,3,0
6734,Ġaccompan,3,0
6740,ieval,3,0
6754,ishop,3,0
6785,resp,3,0
7002,uable,3,0
7420,Ġscand,3,0
7583,utenant,3,0
7769,etts,3,0
7972,avery,3,0
8051,Ġreven,3,0
8133,Ġdiam,3,0
8275,rayed,3,0
8340,ampion,3,0
8527,ileen,3,0
8995,adows,3,0
9011,ĠCrus,3,0
9327,Ġdistur,3,0
9389,adelph,3,0
9474,ĠPhiladelph,3,0
9533,Ġanalys,3,0
9733,Ġcurios,3,1
9773,Ġadvertis,3,2
9798,Ġignor,3,0
9820,reeks,3,0
9877,Ġenvelop,3,0
9880,ovie,3,0
10295,ĠCoch,3,0
10369,arrass,3,0
10712,Ġvari,3,0
10780,ieces,3,0
10821,Ġcoordin,3,0
10854,ropri,3,0
10866,retched,3,4
10874,mitage,3,0
11174,enous,3,0
11469,athon,3,0
11605,ĠAgg,3,0
11696,Ġphenomen,3,0
11933,Ġinev,3,0
12001,atherine,3,0
12076,canal,3,0
12103,usie,3,0
12209,ĠGriff,3,0
12278,onsin,3,0
12377,omber,3,1
12639,akespe,3,0
12644,Ġprototy,3,0
12732,azaar,3,0
12818,Ġmicrosc,3,0
12861,Ġpatri,3,0
13011,alties,3,0
13033,ritsar,3,0
13127,Ġcalend,3,0
13151,Ġprosecut,3,0
13235,mble,3,0
13399,irable,3,0
13475,ificant,3,0
13642,ĠChero,3,0
13912,Ġtoile,3,3
13933,Ġaristocr,3,0
13934,osevic,3,0
14390,Ġprox,3,0
14433,Ġcommemor,3,0
14576,ounge,3,8
14795,IDS,3,3
14811,yscrap,3,0
15223,Ġcripp,3,0
15307,intendent,3,0
15328,pill,3,2
15464,Ġratt,3,1
15469,Ġlibert,3,0
15709,ĠBeij,3,0
15757,oubted,3,0
15942,iolet,3,1
16013,erget,3,0
16099,ĠMoz,3,0
16125,inite,3,0
16313,Ġmosqu,3,0
16383,Ġmangan,3,0
16405,ften,3,0
16504,Ġwholes,3,0
16521,oute,3,0
16566,surf,3,1
16576,ausible,3,0
16952,ursed,3,0
16995,EMA,3,1
17069,ĠAlgar,3,0
17117,Ġsarc,3,0
17159,olson,3,0
17277,itars,3,0
17339,ĠNeigh,3,0
17523,Ġjurisd,3,0
17579,ĠThras,3,0
17744,neum,3,0
17783,Ġmotorb,3,4
17894,occup,3,0
17930,Ġsilhou,3,15
18004,eroy,3,1
18129,hangba,3,0
18213,ollar,3,0
18220,hael,3,0
18251,ĠNorwe,3,0
18300,cape,3,1
18342,akura,3,0
18457,wartz,3,0
18469,HIS,3,1
18655,imited,3,0
18712,Ġendors,3,0
18745,ĠImplement,3,0
19016,uarial,3,0
19105,agonist,3,0
19600,Somet,3,0
19627,Ġbegg,3,0
19691,letons,3,0
19704,Ġcomplac,3,0
19717,ĠAppropri,3,0
19883,fortune,3,0
19915,ĠJuda,3,0
20063,Ġsnar,3,2
20080,ĠHara,3,0
20102,Ġacquis,3,0
20166,Germ,3,0
20335,Ġpsychiat,3,0
20374,communications,3,0
20448,embourg,3,0
20458,Ġagg,3,0
20464,Ġunint,3,0
20521,iscasset,3,0
20557,OPH,3,0
20638,anse,3,1
20665,Ġrhet,3,0
20750,egro,3,0
20848,itoes,3,0
21083,idad,3,0
21161,grim,3,0
21165,Ġsyll,3,0
21175,ricia,3,0
21316,bishop,3,0
21354,entric,3,0
21373,geme,3,0
21525,otesque,3,0
21652,ocial,3,0
21695,ebu,3,0
21785,Ġsophom,3,0
21924,Ġreminis,3,0
21945,rican,3,1
22025,CAOB,3,0
22187,oho,3,0
22284,ĠTyp,3,0
22390,onka,3,0
22446,atered,3,1
22454,Ġexuber,3,0
22475,Ġmund,3,2
22499,Ġdiscrep,3,0
22543,oultry,3,0
22594,UDIT,3,0
22712,Ġstamm,3,0
22734,Ġshudd,3,0
22771,Ġunself,3,0
22845,Ġmassac,3,0
22900,RIG,3,2
22939,Samtgeme,3,0
22999,orical,3,0
23098,awak,3,0
23177,sequently,3,0
23348,ĠDia,3,0
23365,arewell,3,0
23414,Ġmaraud,3,0
23431,rafton,3,0
23462,yrus,3,0
23514,ĠCrock,3,0
23536,Ġmacroeconom,3,0
23593,gical,3,4
23602,yrin,3,0
23604,inctions,3,0
23687,Ġspru,3,0
23745,ĠExcell,3,0
23764,ĠReserv,3,0
23956,leen,3,1
23988,emark,3,0
24001,apest,3,1
24026,avior,3,0
24085,minent,3,0
24167,ĠMosle,3,0
24398,Ġlett,3,2
24406,ĠReorgan,3,0
24411,attened,3,1
24473,ĠSchne,3,0
24526,lynn,3,0
24757,ĠAnz,3,0
24795,byn,3,0
24931,ĠRestaur,3,0
25005,LB,3,1
25016,gings,3,0
25030,reements,3,0
25057,verages,3,0
25092,astly,3,0
25178,istert,3,0
25183,ĠScro,3,0
25352,ĠChevro,3,0
25488,venge,3,0
25490,ipse,3,0
25615,Ġuncons,3,0
25780,Ġsomers,3,0
25817,ghia,3,0
25818,Ġweas,3,0
25819,ĠCling,3,0
25861,ĠEman,3,0
25899,icketer,3,0
26091,ĠAPR,3,6
26304,Ġimpat,3,0
26362,ronting,3,0
26459,Ġhypot,3,0
26594,erably,3,0
26601,edi,3,0
26607,Ġmoust,3,5
26615,leis,3,0
26670,ĠNune,3,0
26710,izational,3,0
26840,ĠRecogn,3,0
27074,etel,3,0
27201,ĠAttle,3,0
27310,Ġetiqu,3,0
27339,ĠErm,3,0
27420,Ġveloc,3,0
27623,ĠDex,3,0
27697,ontory,3,0
27702,ĠBrune,3,0
27739,priv,3,0
27763,ĠMeas,3,0
27805,Ġirrespons,3,0
28021,frey,3,0
28027,minton,3,2
28166,assis,3,0
28194,Ġcrum,3,1
28236,ĠRebell,3,0
28250,Ġrevis,3,0
28371,rador,3,5
28465,ĠFitzg,3,0
28490,ukkah,3,0
28559,tically,3,0
28693,Ġcancell,3,0
28786,Ġequilib,3,0
28849,ORK,3,0
28879,Ġunspo,3,0
28932,Ġunpre,3,0
29175,ĠHOU,3,1
29176,ceans,3,0
29191,antau,3,0
29563,IFE,3,16
29675,heth,3,0
29677,regn,3,0
29717,Ġyog,3,2
29742,ĠMomb,3,0
29812,ĠJub,3,0
29817,Ġalve,3,0
29863,urname,3,0
29932,annis,3,0
29985,unkhwa,3,0
30014,Ġpredic,3,0
30070,Ġdissu,3,0
30081,ĠEszter,3,0
30282,parnasse,3,0
30376,ithing,3,0
30397,gebra,3,0
30403,usky,3,0
30406,umers,3,4
30412,ĠDij,3,0
30450,ousy,3,2
30576,ĠZomb,3,0
30632,athetically,3,0
30838,agmire,3,0
30964,hous,3,0
30988,isoft,3,0
31038,Ġyoun,3,7
31046,ĠMikh,3,0
31097,Ġprostit,3,0
31186,Ġguill,3,0
31294,ĠPeruv,3,0
31588,ĠHeming,3,0
31807,abuki,3,0
31843,ĠYor,3,0
31845,bernatorial,3,0
31899,Ġsyner,3,0
31907,Ġsubter,3,0
31954,ĠCarneg,3,0
31971,ĠOrph,3,1
32019,helle,3,0
32047,ENDS,3,1
32187,EAK,3,12
32394,olesterol,3,0
32454,pract,3,0
32486,enove,3,0
32505,ĠTamp,3,0
32596,Ġprog,3,0
32640,raim,3,0
32663,Ġcontrap,3,0
32690,adys,3,0
32766,ikbayan,3,0
32774,meda,3,0
32794,eya,3,0
32825,ambered,3,0
32832,iffer,3,0
32841,ĠSlob,3,0
32911,ĠWilco,3,0
33115,Ġpancreat,3,0
33290,xual,3,0
33323,ingles,3,0
33341,alogy,3,0
33369,vericks,3,0
33372,amie,3,0
33472,ĠInval,3,0
33507,Ġscro,3,0
33541,Ġinco,3,0
33580,teness,3,0
33595,ucua,3,0
33611,Ġcaul,3,1
33667,ĠElis,3,0
33803,hoven,3,0
34127,Clement,3,0
34138,KR,3,0
34191,uah,3,0
34217,atibility,3,0
34268,otle,3,0
34269,Ġbeque,3,0
34280,impl,3,0
34304,rique,3,0
34308,iloqu,3,0
34423,Ġcompuls,3,0
34500,ĠShap,3,0
34589,coma,3,0
34764,Ġunbi,3,0
34794,nsic,3,0
34851,ĠPerugin,3,0
34973,ĠSchwarzen,3,0
35062,Rober,3,0
35080,gil,3,0
35114,atial,3,0
35118,isations,3,0
35145,ombo,3,0
35158,owered,3,4
35170,ĠSphin,3,0
35197,herical,3,0
35217,Ġmanne,3,32
35254,ĠGaku,3,0
35292,ocument,3,0
35297,ĠThang,3,0
35305,ĠKiz,3,0
35427,rician,3,0
35576,stride,3,2
35669,pressible,3,0
35674,ĠTopk,3,0
35681,Ġcrock,3,3
35694,Ġcybers,3,0
35779,raviolet,3,0
35822,lifted,3,1
35835,ĠAurang,3,0
35851,oinu,3,0
36027,dered,3,3
36046,rna,3,0
36052,ucca,3,0
36059,heid,3,0
36175,ĠHiber,3,0
36178,chrome,3,1
36183,ĠPose,3,1
36294,epr,3,0
36307,Ġblu,3,26
36318,Ġunans,3,0
36341,oguns,3,0
36499,pedition,3,0
36601,addin,3,0
36672,ĠOkfus,3,0
36683,Ġunsupp,3,0
36702,noisse,3,0
36945,Ġparamet,3,0
37037,ĠMurrumb,3,0
37103,ĠEindhoven,3,0
37186,vana,3,0
37221,Ġinsepar,3,0
37269,Ġstero,3,0
37295,ĠBount,3,0
37423,ĠStake,3,0
37480,Ġaccost,3,1
37590,Ġoppress,3,0
37621,ĠGuill,3,0
37634,ĠWilling,3,0
37669,ministered,3,0
37675,psich,3,0
37697,berti,3,0
37746,Ġundet,3,1
38039,fluoric,3,0
38084,hsils,3,0
38215,givings,3,0
38237,Ġindescrib,3,0
38249,Brid,3,0
38293,deka,3,0
38295,eger,3,1
38309,oises,3,0
38310,pour,3,14
38368,Ġdors,3,0
38382,icio,3,0
38421,irade,3,0
38428,ĠMF,3,0
38474,ĠNaw,3,0
38527,osthenes,3,0
38571,angor,3,0
38659,Ġintertw,3,2
38809,ospels,3,0
38936,ĠSamud,3,0
38948,hemia,3,0
39028,rouser,3,0
39036,ĠSaar,3,0
39113,Front,3,0
39476,Ġmoccas,3,13
39560,lough,3,0
39569,poken,3,0
39572,soc,3,0
39618,Ġcess,3,0
39623,onets,3,0
39646,Ġtoen,3,5
39669,icola,3,0
39675,Ġgutt,3,0
39690,idou,3,0
39722,ĠMitter,3,0
39743,chal,3,0
39751,ĠPots,3,0
39758,olades,3,0
39762,ĠWilt,3,0
39791,ĠDomen,3,0
39857,odend,3,1
39885,ĠUnex,3,0
39894,Ġunad,3,0
39917,angler,3,1
39924,wns,3,0
39940,ignano,3,0
39970,ĠUnab,3,0
39974,gett,3,2
39976,ĠAlthe,3,0
40011,ĠArap,3,0
40076,autics,3,0
40135,toile,3,1
40150,Ġlimous,3,0
40324,zaa,3,0
40335,aitian,3,0
40380,ĠUpd,3,0
40402,Ġtraject,3,0
40428,ĠVolley,3,0
40492,vasive,3,0
40522,riminating,3,0
40529,Ġintrins,3,0
40542,urgence,3,0
40600,ĠSagitt,3,0
40605,ĠDolom,3,0
40772,abundant,3,0
40887,Hen,3,0
40913,Ve,3,0
40935,fir,3,1
40946,jani,3,0
40960,poke,3,0
40987,Ġwack,3,0
41082,irus,3,0
41084,irvana,3,0
41087,ameter,3,0
41093,urrah,3,0
41113,ĠBalls,3,0
41125,ĠHOP,3,1
41127,terdam,3,0
41133,ĠPitch,3,0
41157,ulity,3,0
41170,ĠFAMIL,3,0
41173,antile,3,0
41241,roust,3,0
41275,odka,3,0
41347,ultz,3,0
41378,tinger,3,0
41388,undi,3,0
41407,pecting,3,0
41458,etsk,3,0
41477,Ġconfig,3,0
41484,appings,3,0
41528,Ġvarm,3,0
41593,ĠMalt,3,0
41686,ĠMarthe,3,0
41709,ĠSalz,3,0
41777,ĠCamar,3,0
41791,Ġambig,3,0
41833,winn,3,0
41941,hendra,3,0
42152,Ġarchety,3,0
42224,ĠGiacomet,3,0
42352,ĠSnorke,3,0
42443,aided,3,0
42446,bans,3,0
42448,billy,3,0
42468,honia,3,0
42581,icidal,3,0
42606,owiecki,3,0
42895,otherap,3,0
42898,rups,3,0
42910,welling,3,0
42923,forests,3,0
43062,geries,3,0
43336,breaks,3,0
43464,respond,3,0
43539,ependent,3,0
43698,appropriately,3,0
805,Ġsomet,2,1
1575,Ġadv,2,1
2215,Ġcompan,2,0
2444,ources,2,0
2461,Ġarri,2,0
2562,Ġpubl,2,0
2612,ctober,2,0
2633,pril,2,0
2765,ilities,2,0
2789,Ġdescrib,2,0
2803,aggie,2,1
2828,ironment,2,0
2855,iforn,2,1
3297,Ġsocc,2,3
3347,icro,2,0
3500,ensus,2,0
3535,Ġeval,2,0
3539,ampions,2,0
3689,Ġintervent,2,0
3839,Ġmeas,2,1
3855,Ġpurch,2,0
4004,Ġexerc,2,12
4025,Ġbord,2,4
4384,Ġexhib,2,1
4481,Ġstret,2,0
4701,Ġadvert,2,1
4719,Ġguid,2,0
4964,ungle,2,0
5253,olars,2,0
5285,incoln,2,0
5585,ĠSov,2,0
5642,eath,2,1
5759,Ġflo,2,10
5969,ĠCorpor,2,0
6362,reland,2,0
6367,Ġvirt,2,1
6404,ylv,2,0
6666,ĠEdm,2,0
6821,nesota,2,0
6864,inburgh,2,0
7292,ĠEdu,2,0
7521,Ġcriter,2,0
7532,Ġdanc,2,0
7625,cest,2,0
7843,herry,2,0
7979,renna,2,0
7990,ĠHawai,2,0
7997,Ġsout,2,0
8076,ranean,2,0
8197,Ġange,2,1
8405,Ġgif,2,1
8470,Ġdomin,2,1
8530,ĠIndust,2,0
8645,omach,2,0
8683,Ġprivile,2,0
8736,Ġhik,2,0
8775,lory,2,0
8929,adays,2,0
8972,uliar,2,2
9116,Ġgodd,2,0
9475,Ġarchae,2,0
9579,Ġpregn,2,1
9631,ĠHug,2,0
9983,Ġunple,2,0
10071,orage,2,0
10282,Ġcomprom,2,0
10965,ĠAdministr,2,0
11026,ĠAege,2,0
11058,ricane,2,0
11081,Ġacknowled,2,0
11099,ĠIniti,2,0
11330,ascanora,2,0
11468,Ġaccum,2,0
11522,ĠCommer,2,0
11547,utory,2,0
11587,Ġsummar,2,0
11635,Ġautonom,2,0
11655,pread,2,1
12123,197,2,0
12180,Ġillustr,2,0
12246,avilion,2,0
12464,isconsin,2,2
12485,ycle,2,18
12621,ammy,2,0
12653,Ġpursu,2,0
12692,ĠHORAT,2,0
13214,Station,2,0
13275,ĠBenef,2,0
13451,idable,2,0
13673,enra,2,1
13842,Ġexter,2,0
13865,ompson,2,0
14175,iami,2,0
14251,Ġdisli,2,0
14430,Ġtranqu,2,0
14500,Ġpremie,2,0
14564,ysc,2,0
14651,resford,2,0
14732,Ġnost,2,1
14772,Ġfiref,2,6
14834,kefe,2,0
15004,oqu,2,0
15100,ĠRockefe,2,0
15115,ĠRoosevel,2,0
15183,Ġgrie,2,0
15242,ĠRusse,2,0
15364,oyd,2,0
15444,escend,2,0
15486,ogun,2,0
15603,ggs,2,7
15735,ĠStrateg,2,0
15784,Ġgarr,2,1
15815,ulty,2,0
15893,eor,2,0
16305,Ġdisappro,2,0
16333,quirer,2,0
16560,celain,2,0
16592,waukee,2,0
16623,ainty,2,0
16646,adequ,2,0
16661,cedes,2,16
16667,usson,2,0
16677,ruguay,2,0
16784,ailand,2,0
16805,Ġparam,2,0
16810,Ġsalam,2,0
16910,aple,2,0
16968,akswari,2,0
17152,ĠHii,2,0
17196,Ġhorrif,2,0
17270,iantly,2,0
17274,inomiya,2,0
17289,seys,2,0
17368,Ġtapest,2,0
17392,//,2,0
17575,igot,2,2
17602,Ġpeb,2,1
17616,eteria,2,0
17720,ĠFuku,2,0
17981,ITTLE,2,0
17999,hma,2,0
18044,Ġfooth,2,0
18160,imity,2,0
18199,Ġacoust,2,0
18261,Ġcertific,2,0
18402,Ġimmort,2,0
18678,Ġplag,2,1
18709,ohama,2,0
18830,uras,2,0
18835,ĠCoff,2,0
18845,ĠPhyll,2,0
18848,uscan,2,0
18867,Ġintol,2,0
18937,ĠMontg,2,0
19010,namese,2,2
19025,itime,2,0
19033,Ġecc,2,0
19067,blems,2,0
19139,asmine,2,0
19185,iets,2,0
19207,ĠMaf,2,0
19461,renn,2,0
19880,ĠBartol,2,0
19921,glis,2,0
20263,rosse,2,0
20275,bris,2,0
20483,Ġassail,2,0
20625,nian,2,0
20713,Ġmonit,2,0
20812,Ġabbrevi,2,0
20841,heon,2,0
20845,Ġoy,2,0
20867,opot,2,0
20977,iciaries,2,0
21028,ĠCOMPA,2,1
21261,Ġbushr,2,0
21328,pg,2,1
21393,Ġoutn,2,0
21642,Ġconced,2,0
21658,Ġspont,2,0
21678,Ġredou,2,0
21723,mediately,2,0
21786,adeshiko,2,0
21834,lorn,2,0
21861,ĠCumm,2,0
21881,thren,2,0
22101,tgeme,2,0
22148,ĠGorb,2,0
22151,ĠJAN,2,1
22275,achev,2,0
22455,elope,2,1
22466,razzo,2,0
22476,ictive,2,0
22512,autions,2,0
22697,Ġthro,2,1
22707,Ġyach,2,0
22982,mud,2,0
22996,isne,2,0
23033,ĠMoir,2,0
23076,aklion,2,0
23114,Ġincom,2,0
23137,Ġbrocc,2,74
23291,pire,2,0
23356,elcome,2,0
23540,icularly,2,0
23560,condition,2,0
23634,ĠSched,2,0
23651,Ġshill,2,0
23671,Ġorre,2,0
23672,apy,2,1
23681,odoro,2,0
23740,ĠBenid,2,0
23757,ĠMcH,2,0
23840,oofy,2,2
23936,atem,2,0
23941,ouces,2,0
23993,ĠNept,2,0
24031,ogene,2,0
24057,liffe,2,0
24067,ĠRegin,2,0
24103,llington,2,0
24121,Ġtoug,2,0
24172,moil,2,0
24217,rophic,2,0
24262,cule,2,0
24283,itant,2,0
24294,Ġdwind,2,0
24316,ilts,2,0
24532,Ġbuffal,2,1
24638,kaid,2,0
24645,wark,2,0
24652,Ġfost,2,0
24697,ĠWals,2,0
24703,ulic,2,0
24716,redict,2,0
24944,ĠVeh,2,0
24953,ĠCandid,2,0
25046,Ġloo,2,2
25108,Ġunnot,2,0
25134,ĠBrink,2,0
25206,Ġillum,2,0
25227,ĠSymph,2,0
25400,pric,2,0
25556,Ġdelir,2,0
25567,ĠBlument,2,0
25743,ĠHokkaid,2,0
25765,cified,2,0
25914,Ġslaught,2,0
25959,prit,2,0
26085,ĠGandolf,2,0
26096,ASAB,2,0
26182,raine,2,0
26213,Ġub,2,4
26215,ayette,2,1
26227,ĠBets,2,0
26348,ĠCarav,2,0
26406,ASEL,2,0
26496,SIE,2,0
26541,rennial,2,0
26619,Ġgad,2,0
26620,Ġgol,2,0
26635,ĠCuth,2,0
26637,ĠCunning,2,0
26645,ĠBled,2,0
26679,ĠGors,2,0
26720,clipse,2,0
26737,Ġcrue,2,0
26747,Ġobnox,2,0
26792,omphe,2,1
26920,Ġunreli,2,0
27002,Ġunaccept,2,0
27025,hran,2,0
27048,Ġfart,2,80
27107,Ġplod,2,0
27199,centives,2,0
27605,ilib,2,0
27642,ffic,2,0
27667,achlan,2,0
27674,Ġresid,2,0
27800,ĠAppalach,2,0
28024,juku,2,0
28033,wid,2,1
28039,inement,2,0
28142,Ġlegg,2,3
28177,angk,2,0
28183,ailen,2,0
28200,itsub,2,0
28361,namon,2,1
28426,elaide,2,0
28534,Brit,2,0
28577,ingdon,2,0
28612,Ġech,2,0
28668,umerable,2,0
28683,arton,2,0
28696,ifton,2,0
28697,imeon,2,0
28714,avans,2,0
28740,lectic,2,0
28850,ascus,2,0
28883,Ġunfriend,2,0
28976,kelodeon,2,0
28994,Ġbewilder,2,0
29001,ĠWaik,2,0
29195,ĠNef,2,0
29213,artisan,2,0
29228,udic,2,0
29231,agara,2,0
29268,grims,2,0
29456,onomous,2,0
29627,width,2,0
29656,iose,2,1
29746,ithmetic,2,0
29753,ĠHaps,2,0
29808,quoise,2,4
29874,Ġrecapt,2,0
29915,ĠRebe,2,0
29954,sonian,2,0
30119,uisance,2,0
30162,FFAS,2,0
30241,auffeur,2,0
30277,igraphy,2,0
30320,wixt,2,0
30328,itute,2,0
30329,enka,2,0
30353,Ġgaud,2,0
30389,ĠPrel,2,0
30622,overished,2,0
30664,olester,2,2
30707,ĠGiuse,2,0
30721,ĠHauss,2,0
30962,fret,2,0
31133,ongru,2,0
31165,Ġperpend,2,0
31205,Ġbelf,2,0
31319,Ġantib,2,0
31374,markets,2,0
31377,ĠOkin,2,0
31387,RST,2,0
31441,ulsa,2,0
31826,ĠOvers,2,0
31854,Ġenric,2,0
31856,ishable,2,0
31864,Ġspag,2,5
31909,phosa,2,0
31936,Ġspecif,2,0
31970,ĠOrland,2,0
31983,ĠParagu,2,0
32166,ordinarily,2,0
32201,avilions,2,0
32244,drusa,2,0
32385,accessible,2,0
32401,emeteries,2,0
32457,polo,2,0
32526,Ġeart,2,2
32528,lysses,2,0
32571,andera,2,0
32671,avender,2,0
32834,ritis,2,0
32906,steady,2,0
32933,romat,2,0
33025,harmon,2,0
33090,Ġstalact,2,0
33120,Ġfusel,2,0
33353,staking,2,0
33382,Ġantech,2,0
33393,ctica,2,0
33399,ĠPfe,2,0
33422,ĠDors,2,0
33501,ahon,2,0
33564,upi,2,0
33673,uitable,2,0
33785,inguishable,2,0
33932,ablishing,2,0
34116,ahontas,2,0
34158,blo,2,1
34225,edee,2,0
34237,Ġmamel,2,0
34275,Ġhei,2,0
34365,artney,2,0
34680,bonne,2,0
34941,ĠNamib,2,0
34970,ĠJaisal,2,0
34999,Ġexorbit,2,0
35023,harmonic,2,0
35036,ostridium,2,0
35038,izophren,2,0
35053,Jac,2,0
35077,fares,2,0
35231,umseh,2,0
35287,agascar,2,0
35303,inketh,2,0
35316,ptu,2,0
35370,velation,2,0
35417,dera,2,0
35476,elsarr,2,0
35518,ĠPresbyter,2,0
35564,ĠDram,2,0
35778,ravings,2,0
35836,Ġstalagm,2,15
36042,nows,2,0
36072,itri,2,1
36074,itka,2,0
36082,Ġmoc,2,1
36105,icers,2,0
36151,amorph,2,0
36266,Ġsaff,2,0
36345,Ġresplend,2,0
36381,gettable,2,0
36461,pendous,2,0
36586,Ġmultirac,2,0
36604,opsy,2,0
36623,ĠChey,2,0
36724,visible,2,5
36796,ĠBOMB,2,1
36805,Ġunevent,2,0
36973,otherium,2,0
37043,ymmet,2,0
37111,buquerque,2,0
37146,bable,2,0
37168,lath,2,0
37195,Ġagh,2,0
37244,idon,2,0
37363,ĠRiber,2,0
37388,osion,2,0
37392,ĠHep,2,0
37398,udad,2,0
37407,ĠKher,2,1
37424,Ġenm,2,0
37447,ĠVos,2,0
37618,ĠTrude,2,0
37637,ofrio,2,0
37730,ĠRosenc,2,0
37785,Ġunfavor,2,0
37841,REET,2,0
37892,APO,2,0
38172,Ġreperc,2,0
38203,uahua,2,20
38299,jav,2,0
38319,tze,2,0
38323,zied,2,0
38336,Ġosc,2,0
38395,ĠThes,2,0
38404,veau,2,0
38492,ĠRast,2,0
38578,ĠVett,2,0
38598,Ġimpen,2,0
38603,avelin,2,0
38612,oological,2,0
38633,ixey,2,0
38799,maic,2,0
38877,ĠGladi,2,0
38949,ĠArtem,2,0
38950,RAP,2,4
38967,ĠLongab,2,0
38969,piracy,2,0
39083,ihar,2,0
39147,ĠSnor,2,0
39150,Ġxyl,2,7
39172,Ġseduct,2,0
39328,Ġinhosp,2,0
39537,Teer,2,0
39541,WOR,2,0
39554,gawa,2,0
39570,ranged,2,0
39577,uque,2,0
39624,itius,2,0
39738,ĠHiy,2,0
39746,ilting,2,1
39772,oresc,2,0
39783,umably,2,0
39844,pees,2,0
39888,arsch,2,0
39922,arkening,2,0
39937,ordes,2,0
39989,ankar,2,0
39992,ĠBrat,2,0
40255,islava,2,0
40349,ĠTurkmen,2,0
40356,ttps,2,0
40486,ĠPrivile,2,0
40564,ĠKimber,2,0
40660,Ġtorped,2,0
40764,Guardia,2,0
40771,FORMATION,2,0
40952,langba,2,0
40955,noth,2,0
40985,inational,2,0
40995,isively,2,0
41010,Ġpam,2,2
41026,ĠTarr,2,0
41054,Ġbefri,2,0
41101,ĠMOU,2,15
41172,allation,2,0
41176,umptions,2,0
41203,ĠLul,2,0
41236,ĠJy,2,0
41261,ĠHef,2,0
41291,ĠKild,2,0
41307,ipsy,2,0
41326,cloths,2,1
41344,Ġscorp,2,0
41476,kswagen,2,2
41531,mbi,2,0
41546,ĠTraged,2,0
41563,ĠPergam,2,0
41609,unku,2,0
41781,ACP,2,0
41787,ĠMemor,2,0
41804,RET,2,4
41839,ĠGalile,2,0
41915,ĠLSN,2,0
41924,leece,2,0
42105,diocese,2,0
42262,ĠMahabhar,2,0
42323,ĠSwayamb,2,0
42368,imierz,2,0
42422,OTHER,2,0
42460,gues,2,0
42517,ataka,2,0
42526,Ġcis,2,0
42540,Ġmering,2,0
42567,ĠTuv,2,0
42570,Ġthw,2,2
42578,icion,2,0
42580,icherry,2,0
42598,ĠAigu,2,0
42608,idan,2,0
42621,ademies,2,0
42629,roots,2,0
42714,ĠWim,2,0
42779,ieja,2,0
42849,assus,2,0
42911,issons,2,0
42989,ginal,2,1
43039,ajuraho,2,0
43043,conced,2,0
43086,ucive,2,0
43100,Ġfoodst,2,0
43141,ĠScan,2,0
43328,Ġinnert,2,8
43355,ĠBurrough,2,0
43409,bledon,2,0
43436,inguished,2,0
43528,ramarital,2,0
43705,Neil,2,0
43736,TCM,2,0
43840,atzin,2,0
44143,eux,2,0
44147,gage,2,1
44150,gias,2,0
44423,ainable,2,0
44544,agl,2,0
44547,indeer,2,2
44604,ansion,2,0
44691,versation,2,0
44692,identified,2,0
44841,uffalo,2,0
44950,iffy,2,1
45165,iasco,2,0
45288,IRCM,2,0
45327,rillic,2,0
45643,demean,2,0
45793,awek,2,0
483,eople,1,0
950,clud,1,0
1051,Ġinclud,1,0
1334,Ġproble,1,0
2053,ruary,1,0
2061,undred,1,0
2253,Ġcir,1,1
2360,Ġindivid,1,0
2443,ousand,1,0
2527,Ġappl,1,2
2734,Ġsignific,1,0
2878,Ġdiffe,1,0
3257,Ġestabl,1,0
3290,Ġnort,1,0
3402,ecause,1,0
3494,Ġopin,1,0
3496,ipment,1,0
3546,Ġsmo,1,0
3547,Ġeld,1,1
3584,verage,1,0
3729,Ġsatis,1,0
3821,Ġencour,1,0
4266,Ġprin,1,0
4444,Ġagre,1,0
4511,Ġproced,1,0
4537,Ġsched,1,0
4729,Ġscient,1,0
5271,Illust,1,0
5376,Ġneare,1,1
5397,ĠDire,1,0
5464,Ġnodd,1,0
5926,Ġcontribut,1,0
6046,Ġfount,1,0
6173,Ġille,1,0
6331,ureau,1,0
6348,Ġsatisfact,1,0
6395,Ġmurd,1,0
6676,Ġelimin,1,0
6868,Ġpover,1,0
6930,Ġinsp,1,0
6975,lease,1,0
7180,Ġagric,1,0
7314,urches,1,0
7364,abeth,1,0
7379,Ġmonaster,1,0
7437,Ġelig,1,0
7557,Ġeleg,1,0
7702,Ġincorpor,1,0
8198,Ġancest,1,0
8304,Ġspons,1,0
8454,Ġassass,1,0
8562,ĠMediter,1,0
8580,Ġemot,1,0
8759,Ġfert,1,0
8778,ĠTennes,1,0
8804,Ġsym,1,0
8891,owntown,1,0
9135,ĠAyl,1,0
9202,Ġupd,1,0
9348,Ġabund,1,0
9428,Ġunemploy,1,0
9438,Ġairpl,1,3
9580,Ġrecru,1,0
9804,Ġvulner,1,0
9940,Ġchoc,1,49
9953,Ġresemb,1,0
9971,Ġpyram,1,0
10053,Ġsubsc,1,0
10332,Ġbalcon,1,0
10350,idency,1,0
10395,Ġcomr,1,0
10428,oulevard,1,0
10429,emetery,1,0
10461,Ġsouven,1,0
10591,Ġmonop,1,0
10940,ĠFunch,1,0
11011,regon,1,0
11050,irlines,1,0
11113,Ġenterpr,1,0
11256,anora,1,0
11295,Ġsophist,1,0
11303,arios,1,0
11435,Donald,1,0
11619,rychn,1,0
11697,rychnine,1,0
11729,ĠIndivid,1,0
11786,Ġawa,1,1
12140,Ġluxur,1,0
12194,kward,1,0
12283,hati,1,0
12373,Ġfict,1,0
12431,mandu,1,1
12557,ĠWrest,1,1
12565,Ġorn,1,5
12632,udour,1,0
12667,ĠBedr,1,0
12750,Ġbewild,1,0
13003,riters,1,0
13056,Ġartific,1,0
13187,Ġexquis,1,0
13345,Ġcorrid,1,0
13417,ugawa,1,0
13489,helor,1,0
13549,grat,1,0
13620,ertained,1,0
13741,Ġawo,1,0
13816,inery,1,0
14262,Ġtwink,1,1
14719,cules,1,0
14721,gated,1,0
14741,ĠHons,1,0
14856,irement,1,0
14936,ĠRoose,1,0
15181,iminary,1,0
15327,kirts,1,0
15419,jacent,1,2
15455,ĠCroat,1,0
15576,thoibi,1,0
15632,achete,1,0
15764,cif,1,0
15823,ekle,1,0
15843,aretto,1,0
15986,withstanding,1,0
16081,ijuana,1,0
16139,Ġeag,1,0
16166,phis,1,0
16190,Ġenviron,1,0
16214,ergarten,1,0
16267,ĠVatic,1,0
16272,Ġscaff,1,2
16327,ĠAdvoc,1,0
16350,racks,1,0
16351,wau,1,0
16352,Ġtiss,1,0
16374,ĠCret,1,0
16380,Ġsemin,1,0
16549,atheri,1,0
16747,asium,1,0
16919,assium,1,0
17137,Ġbould,1,0
17181,Ġdisob,1,0
17186,Ġpreval,1,0
17254,ĠAthlet,1,0
17285,utive,1,0
17571,ĠRale,1,1
17684,fam,1,0
17849,oufl,1,1
17980,escendune,1,0
18008,Ġpanc,1,0
18190,Ġambit,1,0
18304,iage,1,0
18337,apoosa,1,0
18348,avier,1,0
18426,committee,1,0
18521,Ġammun,1,0
18544,ermere,1,0
18570,ĠSimp,1,0
18798,Ġovercrow,1,0
18869,ipel,1,0
19163,eltsin,1,0
19202,Ġreag,1,0
19209,riguing,1,0
19231,ĠKrug,1,0
19271,Ġvolat,1,0
19293,ĠCrom,1,0
19442,ĠLump,1,1
19484,Ġsubdiv,1,0
19570,ovakia,1,0
19588,cifixion,1,0
19597,ĠParalymp,1,0
19841,oyant,1,0
19868,Ġdiscom,1,0
19958,HTSA,1,0
20001,alion,1,0
20057,Ġgenet,1,0
20177,Ġtorp,1,0
20213,iliation,1,0
20307,Ġdisappe,1,0
20403,Mic,1,0
20482,Ġrelo,1,0
20487,pectives,1,0
20615,ĠCincinnat,1,0
20698,Ġoverha,1,1
20835,welt,1,0
20843,inished,1,0
20938,Ġballer,1,0
21139,oday,1,0
21339,enment,1,0
21403,iphaba,1,0
21526,cutta,1,0
21556,________,1,0
21614,ĠToul,1,0
21615,omery,1,0
21647,isten,1,0
21711,sterdam,1,0
21814,Ġsarcoph,1,0
21872,ĠPoke,1,0
21915,Ġarrog,1,0
22149,ĠRibe,1,0
22728,ĠPans,1,0
22738,Ġlivest,1,1
22750,ĠGIR,1,1
22807,ĠIndig,1,0
22928,arinen,1,0
23026,imbing,1,0
23084,renees,1,0
23171,eddy,1,0
23257,Ġincompet,1,0
23377,ornia,1,0
23379,Ġscound,1,0
23384,solete,1,0
23610,ndum,1,0
23724,ĠMykon,1,0
24050,ellation,1,0
24177,ĠVolunte,1,0
24189,Ġsynch,1,3
24234,brandt,1,0
24257,IGA,1,0
24340,ortment,1,0
24346,ĠEgl,1,0
24676,rood,1,1
24777,ernation,1,0
24797,Ġissu,1,0
25022,vices,1,0
25026,yoshi,1,0
25028,hement,1,0
25083,ĠLope,1,0
25128,ilyn,1,0
25408,reasing,1,0
25445,Ġhaught,1,0
25513,tebr,1,0
25554,ĠPromen,1,0
25633,hemian,1,0
25651,oneliness,1,0
25812,ĠSats,1,0
25841,antage,1,0
25878,ĠIngr,1,0
25896,Ġgrues,1,0
25912,terness,1,0
25974,ĠMinne,1,0
25994,ESBY,1,0
26029,ĠLatv,1,0
26180,nox,1,0
26267,istak,1,0
26452,Ġdishwas,1,0
26467,profitable,1,0
26515,roidery,1,2
26653,ĠPoy,1,0
26684,abilia,1,0
26775,ĠCarris,1,0
26791,Ġcathed,1,0
26805,ambig,1,0
27034,rown,1,0
27044,onstr,1,0
27124,osl,1,0
27126,pecies,1,0
27132,ichrist,1,0
27144,Ġunimp,1,0
27231,ĠSegov,1,0
27281,ĠGlas,1,0
27480,cyclopedia,1,0
27506,FTA,1,0
27690,ometown,1,0
27728,ikau,1,0
27734,ĠConstit,1,0
27826,ipeg,1,0
27827,ĠZepp,1,0
27837,ĠWinn,1,0
28009,MCA,1,0
28032,uence,1,0
28120,ĠDolph,1,0
28181,eware,1,0
28232,shaft,1,0
28278,engarde,1,0
28508,ĠBARB,1,0
28535,Ely,1,0
28539,Iber,1,0
28678,ĠRouth,1,0
28681,abaster,1,0
28707,ipak,1,0
28884,azaars,1,0
28918,Ġsemif,1,0
28962,ĠBhakt,1,0
29013,Ġnarc,1,0
29122,heiro,1,0
29125,reast,1,0
29143,alys,1,0
29152,Ġrena,1,1
29222,igrap,1,0
29242,ĠKeral,1,0
29267,ampu,1,0
29317,ĠManit,1,0
29332,mega,1,0
29357,iffey,1,0
29472,ĠBaloch,1,0
29520,ĠPedest,1,0
29860,erees,1,0
29923,Ġdetrim,1,0
29925,bringing,1,0
30342,aliation,1,0
30364,acept,1,0
30429,ieft,1,0
30449,icho,1,0
30510,ĠBruns,1,0
30701,ezvous,1,0
30712,ĠIbrah,1,0
30943,Hour,1,0
30959,ckered,1,5
30977,wether,1,0
31030,acr,1,0
31051,ĠBhat,1,0
31107,quart,1,0
31108,quois,1,0
31126,osite,1,1
31447,agupta,1,0
31479,ĠPiccol,1,0
31544,ĠTutank,1,0
31728,othel,1,0
31740,amud,1,0
31779,omez,1,1
31834,Ġnoct,1,0
31853,ĠUtt,1,0
31961,ippings,1,0
31989,mares,1,0
31995,comings,1,0
32005,psut,1,0
32071,markable,1,0
32215,adiq,1,0
32319,ĠEisenh,1,0
32333,umannii,1,0
32398,ĠTutankham,1,0
32462,runs,1,0
32463,ronym,1,0
32523,ionage,1,0
32580,oreau,1,0
32683,lesi,1,0
32702,yslaw,1,0
32754,ventional,1,0
32816,ĠPerug,1,0
32875,ophus,1,0
32916,ĠMetabol,1,0
33075,alanx,1,0
33113,Ġcooanar,1,0
33234,ucalypt,1,0
33262,eutic,1,0
33299,heed,1,0
33316,Ġbrough,1,0
33352,Ġeucalypt,1,0
33406,ĠWich,1,0
33515,avez,1,0
33603,joyed,1,0
33619,rawa,1,0
33741,Ġscrimm,1,0
33783,Ġdissim,1,0
33961,FPRI,1,0
34094,housie,1,0
34170,ggered,1,0
34216,erary,1,0
34227,enot,1,0
34243,Ġpung,1,0
34244,Ġpina,1,0
34249,asos,1,0
34255,ĠTcha,1,0
34266,ĠAgend,1,0
34284,seh,1,0
34295,ĠMalth,1,0
34310,opatra,1,0
34327,thritis,1,0
34355,ĠRuther,1,0
34357,ĠJind,1,0
34386,ongate,1,0
34532,byter,1,0
34590,amburg,1,2
34788,uvius,1,0
34860,ĠHirose,1,0
34863,ARDIS,1,0
34942,elleschi,1,0
35083,hift,1,0
35093,trow,1,0
35136,arcer,1,0
35151,ĠILL,1,0
35160,starch,1,0
35161,staver,1,0
35214,thirst,1,0
35223,ĠFaul,1,0
35229,estyles,1,0
35264,arthed,1,0
35285,agmat,1,0
35286,agogues,1,0
35343,endom,1,0
35375,Ġincumb,1,0
35382,Ġcentr,1,1
35390,azquez,1,2
35503,Ġcatap,1,1
35921,cadilly,1,1
35938,hameha,1,0
36028,egger,1,0
36032,giv,1,0
36128,ldron,1,0
36149,semane,1,0
36152,urric,1,0
36203,Ġshrap,1,0
36205,ulses,1,0
36207,thals,1,0
36219,ĠDaj,1,0
36262,eliness,1,0
36277,Ġcanv,1,1
36304,ĠKoon,1,0
36387,henburg,1,0
36398,ĠBrac,1,0
36458,auton,1,0
36473,Ġopport,1,0
36521,ĠParv,1,0
36567,oiriphaba,1,0
36596,ĠOldsm,1,0
36625,agoons,1,0
36640,ĠAntwer,1,0
36686,taire,1,0
36697,ALA,1,1
36780,isbury,1,0
36857,ugsburg,1,0
36995,HOOL,1,0
37087,Ġcaulif,1,2
37122,Gos,1,0
37174,petr,1,0
37220,Ġinters,1,0
37223,ariello,1,0
37251,utake,1,0
37316,Ġkara,1,0
37330,uny,1,0
37419,ĠUff,1,0
37420,assies,1,0
37436,iavell,1,0
37496,henes,1,0
37516,phies,1,0
37538,shaws,1,0
37539,umphed,1,0
37546,Ġdefen,1,0
37564,Ġextrac,1,0
37657,ĠNeuh,1,0
37955,ifferences,1,0
38211,elsarrasin,1,0
38216,urricular,1,0
38270,RL,1,2
38283,Virgin,1,0
38370,Ġinapp,1,0
38394,ĠIwas,1,0
38449,andex,1,1
38560,Ġpragm,1,0
38579,ĠVIS,1,33
38588,Ġscim,1,0
38591,ordial,1,0
38636,ciating,1,0
38707,denburg,1,0
38736,ĠConcl,1,0
38780,incerity,1,0
38815,idgee,1,0
38903,fluous,1,0
38913,ijiji,1,0
39088,ĠHardknot,1,0
39090,ĠLibr,1,0
39097,ĠCopp,1,0
39153,izzie,1,0
39385,promise,1,0
39522,Jab,1,0
39531,Prob,1,0
39608,ndas,1,0
39699,ĠSrin,1,0
39736,rients,1,0
39760,Ġsemb,1,0
39845,pecified,1,0
39849,agland,1,0
39854,iviere,1,0
39923,orsese,1,0
39967,Ġcommens,1,0
40010,aintree,1,0
40045,ĠRehn,1,0
40094,Ġparoch,1,0
40139,ĠParalle,1,0
40260,ĠSchoel,1,0
40389,rieved,1,0
40497,imbly,1,1
40912,Ukr,1,0
40956,overn,1,0
40965,ruder,1,0
41018,arital,1,0
41062,Ġyg,1,0
41090,ghada,1,0
41145,olome,1,0
41156,Ġshorth,1,3
41196,ĠNiels,1,0
41254,ĠEhr,1,0
41279,atedral,1,0
41355,ftime,1,0
41398,ibak,1,0
41446,uckland,1,0
41487,Ġpleth,1,0
41527,hymn,1,0
41538,ronized,1,0
41567,ĠMinangk,1,0
41574,ĠByr,1,0
41859,Ġpantal,1,0
41936,uscule,1,0
41964,orgimento,1,0
41982,interpret,1,0
41987,Ġfiduci,1,0
42103,Ġcylind,1,0
42109,ĠBassenth,1,0
42116,ĠEuph,1,0
42154,iscusi,1,0
42162,cotics,1,0
42348,Ġimpenetr,1,0
42359,aglandin,1,0
42376,ysigambis,1,0
42394,Da,1,0
42418,Micro,1,0
42462,hau,1,0
42479,mower,1,0
42510,inat,1,1
42512,Ġsikh,1,0
42534,antha,1,0
42539,Ġmons,1,0
42569,leuc,1,0
42640,iromba,1,0
42661,ĠMitz,1,0
42703,ĠPazz,1,0
42718,ĠWrig,1,0
42749,emly,1,0
42752,Ġchoic,1,0
42820,Ġtrape,1,1
42823,agration,1,0
42829,icelli,1,0
42847,rava,1,0
42856,Ġuneth,1,0
42857,Ġunpar,1,0
42930,obyl,1,0
42931,Ġcran,1,5
42950,ovese,1,74
42953,undown,1,0
42968,iborne,1,0
42997,ĠLeip,1,0
43008,uphem,1,0
43033,retto,1,1
43036,dson,1,0
43109,archaea,1,0
43127,Ġmountaint,1,5
43202,eningrad,1,0
43240,uchin,1,0
43242,iminals,1,0
43277,ARP,1,1
43305,ĠLaire,1,0
43341,sequential,1,0
43410,ILDR,1,1
43480,Ġbellige,1,0
43638,IPAA,1,0
43652,ĠAppleb,1,0
43657,utterfield,1,0
43802,ĠVoiv,1,0
43821,Ġgnar,1,2
43994,uschwitz,1,0
44155,jm,1,0
44189,wept,1,0
44200,heit,1,0
44223,iseries,1,0
44227,Ġced,1,0
44238,oughed,1,0
44239,anmen,1,0
44241,edos,1,0
44259,Ġpiti,1,0
44286,omons,1,0
44371,Ġanach,1,0
44393,hertz,1,0
44428,ultery,1,0
44429,uloid,1,0
44455,ĠDio,1,1
44548,ivit,1,0
44605,ĠChiant,1,0
44609,clips,1,0
44651,ensh,1,0
44672,ertains,1,0
44688,ĠAlvar,1,0
44761,ennia,1,0
44781,alfi,1,0
44820,Ġinfin,1,1
44826,ĠManj,1,0
44907,butus,1,0
44956,ĠWestmore,1,0
45093,berglass,1,0
45094,guin,1,0
45104,blos,1,0
45157,Ġvanqu,1,0
45193,iensis,1,0
45244,ĠMallor,1,0
45256,surfer,1,0
45338,ĠRenes,1,0
45585,Ġdiscomfit,1,0
45631,ĠShetim,1,0
45642,culosis,1,0
45721,angkor,1,0
45991,Zone,1,0
46019,hora,1,0
46021,iably,1,0
46028,luster,1,0
46098,reputable,1,0
46112,atars,1,0
46175,asma,1,0
46213,verent,1,0
46229,acor,1,0
46346,oulder,1,1
46498,ineering,1,1
46643,ertation,1,0
46663,ibule,1,0
46719,ologne,1,0
46765,booth,1,1
46984,inoff,1,0
47019,checks,1,0
47172,aksim,1,0
47201,yea,1,0
47281,oomi,1,0
47421,rillin,1,0
47447,phyry,1,0
47493,postyle,1,0
47497,UNY,1,0
47805,ocalypse,1,0
47878,chloric,1,0
102,¤,0,1
107,©,0,2
117,´,0,2
131,Â,0,2
132,Ã,0,3
163,â,0,8
227,Ģ,0,3
231,Ħ,0,4
232,ħ,0,1
246,ĵ,0,1
247,Ķ,0,2
249,ĸ,0,4
252,Ļ,0,1
1997,Ġtrave,0,1
2801,Ġstru,0,2
4222,Ġstrugg,0,1
4555,Ġappre,0,1
5167,Ġshel,0,1
5361,Ġholid,0,1
5813,Ġumbre,0,18
6297,Ġeleph,0,39
6311,Ġcigaret,0,1
6507,Ġtong,0,6
6822,Ġmagnific,0,1
7325,Ġapplic,0,1
7453,Ġscre,0,1
8420,isbee,0,1
8554,intend,0,9
9966,Ġenthusi,0,1
10137,Ġthir,0,1
10503,heastern,0,1
10895,Ġrefe,0,1
11225,Ġtran,0,1
12491,Ġlapt,0,6
14236,Ġshaw,0,1
15408,AMIL,0,1
16589,pherd,0,1
16849,Ġhorizont,0,3
17146,lymouth,0,3
17428,ĠJF,0,1
17725,Ġsuitc,0,7
17892,Ġsaus,0,4
18842,Ġnoteb,0,1
23301,Ġboud,0,1
24325,ĠFRI,0,5
26773,Ġbroch,0,1
27681,soe,0,1
28689,osseum,0,1
29676,Ġapr,0,3
32715,alez,0,1
33329,Ġmoh,0,2
37597,ebra,0,1
38325,heater,0,1
39635,escript,0,6
39883,ĠUmber,0,1
39926,ĠVelve,0,1
40947,kawi,0,1
41027,ĠTrian,0,1
42694,Ġaspar,0,1
44271,arines,0,2
44595,Ġunner,0,1
46154,Ġpitc,0,2
46338,Ġruck,0,1
