token_id,token_str,text_only_count,image_count
353,Ġ=,74361,0
202,ĉ,18000,0
656,",""",13131,0
861,"?""",7426,0
1159,Ġknown,4543,0
1245,Ġasked,4077,0
1337,Ġtold,3608,0
1365,ĠWhen,3500,0
1460,Ġknew,3100,0
1562,Ġdays,2835,0
1578,Ġbecame,2809,0
1611,Ġoften,2704,0
1625,Ġgave,2676,0
1632,Ġbegan,2664,0
1534,Ġrule,2597,0
1664,huh,2584,0
1665,""",",2541,0
1731,Ġstarted,2454,0
1779,Ġseemed,2384,0
1395,ĠMiss,2368,0
1811,Oh,2328,0
1674,Ġmind,2279,0
1848,Ġfederal,2260,0
1921,You,2088,0
1532,ĠJon,2076,0
1812,Ġpercent,2063,0
2001,Ġlived,1970,0
2008,Ġvoice,1958,0
2051,ĠCounty,1899,0
2064,Uh,1886,0
2039,ĠGAO,1879,0
2033,Ġmillion,1862,0
2089,Ġusually,1855,0
2095,Ġmiles,1847,0
2106,Ġbecome,1833,0
2103,ĠLSC,1827,0
2128,ĠFebruary,1817,0
1814,Ġunderstand,1815,0
1547,Ġweek,1791,0
2166,ĠBomba,1775,0
2183,Ġhistory,1764,0
2209,Ġcosts,1735,0
2291,Ġneeded,1642,0
2298,Ġexample,1638,0
2347,Ġreceived,1605,0
2338,Ġagencies,1604,0
1867,Ġdeal,1601,0
2357,Ġcouldn,1596,0
2358,Ġhowever,1594,0
2221,ĠCongress,1584,0
2372,Ġprovide,1584,0
2416,ĠTuppence,1543,0
2417,Ġagency,1536,0
2424,Ġconsidered,1535,0
2450,ĠBessie,1515,0
1978,Ġreason,1504,0
2088,Ġbring,1504,0
2469,Ġhappened,1499,0
2471,Yeah,1498,0
2478,Ġmonths,1490,0
2479,Well,1489,0
2430,ĠSir,1476,0
2499,Ġfinancial,1473,0
1956,Ġspeak,1471,0
2537,Ġhaven,1443,0
2586,Ġsaving,1412,0
1780,Ġvisit,1387,0
2622,Ġ2020,1387,0
2673,Ġbenefits,1340,0
2684,Ġvalue,1330,0
2702,But,1310,0
2707,Ġorganizations,1308,0
2708,Ġanalysis,1308,0
2718,Ġ2021,1300,0
2727,Ġcried,1291,0
2731,Ġanswered,1289,0
2733,ĠSeptember,1286,0
2735,ĠHowever,1284,0
2760,Ġresults,1258,0
2808,Ġrequired,1231,0
2811,Ġlives,1227,0
2812,Ġreleased,1225,0
2816,Ġreturned,1223,0
2861,What,1200,0
2849,Yes,1198,0
1429,Ġeffect,1195,0
2674,ĠAugust,1185,0
2896,ĠMaggie,1180,0
1559,Ġresult,1170,0
2893,ĠFederal,1166,0
2858,",'",1164,0
2976,Ġmovies,1138,0
2981,Ġreplied,1135,0
2986,Ġstudies,1133,0
2992,ĠWhy,1129,0
2993,ĠDecember,1129,0
3009,Ġcontinued,1122,0
3045,Ġexpected,1102,0
3050,Ġprovided,1100,0
3039,No,1096,0
2983,ĠEven,1092,0
1609,Ġmonth,1089,0
3096,Ġcareer,1074,0
3097,ĠEdna,1074,0
3101,Ġpublished,1073,0
3106,Ġissue,1070,0
3113,Ġstandards,1065,0
2757,Ġbudget,1055,0
2817,We,1038,0
3177,Ġappeared,1034,0
1998,Ġspend,1032,0
3183,Ġnecessary,1031,0
3188,Ġrequirements,1029,0
3204,Ġincome,1023,0
3159,Ġhappen,1022,0
3210,Ġ2018,1022,0
3215,Ġeconomic,1020,0
3246,ĠAdrin,1008,0
3277,Ġexperience,996,0
3282,Ġproposed,993,0
3312,Ġresources,982,0
3313,century,982,0
3338,Ġevidence,971,0
3360,Ġalthough,964,0
3384,ĠDuring,953,0
3152,",--",952,0
3194,Ġknowledge,952,0
3389,Ġremained,951,0
3404,Ġsuppose,947,0
3372,ĠGeneral,946,0
2971,Ġimpact,940,0
3427,Ġ2019,938,0
3435,ĠPoirot,934,0
3441,Ġindustry,930,0
3452,ĠFlorence,924,0
1887,Ġaccount,922,0
3459,Ġcomments,920,0
2160,Ġwonder,916,0
3468,Ġplanning,916,0
3527,Ġcommune,893,0
2179,Ġreview,892,0
3536,Ġeconomy,889,0
3540,Ġeducation,887,0
3543,Ġcaused,885,0
3544,ĠCHAPTER,885,0
3550,Ġweeks,883,0
2837,Ġsend,876,0
3506,Ġought,876,0
3572,Ġdefinitely,876,0
3580,Ġgrew,872,0
3583,ĠJulius,871,0
3597,Ġ2022,866,0
3642,Ġafternoon,855,0
3658,Ġevents,848,0
3661,Ġended,847,0
1907,Ġsuccess,846,0
3469,ĠCommission,846,0
3478,He,845,0
3505,Ġreported,842,0
3567,Ġdecision,841,0
3675,ĠAlexander,841,0
3677,Ġbelieved,840,0
3704,Ġbought,831,0
3706,Footnote,831,0
3217,Ġfear,830,0
3708,Ġtalked,830,0
3719,Ġefforts,825,0
3721,Ġsuddenly,825,0
3713,ĠSince,819,0
3745,Ġdifference,819,0
3751,Ġindeed,818,0
3769,Ġmunicipality,812,0
3470,Ġsupposed,810,0
3778,Ġexclaimed,808,0
3788,Ġestablished,804,0
3798,Ġrates,800,0
3762,ĠHere,799,0
3805,Ġ2001,798,0
3161,Ġdoubt,796,0
3812,Ġgenerally,795,0
3819,Ġeffective,793,0
3828,ĠAlthough,789,0
3836,ĠPostal,788,0
3840,Ġfunds,787,0
3848,ĠEPA,784,0
3864,Ġtaxes,779,0
3893,Ġreporting,772,0
3906,Ġ1996,769,0
3912,Ġfunding,768,0
3926,Ġincreased,763,0
3887,"_,",762,0
3908,ĠCourt,761,0
3939,Ġterms,760,0
3953,Ġlawyers,756,0
3972,Ġstayed,749,0
3203,ĠĠĠĠĠĠ,746,0
3873,ĠGovernment,743,0
3228,Ġtrust,741,0
3997,Ġgoals,739,0
3457,hum,738,0
2485,Ġconsider,737,0
4020,Ġschools,735,0
4022,Ġinvestment,734,0
4034,ĠHistory,732,0
3984,Ġeffort,730,0
4050,Ġsuccessful,727,0
4083,Ġkm,718,0
3784,ĠAccording,710,0
4115,Ġoffered,709,0
4116,Ġfinally,709,0
4117,Ġspecies,709,0
4128,Ġproduced,707,0
3813,Ġtruth,703,0
3956,ĠSocial,698,0
4124,ĠDistrict,697,0
4168,Ġrefused,697,0
4170,ĠBecause,696,0
4173,Ġbenefit,696,0
4174,Ġinfluence,696,0
4156,ĠInglethorp,692,0
1740,Ġexpect,690,0
4211,Ġvolume,687,0
1970,Ġrequire,685,0
4217,Ġ1999,685,0
4232,Ġabsolutely,683,0
4235,Ġfounded,682,0
3793,Ġlaws,680,0
4242,Ġdrew,680,0
4018,ĠChurch,675,0
4287,Ġcensus,669,0
4297,Ġcontinue,668,0
4127,Ġtowns,667,0
4257,Ġopinion,667,0
4309,Ġprovides,664,0
4327,Ġperformed,659,0
4336,Ġslaves,658,0
4209,.--,656,0
4351,Ġ1998,653,0
4352,ĠJones,653,0
3895,Ġaware,650,0
4369,Ġsuggested,649,0
2874,Ġdemand,645,0
4383,ĠHong,645,0
4386,Ġaudit,645,0
4403,ĠCaptain,640,0
4415,Ġannounced,639,0
4426,Ġresponsible,636,0
4448,Ġforced,630,0
4466,Ġdeclared,628,0
4490,Ġactions,623,0
4491,Ġ2016,623,0
4499,ĠPeggy,622,0
4500,Ġdrugs,622,0
4508,Ġopportunity,621,0
4513,Ġcritical,620,0
4519,Ġ1997,619,0
4527,Ġ1995,617,0
4532,Ġability,616,0
4534,ĠGervaise,616,0
4544,Ġgreater,615,0
3066,Ġimprove,613,0
4550,Ġemissions,612,0
4552,Ġsavings,612,0
2646,Ġmethod,610,0
4560,Ġsilent,610,0
4530,So,608,0
4570,Ġentities,607,0
4571,Ġrooms,607,0
4535,.],602,0
4596,Ġdiscovered,602,0
4615,ĠRosamund,599,0
4622,Ġdescribed,598,0
4627,Ġprovince,597,0
4283,Ġlisten,596,0
4640,Ġbasis,595,0
4657,Ġlaughed,593,0
4660,Ġoperations,592,0
4667,Why,590,0
4178,Ġforget,589,0
4685,Ġlimited,589,0
3858,ĠAre,588,0
4696,ĠRepublican,587,0
4286,??,585,0
4717,ĠJerusalem,582,0
4080,Ġloss,580,0
4726,ĠEach,580,0
4755,ĠToday,576,0
4760,Ġbeaches,574,0
4774,ĠLoire,571,0
4791,Ġthus,566,0
4800,Ġintended,564,0
4831,Ġ1980,558,0
4832,Ġrecognized,558,0
4804,ĠNone,556,0
4848,Ġalive,556,0
4817,ĠHenry,555,0
4855,Ġenjoyed,555,0
4862,Ġ2017,554,0
4867,Ġmatters,553,0
4198,ĠDid,551,0
4875,Ġpayments,551,0
4877,Ġmentioned,551,0
4879,There,550,0
4895,Ġnoticed,548,0
4896,Ġregarding,548,0
4907,Ġnoted,546,0
2567,for,545,0
4916,Ġtherefore,545,0
4919,ĠIrene,544,0
4931,ĠOrder,543,0
4937,Ġexplained,542,0
4943,ĠAward,540,0
4946,Ġmethods,540,0
4290,ĠKal,538,0
4959,Ġstated,537,0
4972,ĠAssociation,535,0
4980,Ġpleased,533,0
5000,ĠMarie,530,0
5004,ĠLord,529,0
5007,Ġrequires,529,0
5016,Ġgreatest,527,0
5030,ĠSlate,525,0
5035,Ġenemy,524,0
5036,ĠOnce,524,0
5039,Ġjoin,524,0
5040,ĠBradley,524,0
5041,Ġdespite,524,0
5042,Ġfought,523,0
5046,ĠSenate,523,0
5065,ĠNothing,520,0
5066,Ġpolicies,520,0
5081,Ġmanagers,517,0
5083,Ġsilence,517,0
5085,Ġearlier,517,0
5098,ĠJustice,515,0
4891,Ġstrength,514,0
5101,Ġpolitics,514,0
5107,Ġwriter,513,0
5108,They,513,0
5109,Ġsettled,513,0
5078,Ġdebt,512,0
2403,Ġaffect,511,0
5117,ĠSwitzerland,511,0
5122,Ġstudied,510,0
5124,Ġremarked,510,0
5130,Ġ(),509,0
5143,ĠMinister,508,0
4204,Ġrelationship,506,0
5154,Ġdiscussed,506,0
5157,Ġrevenue,505,0
4407,oro,504,0
3654,ĠEgypt,503,0
4326,Ġmission,499,0
5200,Ġ2015,499,0
5201,Ġdecisions,499,0
5222,Ġ1994,497,0
5223,Ġinternal,497,0
5224,Ġestimates,497,0
3341,Ġcontract,496,0
5230,ĠCreek,496,0
5231,Ġfinding,496,0
5233,ĠPerhaps,496,0
5246,Ġimportance,494,0
5264,ĠManagement,492,0
5265,Ġjobs,492,0
5269,Ġretired,491,0
5282,Ġweren,489,0
5287,ĠRussia,489,0
2590,Ġexist,488,0
5301,Ġspoken,487,0
5080,Ġbillion,486,0
5315,Ġ1960,484,0
4822,Ġpositive,483,0
5325,Ġaccepted,483,0
5329,Ġpayment,482,0
5337,Ġensure,481,0
5343,Ġ2014,480,0
5344,Ġthoughts,480,0
5345,Ġelected,480,0
5347,Ġreplaced,480,0
5355,Ġselected,479,0
5093,Ġjourney,478,0
5367,Illustration,478,0
5378,Ġcenturies,476,0
5380,Ġordered,476,0
5389,Ġestimated,475,0
4380,Ġafford,473,0
5207,!',473,0
5408,Ġsoftware,473,0
1571,Ġdevelop,472,0
5410,Now,472,0
5446,Then,466,0
5452,ĠCouncil,466,0
5475,Ġoccurred,462,0
5476,Ġimagine,462,0
5487,Ġexplain,461,0
5496,Ġoriginally,460,0
5503,If,458,0
5507,Ġvisited,458,0
5508,Ġauditors,458,0
5419,Ġadvantage,457,0
5530,ĠOMB,455,0
5456,ĠCarter,454,0
5539,Ġstatements,454,0
5541,Ġquietly,454,0
5420,She,453,0
5545,Ġsector,453,0
5551,ĠCharlie,453,0
5558,Ġfactors,452,0
5316,Ġfamiliar,451,0
5564,ĠValley,451,0
5574,Ġgain,449,0
5484,Ġgovernor,448,0
5588,ĠCommittee,447,0
5600,ĠDemocratic,446,0
2454,ĠRepublic,445,0
5612,Ġcircumstances,444,0
4308,ĠFred,443,0
5616,ĠGore,443,0
5622,Ġsongs,442,0
5627,ĠStarr,441,0
5632,Ġidentified,441,0
5633,Ġregulations,441,0
5638,Ġestimate,440,0
5649,Ġdecide,439,0
5651,Ġrepresentation,439,0
5565,How,438,0
5659,Ġreligion,438,0
5666,Ġplanned,437,0
5682,Celeste,435,0
5332,ĠHave,434,0
5710,Ġgreatly,432,0
5517,ĠRome,431,0
5724,Ġwaited,430,0
5730,Ġexisting,429,0
5733,Ġboring,428,0
5737,Ġreduced,428,0
5747,Ġknowing,427,0
5753,Ġsupported,427,0
5760,Ġeventually,426,0
5767,Ġbelieves,425,0
5773,Ġjury,424,0
5776,Ġoffices,424,0
5782,ĠAwards,423,0
5788,Ġdesire,423,0
5792,Ġroutes,423,0
2887,Ġfavor,422,0
5022,Ġapply,422,0
5796,Ġ1993,422,0
5797,Ġresponsibility,422,0
5652,Ġbehavior,421,0
5799,Ġ1992,421,0
5801,Ġremembered,421,0
5802,ĠScotland,421,0
5812,Ġentity,420,0
5814,Ġvalues,420,0
5047,Ġbother,419,0
5691,ĠBarry,419,0
5825,Ġnodded,418,0
5828,Ġrisks,417,0
5830,ĠNewsweek,417,0
5835,Ġaddressed,416,0
5839,ĠAlden,416,0
5845,Ġ2003,415,0
5725,ĠCatholic,414,0
5803,My,414,0
5851,_.,414,0
5860,Ġcongressional,414,0
5874,Ġreviews,412,0
5875,Ġfailure,412,0
4186,Ġwealth,411,0
5270,ĠSaturday,411,0
5890,ĠLawrence,410,0
2784,Ġsudden,409,0
5611,Ġintervention,409,0
5777,Ġsupply,409,0
5896,Ġpromised,409,0
5908,Ġidentify,408,0
5917,Ġhorrible,407,0
5920,Ġattorney,407,0
5656,Ġseek,405,0
5942,ĠJohnson,405,0
5943,Ġvillages,405,0
5958,Ġunderstood,404,0
3265,Ġmention,403,0
5979,Ġstatus,401,0
4773,Ġincreasing,400,0
5987,Ġassets,400,0
5990,Ġpromise,400,0
5991,Ġyesterday,400,0
5993,Ġshouted,400,0
4101,Ġprefer,399,0
5995,Right,399,0
5996,ĠIII,399,0
6003,Ġdetermine,398,0
2104,Ġrepresent,397,0
4081,Ġreform,397,0
4854,ĠProgram,397,0
5705,Do,396,0
5880,ĠGerald,396,0
5914,"--""",396,0
5944,ĠKingdom,396,0
6015,Ġgained,396,0
2393,Ġregard,395,0
6030,Ġattorneys,395,0
6050,Ġrealized,393,0
6069,Ġtemples,391,0
6071,Ġinterventions,391,0
6078,Ġadministration,390,0
6083,ĠPays,389,0
6089,Ġthou,388,0
6091,ĠCome,388,0
6098,ĠSometimes,388,0
6099,ĠSoviet,388,0
6101,Ġfiscal,387,0
6108,Ġconcerns,387,0
6116,Ġwelfare,386,0
6120,ĠJennie,385,0
6133,Ġunderstanding,384,0
6143,Ġalternative,383,0
4427,Ġfaith,382,0
6145,ĠTucker,382,0
6150,Ġextent,382,0
6183,Ġregulatory,379,0
2694,Ġconcern,378,0
6016,ĠThorn,378,0
6190,Ġcanton,377,0
6195,Ġguilty,377,0
6198,Ġhappening,377,0
6211,Ġexecutives,376,0
6212,Ġpollution,376,0
4705,._,375,0
6225,ĠArkansas,375,0
6235,Ġrealize,374,0
6236,Ġfactor,374,0
6239,Ġaccounting,374,0
6243,Ġagreement,374,0
6026,ĠSultan,373,0
6249,Ġdrama,373,0
6250,Ġconfidence,373,0
6251,Ġimproved,373,0
3983,Ġcomment,372,0
6262,Ġadopted,372,0
6291,Ġdifferences,370,0
4288,ĠFort,369,0
5918,Ġenvironmental,369,0
6300,Ġintroduced,369,0
6312,Ġdisease,368,0
4723,Ġachieve,367,0
6325,Ġscreening,367,0
6326,Ġscarcely,367,0
6328,Ġwished,366,0
6340,Ġcomedy,365,0
6345,Ġfacilities,365,0
6346,Ġdepends,365,0
3276,Ġoccur,364,0
3315,Ġhost,364,0
6351,Ġfired,364,0
6352,Ġproved,364,0
6358,Ġconducted,364,0
6359,ĠJamaica,364,0
6370,Ġchose,362,0
6384,Ġsuffered,361,0
6401,Ġabuse,359,0
6405,ĠResearch,359,0
6406,Ġcriminal,359,0
6407,Ġterritory,359,0
6416,ĠFranklin,358,0
6418,Ġleadership,358,0
6419,Ġwhispered,358,0
6420,Ġforgotten,358,0
6430,Ġtruly,357,0
6432,Ġglance,357,0
6437,Ġopportunities,357,0
6438,ĠDemocrats,357,0
6451,Ġgrantees,356,0
6455,ĠDespite,356,0
6376,Ġadmitted,355,0
6493,Ġepisode,353,0
6496,ĠFenn,352,0
6500,Ġaffair,352,0
6506,Ġproposal,352,0
6415,Ġslave,351,0
6511,Ġenemies,351,0
6515,ĠCavendish,351,0
2319,Ġsuggest,350,0
6523,Ġstared,350,0
6524,ĠStill,350,0
6525,Ġcommunities,350,0
1078,Ġ200,349,0
6096,Ġacid,349,0
6277,ĠGovernor,349,0
6531,Ġchosen,349,0
6534,Ġfeelings,349,0
6535,Ġtests,349,0
6537,Ġbono,349,0
6549,Ġforever,348,0
6040,ĠWeb,347,0
6561,Ġafterwards,347,0
6562,Ġfindings,347,0
6565,Ġaccounts,347,0
6399,ĠDublin,346,0
6447,Ġinstant,346,0
3581,Ġconduct,345,0
6604,Ġordinary,344,0
6605,Ġnegative,344,0
6608,ĠVandemeyer,344,0
2220,Ġdiscuss,343,0
4503,Ġrare,343,0
6612,Ġprove,343,0
6417,Ġtribes,342,0
6623,Ġcompliance,342,0
6626,Ġstrategic,342,0
6636,Ġpunishment,341,0
6435,Ġtechnical,340,0
6648,Ġrushed,339,0
6650,Ġourselves,339,0
6652,Ġexpressed,339,0
6655,Ġdecline,339,0
6665,Ġobtain,338,0
6668,Ġengineering,338,0
6669,Ġacquisition,338,0
6670,Ġlegislation,338,0
6673,Ġrelevant,337,0
6689,ĠMarilla,336,0
6694,Ġatmosphere,336,0
6695,ĠColorado,336,0
6703,Ġfinance,335,0
4985,Ġharm,334,0
6712,Ġdistributed,334,0
6715,Ġrecorded,334,0
6717,Ġfrequently,334,0
6725,ĠPrime,333,0
6729,Ġclaimed,333,0
6742,Ġyours,332,0
6744,Ġreality,332,0
6745,Ġreasonable,332,0
6755,Ġ1991,331,0
6757,Ġargument,331,0
5971,Ġefficient,330,0
6765,Ġinterests,330,0
6768,ĠEverything,330,0
6774,ĠSuch,329,0
6781,ĠMadeira,329,0
6782,ĠMonday,329,0
6786,ĠThough,328,0
6792,Ġrequirement,328,0
6793,Ġcritics,328,0
6794,Ġexamples,328,0
6796,Ġguidance,328,0
6801,Ġ(;,327,0
6803,Ġreply,327,0
6806,ĠDolly,327,0
6813,Ġbecomes,326,0
6827,Ġdare,325,0
6833,Ġlistened,325,0
6857,Ġearned,323,0
6858,Ġdifficulty,323,0
6859,Ġimplementation,323,0
6861,ĠPossum,323,0
6886,ĠMonica,321,0
6899,Ġclimate,320,0
6907,Ġthee,319,0
6909,ĠTake,319,0
6916,Ġlisted,319,0
6919,ĠMadrid,319,0
6920,Ġmaintain,319,0
5815,Ġsufficient,318,0
6934,ĠSociety,318,0
6948,Ġcapture,317,0
6950,Ġreferred,317,0
6956,Ġcousin,316,0
6967,ĠCharlotte,316,0
6969,Ġmortality,316,0
6970,Ġrecommendations,316,0
6979,ĠJr,315,0
6981,Ġfirms,315,0
3425,ĠRoy,314,0
6877,Ġillegal,314,0
6986,ĠIRS,314,0
6997,Ġeighty,314,0
6999,Ġdrove,314,0
7000,Ġstruggle,314,0
6427,ĠWas,313,0
6498,ĠChief,313,0
6674,ĠSouthern,312,0
6784,Ġmoral,312,0
7018,ĠBarty,312,0
7020,Ġregardless,312,0
4294,Ġforgot,311,0
5225,ĠCIO,311,0
7030,Ġfeels,311,0
7033,Ġ1989,311,0
7035,Ġregarded,311,0
7036,Ġrapidly,311,0
5409,Ġweekend,310,0
7044,Ġallows,310,0
7046,Ġcommitted,310,0
7048,Ġstranger,310,0
7051,ĠMayenne,310,0
7053,Ġevaluation,310,0
7056,Ġcandidate,310,0
7060,Ġreputation,310,0
5739,Is,309,0
7064,Ġsought,309,0
7071,ĠFGD,309,0
7073,Ġsomehow,309,0
7077,Ġstrategy,309,0
7079,Ġwondered,309,0
6927,Ġqueer,308,0
7093,ĠGDP,308,0
7096,Ġgovernments,308,0
7098,Ġ1988,308,0
7100,Ġdelivered,308,0
7106,Ġhouseholds,308,0
7107,This,308,0
7116,Ġpossibility,307,0
7129,Ġexciting,306,0
7134,Ġbegun,305,0
7135,Ġuseless,305,0
7144,ĠEmperor,305,0
7161,Ġapplication,304,0
7162,Ġhoped,304,0
7164,Ġsatisfied,304,0
7165,Ġchallenges,304,0
7181,Ġprovisions,303,0
7185,Ġconsistent,303,0
7186,Ġsucceeded,303,0
7198,Ġbadly,302,0
7201,ĠProfessor,302,0
6837,Ġsexual,300,0
7083,Ġdevoted,300,0
7225,ĠInstitute,300,0
7229,Ġconstant,300,0
7232,Ġencourage,300,0
7234,ĠMedicare,300,0
7237,Tilda,299,0
7242,Ġincreases,299,0
7243,ĠColonel,299,0
7245,Ġrecognize,299,0
7254,Ġconcluded,298,0
7258,Ġappointed,298,0
7259,Ġinvited,298,0
7262,Ġresponsibilities,298,0
7266,ĠMississippi,298,0
7155,ĠYear,297,0
7276,Ġwhenever,297,0
7279,Ġcommittee,297,0
3615,Ġthreat,296,0
7295,Ġattended,296,0
7297,Ġcharged,296,0
7298,Ġreduction,296,0
7300,ĠBobby,296,0
7301,Ġconsumption,296,0
7312,Ġobtained,295,0
4903,morrow,294,0
7320,Ġrulemaking,294,0
7324,Ġlimits,294,0
7335,ĠLater,293,0
7340,Ġ1986,293,0
7341,ĠProvince,293,0
7349,ĠRennie,292,0
7350,Ġfees,292,0
7354,Ġarrive,292,0
7368,Ġ1987,291,0
7390,ĠCorporation,290,0
6609,Not,289,0
7399,ĠNed,289,0
7403,ĠMissouri,289,0
7405,Ġreviewed,289,0
7407,ĠSecretary,289,0
7408,ĠTechnology,289,0
7409,Ġcontributions,289,0
7422,ĠDole,288,0
7425,ĠFinancial,288,0
7432,Ġoption,287,0
7440,ĠFriday,287,0
7441,Ġinhabitants,287,0
7261,income,286,0
7451,Ġgods,286,0
7455,Ġfunctions,286,0
7460,Ġarrested,286,0
7473,Ġmuseums,285,0
7474,ĠLucy,285,0
7480,ĠYet,284,0
7486,Ġdebate,284,0
7488,ĠAlaeddin,284,0
7277,Ġspite,283,0
7497,Ġwrites,283,0
7502,Ġlessons,283,0
7505,Ġinquired,283,0
5778,Ġeditor,282,0
5883,Ġconflict,282,0
7508,Ġhuh,282,0
7509,Ġnuclear,282,0
7514,Ġaffairs,282,0
7516,Ġtypically,282,0
7518,Ġfrequent,282,0
7327,ĠDaniel,281,0
7429,ĠEdmund,281,0
7522,Ġdecades,281,0
7526,ĠHarold,281,0
7529,ĠAlfgar,281,0
7530,Ġexplanation,281,0
6134,Ġtradition,279,0
7357,ĠNorthern,279,0
7561,Ġconsiderable,279,0
7562,ĠIslands,279,0
7563,Ġflew,279,0
7564,ĠRamsey,279,0
7578,Ġprocessing,278,0
7581,Ġexamined,278,0
7582,Ġescaped,278,0
7587,Ġchurches,277,0
7588,ĠArthur,277,0
7601,Ġaccountability,276,0
7602,Ġexistence,276,0
7603,Ġavoided,276,0
7615,Ġresorts,275,0
7618,Ġcharges,275,0
7621,Ġdefeated,275,0
7622,Ġappreciate,275,0
7624,Ġsatisfaction,275,0
6726,Ġhurried,274,0
7634,Ġaudits,274,0
7636,Ġreductions,274,0
7641,ĠCasson,274,0
7645,Ġmagnificent,274,0
7646,ĠWentworth,274,0
7654,ĠThus,273,0
7656,ĠAnse,273,0
7662,Ġmeetings,273,0
7665,Ġdemanded,273,0
7666,Ġdisappeared,273,0
6287,bye,272,0
7669,Ġlately,272,0
7674,Ġorganizational,272,0
7676,Ġemployment,272,0
7679,ĠFinally,272,0
7685,Ġreference,271,0
7689,Ġcrimes,271,0
7698,Ġnominated,270,0
7701,Ġassume,270,0
7707,Ġcelebrated,270,0
7708,Ġdelightful,270,0
7710,Ġsprang,270,0
7711,ĠDOD,270,0
7267,500,269,0
7558,ĠHarris,269,0
7720,Ġfinds,269,0
7724,Ġproductivity,269,0
7730,Ġmerely,269,0
7740,ĠFanning,268,0
7746,Ġgalley,268,0
7747,Ġadministrative,268,0
7759,Ġapproval,267,0
7760,Ġeffectively,267,0
7777,Ġaccused,266,0
7784,Ġarrival,266,0
7788,Ġslept,266,0
7793,ĠFoundation,266,0
7796,Ġpowers,265,0
7804,Ġexpenses,265,0
7805,Ġvaluable,265,0
7812,Ġdescribes,265,0
7814,Ġmillions,265,0
5235,Ġestablish,264,0
6555,ĠAh,264,0
7828,Ġblame,264,0
7831,Ġtechnologies,264,0
7836,ĠAuditors,264,0
1630,Ġsum,263,0
3671,what,263,0
7850,ĠVice,263,0
7851,Ġlasted,263,0
7852,Ġconstantly,263,0
7853,Ġloans,263,0
7855,Ġadmit,263,0
7856,Ġparticipate,263,0
7859,Ġcandidates,263,0
7860,Ġflexibility,263,0
7861,ĠInstead,263,0
5887,Ġconcept,262,0
7058,ĠPakistan,262,0
7456,Ġwondering,262,0
7865,Ġpace,262,0
7874,Ġexcuse,262,0
7876,ĠHelen,262,0
7877,Ġrarely,262,0
6564,ĠReport,260,0
7376,Ġfraud,260,0
7910,Ġhorror,260,0
7911,Ġ1982,260,0
7912,Ġassumed,260,0
6495,Ġheaven,259,0
7527,Ġcouncil,259,0
7722,Ġreaders,259,0
7920,"Ġ""'",259,0
7924,Ġrivers,259,0
7938,Ġprincipal,259,0
7945,Ġanger,258,0
7948,Ġremarkable,258,0
7950,Ġrecommended,258,0
6563,Ġexplore,257,0
7176,ĠWould,257,0
7953,Ġwounded,257,0
7966,Ġindependence,257,0
7969,ĠIbiza,257,0
7789,ĠAlfred,256,0
7980,Ġcounties,256,0
7981,Ġdecade,256,0
7983,Ġ1985,256,0
7991,Ġconfirmed,256,0
8003,Ġregions,255,0
8004,Ġcapable,255,0
8007,Ġsurely,255,0
8015,Ġconsideration,255,0
8016,Ġcommonly,255,0
8028,Ġnations,254,0
8030,ĠVrenna,254,0
8033,Ġvisits,254,0
8035,ĠJohnny,254,0
8036,Ġassumptions,254,0
8039,ĠMassachusetts,254,0
6141,Ġprofit,253,0
6961,Ġfee,253,0
7352,Ġmarry,253,0
8063,Ġelections,253,0
8068,Ġencouraged,253,0
8070,Ġsubmitted,253,0
8071,Ġconservative,253,0
8073,Ġevidently,253,0
8083,Ġtomorrow,252,0
8086,ĠCuba,252,0
8094,Ġours,252,0
8096,Ġdiscovery,252,0
8099,Ġ1972,252,0
8101,Ġsignificantly,252,0
8104,Ġconclusion,252,0
8119,Ġpresently,251,0
8123,Ġ1930,251,0
8126,Ġcombined,251,0
8139,Ġhelpful,250,0
8140,Ġkindly,250,0
8142,Ġapproached,250,0
8143,Ġconcerning,250,0
8144,ĠWithout,250,0
8146,Ġsending,250,0
8148,ĠDewey,250,0
8149,Ġcrisis,250,0
8150,Ġlaunched,250,0
8168,Ġaltogether,249,0
8169,Ġcriteria,249,0
5940,Ġbelief,248,0
8041,ĠRalph,248,0
8056,".""]",248,0
8178,ĠYeah,248,0
8182,Ġdistribution,248,0
8189,Ġstrongly,248,0
8190,Ġachieved,248,0
8191,Ġimplemented,248,0
8204,"----""",247,0
8207,Ġpeninsula,247,0
8208,Ġmeasured,247,0
8209,Ġinitiatives,247,0
8211,Ġstrategies,247,0
8212,Ġdefeat,247,0
8214,Ġfascinating,247,0
7193,ĠMail,246,0
8218,Ġexists,246,0
8225,Ġattitude,246,0
8230,Ġ1974,246,0
7585,Ġthy,245,0
8049,Ġfate,245,0
8240,Ġseized,245,0
8257,ĠRomans,245,0
8258,Ġinterrupted,245,0
8269,ĠAnalysis,244,0
8277,Ġdecrease,244,0
8279,ĠVietnam,244,0
8287,Ġsuccessfully,243,0
8289,Ġsoftly,243,0
8291,Ġwealthy,243,0
8292,1999,243,0
8293,Ġcategory,243,0
8310,Ġsixty,242,0
8320,Ġvoices,241,0
8323,Ġ1984,241,0
7613,Ġnoble,240,0
8164,ĠParliament,240,0
8346,Ġspirits,240,0
8347,Ġdisappointed,240,0
8349,Ġincentives,240,0
8351,ĠMeanwhile,240,0
8360,Ġpreamble,239,0
8363,Ġreliability,239,0
8367,ĠArts,239,0
8370,Ġexpectations,239,0
8371,Ġ1979,239,0
8373,ĠPolish,239,0
8374,Ġsensitive,239,0
8375,ĠDivision,239,0
8088,ĠRush,238,0
8388,Ġacted,238,0
8390,Ġproducer,238,0
8398,Ġawarded,238,0
8400,Ġcategories,238,0
8416,Ġglanced,237,0
8417,Ġpreferred,237,0
8418,ĠGreece,237,0
8421,ĠAgnes,237,0
6126,Ġinvolve,236,0
6632,Ġdebut,236,0
8433,Ġoutcomes,236,0
8439,Ġdestruction,236,0
8440,Ġhoping,236,0
8455,Ġinvasion,235,0
8459,Ġemployed,235,0
8461,Ġpurchased,235,0
8462,Ġguidelines,235,0
8465,ĠWhittington,235,0
4787,Ġfool,234,0
8472,ĠNixon,234,0
8479,Ġcomposed,234,0
8481,Ġ1981,234,0
8486,ĠLewinsky,234,0
7284,Ġcruel,233,0
8504,Ġgrants,233,0
8372,Ġreplace,232,0
8515,Of,232,0
8529,Ġconsidering,232,0
8534,Ġinvestigation,232,0
8538,Ġdarling,232,0
8549,ĠScience,231,0
8558,Ġcontinues,231,0
8560,Ġpercentage,231,0
5486,Ġtransfer,230,0
8568,Let,230,0
8574,ĠFDA,230,0
8577,ĠTherefore,230,0
8588,Ġpoliticians,230,0
8590,Ġdenied,230,0
8591,Ġaspects,230,0
8592,ĠMediterranean,230,0
4243,ĠAnn,229,0
7895,ĠDeath,229,0
8608,Ġslavery,229,0
8611,Ġelsewhere,229,0
8614,Ġopinions,229,0
8616,Ġoccasionally,229,0
8446,ĠFaith,228,0
8618,Ġcaves,228,0
8622,Ġkings,228,0
8631,Ġservants,228,0
8640,Here,227,0
8641,Um,227,0
8654,Ġswept,227,0
8660,Ġpromote,227,0
8661,Ġabsence,227,0
8663,Ġhopes,227,0
8665,Ġsurvive,227,0
8667,Ġadventures,227,0
8685,Ġthreatened,226,0
8688,Ġeligible,226,0
6573,ĠNever,225,0
8689,Where,225,0
8708,Ġreducing,225,0
8709,Ġsuggests,225,0
8710,Ġnecessarily,225,0
8712,Ġvoting,225,0
8713,Ġexperiences,225,0
7937,Ġliberal,224,0
8235,ĠNapoleon,224,0
8565,ĠDirector,224,0
8724,ĠLola,224,0
8731,Ġerror,224,0
8733,Ġrequested,224,0
4160,Ġearn,223,0
8744,Ġnights,223,0
6580,ĠIran,222,0
8227,ĠDoes,222,0
8579,Ġfled,222,0
8770,Ġattempted,222,0
8773,Ġpermitted,222,0
7790,ĠLewis,221,0
8777,Ġsang,221,0
8785,Ġrefers,221,0
8787,Ġimprovements,221,0
8789,ĠAgency,221,0
8790,Ġsurvived,221,0
8794,ĠFIFA,221,0
8672,ĠTell,220,0
8795,)(,220,0
8809,Ġsounded,220,0
8812,Ġgranted,220,0
8814,Ġvotes,220,0
8818,ĠTennessee,220,0
6157,ĠHad,219,0
8841,ĠChristianity,219,0
8842,Ġconvinced,219,0
8844,Ġpraise,219,0
8845,Ġconsequences,219,0
8846,ĠMcGlory,219,0
8852,ĠBork,218,0
8855,Ġexpense,218,0
8859,ĠWillie,218,0
8864,ĠEconomic,218,0
3771,Ġcollect,217,0
8874,ĠGulf,217,0
8878,ĠIndeed,217,0
8882,Ġquestioned,217,0
8883,Ġdeclined,217,0
8884,Ġexamine,217,0
8889,Ġminimum,217,0
8453,Ġrecall,216,0
8892,Ġ).,216,0
8905,Ġflung,216,0
8912,ĠBertha,216,0
8914,Ġexpanded,216,0
8915,ĠKentucky,216,0
3497,Ġrelations,215,0
8937,Ġ1983,215,0
8938,Ġallowances,215,0
8939,Ġresulted,215,0
3330,Ġdestroy,214,0
6730,ĠRichards,214,0
8612,Ġhonour,214,0
8948,ĠBattle,214,0
8950,ĠDerry,214,0
8956,Ġreliable,214,0
8962,ĠMorris,214,0
8965,Ġsubstantial,214,0
8966,ĠHayden,214,0
7168,sur,213,0
8974,Ġvoted,213,0
8977,ĠStanton,213,0
8980,Ġ1969,213,0
8985,Ġbelonged,213,0
8987,Ġmosque,213,0
8989,ĠBesides,213,0
6260,Ġterror,212,0
8336,Ġvain,212,0
8994,ĠAileen,212,0
8996,Ġchums,212,0
9004,Ġofficially,212,0
9005,Ġ1975,212,0
9009,ĠTurks,212,0
9012,Ġobliged,212,0
9023,Ġwages,211,0
9026,ĠSather,211,0
9040,Ġefficiency,211,0
9042,Ġfunded,211,0
9043,Ġ1964,211,0
9044,Ġ1968,211,0
9048,Ġspecifically,211,0
9049,ĠLouisiana,211,0
9063,Ġcheaper,210,0
9067,Ġ1976,210,0
9072,Ġobviously,210,0
8942,""").",209,0
9075,Ġwishes,209,0
9086,Ġstatewide,209,0
9090,Ġsooner,209,0
9091,Ġinvestments,209,0
9094,Ġinformed,209,0
9095,Ġholidays,209,0
9097,ĠStephen,209,0
9098,Ġscheme,209,0
8952,ĠLilian,208,0
9123,Ġassociation,208,0
9125,Ġresistance,208,0
9127,ĠCritics,208,0
7386,ĠAgain,207,0
8896,Ġlord,207,0
9137,Ġstolen,207,0
9148,Ġreturns,207,0
9149,Ġcares,207,0
9150,ĠNeither,207,0
9152,ĠRegulatory,207,0
9154,Ġaccuracy,207,0
9155,Ġcomparison,207,0
9156,Ġrestrictions,207,0
9157,Ġthoroughly,207,0
6804,Ġcommission,206,0
8848,ĠJordan,206,0
9160,Are,206,0
9164,Ġdating,206,0
9167,ĠBatala,206,0
9168,Ġoutcome,206,0
9175,Ġstatistics,206,0
9178,Ġstronger,206,0
9179,Ġdistricts,206,0
9180,Ġperiods,206,0
9182,Ġregularly,206,0
9183,Ġdepartments,206,0
9184,Ġpoetry,206,0
9188,ĠAylmer,206,0
9204,Ġindicated,205,0
9206,Ġrequests,205,0
9211,Ġeffectiveness,205,0
9219,Ġargue,205,0
9220,ĠKorea,205,0
9222,Ġdesperate,205,0
9223,ĠAccounting,205,0
9224,ĠKirby,205,0
8927,Ġpity,204,0
9229,Ġfiction,204,0
9236,Ġyelled,204,0
9240,Ġrepresents,204,0
9242,Ġperformances,204,0
9245,Ġmerged,204,0
9246,Ġexisted,204,0
9247,Ġmaintained,204,0
9252,Ġrejected,204,0
9253,ĠAntonio,204,0
6233,Ġstrict,203,0
9270,Ġtreasures,203,0
9277,Ġvoters,203,0
9281,Ġcomprehensive,203,0
9282,Ġanswers,203,0
9289,Ġbanned,202,0
9295,Ġdealing,202,0
9301,Ġmuttered,202,0
9304,Ġsurpluses,202,0
9306,ĠPuerto,202,0
7183,Ġbroadcast,201,0
8662,Ġillness,201,0
9307,Okay,201,0
9319,ĠSaving,201,0
9324,Ġimpressed,201,0
9326,Ġcourses,201,0
9332,Ġimproving,201,0
9333,Ġidentity,201,0
9335,ĠBoris,201,0
9336,Ġoversight,201,0
9337,ĠEducation,201,0
9344,ĠCazar,200,0
9354,Ġrepresentatives,200,0
8728,Ġcontext,199,0
9367,ĠRue,199,0
9372,Ġwarned,199,0
9376,Ġ1977,199,0
9378,Ġinvolves,199,0
9381,Ġdepending,199,0
9382,Ġignore,199,0
9387,Ġdreadful,199,0
9390,Ġearthquake,199,0
9239,ĠVaud,198,0
9409,Ġceased,198,0
9410,Ġcharacteristics,198,0
9412,Ġinfluenced,198,0
9413,Ġpermission,198,0
9418,ĠBenjamin,198,0
6365,ĠBell,197,0
9420,Ġarose,197,0
9437,Ġmighty,197,0
9440,Ġsituations,197,0
9442,Ġworthy,197,0
9443,Ġresponses,197,0
9445,ĠVenice,197,0
5062,Ġarrest,196,0
8113,Ġchampionship,196,0
9255,Good,196,0
9452,ĠMosely,196,0
9461,Ġvice,196,0
9469,Ġ1973,196,0
9470,Ġgenerations,196,0
9472,Ġauthorities,196,0
9480,Ġsecretary,196,0
9486,Ġmonastery,196,0
9487,ĠUtah,196,0
8352,ĠJournal,195,0
9087,ĠReform,195,0
9264,Ġresource,195,0
9497,ĠHunt,195,0
9508,Ġinterim,195,0
9517,Ġproceeded,195,0
9519,ĠMcCain,195,0
9520,Ġwriters,195,0
7792,ĠIraq,194,0
9227,Who,194,0
9297,Ġjudgment,194,0
9534,Ġpopularity,194,0
5556,Ġevident,193,0
8703,Ġincident,193,0
9256,Ġaunt,193,0
9303,ĠFilm,193,0
9559,Ġcontracts,193,0
9560,ĠOthers,193,0
9562,ĠPrefecture,193,0
9563,Ġfaithful,193,0
9564,Ġtalent,193,0
6383,Ġsettle,192,0
8261,||,192,0
9570,Ġmines,192,0
9578,Ġdioxide,192,0
9589,ĠDelhi,192,0
9591,Ġdemocracy,192,0
4307,ĠMont,191,0
9612,ĠAustria,191,0
9617,Ġinstalled,191,0
9618,ĠGreuze,191,0
9620,Ġepisodes,191,0
9621,Ġtransferred,191,0
9623,ĠNatalia,191,0
6188,ĠIslam,190,0
8042,ĠNepal,190,0
9172,ĠCha,190,0
9627,Ġozone,190,0
9644,Ġconfusion,190,0
9645,Ġeconomics,190,0
9646,Ġminds,190,0
9647,Ġ1978,190,0
9650,Ġcompeted,190,0
9654,Ġqualified,190,0
9656,Ġsummary,190,0
9657,ĠDuke,190,0
9658,ĠCaribbean,190,0
3650,Ġarchitect,189,0
9659,"',",189,0
9676,Ġcolony,189,0
9679,Ġtopics,189,0
9680,Ġshortly,189,0
9681,Ġ1966,189,0
9682,Ġ1967,189,0
9690,Ġrevealed,189,0
6898,Ġdelay,188,0
8648,Ġshame,188,0
8819,Did,188,0
9701,Ġscored,188,0
9706,Ġedition,188,0
9709,Ġtourism,188,0
9711,Ġtestimony,188,0
9715,ĠAnnie,188,0
9716,Ġcommitment,188,0
9719,To,187,0
9732,Ġlocations,187,0
9744,ĠDouglas,187,0
9748,Ġimmigrants,187,0
9749,Ġmurmured,187,0
2676,Ġattract,186,0
5450,ĠFrancis,186,0
9765,Ġsnakes,186,0
9766,Ġresulting,186,0
9767,Ġexamination,186,0
9768,Ġaddresses,186,0
6662,Ġunlike,185,0
8393,Ġauditor,185,0
9783,ĠNations,185,0
9786,Ġabroad,185,0
9788,Ġcontribute,185,0
9795,Ġinsisted,185,0
9797,Ġacquired,185,0
9799,Ġgradually,185,0
9800,ĠTreasury,185,0
9802,Ġhesitated,185,0
9803,ĠBiography,185,0
3065,Ġdepend,184,0
9822,Ġregulation,184,0
9824,Ġ2023,184,0
9826,ĠMayor,184,0
9828,Ġeducated,184,0
9829,ĠMusee,184,0
9832,Ġrelationships,184,0
9834,Ġcriminals,184,0
9838,ĠBuchanan,184,0
6845,Ġcounsel,183,0
8917,hta,183,0
9860,Ġsalary,183,0
9868,ĠACI,183,0
9417,ĠWednesday,182,0
9607,Ġcommander,182,0
9876,Ġstewardship,182,0
9884,Ġfuneral,182,0
9886,ĠPlano,182,0
9890,ĠAgencies,182,0
7534,Ġreward,181,0
7926,Ġdiscover,181,0
9538,Ġspectacular,181,0
9895,Ġsank,181,0
9903,ĠCNN,181,0
9907,ĠVia,181,0
9909,Ġrecovered,181,0
9915,Ġgenus,181,0
9922,Ġaccomplished,181,0
3100,ization,180,0
4825,Ġsucceed,180,0
5931,Ġprofession,180,0
9945,ĠMaria,180,0
9951,Ġgenerous,180,0
9956,Ġdemands,180,0
9960,ĠScholarship,180,0
9962,Ġlegislative,180,0
9968,ĠSuddenly,180,0
9525,ĠTuesday,179,0
9976,Ġrage,179,0
9978,ĠData,179,0
9982,Ġfeared,179,0
9989,Ġcounted,179,0
9990,Ġkindness,179,0
9997,Ġoccasional,179,0
9998,ĠEliot,179,0
9999,Ġgrateful,179,0
10001,ĠGordon,179,0
9237,ĠThank,178,0
9649,Ġimproper,178,0
10015,Ġassigned,178,0
10016,Ġinstances,178,0
10019,Ġsixteen,178,0
10022,Ġrecognition,178,0
10024,Ġrepeat,178,0
10026,Ġinjuries,178,0
10028,ĠCIOs,178,0
10030,ĠStanley,178,0
8141,ĠReview,177,0
8725,Ġintention,177,0
9084,Ġretreat,177,0
10034,Ġbishop,177,0
10039,Ġrely,177,0
10040,ĠBaker,177,0
10048,Ġ1920,177,0
10065,ĠFrederick,177,0
9436,Ġglobal,176,0
9752,Ġgains,176,0
10078,Ġdeals,176,0
10082,Ġcontribution,176,0
10086,Ġasset,176,0
10091,Ġannually,176,0
10092,Ġparticipated,176,0
5938,Ġaspect,175,0
9187,Ġgoddess,175,0
10114,Ġservant,175,0
10115,Ġworldwide,175,0
10120,Ġinvestors,175,0
10123,Ġ1945,175,0
10124,Ġformerly,175,0
10125,Ġdocumentation,175,0
10127,ĠReliance,175,0
10128,ĠChampionships,175,0
10129,Ġconquered,175,0
3271,ĠSant,174,0
10132,Ah,174,0
10133,Mr,174,0
10147,Ġchildhood,174,0
10151,Ġ400,174,0
10155,Ġactivist,174,0
10156,Ġ1948,174,0
10161,Ġtreaty,174,0
10170,Ġdynasty,174,0
7414,Ġrank,173,0
7837,Ġdisagree,173,0
10180,Ġnotable,173,0
10188,Ġresolved,173,0
10190,Ġdeserve,173,0
10191,ĠUnfortunately,173,0
10201,ĠByzantine,173,0
8639,Ġunexpected,172,0
10216,Ġcompare,172,0
10222,Ġinstantly,172,0
10226,Ġmainland,172,0
10230,ĠPhilip,172,0
10231,Ġaccessible,172,0
10232,Ġsuspected,172,0
10234,Ġanxiety,172,0
10235,Ġinitiative,172,0
10239,Ġstakeholders,172,0
8535,Ġaccomplish,171,0
8684,Ġtroubles,171,0
10251,Ġease,171,0
10258,Ġrelation,171,0
10260,Ġmetric,171,0
10264,Ġ1952,171,0
10265,Ġ1957,171,0
10266,Ġ1958,171,0
10268,Ġhospitals,171,0
10269,Ġincreasingly,171,0
10270,Ġsuspicion,171,0
10271,Ġfortunate,171,0
10272,Ġfestivals,171,0
7838,Ġdialect,170,0
10021,ĠPolicy,170,0
10283,Ġwanting,170,0
10291,Ġ1956,170,0
10292,Ġcoastal,170,0
10297,Ġsadly,170,0
10306,"Ġ),",169,0
10320,Ġpersonality,169,0
10328,Ġfigured,169,0
10335,Ġgazed,169,0
10336,Ġsettlements,169,0
10337,Ġreckon,169,0
10338,Ġmaximum,169,0
10339,Ġanalyses,169,0
10340,ĠArizona,169,0
4671,Ġtemper,168,0
9521,Ġsulfur,168,0
9865,Ġessay,168,0
10356,Ġchances,168,0
10366,ĠJapazy,168,0
10367,Ġtroubled,168,0
10371,ĠSimon,168,0
10375,Ġerrors,168,0
10377,Ġsacrifice,168,0
10379,ĠJethro,168,0
10380,Ġcuriosity,168,0
8511,Ġprospect,167,0
10200,ĠGarden,167,0
10390,ĠCreeks,167,0
10398,Ġoutput,167,0
10407,ĠShannon,167,0
10411,Ġemployer,167,0
10412,Ġ1962,167,0
10423,Ġuniversities,167,0
10425,Ġmurdered,167,0
10426,Ġapplicable,167,0
10430,ĠDakota,167,0
1892,Ġinvest,166,0
9341,ĠTel,166,0
9672,ĠThursday,166,0
9777,Ġbattles,166,0
9929,Ġauthors,166,0
10443,ĠFena,166,0
10454,Ġacceptable,166,0
10456,ĠStandards,166,0
10457,Ġderived,166,0
10459,ĠCareer,166,0
10460,ĠColumbus,166,0
10465,Ġsympathy,166,0
10466,Ġacademic,166,0
5283,Ġexpand,165,0
9467,ĠConstitution,165,0
10483,Ġunfortunate,165,0
10484,Ġovercome,165,0
10491,ĠDorcas,165,0
10496,Ġinterpretation,165,0
10501,ĠGuadeloupe,165,0
8246,ĠThrough,164,0
9305,ĠCEO,164,0
9613,Ġmistaken,164,0
10505,Ġhates,164,0
10512,"Ġ(,",164,0
10519,Ġsuggestion,164,0
10520,Ġ1947,164,0
10521,Ġscenario,164,0
10524,Ġimplementing,164,0
10525,Ġgalleries,164,0
10526,ĠRecords,164,0
10529,Ġultimately,164,0
10530,Ġintelligence,164,0
1052,ative,163,0
5963,ĠInc,163,0
9045,ĠTrust,163,0
9946,Ġfriendship,163,0
10545,Ġasks,163,0
10561,ĠCOVID,163,0
10562,Ġloudly,163,0
10564,Ġweekends,163,0
10568,Ġcompensation,163,0
10569,ĠGPRA,163,0
10140,ĠWales,162,0
10143,ĠNHL,162,0
10353,ĠPress,162,0
10573,Ġsights,162,0
10590,Ġinvaded,162,0
10593,Ġproduces,162,0
10595,ĠHarrison,162,0
10598,Ġuttered,162,0
10600,ĠPrize,162,0
10601,Ġalternatives,162,0
10605,Ġrebuilt,162,0
10606,Ġexpenditures,162,0
10607,Ġadequate,162,0
10610,ĠShagbark,162,0
3723,Ġassess,161,0
9422,Ġmood,161,0
9661,For,161,0
9944,ĠAndrew,161,0
10165,ĠNetwork,161,0
10623,Ġabortion,161,0
10626,Ġresolution,161,0
10627,Ġpersonally,161,0
10629,Ġglory,161,0
10633,ĠPlanning,161,0
10634,Ġsolve,161,0
10635,Ġ1943,161,0
10637,Ġeducational,161,0
10639,Ġearliest,161,0
10641,Ġdecreased,161,0
10643,ĠKarf,161,0
10644,Ġsurplus,161,0
10646,ĠEnvironmental,161,0
10648,Ġuncomfortable,161,0
7635,Ġexpert,160,0
10651,Ġdared,160,0
10657,ĠCensus,160,0
10658,ĠMuch,160,0
10666,Ġflows,160,0
10672,Ġlads,160,0
10673,ĠBilly,160,0
10678,Ġnetworks,160,0
10683,Ġdivorce,160,0
10684,Ġpuzzled,160,0
10685,ĠPipina,160,0
8011,Ġengage,159,0
9967,Ġconvenient,159,0
10094,Ġthankful,159,0
10498,ĠSweden,159,0
10686,When,159,0
10706,Ġindicate,159,0
10707,Ġbeloved,159,0
10715,Ġ1955,159,0
10718,Ġattracted,159,0
10719,Ġargued,159,0
10720,Ġassumption,159,0
10722,Ġpraised,159,0
10723,Ġscholars,159,0
10725,Ġconclusions,159,0
10727,ĠKosovo,159,0
10730,ĠSobrinini,159,0
10210,ĠHills,158,0
10740,Ġtheatre,158,0
10741,arrondissement,158,0
10757,Ġfounder,158,0
10762,ĠChristopher,158,0
10763,ĠAbbey,158,0
10764,Ġsignificance,158,0
10765,Ġshrines,158,0
6106,Ġcommit,157,0
9055,Ġstress,157,0
9624,Ġnephew,157,0
9952,Ġ150,157,0
10557,ĠWarren,157,0
10783,ĠChannel,157,0
10784,Ġemission,157,0
10787,Ġprovinces,157,0
10788,Ġstartled,157,0
10794,Ġfreely,157,0
10795,ĠOrleans,157,0
10797,ĠMoreover,157,0
10801,Ġbeliefs,157,0
5852,ĠMa,156,0
9815,Ġrude,156,0
10809,Ġoak,156,0
10816,ĠDue,156,0
10819,Ġunfortunately,156,0
10827,Ġoccurs,156,0
10828,Ġcontinuing,156,0
10830,Ġmailers,156,0
10831,Ġobjective,156,0
10832,Ġ1959,156,0
10834,ĠLawyers,156,0
10837,Ġexhibition,156,0
10839,Ġlifetime,156,0
10842,Ġhastily,156,0
10843,ĠIsaac,156,0
10857,Ġproven,155,0
10871,Ġlimestone,155,0
10872,Ġ1942,155,0
10873,ĠAbraham,155,0
10875,Ġcommented,155,0
10878,Ġscheduled,155,0
10906,ĠAssembly,154,0
10908,Ġformat,154,0
10909,ĠPrague,154,0
10911,Ġdifficulties,154,0
10913,ĠFinal,154,0
10919,Ġurged,154,0
10920,ĠBrooke,154,0
10921,Ġreforms,154,0
10924,Ġsolely,154,0
10926,ĠMoscow,154,0
10927,Ġstrictly,154,0
10928,Ġresearchers,154,0
10929,ĠHersheimmer,154,0
10930,ĠDevelopment,154,0
9728,ĠRoss,153,0
9762,Ġfever,153,0
10944,ĠRico,153,0
10945,Ġsuicide,153,0
10949,Ġinvented,153,0
10950,Ġpays,153,0
10953,Ġsilently,153,0
10954,Ġ1961,153,0
10955,Ġauthorized,153,0
10956,Ġ1944,153,0
10957,Ġhosted,153,0
10958,Ġinitially,153,0
10959,ĠSamuel,153,0
10963,ĠRandolph,153,0
10964,Ġmandatory,153,0
10970,Ġunlikely,153,0
10972,Ġmonitoring,153,0
10973,Ġphilosophy,153,0
10974,Ġcomedian,153,0
2411,ius,152,0
9677,Ġassured,152,0
10998,ĠArmitage,152,0
11010,Ġimagined,152,0
11013,Ġintroduction,152,0
11014,ĠFortescue,152,0
11015,Ġliterary,152,0
11016,Ġproposals,152,0
11018,Ġblessed,152,0
11019,ĠFCC,152,0
11021,Ġexpedition,152,0
11022,Ġexhausted,152,0
11027,ĠFunchal,152,0
4811,ĠSing,151,0
5437,ĠVictor,151,0
11042,Ġnotion,151,0
11046,ĠOregon,151,0
11049,Ġgoodness,151,0
11052,Ġaccustomed,151,0
11053,Ġcommittees,151,0
11056,ĠShinto,151,0
11059,ĠForbes,151,0
11064,Ġadvised,151,0
11067,Ġposted,151,0
11068,ĠMeitei,151,0
11072,Ġgasped,151,0
11074,Ġpossessed,151,0
11075,Ġcontrary,151,0
11076,Ġashore,151,0
11079,Ġconstitutional,151,0
11082,ĠAffairs,151,0
11083,ĠFollowing,151,0
11084,ĠHitler,151,0
6842,ĠFC,150,0
6896,ĠMission,150,0
8095,Ġinstitution,150,0
10153,Ġplanet,150,0
10817,Ġchum,150,0
11091,Ġbegged,150,0
11104,Ġterribly,150,0
11112,Ġphysicians,150,0
11114,ĠGarth,150,0
11115,Ġcalculated,150,0
11116,ĠChapel,150,0
11121,ĠAegean,150,0
10856,ĠNile,149,0
11136,Ġuniverse,149,0
11138,Ġimposing,149,0
11146,Ġdealt,149,0
11149,Ġrepresenting,149,0
11150,Ġprojections,149,0
11151,Ġsettlers,149,0
11159,Ġbombing,149,0
11163,ĠUsing,149,0
11164,Ġinvolvement,149,0
11166,ĠUntil,149,0
11168,ĠDevering,149,0
10881,";""",148,0
11173,Ġwage,148,0
11191,Ġdeficit,148,0
11193,ĠConrad,148,0
11195,Ġruling,148,0
11199,Ġversions,148,0
11200,Ġpromptly,148,0
11202,ĠRuthven,148,0
11204,ĠBorden,148,0
4716,St,147,0
11218,Ġseldom,147,0
11221,ĠGOP,147,0
11232,ĠUnlike,147,0
11233,Ġthoughtfully,147,0
11238,Ġbehalf,147,0
11241,Ġpromoted,147,0
11244,ĠXIV,147,0
11246,Ġforgive,147,0
11247,ĠGrande,147,0
11249,ĠMartinique,147,0
11250,Ġaccordance,147,0
3029,Ġremark,146,0
8337,Ġintent,146,0
10642,Ġpremature,146,0
10772,Class,146,0
11271,Ġdislike,146,0
11273,Ġrelating,146,0
11274,Ġfarms,146,0
11276,Ġreadily,146,0
11278,Ġcommunicate,146,0
11281,Ġ1929,146,0
11284,Ġpriority,146,0
11286,Ġadjustment,146,0
11287,Ġevaluate,146,0
11288,Ġcarriers,146,0
11291,Ġnitrogen,146,0
11292,Ġbargain,146,0
11293,ĠLibrary,146,0
7139,ĠRuth,145,0
7903,Ġsin,145,0
8482,Ġsurprising,145,0
8557,Ġrevolution,145,0
8629,Ġregret,145,0
9267,Ġkeen,145,0
10204,four,145,0
10638,Ġmistress,145,0
11298,_;,145,0
11312,Ġnowadays,145,0
11315,Ġacres,145,0
11321,Ġhumor,145,0
11324,Ġ1965,145,0
11327,Ġcomplain,145,0
11331,Ġimmigration,145,0
11334,ĠBuilding,145,0
11335,Ġimplications,145,0
11336,ĠTwenty,145,0
11339,ĠGreeks,145,0
11341,Ġdivorced,145,0
11342,Ġinstitutions,145,0
11346,ĠShiloh,145,0
4029,Ġneighbor,144,0
9736,ĠMalay,144,0
10540,ĠSay,144,0
11363,ĠHUD,144,0
11370,ĠLane,144,0
11375,Ġwhatsoever,144,0
11380,Ġowns,144,0
11386,ĠPerth,144,0
11389,ĠDoubs,144,0
4679,Ġproceed,143,0
8862,idae,143,0
9729,Ġintend,143,0
11410,ĠNascanora,143,0
11412,Ġanyhow,143,0
11413,Ġspy,143,0
11424,ĠCanal,143,0
11427,Ġ1934,143,0
11428,Ġ1939,143,0
11429,Ġcivilization,143,0
11430,Ġdisappointment,143,0
11437,Ġeliminated,143,0
11438,Ġearnestly,143,0
9124,Ġadopt,142,0
11153,ĠCapital,142,0
11454,Ġweary,142,0
11470,Ġassurance,142,0
11471,Ġfinancing,142,0
11473,Ġproducing,142,0
11475,Ġpublicly,142,0
11480,Ġestablishing,142,0
11482,Ġcorporations,142,0
11483,Ġintegrity,142,0
4074,Ġretire,141,0
5213,Ġcritic,141,0
11490,:--,141,0
11491,such,141,0
11509,Ġpoems,141,0
11513,Ġdeficits,141,0
11516,Ġtransaction,141,0
11517,Ġvolumes,141,0
11520,Ġdependent,141,0
11527,Ġconsequence,141,0
11529,Ġemphasis,141,0
11530,Ġforbidden,141,0
11533,ĠLieutenant,141,0
11534,Ġrelieved,141,0
10285,Ġgenuine,140,0
10551,Ġvital,140,0
11559,Ġfiring,140,0
11575,Ġ1946,140,0
11582,ĠResults,140,0
11586,Ġlitigation,140,0
11592,ĠSaxony,140,0
11593,Ġintellectual,140,0
11595,Ġfrescoes,140,0
11596,ĠCochran,140,0
11597,ĠNATO,140,0
9708,Ġparliament,139,0
11283,ĠMilan,139,0
11600,Ġwaved,139,0
11601,Ġbonds,139,0
11626,ĠClara,139,0
11627,ĠEdric,139,0
11630,Ġpractically,139,0
11633,Ġmercy,139,0
11640,Ġagreements,139,0
11641,ĠStudies,139,0
11644,Ġdiscounts,139,0
11645,Ġsuspicious,139,0
11648,ĠDefense,139,0
11649,Ġintelligent,139,0
11652,Ġadmiration,139,0
7236,May,138,0
11673,ĠNewman,138,0
11674,Ġrequiring,138,0
11677,Ġapprove,138,0
11678,ĠManhattan,138,0
11679,Ġauditing,138,0
11680,ĠBaroque,138,0
11681,Ġjoining,138,0
11683,ĠSergeant,138,0
11686,Ġlosses,138,0
11691,Ġoccasions,138,0
11692,Ġcadets,138,0
11694,Ġinquiry,138,0
11695,ĠBauerstein,138,0
4557,Ġrecommend,137,0
8226,Ġconscious,137,0
9602,Ġchronic,137,0
11699,Because,137,0
11711,ĠMember,137,0
11712,ĠMWe,137,0
11731,Ġdefine,137,0
11734,ĠGermans,137,0
11738,Ġarmies,137,0
11741,Ġwelcomed,137,0
11744,ĠTopham,137,0
11748,Ġunemployment,137,0
11750,ĠMoore,137,0
9126,ĠJacob,136,0
10907,Ġprovision,136,0
11756,hour,136,0
11777,Ġthemes,136,0
11789,Ġ1963,136,0
11791,ĠPorto,136,0
11792,Ġutmost,136,0
11794,Ġearnings,136,0
11799,ĠNOx,136,0
11800,ĠNorman,136,0
11802,ĠCairo,136,0
11803,Atlantique,136,0
10947,ĠKi,135,0
11023,Ġexecution,135,0
11816,ĠPolly,135,0
11817,Ġfrowned,135,0
11824,Ġroar,135,0
11831,Ġwherever,135,0
11834,Ġpublications,135,0
11839,Ġmonthly,135,0
11841,Ġ[_,135,0
11844,Ġ1941,135,0
11846,ĠEloise,135,0
11848,Ġrespected,135,0
11850,Ġthreats,135,0
11851,Ġcollecting,135,0
11854,Ġtombs,135,0
11857,ĠChapter,135,0
11859,Ġcontroversial,135,0
11861,Ġsubsequent,135,0
11862,Ġregistered,135,0
11864,Ġunnecessary,135,0
11865,ĠAnthony,135,0
9789,Ġrecover,134,0
10777,ĠCould,134,0
11433,Ġspiritual,134,0
11452,Ġlists,134,0
11866,%.,134,0
11893,Ġcrept,134,0
11896,ĠHarwood,134,0
11899,ĠGAGAS,134,0
11904,Ġmistakes,134,0
11906,Ġmaintaining,134,0
11907,Ġimagination,134,0
11911,Ġlieutenant,134,0
11913,Ġnovels,134,0
11914,Ġinterviews,134,0
11915,Ġrenamed,134,0
11917,ĠOsaka,134,0
11919,ĠBarnes,134,0
1379,ĠJap,133,0
5455,ĠNor,133,0
6315,ĠBern,133,0
7145,Ġearnest,133,0
10833,ĠMeg,133,0
11928,Ġsighed,133,0
11946,Ġjolly,133,0
11947,Ġaloud,133,0
11953,ĠAdam,133,0
11957,Ġeconomists,133,0
11958,Ġcolleges,133,0
11960,ĠWithin,133,0
11963,Ġ1949,133,0
11964,Ġindustries,133,0
11965,Ġremarks,133,0
11968,Ġbriefly,133,0
11972,Ġdetermining,133,0
11976,Ġmoderate,133,0
11979,ĠBourgogne,133,0
10279,ĠCzech,132,0
10786,Ġretain,132,0
11989,ĠAround,132,0
11994,ĠNema,132,0
11999,Ġcontributed,132,0
12002,ĠArchie,132,0
12003,Ġdiscrimination,132,0
12004,Ġstatistical,132,0
12009,Ġscenarios,132,0
12010,Ġexclusively,132,0
12013,Ġpursued,132,0
12014,ĠMacau,132,0
12015,ĠCommunist,132,0
12016,ĠMurray,132,0
12017,ĠLarry,132,0
12018,ĠWhether,132,0
12019,Ġswiftly,132,0
12021,Ġshifted,132,0
12022,Ġdismissed,132,0
12025,Comt,132,0
10322,Ġhelpless,131,0
10836,Ġdespair,131,0
11544,Ġwins,131,0
11561,ĠAlong,131,0
11591,ĠRhodes,131,0
12045,ĠCrete,131,0
12049,Ġrating,131,0
12066,Ġsuggestions,131,0
12067,Ġdeadly,131,0
12068,Ġaffects,131,0
12071,Ġcampaigns,131,0
12072,Ġachieving,131,0
12073,ĠDanes,131,0
12074,Ġpursue,131,0
12084,Ġsteadily,131,0
12086,Ġencounter,131,0
12087,Ġaerobics,131,0
8098,Ġvalid,130,0
10467,ĠKashmir,130,0
11194,Ġ120,130,0
12107,ĠNelson,130,0
12109,Ġvs,130,0
12110,Ġsailed,130,0
12113,Ġdownstairs,130,0
12118,Ġprogramming,130,0
12121,Ġadvise,130,0
12122,Ġprotests,130,0
12125,Ġrulers,130,0
12127,ĠWarner,130,0
12130,Ġinfluences,130,0
12133,Ġheroes,130,0
12136,._],130,0
12143,ĠVenetian,130,0
12154,Ġleaped,129,0
12157,Ġunified,129,0
12162,Ġcostly,129,0
12163,Ġcharm,129,0
12167,ĠHarvard,129,0
12169,Ġaccountable,129,0
12171,ĠMeiji,129,0
12172,Ġ1931,129,0
12173,Ġ1933,129,0
12174,Ġemerged,129,0
12175,Ġgrief,129,0
12176,Ġrecommendation,129,0
12177,Ġfeedback,129,0
12184,Ġnomination,129,0
12188,Ġvoyage,129,0
12190,ĠIstanbul,129,0
11863,Ġexpansion,128,0
12206,"Ġ""_",128,0
12208,ĠNBC,128,0
12217,Ġincidents,128,0
12219,ĠMartha,128,0
12223,Ġenjoyable,128,0
12226,Ġproductive,128,0
12230,ĠSingapore,128,0
12231,ĠPrograms,128,0
12233,Ġwebsites,128,0
12238,Ġindicates,128,0
12240,Ġoverseas,128,0
12241,ĠOpera,128,0
12242,Ġpardon,128,0
12243,ĠWTP,128,0
12245,ĠGuadalcanal,128,0
10038,Ġthunder,127,0
11280,Ġabsent,127,0
12253,Your,127,0
12277,Ġwhereas,127,0
12280,Ġpreserve,127,0
12285,Ġprofits,127,0
12288,Ġawhile,127,0
12294,ĠDrusie,127,0
12295,Ġcommanded,127,0
12297,Ġinstallations,127,0
12304,Ġwidow,127,0
12306,ĠHondura,127,0
12308,Franche,127,0
12309,Ġimpeachment,127,0
12310,ĠNettie,127,0
9118,Ġwarn,126,0
11224,ĠHeaven,126,0
11918,Ġguarantee,126,0
12321,Ġreferences,126,0
12336,Ġthanked,126,0
12338,Ġflashed,126,0
12339,ĠAshati,126,0
12340,Ġregards,126,0
12351,Ġmemories,126,0
12354,Ġfailing,126,0
12355,Ġdiscusses,126,0
12358,Ġexecuted,126,0
12363,Ġincorporated,126,0
12365,Ġdiscipline,126,0
12367,Ġcautiously,126,0
10248,Ġharsh,125,0
10341,Go,125,0
12379,Ġloyal,125,0
12380,Ġheap,125,0
12386,Ġranks,125,0
12396,Ġpresidency,125,0
12404,Ġstatutory,125,0
12405,Ġtransactions,125,0
12408,ĠTrade,125,0
12413,Ġcrucial,125,0
12414,Ġdeny,125,0
12415,Ġpunished,125,0
12416,Ġqualities,125,0
12419,ĠKhan,125,0
12420,ĠHamilton,125,0
12421,Ġtrends,125,0
12423,ĠRyan,125,0
8102,Ġuncertain,124,0
10766,Ġunfair,124,0
10891,Ġsultan,124,0
11484,Ġeditorial,124,0
11639,Ġtelegram,124,0
12441,Ġdated,124,0
12443,ĠMoors,124,0
12450,Ġenable,124,0
12453,Ġafterward,124,0
12457,Ġplanets,124,0
12460,Ġeconomically,124,0
12461,Ġmarketing,124,0
12463,Ġpalaces,124,0
12468,Ġsupplied,124,0
12470,Ġenthusiasm,124,0
12471,ĠKathmandu,124,0
12472,Ġmunicipalities,124,0
12473,Ġprosperity,124,0
12475,ĠGandhi,124,0
12476,Ġboutiques,124,0
12477,ĠPrudie,124,0
12478,ĠHavana,124,0
3611,more,123,0
5629,ĠRev,123,0
9504,ĠWeek,123,0
11356,Ġfatal,123,0
12482,One,123,0
12502,Ġagony,123,0
12503,ĠStark,123,0
12509,Ġsnapped,123,0
12516,Ġcorruption,123,0
12519,Ġhistorians,123,0
12522,Ġhosts,123,0
12524,Ġ1928,123,0
12525,Ġrapier,123,0
12527,Ġconvince,123,0
12530,Ġcriticism,123,0
12531,ĠWallace,123,0
12532,Ġseverely,123,0
12535,Ġinnovative,123,0
12538,ĠDiego,123,0
11357,Ġhollow,122,0
11425,Ġabsurd,122,0
12540,"""),",122,0
12546,Ġwives,122,0
12551,ĠCape,122,0
12570,Ġreserved,122,0
12575,Ġpolite,122,0
12578,Ġpopulations,122,0
12579,Ġmarched,122,0
12581,Ġsimulation,122,0
12582,ĠSprings,122,0
12584,Ġburial,122,0
12586,Ġsolutions,122,0
12587,Ġpublish,122,0
12590,ĠPalais,122,0
12595,Ġreveal,122,0
12598,ĠMissionary,122,0
12600,Ġfavourite,122,0
12602,Ġrevenues,122,0
12603,ĠEntertainment,122,0
12604,ĠAICPA,122,0
11698,300,121,0
11783,Ġdefence,121,0
12302,ĠRandall,121,0
12608,Huh,121,0
12628,ĠGive,121,0
12637,ĠNewton,121,0
12647,Ġmembership,121,0
12650,Ġcreates,121,0
12651,Ġtrusted,121,0
12652,Ġawareness,121,0
12655,Ġminority,121,0
12657,ĠSelwyn,121,0
12658,ĠBonnet,121,0
12659,Ġdistinctly,121,0
12660,ĠProtection,121,0
12661,Ġtrauma,121,0
12662,ĠNevertheless,121,0
12664,ĠBarnum,121,0
12666,Ġanticipated,121,0
12670,ĠMamie,121,0
12671,ĠConnecticut,121,0
12672,Ġplunged,121,0
12673,Ġvolcanic,121,0
12674,ĠHastings,121,0
807,du,120,0
6369,Ġutter,120,0
7472,Ġconstitution,120,0
8131,ĠCall,120,0
8756,Ġtch,120,0
9791,ĠAlger,120,0
11155,Ġsavage,120,0
11755,Will,120,0
12322,Ġyer,120,0
12342,Ġstrain,120,0
12677,Look,120,0
12707,Ġyearly,120,0
12710,Ġdistinction,120,0
12713,Ġhorrid,120,0
12719,Ġtraditions,120,0
12721,ĠNebraska,120,0
12723,Ġ1936,120,0
12724,Ġobserve,120,0
12727,Ġcollapse,120,0
12729,Ġcommerce,120,0
12731,Ġproceedings,120,0
12734,Ġterritories,120,0
12735,Ġracial,120,0
12736,Ġdemonstrated,120,0
12737,ĠDarius,120,0
12738,Ġratio,120,0
12739,Ġscreamed,120,0
12740,Ġterrific,120,0
12742,Ġgratitude,120,0
12744,Ġprivilege,120,0
12745,Ġcomposer,120,0
12746,Ġsymptoms,120,0
12748,ĠMerriman,120,0
12752,ĠBedrulbudour,120,0
7690,Ġswift,119,0
12281,Ġruin,119,0
12349,ĠCarroll,119,0
12759,Ġawe,119,0
12764,Ġhaste,119,0
12765,Ġdaring,119,0
12780,Ġresident,119,0
12784,Ġevenings,119,0
12785,Ġassure,119,0
12791,Ġreplacement,119,0
12793,Ġfailures,119,0
12794,Ġinflation,119,0
12795,ĠGenoa,119,0
12796,Ġ1938,119,0
12797,Ġmethodology,119,0
12800,Ġconducting,119,0
12801,Ġconsisted,119,0
12803,Thank,119,0
12807,Ġgalleys,119,0
12808,Ġconservatives,119,0
12812,Ġcertification,119,0
12813,Ġeliminate,119,0
12814,ĠRichardson,119,0
12815,ĠHolocaust,119,0
12817,ĠRonald,119,0
12819,Ġdisturbed,119,0
12820,ĠLisbon,119,0
12821,Ġfacilitate,119,0
12822,Ġprotocols,119,0
12824,ĠFlexibility,119,0
12825,ĠStewart,119,0
4103,Ġdemon,118,0
8973,ĠFund,118,0
9835,ĠCurrent,118,0
10144,ĠRule,118,0
12237,ĠForest,118,0
12826,""";",118,0
12827,.[,118,0
12828,called,118,0
12832,Ġsiege,118,0
12834,Ġlacking,118,0
12838,Ġstrychnine,118,0
12839,ĠCelia,118,0
12863,Ġawfully,118,0
12864,Ġclassification,118,0
12866,ĠCountry,118,0
12868,Ġhearings,118,0
12869,ĠPresently,118,0
12871,Ġappearances,118,0
12872,ĠSanto,118,0
12873,Ġtends,118,0
12876,Ġintroduce,118,0
12878,ĠKevin,118,0
12879,Ġintegrated,118,0
12882,Ġdescended,118,0
12883,Ġemotional,118,0
12885,ĠFederation,118,0
6269,Ġresist,117,0
8615,Ġweakness,117,0
10538,ĠTry,117,0
11562,ĠAlcohol,117,0
12239,Ġrevenge,117,0
12890,when,117,0
12895,Ġwounds,117,0
12901,Ġdominated,117,0
12904,Ġbeings,117,0
12909,ĠPage,117,0
12911,ĠFanny,117,0
12921,ĠAli,117,0
12922,Ġretained,117,0
12924,Ġrestore,117,0
12927,Ġ600,117,0
12932,Ġdiscussions,117,0
12934,Ġdispute,117,0
12938,ĠHighway,117,0
12939,Ġagrees,117,0
12940,Ġpriorities,117,0
12943,Ġadvocates,117,0
12944,ĠMallory,117,0
12945,Ġbustling,117,0
12947,Ġuncertainty,117,0
12953,ĠChairman,117,0
12954,ĠHCFA,117,0
12955,ĠSaddam,117,0
2062,though,116,0
12966,Ġcure,116,0
12976,ĠNeram,116,0
12992,ĠForrest,116,0
12996,Ġgenerate,116,0
12998,ĠHeritage,116,0
13001,Ġsolved,116,0
13002,Ġadmission,116,0
13004,Ġ1937,116,0
13008,Ġmischief,116,0
13009,Ġarguments,116,0
13010,ĠDemocrat,116,0
13013,ĠAppendix,116,0
13014,Ġcorporation,116,0
13015,Ġintegration,116,0
13016,ĠEvans,116,0
13018,Ġcriticized,116,0
13022,Ġgraduating,116,0
13023,Ġdelayed,116,0
13026,ĠPayne,116,0
13027,Ġtastes,116,0
13028,Ġretrofits,116,0
13030,Ġtrembling,116,0
2569,ĠMal,115,0
4450,Ġpossess,115,0
11967,ĠControl,115,0
13040,Ġpension,115,0
13052,Ġcomply,115,0
13053,Ġquoted,115,0
13062,Ġ1953,115,0
13067,Ġphysician,115,0
13071,Ġprevented,115,0
13072,ĠArabs,115,0
13074,Ġmeasurement,115,0
13075,Ġachievement,115,0
13077,Ġ1870,115,0
13079,Ġprotested,115,0
13080,Ġchallenging,115,0
13081,ĠBuddhism,115,0
13082,Ġranked,115,0
13084,Ġbothered,115,0
13085,ĠMarshall,115,0
1843,ĠPh,114,0
9447,Ġsorrow,114,0
11628,ĠManipur,114,0
13093,Ġtension,114,0
13111,Ġattestation,114,0
13115,ĠClavering,114,0
13121,Ġexploring,114,0
13123,Ġbeneficial,114,0
13126,Ġnonprofit,114,0
13128,ĠInternal,114,0
13131,Ġ1927,114,0
13132,Ġconviction,114,0
13133,ĠSyria,114,0
13134,Ġpredicted,114,0
13137,Ġentertaining,114,0
13143,Ġoxide,114,0
13148,Ġguaranteed,114,0
13150,Ġexpertise,114,0
13153,Ġapologize,114,0
13154,Ġmortgage,114,0
13156,ĠBrooklyn,114,0
4172,Ġinstall,113,0
12364,ĠJefferson,113,0
12480,By,113,0
12496,ĠMars,113,0
12633,Ġclan,113,0
13158,Have,113,0
13161,because,113,0
13170,Ġdanced,113,0
13184,ĠNIPA,113,0
13185,ĠGraham,113,0
13191,Ġspecially,113,0
13193,ĠAnna,113,0
13199,ĠAthens,113,0
13200,Ġmining,113,0
13202,Ġlegacy,113,0
13205,ĠAmritsar,113,0
13209,ĠNobel,113,0
13212,Ġprayers,113,0
13219,Ġexceedingly,113,0
13224,Ġodds,113,0
13226,Ġvulnerable,113,0
13227,ĠWWE,113,0
5511,ĠSecret,112,0
9066,Ġconfess,112,0
9874,Ġdies,112,0
12252,Or,112,0
12334,Ġfears,112,0
13237,Ġsinking,112,0
13238,Ġcited,112,0
13244,ĠManchester,112,0
13251,ĠGary,112,0
13254,Ġcompelled,112,0
13255,Ġaltered,112,0
13258,Ġresumed,112,0
13259,Ġimpose,112,0
13262,Ġrelate,112,0
13263,Ġhomeland,112,0
13266,Ġcharity,112,0
13268,Ġbehave,112,0
13273,Ġpromises,112,0
13277,Ġeighth,112,0
13280,Ġhonored,112,0
13281,Ġcomplaints,112,0
13285,Ġdoubtless,112,0
13291,Ġlegislature,112,0
13294,ĠMedicaid,112,0
13296,Ġdramatically,112,0
13297,Ġprofitable,112,0
13298,Ġdemocratic,112,0
13302,Ġnarrative,112,0
13304,Ġweaknesses,112,0
13311,Ġequivalent,112,0
13312,ĠAggie,112,0
13313,Ġfictional,112,0
9875,ĠSure,111,0
10142,ĠNord,111,0
11733,ĠBengal,111,0
12597,ĠLucas,111,0
12792,ĠOrthodox,111,0
13321,Ġhath,111,0
13322,Ġbeasts,111,0
13331,Ġtraces,111,0
13337,Ġconscience,111,0
13338,Ġmetres,111,0
13341,ĠConway,111,0
13342,ĠGrace,111,0
13347,ĠCongressional,111,0
13349,Ġnecessity,111,0
13350,ĠReserve,111,0
13351,Ġevaluated,111,0
13353,Ġanxiously,111,0
13360,Ġseventeen,111,0
13362,ĠPlayStation,111,0
13367,Ġemotions,111,0
13368,ĠBarbara,111,0
13369,ĠMichelangelo,111,0
13370,Ġarchaeological,111,0
13373,ĠGabriel,111,0
13376,ĠIllustrated,111,0
13379,ĠChatterbox,111,0
1657,ology,110,0
2378,ability,110,0
3791,just,110,0
9290,Ġtoxic,110,0
11171,hearted,110,0
12264,ĠDim,110,0
13389,Ġtapes,110,0
13390,including,110,0
13395,Ġhiring,110,0
13397,Ġere,110,0
13406,Ġoutstanding,110,0
13408,"Ġ(),",110,0
13410,Ġintake,110,0
13411,Ġ1900,110,0
13412,ĠStyles,110,0
13414,Ġperceived,110,0
13424,Ġacquire,110,0
13430,Ġincentive,110,0
13431,Ġsequel,110,0
13437,Ġabundant,110,0
13438,ĠIndependence,110,0
13440,Ġabruptly,110,0
13443,ĠMoorish,110,0
12702,Ġappendix,109,0
13036,Never,109,0
13445,movie,109,0
13456,"Ġ""""",109,0
13459,Ġchannels,109,0
13461,ĠRights,109,0
13466,Ġtimely,109,0
13468,ĠChanges,109,0
13472,Ġinvite,109,0
13473,Ġsecurities,109,0
13474,Ġopens,109,0
13481,Ġallowance,109,0
13484,ĠQuality,109,0
13486,Ġmissions,109,0
13488,Ġfurious,109,0
13491,Ġhostile,109,0
13494,Ġshouts,109,0
13495,Ġensuring,109,0
13496,Ġinvestigate,109,0
13497,Ġcheerfully,109,0
13499,Ġsubmission,109,0
13500,ĠTokugawa,109,0
13504,Ġsubsidy,109,0
13505,Ġmanufacturers,109,0
13506,Ġdoubts,109,0
13507,Ġpronounced,109,0
13508,Ġconsciousness,109,0
13509,ĠLangridge,109,0
13511,Ġprohibited,109,0
6508,Ġexceed,108,0
7692,Ġfavour,108,0
10384,funded,108,0
12185,ĠNatural,108,0
13513,.=,108,0
13520,Ġtune,108,0
13525,Ġpiazza,108,0
13527,Ġgaining,108,0
13553,ĠShiva,108,0
13555,Ġgenerated,108,0
13560,Ġ1935,108,0
13561,Ġcharacteristic,108,0
13566,Ġcredibility,108,0
13574,Ġneighborhoods,108,0
13575,ĠHadley,108,0
13583,Ġchateau,108,0
1757,ĠCol,107,0
4314,burg,107,0
11590,Ġenhance,107,0
11676,Ġsitcom,107,0
11922,ĠTaiwan,107,0
12711,Ġgenius,107,0
13593,Ġwidespread,107,0
13594,Ġowe,107,0
13608,ĠRio,107,0
13611,Ġvon,107,0
13615,Ġworkforce,107,0
13616,Ġspared,107,0
13621,Ġdiffer,107,0
13623,ĠRevenue,107,0
13625,Ġrefuses,107,0
13626,Ġformidable,107,0
13627,Ġparticles,107,0
13631,Ġavailability,107,0
13634,Ġconsiderably,107,0
13636,Ġpublishing,107,0
13637,Ġexclusive,107,0
13638,ĠPalazzo,107,0
13640,Ġmeantime,107,0
13643,Ġreferring,107,0
13644,Ġconsistently,107,0
13645,Ġstruggled,107,0
13646,Ġoccupation,107,0
13650,Ġautomatically,107,0
13651,Ġexplanations,107,0
13653,ĠIranian,107,0
13655,Ġgreeted,107,0
13656,ĠPalestine,107,0
13662,Ġenacted,107,0
13663,ĠVenezuela,107,0
13664,Ġfootsteps,107,0
2276,Ġcult,106,0
5646,ĠHolly,106,0
11770,ĠHank,106,0
11926,his,106,0
13679,ĠCousin,106,0
13689,Ġflushed,106,0
13693,Ġneedn,106,0
13694,Ġthoughtful,106,0
13697,Ġlocally,106,0
13699,Ġfactories,106,0
13701,Ġvaluation,106,0
13702,Ġsentenced,106,0
13704,Ġtraders,106,0
13706,Ġ1932,106,0
13714,Ġconnections,106,0
13715,Ġassessments,106,0
13716,Ġlacks,106,0
13719,Ġaccurately,106,0
13721,Ġwitnesses,106,0
13722,Ġboiler,106,0
13723,ĠSolomon,106,0
13726,Ġdistinguished,106,0
13727,Ġcontroversy,106,0
13728,Ġinterfere,106,0
13730,GAO,106,0
13731,ĠHartley,106,0
13732,Ġcompromise,106,0
13734,Billboard,106,0
6497,ĠEs,105,0
9105,ĠTar,105,0
11066,Ġdealers,105,0
13380,ĠShakespeare,105,0
13738,Tell,105,0
13744,Ġports,105,0
13746,Ġpushes,105,0
13768,Ġresigned,105,0
13775,Ġfounding,105,0
13779,Ġrevised,105,0
13780,ĠPrice,105,0
13782,ĠGerhart,105,0
13785,Ġworthless,105,0
13786,Ġdeclare,105,0
13790,Ġassociations,105,0
13791,Ġsupposedly,105,0
13793,Ġassessing,105,0
13794,Ġsensible,105,0
13795,Ġbias,105,0
13797,Ġtemperatures,105,0
13798,Ġmosaics,105,0
13799,ĠHawkins,105,0
13800,Ġtraditionally,105,0
13801,Ġdebuted,105,0
13802,Ġtranslated,105,0
13805,ĠConstantinople,105,0
13806,Ġdignity,105,0
13807,Ġechoed,105,0
13808,Ġdatabase,105,0
13810,Ġrenowned,105,0
13811,ĠHORATIA,105,0
13032,Ġfundamental,104,0
13826,ĠSaul,104,0
13850,Ġinvitation,104,0
13860,minute,104,0
13863,Ġvariable,104,0
13866,ĠJanet,104,0
13868,ĠWestenra,104,0
13873,Ġdisposed,104,0
13885,Ġmandate,104,0
13887,ĠPeninsula,104,0
13888,ĠCarey,104,0
13893,ĠEqual,104,0
13894,Ġwisdom,104,0
13896,Perhaps,104,0
13900,Ġawoke,104,0
1442,den,103,0
13024,Ġdistinguish,103,0
13901,Miss,103,0
13902,See,103,0
13917,Ġforum,103,0
13926,ĠRather,103,0
13928,Ġallies,103,0
13932,Ġusage,103,0
13936,ĠVIII,103,0
13937,Ġbrute,103,0
13939,ĠIsn,103,0
13944,Ġmerger,103,0
13945,Ġacceptance,103,0
13949,ĠSenator,103,0
13950,Ġaccordingly,103,0
13952,ĠPauline,103,0
13953,Ġreformed,103,0
13956,Ġmeaningful,103,0
13957,Ġessentially,103,0
13960,Ġsatisfy,103,0
13961,Ġconcentrations,103,0
13962,Ġobtaining,103,0
13963,Ġdemonstrate,103,0
13972,Ġcatalyst,103,0
13973,ĠPittsburgh,103,0
10381,ĠMuhammad,102,0
11931,org,102,0
13979,Ġbade,102,0
13988,ĠBishop,102,0
13994,ĠNara,102,0
13995,ĠNye,102,0
13997,ĠGSA,102,0
14004,ĠThompson,102,0
14008,ĠVII,102,0
14009,Ġresolve,102,0
14016,Ġcapita,102,0
14017,Ġearning,102,0
14020,Ġinspiration,102,0
14023,Ġnorthwestern,102,0
14026,Ġpropose,102,0
14027,Ġtraded,102,0
14042,Ġinhabited,102,0
14043,Ġsufficiently,102,0
14044,Ġownership,102,0
14045,Ġreminded,102,0
14049,Ġignorant,102,0
14050,Ġrebellion,102,0
14051,ĠEvaluation,102,0
14052,ĠBridget,102,0
14053,Ġpollutants,102,0
14054,ĠInitiative,102,0
14055,ĠAlternative,102,0
14056,ĠWrestling,102,0
33,=,101,0
6113,Ġbless,101,0
11704,Ġauction,101,0
13550,Ġsuburb,101,0
14065,Ġcodes,101,0
14075,ĠFalls,101,0
14077,ĠRate,101,0
14078,ĠJura,101,0
14083,Ġarise,101,0
14086,Ġamusing,101,0
14088,ĠMarion,101,0
14097,Ġeconomist,101,0
14098,Ġheartily,101,0
14099,Ġwonders,101,0
14101,Ġpostage,101,0
14102,Ġreviewing,101,0
14106,Ġfearful,101,0
14107,ĠComptroller,101,0
14108,Ġscarce,101,0
14109,Ġsensation,101,0
14110,Ġstorms,101,0
14113,Ġappreciated,101,0
14115,ĠMosque,101,0
14119,Ġupdated,101,0
14121,Ġkilometers,101,0
6968,Ġpredict,100,0
11790,Ġdivide,100,0
11930,Ġfuss,100,0
13069,ĠStein,100,0
13557,Ġmerit,100,0
13690,Ġguilt,100,0
14130,Ġpains,100,0
14131,Ġhalt,100,0
14139,ĠRory,100,0
14143,ĠStadium,100,0
14147,Ġunderlying,100,0
14154,Ġconsent,100,0
14156,Ġsubstitute,100,0
14158,Ġpayroll,100,0
14159,ĠShopping,100,0
14161,Ġcuriously,100,0
14163,Ġreadiness,100,0
14166,ĠAllied,100,0
14168,ĠOrton,100,0
14169,ĠSevern,100,0
14173,Ġjudged,100,0
14178,ĠMadonna,100,0
14181,Ġbreathed,100,0
14183,Ġdocumentary,100,0
14184,ĠMilosevic,100,0
14187,Ġobligation,100,0
14188,Ġanalyzed,100,0
14189,Ġmechanisms,100,0
14190,ĠUsually,100,0
14191,ĠUpon,100,0
14195,Ġdesperately,100,0
14201,Ġevolutionary,100,0
14202,Ġfertile,100,0
14203,ĠIndonesia,100,0
14206,Ġvoluntary,100,0
14207,Ġdeemed,100,0
14210,ĠSciences,100,0
14211,ĠSierra,100,0
12564,ĠJay,99,0
12699,Ġoffset,99,0
12823,oriented,99,0
13391,Ġwander,99,0
13755,Ġko,99,0
14213,2000,99,0
14214,even,99,0
14239,ĠJason,99,0
14242,Ġalliance,99,0
14245,Ġnoisy,99,0
14252,ĠVBA,99,0
14254,ĠWere,99,0
14260,ĠReed,99,0
14261,Ġbreach,99,0
14268,ĠExchange,99,0
14275,ĠSundays,99,0
14277,Ġhunted,99,0
14279,Ġachievements,99,0
14283,Ġabsorbed,99,0
14286,Ġpersuaded,99,0
14289,Ġtransformed,99,0
14292,Ġrendered,99,0
14294,ĠBangladesh,99,0
14297,ĠDuchess,99,0
8300,ĠPa,98,0
14315,Ġtoads,98,0
14324,Ġjokes,98,0
14332,Ġcommenced,98,0
14335,Ġdeciding,98,0
14342,Ġprobability,98,0
14347,ĠEnglishman,98,0
14348,Ġportrayed,98,0
14349,ĠKingston,98,0
14353,Ġtendency,98,0
14355,Ġcolonies,98,0
14356,ĠChicasa,98,0
14358,Ġadvantages,98,0
14359,Ġobservations,98,0
14363,ĠSarah,98,0
14364,ĠKnights,98,0
14366,Ġgrinned,98,0
14369,Ġappetite,98,0
14371,ĠGauve,98,0
2895,ship,97,0
14384,Ġashes,97,0
14400,Ġmonetary,97,0
14402,Ġvalued,97,0
14404,ĠYorker,97,0
14408,Ġjudicial,97,0
14412,Ġquarrel,97,0
14413,ĠMorgan,97,0
14414,Ġqualify,97,0
14417,ĠGeorgian,97,0
14419,Ġconquest,97,0
14422,ĠRobin,97,0
14423,Ġratings,97,0
14425,ĠBecket,97,0
14426,Ġclinical,97,0
14427,ĠCuban,97,0
14428,Ġboilermakers,97,0
14429,Ġenterprise,97,0
11615,Ġsober,96,0
13510,Ġsurrender,96,0
13889,ĠRemember,96,0
14448,ĠMRS,96,0
14450,ĠHap,96,0
14453,Ġmanners,96,0
14459,Ġunaware,96,0
14460,Ġjustified,96,0
14465,Ġfoes,96,0
14469,Ġconsiders,96,0
14470,Ġdrowned,96,0
14473,Ġminers,96,0
14475,ĠJonathan,96,0
14485,Ġdivisions,96,0
14487,Ġdeclining,96,0
14488,Ġproperties,96,0
14489,ĠAustin,96,0
14490,ĠRussians,96,0
14491,Ġimpacted,96,0
14494,Ġarguing,96,0
14497,ĠAcid,96,0
14501,Ġrepeatedly,96,0
14502,Ġevaluations,96,0
14503,Ġlimitations,96,0
14504,ĠEsther,96,0
14506,Ġdescendants,96,0
14508,Ġmythology,96,0
14509,Ġengagements,96,0
14510,Ġancestors,96,0
14511,Ġwandered,96,0
14512,Ġacquaintance,96,0
14513,ĠWayne,96,0
14516,ĠJoyce,96,0
14517,Ġvicinity,96,0
4253,ĠBel,95,0
7519,ĠRaj,95,0
9913,Ġinstinct,95,0
13840,ĠJava,95,0
14025,ĠBlake,95,0
14518,June,95,0
14535,Ġdangers,95,0
14546,Ġrats,95,0
14548,Ġdeed,95,0
14561,Ġdeserves,95,0
14567,Ġpope,95,0
14569,Ġcompletion,95,0
14574,Ġparish,95,0
14581,Ġsalaries,95,0
14583,Ġcomplained,95,0
14586,Ġdemanding,95,0
14587,Ġinfluential,95,0
14588,ĠRomanesque,95,0
14592,Ġreferral,95,0
14593,ĠAccordingly,95,0
14598,ĠMontreal,95,0
14601,Ġdeparted,95,0
14604,ĠHindus,95,0
14606,ĠWorks,95,0
14607,Ġsuspicions,95,0
14611,Ġpermanently,95,0
14612,ĠTyler,95,0
14613,ĠSuppose,95,0
14616,Ġembraced,95,0
14617,Ġnicer,95,0
14619,Ġcafes,95,0
14620,ĠCertainly,95,0
14622,ĠToledo,95,0
14623,ĠExamples,95,0
14624,ĠDynasty,95,0
14625,Ġsearched,95,0
14626,ĠAmendment,95,0
5369,Ġfreed,94,0
11720,ĠDream,94,0
12893,Ġapt,94,0
13346,Ġobjection,94,0
14566,ĠĠĠĠĠĠĠĠĠ,94,0
14629,):,94,0
14649,Ġsectors,94,0
14663,Ġhandy,94,0
14665,Ġinvaders,94,0
14666,Ġgenre,94,0
14667,Ġinterference,94,0
14669,Ġproducers,94,0
14671,Ġimported,94,0
14672,Ġcontinuous,94,0
14673,Ġsunk,94,0
14676,ĠScots,94,0
14679,ĠAssistance,94,0
14682,ĠMadge,94,0
14684,Ġ1922,94,0
14687,Ġsenses,94,0
14690,ĠAnnette,94,0
14692,ĠCommunications,94,0
14694,Ġadministrators,94,0
14697,Ġwithdrew,94,0
14699,Ġbidding,94,0
14700,ĠEllen,94,0
14702,Ġdialects,94,0
14703,Ġintentions,94,0
14704,ĠTibbits,94,0
14706,Ġrenewed,94,0
14707,ĠSerbia,94,0
14708,ĠMohammed,94,0
14711,ĠFernando,94,0
14712,Ġsouvenirs,94,0
14713,ĠIndividual,94,0
14714,Ġshrugged,94,0
14715,ĠMumbai,94,0
1462,ality,93,0
2889,ique,93,0
3306,ĠMad,93,0
6332,Ġdetect,93,0
10116,Ġdepth,93,0
10403,Ġimpatient,93,0
10745,Ġrational,93,0
13317,Sure,93,0
14716,600,93,0
14740,ĠCBS,93,0
14743,Ġdella,93,0
14752,ĠUse,93,0
14753,Ġdonated,93,0
14754,Ġoffensive,93,0
14766,ĠLeader,93,0
14773,Ġequation,93,0
14779,ĠGuinea,93,0
14781,Ġexclamation,93,0
14786,Ġchallenged,93,0
14788,Ġsensitivity,93,0
14792,Ġlogic,93,0
14797,ĠTripp,93,0
14799,Ġdisclosure,93,0
14800,Ġmonasteries,93,0
14802,Ġwandering,93,0
14803,Ġsubsequently,93,0
14804,Ġinexpensive,93,0
14805,ĠWarsaw,93,0
14807,Ġlandlord,93,0
14808,ĠAdministrator,93,0
14809,Ġfancied,93,0
14810,Ġautonomous,93,0
3501,ification,92,0
7998,ĠMas,92,0
12809,Ġscholar,92,0
13660,Ġproportion,92,0
14812,March,92,0
14832,ĠCeter,92,0
14839,ĠNutt,92,0
14845,Ġsafer,92,0
14851,ĠUh,92,0
14854,Ġoverboard,92,0
14862,Ġskipper,92,0
14863,Ġairports,92,0
14868,ĠBeresford,92,0
14871,Ġmainstream,92,0
14873,Ġpracticed,92,0
14874,Ġexpects,92,0
14875,Ġoperational,92,0
14877,Ġsuccessor,92,0
14879,ĠXIII,92,0
14882,Ġassisted,92,0
14883,Ġwarmth,92,0
14884,Ġradiation,92,0
14886,ĠJesse,92,0
14889,Ġassumes,92,0
14890,Ġdisposition,92,0
14894,Ġheroic,92,0
14895,Ġintegral,92,0
14896,Ġmutual,92,0
14899,Ġrescued,92,0
14900,Ġlegendary,92,0
14901,ĠLeonardo,92,0
14903,Ġuneasy,92,0
14907,ĠNazi,92,0
14910,ĠVizier,92,0
14911,Ġexquisite,92,0
14912,ĠSeabrooke,92,0
11096,Ġlend,91,0
11337,Ġconfirm,91,0
11636,Ġjealous,91,0
14133,ĠMISS,91,0
14921,Ġ|,91,0
14928,ĠCBO,91,0
14943,Ġcrowned,91,0
14947,Ġswam,91,0
14950,ĠShall,91,0
14953,Ġhumble,91,0
14954,Ġenjoyment,91,0
14957,ĠHarrington,91,0
14958,Ġdivine,91,0
14960,Ġcease,91,0
14964,Ġenvy,91,0
14965,Ġimpacts,91,0
14972,Ġsurviving,91,0
14974,ĠBayliss,91,0
14976,Ġaffordable,91,0
14979,Ġexpanding,91,0
14980,Ġdiseases,91,0
14981,ĠMelaka,91,0
14982,ĠRobinson,91,0
14984,Ġinterface,91,0
14985,ĠRubin,91,0
14987,ĠLinda,91,0
14990,ĠNicholas,91,0
14991,ĠPedro,91,0
14992,Ġinevitable,91,0
14994,ĠBennett,91,0
14996,Alexander,91,0
14998,ĠHussein,91,0
874,gan,90,0
6104,ĠEr,90,0
8250,ĠXV,90,0
10174,On,90,0
11584,Ġcoward,90,0
13129,Ġneglect,90,0
14435,Me,90,0
15002,km,90,0
15009,Ġtame,90,0
15019,Ġdoomed,90,0
15023,ĠDraft,90,0
15027,ĠGiven,90,0
15034,Ġtheirs,90,0
15035,Ġwhoever,90,0
15039,Ġcomparing,90,0
15041,ĠVilla,90,0
15042,Ġspeeches,90,0
15045,Ġbetrayed,90,0
15048,ĠUnless,90,0
15049,Ġfinances,90,0
15052,Ġbusiest,90,0
15060,Ġopenly,90,0
15062,Ġvalleys,90,0
15063,Ġbasilica,90,0
15065,Ġinfection,90,0
15066,Ġsentences,90,0
15067,Ġtechnological,90,0
15068,Ġexpectation,90,0
15074,ĠPerry,90,0
15078,ĠReduction,90,0
15089,Ġrented,90,0
15091,Ġrestricted,90,0
15094,Ġmotionless,90,0
15096,Alpes,90,0
15097,Maybe,90,0
15098,Ġstirred,90,0
15102,ĠRhode,90,0
15104,ĠHungary,90,0
15107,ĠHugo,90,0
15108,Ġnickname,90,0
15111,ĠMonsieur,90,0
15112,ĠProtestant,90,0
15113,Ġaggregate,90,0
15114,ĠPentagon,90,0
9107,Ġweigh,89,0
12585,Ġcorrupt,89,0
13919,ĠCFO,89,0
15127,Ġwretched,89,0
15128,Ġcousins,89,0
15130,ĠSally,89,0
15133,Ġweighed,89,0
15143,ĠParson,89,0
15158,Ġdeserved,89,0
15160,Ġentertained,89,0
15163,Ġwarfare,89,0
15165,Ġorganisms,89,0
15166,Ġspecified,89,0
15168,Ġbreeding,89,0
15170,Ġpretended,89,0
15173,Ġeconomies,89,0
15174,Ġpromising,89,0
15180,".'""",89,0
15184,Ġlogical,89,0
15185,Ġdebts,89,0
15187,Ġethics,89,0
15188,Ġrubbed,89,0
15189,Ġcomparatively,89,0
15190,Ġobligations,89,0
15192,ĠCambridge,89,0
15193,ĠPersians,89,0
15194,Ġcertified,89,0
15196,ĠOrganizations,89,0
15198,Ġmanufacturer,89,0
15199,Ġallocation,89,0
15200,Ġsurprisingly,89,0
15202,Ġamendment,89,0
15203,ĠVersailles,89,0
15204,Ġacknowledged,89,0
15205,ĠRamses,89,0
15207,ĠWickham,89,0
15212,ĠGingrich,89,0
15214,Ġaroused,89,0
6185,outs,88,0
9165,ĠTest,88,0
12228,Ġhopeless,88,0
12333,ĠOliver,88,0
12881,Ġscholarship,88,0
13564,Ġselfish,88,0
15215,Very,88,0
15220,Ġsessions,88,0
15234,Ġstumbled,88,0
15244,Ġleagues,88,0
15245,Ġabilities,88,0
15253,Ġpolitely,88,0
15261,Ġpossibilities,88,0
15263,Ġpleasures,88,0
15269,Ġ1500,88,0
15271,Ġoriginated,88,0
15276,ĠJustus,88,0
15281,ĠDeputy,88,0
15282,ĠAcross,88,0
15283,Ġindependently,88,0
15284,Ġtribute,88,0
15285,Ġ1924,88,0
15288,Ġremainder,88,0
15289,ĠPrix,88,0
15290,Ġschedules,88,0
15294,ĠEstimate,88,0
15300,Ġromance,88,0
15301,Ġguarantees,88,0
15302,Ġfiercely,88,0
15306,Ġtempted,88,0
15308,Ġinquiries,88,0
15309,Ġspoiled,88,0
15310,Ġceremonies,88,0
15311,Ġtactics,88,0
15312,ĠIndustrialist,88,0
15313,Ġmanuscripts,88,0
15314,ĠMajesty,88,0
15316,Ġbrutal,88,0
15319,January,88,0
15320,ĠRockefeller,88,0
13596,Ġhence,87,0
14298,ĠErnest,87,0
14757,Ġdisorder,87,0
15324,La,87,0
15334,Ġmalls,87,0
15337,ĠTotal,87,0
15338,Ġniece,87,0
15345,ĠMummy,87,0
15352,Ġdearest,87,0
15355,ĠDanish,87,0
15371,Ġincumbent,87,0
15373,Ġobey,87,0
15374,Ġlasting,87,0
15377,ĠOnline,87,0
15383,Ġconfiguration,87,0
15384,ĠEdo,87,0
15386,Ġcertainty,87,0
15387,Ġborne,87,0
15389,Ġmailer,87,0
15390,Ġfavored,87,0
15392,Ġconsiderations,87,0
15394,Ġdraws,87,0
15397,Ġsecrets,87,0
15398,Ġbreathe,87,0
15399,Ġconvicted,87,0
15400,Ġinvestigations,87,0
15401,Ġpermits,87,0
15403,ĠDirectors,87,0
15404,Ġconflicts,87,0
15407,ĠReporting,87,0
15409,ĠMallorca,87,0
15412,ĠOrganization,87,0
15415,Ġvalidity,87,0
15416,ĠOakdale,87,0
15422,ĠPicasso,87,0
15424,Ġoverlooked,87,0
15426,Ġfarewell,87,0
15428,ĠQueensland,87,0
15431,Ġejaculated,87,0
1890,ified,86,0
4193,ĠMor,86,0
4224,wide,86,0
5615,ĠCave,86,0
8210,profit,86,0
8721,ĠBauer,86,0
9248,Ġprecise,86,0
11878,about,86,0
13116,ĠShah,86,0
13267,Ġcoup,86,0
13272,Ġprofound,86,0
14128,Ġborough,86,0
14881,Ġarmour,86,0
15436,August,86,0
15459,ĠBased,86,0
15466,Ġranges,86,0
15472,Ġchambers,86,0
15476,Ġupcoming,86,0
15479,ĠThirty,86,0
15481,ĠKitchell,86,0
15488,Ġlonging,86,0
15495,Ġworlds,86,0
15497,Ġconfined,86,0
15501,Ġprivately,86,0
15503,Ġstrongest,86,0
15510,Ġargues,86,0
15514,ĠRegion,86,0
15522,Ġprogressive,86,0
15523,Ġ1861,86,0
15526,Ġjournalism,86,0
15527,Ġevaluating,86,0
15528,Ġwitnessed,86,0
15533,Ġacquainted,86,0
15537,ĠGranby,86,0
15538,Ġstrengthened,86,0
15539,Ġtherapy,86,0
15543,ĠMaskoki,86,0
15544,Ġadapted,86,0
15546,Ġtemporarily,86,0
15,+,85,0
2255,iously,85,0
4142,ĠDis,85,0
10645,Ġwithdraw,85,0
11481,market,85,0
12741,ĠHugh,85,0
12942,Ġtimid,85,0
13849,Ġincorrect,85,0
15548,"""--",85,0
15565,Ġnerve,85,0
15567,Ġgens,85,0
15569,ĠAges,85,0
15577,ĠDoto,85,0
15579,ĠRural,85,0
15581,Ġexcluded,85,0
15585,ĠIncome,85,0
15587,Ġroared,85,0
15588,Ġenabled,85,0
15591,Ġjustify,85,0
15592,ĠChamber,85,0
15595,Ġseeks,85,0
15601,Ġrelied,85,0
15607,Ġparticle,85,0
15608,Ġ86,85,0
15609,Ġcontinually,85,0
15610,Ġgenerals,85,0
15616,ĠMuseo,85,0
15617,Ġpeacefully,85,0
15618,Ġdoubtful,85,0
15619,Ġnationwide,85,0
15621,Ġadministered,85,0
15622,Ġlacked,85,0
15626,Ġbiography,85,0
15631,Ġtiming,85,0
15634,ĠSelf,85,0
15635,Ġpsychology,85,0
15641,Ġpersuade,85,0
15645,ĠHughes,85,0
15646,ĠNavajo,85,0
15651,Ġfranchise,85,0
15652,ĠHitchiti,85,0
1106,ĠĠĠĠĠĠĠĠ,84,0
8174,Ġborrow,84,0
12393,ĠChile,84,0
15654,Take,84,0
15672,Ġstables,84,0
15673,ĠCasa,84,0
15684,ĠJoint,84,0
15687,Ġtearing,84,0
15688,Ġblamed,84,0
15694,Ġrecalled,84,0
15695,Ġsometime,84,0
15703,Ġrealistic,84,0
15705,Ġnightlife,84,0
15710,Ġextinct,84,0
15711,Ġpolitically,84,0
15713,Ġanimation,84,0
15714,Ġaccounted,84,0
15716,Ġsends,84,0
15717,Ġhopefully,84,0
15719,Ġmassacre,84,0
15724,ĠEarl,84,0
15726,ĠEgyptians,84,0
15727,Ġappropriations,84,0
15730,Ġprocedural,84,0
15734,Ġdistinctive,84,0
15737,ĠRyder,84,0
15738,ĠInsurance,84,0
15739,Ġworksharing,84,0
15740,Ġborrowing,84,0
15743,Ġrejoined,84,0
15747,ĠFlytrap,84,0
15748,Ġtaxpayers,84,0
15749,ĠTerritory,84,0
15752,Ġlegitimate,84,0
15755,ĠSicily,84,0
15760,ĠStuart,84,0
15761,ĠKentuckian,84,0
4617,Ġreact,83,0
8551,ĠOak,83,0
11182,ĠGang,83,0
12715,Ġhumid,83,0
14787,Ġverb,83,0
15010,Ġcunning,83,0
15017,ĠHomer,83,0
15762,April,83,0
15774,Ġponies,83,0
15791,ĠSinai,83,0
15794,ĠMamma,83,0
15795,ĠHuns,83,0
15817,Ġpreference,83,0
15818,Ġchildish,83,0
15819,Ġwhereupon,83,0
15820,Ġattributed,83,0
15821,ĠAndy,83,0
15822,Ġgovernors,83,0
15824,Ġmetropolitan,83,0
15825,ĠReich,83,0
15828,ĠGrammy,83,0
15830,ĠTrinity,83,0
15832,ĠXII,83,0
15833,Ġapology,83,0
15834,Ġencountered,83,0
15837,ĠResources,83,0
15838,Ġtreating,83,0
15841,Ġ1921,83,0
15842,Ġ1925,83,0
15844,Ġdocumented,83,0
15845,Ġhunger,83,0
15851,Ġ1860,83,0
15853,Ġcircumstance,83,0
15854,ĠAudit,83,0
15857,ĠNorway,83,0
15858,Ġanalyze,83,0
15860,Ġhesitation,83,0
15861,Ġvirtue,83,0
15863,ĠAgainst,83,0
15865,ĠNearby,83,0
15866,ĠDuncan,83,0
15867,Ġacknowledge,83,0
15869,Ġblazing,83,0
15871,Ġlungs,83,0
15874,Ġrenovated,83,0
15879,Ġdreamed,83,0
15880,Ġphenomenon,83,0
15881,Ġdisguise,83,0
15884,ĠBenefits,83,0
15886,Ġ------------------------------------------------------------------------,83,0
2979,ĠJew,82,0
4063,ĠAnt,82,0
10173,Le,82,0
10813,ĠAuthor,82,0
11717,ĠPont,82,0
13531,ĠPok,82,0
13601,Ġrue,82,0
15090,Ġtenth,82,0
15904,Ġloses,82,0
15911,ĠCaretto,82,0
15921,ĠNuclear,82,0
15923,Ġconferences,82,0
15927,Ġexile,82,0
15931,ĠStirling,82,0
15945,ĠEdith,82,0
15946,Ġplebe,82,0
15948,Ġaudited,82,0
15952,ĠZekle,82,0
15953,ĠHarbor,82,0
15955,Ġinvested,82,0
15958,Ġreasonably,82,0
15961,ĠAmanda,82,0
15963,Ġcomplaint,82,0
15965,Ġreligions,82,0
15966,Ġcaptives,82,0
15967,ĠFranky,82,0
15968,Ġhistorically,82,0
15969,Ġassociate,82,0
15973,ĠGreco,82,0
15978,Ġdismay,82,0
15979,Ġrestriction,82,0
15982,ĠPanama,82,0
15983,ĠSurvey,82,0
15989,ĠInvestment,82,0
15990,Ġaccommodate,82,0
15993,Ġdepths,82,0
15994,ĠHautes,82,0
15995,Ġcustody,82,0
15997,ĠAttorney,82,0
15998,ĠBavaria,82,0
15999,Ġsummoned,82,0
16000,ĠYugoslavia,82,0
3489,ĠBer,81,0
6132,ĠArch,81,0
6283,Ġthorough,81,0
10075,ĠCertain,81,0
11364,Ġraid,81,0
11872,ĠAy,81,0
14785,Ġepic,81,0
15429,Ġverdict,81,0
16031,ĠWitch,81,0
16032,three,81,0
16033,ĠFiscal,81,0
16043,Ġyep,81,0
16044,Ġ1910,81,0
16050,ĠStorm,81,0
16051,Ġnevertheless,81,0
16053,Ġimpulse,81,0
16056,Ġdesirable,81,0
16064,ĠAllyn,81,0
16065,Ġadvancing,81,0
16069,Ġvaries,81,0
16070,ĠNotice,81,0
16073,ĠPercy,81,0
16079,ĠRegional,81,0
16080,Ġassessed,81,0
16082,Ġrespondents,81,0
16083,Ġgallant,81,0
16084,Ġexhibitions,81,0
16087,ĠStudios,81,0
16088,Ġaccidentally,81,0
16089,ĠKenneth,81,0
16091,Ġventured,81,0
16092,Ġsubstantially,81,0
16093,Ġdetective,81,0
16094,ĠAviv,81,0
16100,Ġfragments,81,0
16102,ĠThroughout,81,0
16103,Ġnegotiations,81,0
16105,Ġdeliberately,81,0
16107,Ġproclaimed,81,0
16108,ĠColombia,81,0
16112,ĠHudson,81,0
16115,Ġvaudois,81,0
7122,han,80,0
7541,ĠLeon,80,0
7907,ĠEve,80,0
11092,ĠPut,80,0
11662,ĠCry,80,0
13959,ĠMatthew,80,0
13964,ĠInterest,80,0
14046,Ġinstitutional,80,0
15491,ĠAsk,80,0
16116,February,80,0
16118,Pierre,80,0
16142,Ġstability,80,0
16143,Ġforcing,80,0
16144,ĠCf,80,0
16152,ĠLate,80,0
16154,ĠRisk,80,0
16157,Ġsaves,80,0
16161,Ġcounts,80,0
16163,Ġdecides,80,0
16165,Ġevolved,80,0
16167,Ġ1850,80,0
16171,Ġpublicity,80,0
16174,Ġexplored,80,0
16180,Ġgrowled,80,0
16182,Ġoperas,80,0
16186,Ġmissiles,80,0
16187,ĠPolulu,80,0
16189,ĠPeak,80,0
16191,Ġviolently,80,0
16194,Ġsecretly,80,0
16199,Ġrebels,80,0
16200,Ġ1868,80,0
16201,ĠCIA,80,0
16202,Ġheathen,80,0
16204,ĠSaturdays,80,0
16206,ĠCassowary,80,0
16207,ĠPenelly,80,0
16208,Ġprotesting,80,0
16209,ĠMelbourne,80,0
16210,Ġadvocacy,80,0
16216,Ġignorance,80,0
16218,ĠArmstrong,80,0
16219,ĠCosworth,80,0
16220,ĠCustoms,80,0
16221,ĠCommerce,80,0
16222,ĠPaperwork,80,0
16224,ĠTreaty,80,0
16226,ĠBerkeley,80,0
3284,ĠSen,79,0
3442,aries,79,0
14015,Ġcareless,79,0
14301,Some,79,0
14344,Ġvillain,79,0
14432,Ġdisgrace,79,0
14565,Ġgoverness,79,0
16232,Ġowing,79,0
16240,ĠIOLTA,79,0
16244,Ġnotably,79,0
16251,Ġalarmed,79,0
16259,Ġthereby,79,0
16264,Ġspouse,79,0
16269,Ġample,79,0
16277,Ġfoundations,79,0
16283,Ġelite,79,0
16284,ĠIsabel,79,0
16289,Ġorganize,79,0
16293,ĠReports,79,0
16294,Ġpromoting,79,0
16296,Ġvillas,79,0
16301,Ġdeadline,79,0
16302,Ġclaiming,79,0
16304,Ġagreeable,79,0
16306,Ġhalls,79,0
16307,Ġ1926,79,0
16315,ĠMemphis,79,0
16316,Ġconsulted,79,0
16324,Ġsustained,79,0
16326,ĠReno,79,0
16328,Sea,79,0
16329,ĠWolfe,79,0
16332,Ġconsolidated,79,0
16337,ĠCheroki,79,0
16340,ĠVermont,79,0
16341,Ġfeasible,79,0
16342,Ġenvironments,79,0
10348,ĠAk,78,0
11131,ĠRa,78,0
12165,ika,78,0
14269,ĠPeru,78,0
15453,ĠSound,78,0
16343,God,78,0
16344,Hello,78,0
16362,Ġnonsense,78,0
16368,ĠSaid,78,0
16369,ĠSister,78,0
16382,third,78,0
16386,ĠNovak,78,0
16390,Ġnod,78,0
16399,Ġoffense,78,0
16400,Ġperception,78,0
16404,Ġresisted,78,0
16412,ĠAlready,78,0
16413,Ġregime,78,0
16415,Ġendless,78,0
16417,Ġretorted,78,0
16421,Ġpleaded,78,0
16428,Ġtravelled,78,0
16429,ĠWorking,78,0
16431,ĠTech,78,0
16433,Ġlabour,78,0
16436,ĠDepression,78,0
16438,Ġencourages,78,0
16439,Ġchiefs,78,0
16440,ĠApparently,78,0
16441,Ġbanking,78,0
16444,ĠWilley,78,0
16446,Ġmandates,78,0
16447,Ġcomparable,78,0
16448,Ġmiracle,78,0
16449,Ġanalysts,78,0
16451,Ġmurderer,78,0
16454,ĠZealanders,78,0
16457,Ġretrofit,78,0
16458,speaking,78,0
16459,Ġmathematics,78,0
16462,ĠWalker,78,0
16463,Ġvariables,78,0
16470,Ġconstraints,78,0
16471,ĠCompanies,78,0
16472,ĠVatican,78,0
16473,Roanoke,78,0
7771,ĠJeff,77,0
7849,Ġenforce,77,0
7929,Ġdepict,77,0
11507,Ġcontempt,77,0
11921,Ġassassin,77,0
11961,ĠMinor,77,0
15304,Ġreckless,77,0
15868,Ġdeposit,77,0
16476,Dame,77,0
16483,mile,77,0
16511,Ġfraction,77,0
16519,Ġplague,77,0
16522,Ġabbey,77,0
16528,Ġretreated,77,0
16529,Ġdrowning,77,0
16530,Ġphases,77,0
16534,ĠBelden,77,0
16536,Ġexploded,77,0
16538,Ġprobable,77,0
16545,ĠLawyer,77,0
16546,ĠEmmy,77,0
16547,Ġdependence,77,0
16548,ĠEnquirer,77,0
16550,Ġoccurring,77,0
16552,Ġcitadel,77,0
16553,Ġmissionaries,77,0
16554,ĠRecent,77,0
16555,ĠSingh,77,0
16556,Ġappreciation,77,0
16558,ĠPenang,77,0
16561,Ġtalented,77,0
16562,Ġdialogue,77,0
16563,ĠSilence,77,0
16569,ĠDodds,77,0
16575,Ġmansions,77,0
16580,Ġpupils,77,0
16582,Ġresignation,77,0
16583,Ġlouder,77,0
16585,ĠAbdul,77,0
16587,Martin,77,0
16590,ĠSantiago,77,0
16591,Ġvengeance,77,0
4196,eness,76,0
7572,ĠAz,76,0
14424,Ġcomprehend,76,0
14614,ĠHonor,76,0
14769,Ġinsist,76,0
14814,good,76,0
15264,Ġinsight,76,0
15793,ĠMile,76,0
16613,ĠActor,76,0
16618,ĠSatheri,76,0
16624,Ġdei,76,0
16627,ĠDiana,76,0
16634,ĠEric,76,0
16635,Ġ1917,76,0
16644,Ġcompounds,76,0
16653,Ġprescription,76,0
16656,Ġcapability,76,0
16662,ĠIndies,76,0
16663,Ġintervals,76,0
16665,Ġcurse,76,0
16670,Ġtransformation,76,0
16674,ĠBartow,76,0
16675,Ġwonderfully,76,0
16678,Ġworthwhile,76,0
16680,Ġexamines,76,0
16684,Ġbudgets,76,0
16686,Ġseparation,76,0
16687,Ġplantations,76,0
16690,Ġdepended,76,0
16693,Ġbroader,76,0
16701,ĠDidn,76,0
16703,Ġpositively,76,0
16708,ĠMetropolitan,76,0
16710,Ġdisagreed,76,0
16711,Ġsatisfactory,76,0
16712,ĠBella,76,0
16713,Ġhurrying,76,0
16714,Ġcounseling,76,0
16716,ĠBailey,76,0
16721,ĠCabinet,76,0
16723,Ġdiagnosed,76,0
16724,ĠCommonwealth,76,0
16725,ĠBrothers,76,0
16728,ĠCortana,76,0
16729,Ġpreliminary,76,0
16732,ĠLebanon,76,0
2256,yn,75,0
2391,itions,75,0
4317,ĠSim,75,0
9057,ĠHart,75,0
10773,master,75,0
14287,natured,75,0
14514,ĠCulture,75,0
14929,ĠMis,75,0
15435,93,75,0
16734,Please,75,0
16737,why,75,0
16746,Ġdarted,75,0
16749,Ġlame,75,0
16759,ĠCoosa,75,0
16760,ĠCatherine,75,0
16773,ĠOften,75,0
16775,Ġ1918,75,0
16777,Ġunrelated,75,0
16789,Ġincomes,75,0
16790,Ġsuppliers,75,0
16791,Ġobeyed,75,0
16792,Ġsecular,75,0
16794,Ġexport,75,0
16800,Ġconfusing,75,0
16811,Ġsuggesting,75,0
16814,Ġcapturing,75,0
16815,Ġcredits,75,0
16816,Ġmisery,75,0
16820,ĠBergen,75,0
16822,Ġresponding,75,0
16825,ĠMilwaukee,75,0
16830,ĠEvan,75,0
16831,Ġinformal,75,0
16833,Ġcontacted,75,0
16834,Ġthrilled,75,0
16837,Ġsurveyed,75,0
16842,ĠLeslie,75,0
16843,Ġfantasy,75,0
16845,Ġdisagreeable,75,0
16846,Ġaffectionate,75,0
16847,Ġmotivation,75,0
16850,Ġhobbies,75,0
16851,ĠLyon,75,0
16853,Ġcooperation,75,0
16855,ĠBelgium,75,0
16856,Ġallegations,75,0
16857,Ġexcursions,75,0
16860,Ġhypothesis,75,0
16862,Ġunsuccessful,75,0
16863,songwriter,75,0
16864,ĠTubacca,75,0
16865,ĠSpaniards,75,0
16866,Ġfinancially,75,0
16867,ĠJaffa,75,0
16868,ĠAmsden,75,0
16869,ĠEilat,75,0
3940,ological,74,0
10675,Ġstrengthen,74,0
11129,ĠSi,74,0
13157,Be,74,0
15326,did,74,0
16871,800,74,0
16886,Ġdainty,74,0
16889,Ġthieves,74,0
16892,ĠIX,74,0
16893,Ġrewards,74,0
16895,ĠSave,74,0
16901,ĠMister,74,0
16903,ĠBorough,74,0
16907,ĠGus,74,0
16914,Ġ1919,74,0
16916,Ġblast,74,0
16921,Ġprisons,74,0
16924,ĠChambers,74,0
16928,Ġyourselves,74,0
16930,Ġremoval,74,0
16931,ĠUniverse,74,0
16935,ĠLeima,74,0
16937,ĠMarco,74,0
16945,Ġoppose,74,0
16946,ĠConvention,74,0
16950,Ġhurled,74,0
16951,Ġaffecting,74,0
16953,Ġfortified,74,0
16956,Ġknowledgeable,74,0
16959,ĠValais,74,0
16960,Ġconversion,74,0
16963,Ġbirthplace,74,0
16966,Ġafforded,74,0
16967,Ġbehaved,74,0
16971,Ġcalculate,74,0
16974,Ġquantitative,74,0
16978,ĠJoel,74,0
16980,ĠHinduism,74,0
16981,Ġcommissioned,74,0
16985,ĠRetirement,74,0
16986,Ġbitterly,74,0
16987,Ġinnovation,74,0
16988,ĠEvelyn,74,0
16992,Ġadvisers,74,0
16993,Ġmonarchy,74,0
16999,ĠTheodore,74,0
17000,Ġmornings,74,0
17004,Ġnonfederal,74,0
17006,ĠAstronomer,74,0
17007,Ġconvincing,74,0
17008,Aubusson,74,0
5787,iveness,73,0
6380,ĠRob,73,0
11631,ĠZen,73,0
11779,ĠStart,73,0
12166,Ġparagraph,73,0
12975,ĠDrug,73,0
13037,bout,73,0
15366,ĠYard,73,0
15916,ĠWalt,73,0
15956,ĠSeason,73,0
16071,Ġsweep,73,0
16203,ĠCastro,73,0
17012,Say,73,0
17013,Saint,73,0
17032,ĠTask,73,0
17039,Ġheir,73,0
17046,ĠHaven,73,0
17052,Ġdeities,73,0
17056,Ġknocking,73,0
17062,ĠThailand,73,0
17064,Ġclung,73,0
17071,ĠFritz,73,0
17072,Ġconsensus,73,0
17077,Ġexploration,73,0
17078,Ġexperimental,73,0
17079,Ġbenefited,73,0
17080,Ġreplacing,73,0
17081,ĠMinchin,73,0
17083,ĠAbino,73,0
17084,2020,73,0
17091,Ġmaintains,73,0
17094,ĠPaula,73,0
17095,Ġinitiated,73,0
17099,ĠSunset,73,0
17100,Ġmoonlight,73,0
17103,Ġlobbying,73,0
17105,Ġboldly,73,0
17108,ĠCallie,73,0
17109,Ġtasted,73,0
17111,ĠHunter,73,0
17115,Ġswallowed,73,0
17116,Ġreluctant,73,0
17120,Ġcorsairs,73,0
17121,Ġinjection,73,0
17122,ĠAdvisory,73,0
17124,Ġbacteria,73,0
17125,Ġstaggered,73,0
17127,ĠEstonia,73,0
3211,ĠAg,72,0
4637,ĠKe,72,0
4710,Ġdepart,72,0
6751,ĠSav,72,0
7866,ĠAng,72,0
8128,then,72,0
10690,path,72,0
13923,Ġsew,72,0
15077,Ġcrypt,72,0
15840,Ġradical,72,0
16270,Ġscare,72,0
16314,ĠConsider,72,0
16354,Ġmelt,72,0
17128,Gannet,72,0
17135,Ġaided,72,0
17158,Ġranging,72,0
17169,Ġvicious,72,0
17173,ĠOPM,72,0
17179,ĠChakswari,72,0
17189,Ġwrath,72,0
17193,Ġexports,72,0
17198,Ġpatent,72,0
17199,Ġgenerating,72,0
17203,Ġquicker,72,0
17205,Ġdestinations,72,0
17206,Ġauthorization,72,0
17209,ĠMedia,72,0
17211,Ġoccurrence,72,0
17213,Ġsavages,72,0
17216,Ġundoubtedly,72,0
17217,Ġguardian,72,0
17220,Ġcommercials,72,0
17225,Ġdrafted,72,0
17226,Ġefficiently,72,0
17227,Ġconsultant,72,0
17228,Ġmurders,72,0
17230,Ġunpopular,72,0
17233,ĠPassaic,72,0
17234,Ġdepicts,72,0
17235,Ġyielded,72,0
17236,ĠPopulation,72,0
17237,Ġdoubted,72,0
17239,Ġallocated,72,0
17243,ĠNYT,72,0
17244,Ġnicknamed,72,0
17246,communes,72,0
17247,Ġchaos,72,0
17249,ĠAlexandria,72,0
17250,Ġimprisoned,72,0
17251,ĠCaesar,72,0
17256,ĠFortunately,72,0
17257,ĠGuangzhou,72,0
17259,Ġprefectures,72,0
17260,ĠOntario,72,0
17261,ĠSainte,72,0
17264,ĠHAMILTON,72,0
10068,fire,71,0
10991,osa,71,0
12181,ĠPeters,71,0
13441,Ġalleged,71,0
14227,Ġrender,71,0
14322,ĠJos,71,0
14966,office,71,0
16401,Ġgracious,71,0
16411,Ġindifferent,71,0
17265,Dear,71,0
17279,Ġmowing,71,0
17291,ĠMiles,71,0
17294,ĠPBS,71,0
17302,ĠFEMA,71,0
17304,Ġconclude,71,0
17309,Ġexchanged,71,0
17310,Ġjest,71,0
17312,Ġtraced,71,0
17313,Ġintensity,71,0
17314,ĠKuala,71,0
17326,Ġendure,71,0
17327,Ġprovincial,71,0
17329,ĠMarcus,71,0
17332,Ġdeposition,71,0
17334,Ġaffirmative,71,0
17337,Ġrevived,71,0
17340,Ġcomplications,71,0
17341,ĠEmma,71,0
17342,Ġfavorable,71,0
17344,Ġvictories,71,0
17345,Ġcorrected,71,0
17352,._--,71,0
17354,Ġfrightening,71,0
17355,Ġdreadfully,71,0
17356,Ġlandscapes,71,0
17358,ĠPanthoibi,71,0
17359,Ġbleeding,71,0
17360,ĠWoods,71,0
17363,Ġdetected,71,0
17367,party,71,0
17369,Ġdrifted,71,0
17371,ĠAlbright,71,0
17373,ĠSurely,71,0
17374,ĠGilbert,71,0
17375,ĠShrine,71,0
17376,Ġsouvenir,71,0
17380,ĠNanjing,71,0
17382,ĠLuxor,71,0
17384,Ġbewildered,71,0
17385,ĠLuckily,71,0
17387,Ġinferior,71,0
17388,ĠGaston,71,0
17390,Ġpandemic,71,0
17391,ĠInstruments,71,0
1796,Ġemploy,70,0
5314,Ġconstruct,70,0
8156,ĠHu,70,0
11275,Ġwarrant,70,0
12643,Ġcamps,70,0
13233,gov,70,0
15086,ĠHenri,70,0
15340,ĠIRA,70,0
15490,Ġrecess,70,0
16280,Ġsubtle,70,0
16598,had,70,0
17393,Mother,70,0
17394,November,70,0
17402,Ġcf,70,0
17419,ĠWriters,70,0
17420,Ġshaken,70,0
17421,Ġliability,70,0
17436,ĠYuchi,70,0
17437,Ġfearing,70,0
17442,Ġamended,70,0
17443,Ġattributes,70,0
17445,Ġslain,70,0
17451,ĠLeave,70,0
17452,Ġrealm,70,0
17459,Ġreduces,70,0
17462,Ġsouthwestern,70,0
17464,Ġlearns,70,0
17467,Ġdevotion,70,0
17468,ĠPeel,70,0
17470,Ġgladly,70,0
17473,ĠFrankie,70,0
17477,Ġpenalties,70,0
17478,Ġcomfortably,70,0
17479,ĠCommissioner,70,0
17482,Ġchapters,70,0
17483,Ġcomplexity,70,0
17485,ĠGreater,70,0
17486,Ġreveals,70,0
17487,Ġdecreasing,70,0
17490,Ġrevolt,70,0
17491,Ġconceived,70,0
17494,Ġgleam,70,0
17495,Ġundertaken,70,0
17496,Ġhydrogen,70,0
17497,Ġenhanced,70,0
17498,ĠBoswell,70,0
17499,Ġphilosopher,70,0
17503,Ġpartnership,70,0
17504,Ġsolemnly,70,0
17505,Ġconfessed,70,0
17506,ĠAmbassador,70,0
17507,ĠLabour,70,0
17508,ĠBertie,70,0
17513,ĠOriginally,70,0
17516,Ġscrutiny,70,0
17520,General,70,0
17521,ĠMovement,70,0
17522,ĠBeverly,70,0
17524,ĠChatahuchi,70,0
17525,ĠAlgarve,70,0
17526,ĠHiiu,70,0
10323,Ġmargin,69,0
12159,Ġperil,69,0
13534,ĠLai,69,0
14387,Ġdeaf,69,0
14392,ĠGot,69,0
15421,Ġrigid,69,0
16807,Ġparole,69,0
17532,Our,69,0
17546,ĠTamil,69,0
17555,ĠSBA,69,0
17558,ĠMoses,69,0
17565,Ġlied,69,0
17566,ĠFine,69,0
17576,Ġoutlets,69,0
17578,ichinomiya,69,0
17582,Ġoffended,69,0
17584,Ġrivals,69,0
17590,Ġboasts,69,0
17591,Ġincurred,69,0
17592,Ġinvade,69,0
17594,Ġpresidents,69,0
17599,Ġrefusing,69,0
17603,Ġparadise,69,0
17608,Ġappeals,69,0
17609,Ġreasoning,69,0
17615,Ġsuperintendent,69,0
17617,Ġcirculation,69,0
17619,Ġutilities,69,0
17620,Ġrespects,69,0
17621,Ġrespectable,69,0
17622,Ġregulated,69,0
17623,ĠDepartments,69,0
17624,Ġerotic,69,0
17625,Ġstraightforward,69,0
17629,Ġsenator,69,0
17632,Ġwillingly,69,0
17633,Ġwillingness,69,0
17634,ĠKeith,69,0
17635,Ġbreathless,69,0
17637,Ġrobbed,69,0
17639,ĠMedicine,69,0
17640,Ġdreaded,69,0
17643,Ġconcepts,69,0
17644,ĠCanadians,69,0
17647,ĠImpact,69,0
17648,Ġramparts,69,0
17649,Ġpredictable,69,0
17651,ĠArgentine,69,0
17652,control,69,0
17654,ĠXVI,69,0
17655,Ġdeposited,69,0
17656,Ġelectronically,69,0
17657,Ġmentions,69,0
17658,ĠIndependent,69,0
17659,ĠSerbian,69,0
17660,ĠNicholson,69,0
17662,Ġprosecutor,69,0
17665,Ġlofty,69,0
17669,Ġgossip,69,0
17670,ĠCraig,69,0
17671,Ġdiscontinued,69,0
17673,ĠInspector,69,0
17674,Ġsurrendered,69,0
17676,ĠSuleiman,69,0
17677,ĠDimmock,69,0
802,ition,68,0
1324,Ġimport,68,0
1350,ency,68,0
1424,Ġquest,68,0
4347,Ġimpress,68,0
6308,ĠMass,68,0
9920,ĠĠĠĠĠĠĠ,68,0
10066,Con,68,0
10469,har,68,0
10516,Ġgloom,68,0
12284,Ġinsult,68,0
12979,ĠOm,68,0
16213,Ġunwilling,68,0
16879,would,68,0
17016,have,68,0
17678,://,68,0
17679,Get,68,0
17682,Up,68,0
17696,Ġmare,68,0
17700,ĠTogether,68,0
17704,ĠAway,68,0
17708,ĠSite,68,0
17715,ĠPierre,68,0
17717,Ġdeeds,68,0
17718,Ġfrantic,68,0
17719,Ġmanages,68,0
17721,ĠFWI,68,0
17737,Ġsped,68,0
17738,Ġdownload,68,0
17745,Ġcommitting,68,0
17748,Ġlasts,68,0
17753,Ġgovernmental,68,0
17755,Ġtreasury,68,0
17759,Ġwinters,68,0
17762,Ġhurting,68,0
17763,Ġproductions,68,0
17764,Ġmerits,68,0
17765,Ġmotive,68,0
17766,Ġmotives,68,0
17767,ĠMinistry,68,0
17768,Ġhumanity,68,0
17769,ĠNowadays,68,0
17771,Ġdecidedly,68,0
17772,Ġslowed,68,0
17773,Ġfortifications,68,0
17774,Ġdefinite,68,0
17775,ĠPoste,68,0
17776,Ġrecognizes,68,0
17777,Ġexceptions,68,0
17779,ĠMademoiselle,68,0
17781,Ġconversations,68,0
17785,Ġappropriation,68,0
17786,Ġbillions,68,0
17787,Ġfrequency,68,0
17789,Ġprayed,68,0
17790,Ġprinces,68,0
17791,Ġnovelist,68,0
17792,Ġproposition,68,0
17793,Ġfunctioning,68,0
17794,2001,68,0
17795,ĠMagic,68,0
17796,Ġdissolved,68,0
17797,Ġcoalition,68,0
17798,Ġambition,68,0
17800,payment,68,0
17802,Ġrumors,68,0
17804,Ġtemptation,68,0
17807,Ġbolted,68,0
17809,Ġreservations,68,0
17810,Ġtrembled,68,0
17812,Ġmarvelous,68,0
17813,ĠSafety,68,0
17814,ĠEngineering,68,0
17818,Ġprototypes,68,0
17822,Ġthreshold,68,0
17823,ĠLorenzo,68,0
17824,Ġinsignificant,68,0
17825,Ġuncommon,68,0
17827,ĠFormentera,68,0
17828,ĠRaleigh,68,0
4064,Th,67,0
6186,ĠKent,67,0
6895,Ġremind,67,0
7308,Ġconvent,67,0
8079,cont,67,0
12967,Ġhoss,67,0
12985,Ġbetray,67,0
14367,Ġoverwhelming,67,0
14498,ĠGlen,67,0
15218,pose,67,0
16037,ĠRing,67,0
16153,ĠLott,67,0
16617,ĠSri,67,0
16648,ĠVSL,67,0
17001,Ġinvalid,67,0
17751,ĠĠĠĠĠĠĠĠĠĠ,67,0
17829,!--,67,0
17830,October,67,0
17831,September,67,0
17843,Ġsins,67,0
17857,Ġnay,67,0
17859,ĠThebes,67,0
17860,ĠAyers,67,0
17868,ĠMs,67,0
17871,ĠBanks,67,0
17872,Ġhailed,67,0
17876,Ġrzburg,67,0
17877,Ġroused,67,0
17885,ĠLost,67,0
17893,Ġnobles,67,0
17908,ĠAlps,67,0
17911,Ġdistribute,67,0
17913,Ġaddiction,67,0
17914,Ġbuilds,67,0
17915,Ġgenetic,67,0
17925,ĠManagers,67,0
17929,Ġgenerosity,67,0
17933,Ġspecialists,67,0
17939,Ġlawsuit,67,0
17943,Ġmagnitude,67,0
17944,ĠBelow,67,0
17945,Ġqualitative,67,0
17952,Ġseventies,67,0
17953,Ġminimize,67,0
17956,Ġpoisoned,67,0
17957,ĠLeonard,67,0
17958,Ġsternly,67,0
17959,ĠEverett,67,0
17961,Ġmotivated,67,0
17962,Ġmathematical,67,0
17967,Ġfulfill,67,0
17968,Ġindignation,67,0
17969,Only,67,0
17973,Ġmolecules,67,0
17974,Ġexcavated,67,0
17975,ĠKells,67,0
17976,Ġenforced,67,0
17977,Ġdisliked,67,0
17978,ĠZelon,67,0
17982,Ġdwelling,67,0
17983,ĠEventually,67,0
17984,ĠNCAA,67,0
2044,Ġavail,66,0
9526,ĠMu,66,0
11124,run,66,0
13201,ĠPlot,66,0
13658,Ġsustain,66,0
15690,ĠChamp,66,0
16664,ĠSha,66,0
17263,ĠNingthou,66,0
17989,His,66,0
17991,Little,66,0
18012,ĠAOL,66,0
18013,ĠAescendune,66,0
18015,ĠMaud,66,0
18016,Ġwharf,66,0
18018,Ġnotices,66,0
18022,Ġliking,66,0
18023,Ġproves,66,0
18024,quality,66,0
18027,ĠJapp,66,0
18032,Ġplayoffs,66,0
18040,Ġattitudes,66,0
18041,Ġcoordination,66,0
18051,Ġmustn,66,0
18052,).],66,0
18064,Ġrevival,66,0
18067,ĠConnor,66,0
18071,Ġunderstands,66,0
18072,ĠGrady,66,0
18073,Ġinvesting,66,0
18074,ĠParamount,66,0
18079,Ġcharacterized,66,0
18084,ĠGlenn,66,0
18085,Ġimmune,66,0
18087,ĠTemples,66,0
18089,Ġworrying,66,0
18092,Ġliberals,66,0
18097,ĠLemuel,66,0
18098,Ġfloated,66,0
18100,ĠBono,66,0
18101,Ġpsychological,66,0
18102,Ġinterpreted,66,0
18104,ĠHonours,66,0
18106,Ġnerves,66,0
18107,Ġvenues,66,0
18110,Ġcrawled,66,0
18112,Ġundertake,66,0
18116,Ġamendments,66,0
18120,Ġsquirrels,66,0
18122,Ġleisurely,66,0
18123,Ġchloride,66,0
18124,Ġtuition,66,0
18126,Ġgravity,66,0
18127,ĠBalearics,66,0
18128,ĠAgriculture,66,0
18130,Ġnominee,66,0
18132,ĠKaufman,66,0
18133,ĠAfghanistan,66,0
18135,Ġgarrison,66,0
18138,ĠCrayle,66,0
18139,ĠThrasher,66,0
2843,ĠRes,65,0
6123,lands,65,0
6153,ran,65,0
6989,ĠBi,65,0
8900,ĠBh,65,0
13609,aba,65,0
15129,ĠTag,65,0
15347,ĠHale,65,0
16918,ĠUruguay,65,0
18146,Ġaught,65,0
18166,Ġshattered,65,0
18180,Ġgoverning,65,0
18181,Ġnoises,65,0
18192,Ġlonged,65,0
18196,Ġdiffers,65,0
18198,Ġcountenance,65,0
18201,Ġseeming,65,0
18203,Ġcosting,65,0
18210,Ġbarracks,65,0
18212,Ġtestify,65,0
18215,Ġswell,65,0
18218,Ġhatred,65,0
18221,Ġidentifies,65,0
18223,ĠRichmond,65,0
18224,Ġmasterpieces,65,0
18227,Ġscreenwriter,65,0
18228,ĠIsraelis,65,0
18230,ĠFranco,65,0
18231,Ġinquire,65,0
18233,ĠMorrison,65,0
18234,Ġspeedily,65,0
18236,Ġboundaries,65,0
18237,ĠSalzburg,65,0
18239,ĠHelp,65,0
18241,Ġ1863,65,0
18242,Ġdeduction,65,0
18246,Ġharmony,65,0
18248,ĠRandy,65,0
18249,Ġoxides,65,0
18252,Ġtunnels,65,0
18253,Ġcitizenship,65,0
18257,Ġ1880,65,0
18259,Ġbursting,65,0
18260,Ġsmells,65,0
18262,ĠMalaysian,65,0
18263,Ġmysteries,65,0
18265,Ġmonumental,65,0
18270,Ġexcessive,65,0
18280,ĠWelsh,65,0
18284,Ġcancelled,65,0
18285,Indeed,65,0
18286,Ġreptile,65,0
18287,ĠThousands,65,0
18288,ĠSTORY,65,0
18290,Ġpromenade,65,0
18291,ĠAzerbaijan,65,0
18292,designated,65,0
18294,ĠVishnu,65,0
7224,ĠFer,64,0
13407,Ġoutrage,64,0
14192,Ġtorrent,64,0
14973,Ġpunish,64,0
15594,Ġcontented,64,0
16211,ĠKirk,64,0
16769,ĠGros,64,0
18297,700,64,0
18314,ĠAma,64,0
18330,ĠDance,64,0
18331,ĠDennis,64,0
18338,ĠHeights,64,0
18345,Ġpricing,64,0
18349,Ġgrammar,64,0
18350,Ġsciences,64,0
18357,Ġheadhunters,64,0
18358,Ġcareers,64,0
18361,ĠNoel,64,0
18364,Ġrealizing,64,0
18366,ĠSomehow,64,0
18368,Ġmatched,64,0
18375,Ġinsane,64,0
18379,Ġtournaments,64,0
18382,Ġ900,64,0
18384,Ġawakened,64,0
18387,Ġappealed,64,0
18391,Ġfavors,64,0
18393,Ġbudgetary,64,0
18394,Ġescort,64,0
18396,Ġremarkably,64,0
18397,Ġcivilized,64,0
18406,Ġcommands,64,0
18413,Ġpermitting,64,0
18415,Ġdecreases,64,0
18417,Ġ1871,64,0
18418,Ġevaluators,64,0
18420,ĠBasilica,64,0
18422,Ġillustrate,64,0
18423,Ġfloods,64,0
18427,Ġerrand,64,0
18428,Ġhastened,64,0
18429,Ġkingdoms,64,0
18432,Ġcruelty,64,0
18433,Ġmorals,64,0
18434,Ġmaximize,64,0
18435,Ġfortunately,64,0
18436,ĠPointe,64,0
18437,ĠElectronic,64,0
18438,Ġexpenditure,64,0
18441,Ġshifting,64,0
18442,Ġjunction,64,0
18444,ĠSharston,64,0
18445,Ġdiscouraged,64,0
18448,ĠCultural,64,0
18449,Ġpreceding,64,0
18450,Ġtransmission,64,0
18451,ĠJenner,64,0
18452,Ġcanceled,64,0
18453,ĠToby,64,0
18458,December,64,0
18460,Ġmingled,64,0
18462,ĠDudovitz,64,0
18463,ĠSoftware,64,0
18464,ĠGreenspan,64,0
18466,Ġnortherner,64,0
18467,Ġambitious,64,0
2795,aud,63,0
3750,ography,63,0
4785,ĠCast,63,0
7136,ĠBor,63,0
7206,ĠForm,63,0
7251,ene,63,0
10563,iya,63,0
12554,ĠHold,63,0
16127,Ġoath,63,0
16335,Ġcompassion,63,0
16379,ĠPowers,63,0
16764,ĠBros,63,0
17057,Ġalright,63,0
17350,Ġmortal,63,0
17370,Ġneighbourhood,63,0
18470,Poor,63,0
18491,seven,63,0
18502,Ġshipped,63,0
18516,Ġunchanged,63,0
18517,Ġovertime,63,0
18525,Ġemperors,63,0
18529,Ġmeanwhile,63,0
18531,Ġmineral,63,0
18533,ĠAllies,63,0
18539,Ġshortage,63,0
18542,ĠParadise,63,0
18545,Ġsorting,63,0
18546,Ġobjections,63,0
18554,Ġnationally,63,0
18555,ĠMenorca,63,0
18556,Ġalcoholism,63,0
18558,Ġfreshwater,63,0
18559,ĠDescription,63,0
18565,Ġforgetting,63,0
18566,Ġpersisted,63,0
18567,Ġdomain,63,0
18568,ĠAnnual,63,0
18573,ĠMerchant,63,0
18575,Ġgeographic,63,0
18579,Ġthriller,63,0
18582,ĠPakhangba,63,0
18583,Ġinstructed,63,0
18585,Ġgodmother,63,0
18586,ĠMahal,63,0
18587,ĠCEF,63,0
18588,Ġfeeble,63,0
18589,ĠFerdinand,63,0
18590,Ġgifted,63,0
18591,Ġghosts,63,0
18592,Ġprivileges,63,0
18593,Ġbachelor,63,0
18594,Ġrelieve,63,0
18598,Ġdiscourage,63,0
18599,Ġricher,63,0
18601,Ġinduced,63,0
18602,ĠConstantine,63,0
18603,Ġdiesel,63,0
18606,ĠBelgian,63,0
18607,ĠShrines,63,0
18608,Ġboilermaker,63,0
18610,Ġirrelevant,63,0
18611,ĠStarting,63,0
18612,ĠTallapoosa,63,0
18613,Ġorchard,63,0
18615,Ġprettiest,63,0
18616,Ġpromulgated,63,0
18617,Ġproximity,63,0
18619,Ġtrifle,63,0
18621,ĠStrategic,63,0
18622,Ġpilgrimage,63,0
18623,ĠCzarek,63,0
18624,Ġinadequate,63,0
18627,ĠAlibamu,63,0
18628,ĠGarroway,63,0
18629,ĠAbramoff,63,0
5621,ĠEst,62,0
5683,heim,62,0
6790,Ġinterrupt,62,0
8651,ĠOl,62,0
10072,ĠTs,62,0
13339,Ġexplicit,62,0
17014,election,62,0
17699,ĠTrent,62,0
18638,later,62,0
18639,language,62,0
18643,Ġions,62,0
18648,Ġmigration,62,0
18653,Ġgilded,62,0
18661,ĠCSR,62,0
18662,ĠMIT,62,0
18665,Ġasylum,62,0
18667,ĠPG,62,0
18670,ĠPence,62,0
18674,ĠDome,62,0
18675,ĠDays,62,0
18677,Ġchooses,62,0
18679,Ġplausible,62,0
18680,ĠLoki,62,0
18688,Ġalleys,62,0
18692,Ġ1914,62,0
18693,Ġlikewise,62,0
18696,ĠKate,62,0
18711,Ġsworn,62,0
18713,Ġinterval,62,0
18714,Ġlocate,62,0
18717,Ġmilitia,62,0
18719,Ġorganizing,62,0
18721,Ġpeered,62,0
18724,Ġsoundly,62,0
18725,ĠBarik,62,0
18726,Ġdearly,62,0
18727,Ġremembering,62,0
18729,Ġsettling,62,0
18730,Ġeducate,62,0
18735,Ġpressures,62,0
18736,Ġforgiveness,62,0
18737,ĠOtherwise,62,0
18738,Ġthreaten,62,0
18740,Ġcolonists,62,0
18742,Ġconsistency,62,0
18743,ĠWindermere,62,0
18746,Ġinvestigators,62,0
18747,Ġspectrum,62,0
18749,Ġbonus,62,0
18750,Ġremembrance,62,0
18751,Ġethical,62,0
18752,ĠBuilt,62,0
18758,ĠEconomics,62,0
18760,Ġreminds,62,0
18761,ĠSao,62,0
18762,Ġemphasize,62,0
18763,ĠCritical,62,0
18764,ĠDenmark,62,0
18765,ĠDodd,62,0
18766,ĠElijah,62,0
18767,Ġrewarded,62,0
18768,ĠRodrigo,62,0
18769,Ġsimpler,62,0
18770,Ġconstitute,62,0
18771,Ġnegotiate,62,0
18772,Ġtchi,62,0
18773,Ġweighs,62,0
18774,Ġtoxicity,62,0
18778,ĠRaphael,62,0
18779,Ġvariations,62,0
18780,ĠAuthority,62,0
18781,ĠCatalonia,62,0
18782,Ġaccumulated,62,0
18785,Ġexcursion,62,0
18786,Ġillustrates,62,0
18787,Ġfrankly,62,0
18789,ĠDomestic,62,0
18790,Ġworshipped,62,0
18792,Ġharassment,62,0
18793,Ġpleasantly,62,0
18794,ĠArnold,62,0
18796,Ġpremiered,62,0
18797,ĠVaughan,62,0
18800,ĠNorwegian,62,0
18802,ĠSimpson,62,0
18803,Ġunincorporated,62,0
2146,val,61,0
6371,ĠOs,61,0
7935,Ġmanufacture,61,0
12973,ĠBorn,61,0
14466,Ġindirect,61,0
16409,Ġattain,61,0
18077,heads,61,0
18804,?--,61,0
18805,Mrs,61,0
18807,Wow,61,0
18811,Ġtumbled,61,0
18812,Ġtrenches,61,0
18819,Ġpubs,61,0
18820,Ġpneumonia,61,0
18822,Ġinappropriate,61,0
18840,ĠHHS,61,0
18841,ĠHousing,61,0
18851,ĠNora,61,0
18855,ĠGross,61,0
18859,Ġora,61,0
18861,Ġleaked,61,0
18873,Ġriots,61,0
18875,Ġreside,61,0
18882,Ġfolly,61,0
18883,Ġrelies,61,0
18884,Ġconsume,61,0
18885,Ġcourthouse,61,0
18886,Ġstartling,61,0
18887,ĠMario,61,0
18888,Ġinteraction,61,0
18890,Ġpaycheck,61,0
18896,ĠEdition,61,0
18901,Ġcamped,61,0
18903,ĠPrado,61,0
18906,Ġsentencing,61,0
18909,Ġ125,61,0
18912,ĠActress,61,0
18915,ĠXI,61,0
18917,Ġarrives,61,0
18918,ĠGene,61,0
18920,Ġfastest,61,0
18921,ĠPalma,61,0
18922,Ġtreatments,61,0
18924,Ġwestward,61,0
18926,ĠMadame,61,0
18927,ĠCourts,61,0
18928,ĠParker,61,0
18930,ĠComments,61,0
18933,Ġcommentary,61,0
18935,ĠFortress,61,0
18936,Ġbullion,61,0
18939,Ġexperiencing,61,0
18940,Ġgroaned,61,0
18942,Ġsummons,61,0
18943,Ġcontacts,61,0
18947,Ġatmospheric,61,0
18949,ĠDarry,61,0
18950,Ġhesitate,61,0
18951,ĠWoodward,61,0
18953,ĠCosts,61,0
18954,ĠHomeland,61,0
18956,ĠNOX,61,0
18958,ĠSavoy,61,0
18959,Ġsanctions,61,0
18961,Ġrecycled,61,0
18962,Ġsubsidies,61,0
18963,Ġsimplicity,61,0
18964,Ġcomedies,61,0
18965,Ġdiameter,61,0
18966,Ġaccomplishments,61,0
18969,Ġgrimly,61,0
18970,ĠHurricane,61,0
18971,Ġpyramids,61,0
18972,ĠFelipe,61,0
18974,Ġcollaboration,61,0
18975,ĠKamakura,61,0
18976,Ġeruption,61,0
18977,Ġluncheon,61,0
18979,ĠCadet,61,0
18982,Ġdischarge,61,0
18983,ĠWarden,61,0
18986,Ġdisadvantage,61,0
18988,ĠFenner,61,0
18992,ĠSophia,61,0
18996,Ġtragic,61,0
18997,ĠNetscape,61,0
1089,gal,60,0
1672,ulation,60,0
2669,Ġexam,60,0
6259,action,60,0
8270,ĠCarl,60,0
10578,state,60,0
11267,Ġexempt,60,0
11752,Am,60,0
14745,ĠNa,60,0
16676,Ġbreakdown,60,0
16819,ĠJesuit,60,0
18053,Ġrestless,60,0
19003,Drew,60,0
19004,Rosy,60,0
19019,Ġtheft,60,0
19024,Ġcrose,60,0
19030,Ġmills,60,0
19042,ĠCemetery,60,0
19045,ĠBrett,60,0
19047,Ġraced,60,0
19048,Ġseize,60,0
19051,Ġdeity,60,0
19056,ĠLubbock,60,0
19057,ĠGutenberg,60,0
19062,Ġtracking,60,0
19078,Ġgovernance,60,0
19081,Ġmarriages,60,0
19086,ĠManning,60,0
19087,Ġprofiles,60,0
19091,Ġrecordings,60,0
19095,Ġpublisher,60,0
19096,Ġattracts,60,0
19097,Ġdrinkers,60,0
19099,Ġcredited,60,0
19104,Ġreportedly,60,0
19106,Ġsenators,60,0
19108,ĠRooney,60,0
19109,Ġverify,60,0
19111,ĠChurchill,60,0
19114,Ġ1865,60,0
19115,Ġreactions,60,0
19117,Ġcolumnist,60,0
19118,Ġremembers,60,0
19119,Ġattendance,60,0
19121,Ġcalculations,60,0
19122,Ġminorities,60,0
19123,ĠDuomo,60,0
19124,Ġponds,60,0
19125,Ġvolunteered,60,0
19127,ĠSavannah,60,0
19130,Ġpredictions,60,0
19131,ĠFairview,60,0
19132,Ġbroadcasting,60,0
19133,Ġlegends,60,0
19134,Ġeligibility,60,0
19137,Ġassassination,60,0
19138,Ġvigorous,60,0
19140,ĠPolitics,60,0
19141,ĠPollard,60,0
19143,Ġunlocked,60,0
19149,ĠAkbar,60,0
19151,Ġembarrassed,60,0
19152,Ġconfronted,60,0
19153,ĠAPHIS,60,0
19154,ĠFleming,60,0
19155,Ġtaxpayer,60,0
19157,Ġresentment,60,0
19159,Ġgreedy,60,0
19160,Ġspokesman,60,0
19162,Ġsocieties,60,0
19164,Ġvigorously,60,0
19168,ĠWhistling,60,0
19169,ĠYokohama,60,0
19170,Ġenquired,60,0
19171,ĠVeterans,60,0
19172,ĠGiovanni,60,0
19173,Ġbizarre,60,0
5248,ĠCarol,59,0
5913,ifying,59,0
6854,ĠYe,59,0
8821,lings,59,0
10482,ĠKam,59,0
11100,Ġresign,59,0
12201,Ġdwell,59,0
13517,tis,59,0
13543,ĠKan,59,0
13568,Ġhymn,59,0
15563,ĠTalk,59,0
17343,help,59,0
17600,Ġcleans,59,0
17917,sharing,59,0
18034,Ġquiz,59,0
18125,ĠMunicipal,59,0
18243,effective,59,0
19178,Certainly,59,0
19181,Vaud,59,0
19182,cost,59,0
19203,Ġhealing,59,0
19215,ĠDana,59,0
19216,Ġprose,59,0
19217,ĠLena,59,0
19224,Ġsocially,59,0
19230,ĠYeltsin,59,0
19232,Ġwhence,59,0
19234,ĠStumpy,59,0
19236,Ġunity,59,0
19248,Ġfamine,59,0
19254,ĠClimate,59,0
19256,Ġnightmare,59,0
19258,Ġcompleting,59,0
19262,ĠEddie,59,0
19268,ĠCommander,59,0
19269,Ġgenerators,59,0
19270,Ġsuccesses,59,0
19274,Ġcompetitions,59,0
19275,Ġhopeful,59,0
19279,Ġjudgments,59,0
19280,Ġcoasts,59,0
19281,ĠFinland,59,0
19283,Ġfavorites,59,0
19284,Ġrisky,59,0
19285,Ġcopied,59,0
19287,ĠQuite,59,0
19289,Ġregulate,59,0
19290,Ġgrantee,59,0
19291,ĠSerbs,59,0
19292,Ġassociates,59,0
19299,ĠBrock,59,0
19301,Ġ1862,59,0
19303,Ġdefeating,59,0
19304,ĠSpeaker,59,0
19305,Ġgeographical,59,0
19307,Ġestablishments,59,0
19311,Ġdeliveries,59,0
19312,ĠBasel,59,0
19314,Ġbronchitis,59,0
19318,Ġsmoothly,59,0
19319,Ġhurriedly,59,0
19320,ĠSaviour,59,0
19321,ĠSeeing,59,0
19322,Ġtornado,59,0
19323,Ġdisclosed,59,0
19326,Ġrebuild,59,0
19328,Ġbargaining,59,0
19330,Ġadequately,59,0
19331,Ġborrowed,59,0
19333,ĠIndustry,59,0
19334,ĠAdditional,59,0
19336,Ġdeposits,59,0
19337,Ġunlimited,59,0
19338,ĠFurthermore,59,0
19341,Ġupdate,59,0
19342,Ġriches,59,0
19343,Ġrichest,59,0
19344,Ġunemployed,59,0
19350,ĠNagasaki,59,0
19355,Ġcorps,59,0
19357,ĠGanga,59,0
19358,ĠOfficers,59,0
19359,ĠMullins,59,0
19360,ĠTerritories,59,0
19363,Ġprecipitation,59,0
19368,Ġpursuant,59,0
19369,ĠPrussia,59,0
19371,ĠDawson,59,0
19372,Ġvoiced,59,0
19375,Ġvexed,59,0
19376,Ġinconsistent,59,0
19380,Ġprocurement,59,0
19383,ĠGinsburg,59,0
19384,ĠPhyllis,59,0
19385,ĠKramenin,59,0
6910,ĠImp,58,0
13035,62,58,0
15151,ĠUm,58,0
15502,ĠWillis,58,0
16045,ĠThor,58,0
17335,ĠProcess,58,0
17405,Ġni,58,0
18209,ĠFlo,58,0
18266,Ġastonishing,58,0
19395,hours,58,0
19410,Ġinjustice,58,0
19416,ĠAbe,58,0
19425,Ġweaker,58,0
19445,ĠJalan,58,0
19447,Ġvows,58,0
19450,Ġintriguing,58,0
19452,Ġ1913,58,0
19453,ĠYale,58,0
19458,ĠUCI,58,0
19463,ĠChampion,58,0
19465,Ġdisbanded,58,0
19468,perhaps,58,0
19470,Ġscent,58,0
19471,Ġsmarter,58,0
19487,Ġartisans,58,0
19488,Ġmodification,58,0
19493,ĠEdgerton,58,0
19494,Ġdevelopments,58,0
19495,Ġinfinite,58,0
19499,Ġdelays,58,0
19500,Ġmidday,58,0
19502,ĠTracy,58,0
19506,ĠGeorgetown,58,0
19508,ĠGods,58,0
19509,Ġbuyer,58,0
19510,Ġspecialist,58,0
19511,Ġcomplaining,58,0
19512,Ġfortnight,58,0
19513,ĠFinance,58,0
19515,ĠMedici,58,0
19519,Ġestablishes,58,0
19521,Ġcelebrations,58,0
19524,ĠComing,58,0
19525,Ġdisputes,58,0
19526,Ġlengthy,58,0
19527,Ġcommanding,58,0
19534,Ġmosques,58,0
19535,ĠApaches,58,0
19536,Ġcomparative,58,0
19538,Ġpausing,58,0
19539,Ġthrilling,58,0
19542,Ġdemonstrations,58,0
19544,Ġconsulting,58,0
19547,Ġsympathetic,58,0
19549,Ġfolklore,58,0
19550,ĠStatement,58,0
19553,Ġemphasized,58,0
19554,Ġdisclose,58,0
19557,Ġincorporate,58,0
19560,ĠDunn,58,0
19561,Ġrevolutionary,58,0
19562,Ġexploit,58,0
19563,Ġprosperous,58,0
19564,Ġkilometres,58,0
19565,ĠBronx,58,0
19568,ĠRhine,58,0
19571,Ġinefficient,58,0
19572,ĠBeatty,58,0
19573,Ġsummarized,58,0
19576,ĠGenerally,58,0
19578,Ġcynical,58,0
19579,ĠPractices,58,0
19585,ĠScreening,58,0
19586,Ġcinemas,58,0
19587,Ġcumulative,58,0
19591,Ġfederally,58,0
19593,ĠMoffat,58,0
19595,ĠKrugman,58,0
19596,ĠCromwell,58,0
2963,ify,57,0
3683,ĠSy,57,0
9502,ĠVar,57,0
10687,hu,57,0
11757,sen,57,0
13361,Ġconquer,57,0
13837,ĠLed,57,0
14157,Ġdiscretion,57,0
14885,Ġhyper,57,0
15032,Ġtrot,57,0
15500,ĠCommand,57,0
15653,Pro,57,0
16336,ĠPunjab,57,0
16979,Ġconceal,57,0
17266,With,57,0
17614,Ġdevote,57,0
18605,Ġmarginal,57,0
19598,Best,57,0
19616,Ġcured,57,0
19625,ĠIvan,57,0
19642,Ġnotorious,57,0
19643,"Ġ"""".",57,0
19652,ĠGoya,57,0
19666,ĠChuck,57,0
19669,Ġimports,57,0
19671,Ġslipping,57,0
19677,Ġ1812,57,0
19679,ĠReally,57,0
19680,ĠReese,57,0
19682,Ġmaturity,57,0
19688,Ġmemorable,57,0
19689,ĠHarcourt,57,0
19693,Ġtrader,57,0
19699,ĠGoddess,57,0
19708,Ġdestroyers,57,0
19710,Ġcombine,57,0
19715,Ġstrolled,57,0
19716,Ġstrode,57,0
19721,ĠDiscovery,57,0
19723,ĠVenus,57,0
19725,Ġessays,57,0
19727,Ġdebates,57,0
19729,ĠGarland,57,0
19730,Ġmandated,57,0
19732,ĠNorfolk,57,0
19733,Ġcalculation,57,0
19734,ĠSoviets,57,0
19735,Ġvastly,57,0
19736,Ġdemonstrates,57,0
19738,Ġfaults,57,0
19743,ĠStatistical,57,0
19744,ĠWhenever,57,0
19748,Ġasserted,57,0
19750,ĠLiberal,57,0
19752,Ġadoption,57,0
19754,ĠFelgate,57,0
19755,ĠBateman,57,0
19757,ĠProposed,57,0
19758,ĠJenkins,57,0
19760,Ġlandmarks,57,0
19761,ĠChinaman,57,0
19762,ĠDominican,57,0
19763,ĠPublishers,57,0
19765,ĠArchaeological,57,0
19767,Ġprejudice,57,0
19769,Ġnonexchange,57,0
19771,Ġsalamander,57,0
19772,ĠSalvador,57,0
19774,ĠSteele,57,0
19775,Ġmarvellous,57,0
19776,ĠLumpur,57,0
1910,ĠCount,56,0
4240,ĠMil,56,0
5396,illy,56,0
9660,Cl,56,0
13918,ĠCete,56,0
14029,ĠMeet,56,0
15582,people,56,0
16111,Ġorphan,56,0
17307,ĠGun,56,0
17901,ĠChan,56,0
18075,Ġtrades,56,0
18576,ĠTourism,56,0
18777,Ġdictator,56,0
19777,",[",56,0
19781,Ay,56,0
19782,Bessie,56,0
19799,Ġsane,56,0
19806,Ġnigh,56,0
19809,Ġgout,56,0
19813,Ġreigned,56,0
19818,Ġstark,56,0
19823,Ġka,56,0
19824,Ġrated,56,0
19827,Ġdeceived,56,0
19829,ĠDanny,56,0
19831,Ġplight,56,0
19833,ĠRules,56,0
19834,ĠRoute,56,0
19848,Ġammonia,56,0
19852,Ġpoets,56,0
19860,Ġrelates,56,0
19861,Ġregained,56,0
19864,Ġsuppressed,56,0
19865,Ġyearlings,56,0
19881,Ġcapitalism,56,0
19884,ĠUSO,56,0
19886,Ġsimilarities,56,0
19887,Ġdefinitions,56,0
19891,Ġcredible,56,0
19892,ĠLouise,56,0
19893,Ġstructured,56,0
19896,month,56,0
19897,ĠPatton,56,0
19899,ĠGloria,56,0
19904,Ġrequesting,56,0
19905,Ġbiased,56,0
19907,ĠBelize,56,0
19908,Ġchemist,56,0
19914,Ġrevered,56,0
19917,ĠTournament,56,0
19918,ĠProvidence,56,0
19919,ĠAnyway,56,0
19922,Ġunclear,56,0
19923,ĠCoroner,56,0
19924,Ġsplendor,56,0
19925,ĠSidney,56,0
19926,Ġ1905,56,0
19927,ĠNortheast,56,0
19928,Ġcontributing,56,0
19929,Ġconsultation,56,0
19930,ĠPete,56,0
19934,Ġinnocence,56,0
19937,ĠVolume,56,0
19938,ĠLuis,56,0
19940,Ġmurmur,56,0
19945,Ġinventory,56,0
19946,ĠSaxon,56,0
19947,Ġunexpectedly,56,0
19949,Ġfertility,56,0
19951,ĠIdaho,56,0
19953,Ġswallow,56,0
19954,Ġfulfilled,56,0
19955,ĠRulemaking,56,0
19956,ĠBrandon,56,0
19957,Ġconjunction,56,0
19961,ĠBoxer,56,0
19964,Ġprestigious,56,0
19965,ĠHMOs,56,0
19966,ĠAbsolutely,56,0
19969,ĠHonsh,56,0
19970,ĠNigeria,56,0
19971,ĠWordsworth,56,0
19974,ĠUNESCO,56,0
19975,ĠTuscany,56,0
19976,ĠMonastery,56,0
19978,Ġsubscribers,56,0
19980,Ġmelancholy,56,0
1992,inc,55,0
2159,ĠEuro,55,0
3930,ibly,55,0
7281,Ġbrill,55,0
8234,Ġdismiss,55,0
13324,ĠCale,55,0
13819,Ġcater,55,0
14215,kh,55,0
16358,Ġinherent,55,0
17926,Ġsentiment,55,0
18283,ĠIncreasing,55,0
18945,ĠCorrect,55,0
19982,Old,55,0
19990,Ġtumbling,55,0
19991,Ġwits,55,0
19993,Ġowed,55,0
20009,Ġonward,55,0
20021,ĠFinding,55,0
20023,ĠNHTSA,55,0
20027,ĠRFP,55,0
20033,Ġanytime,55,0
20034,Ġ1912,55,0
20044,Ġhowl,55,0
20045,Ġdesires,55,0
20051,Ġfinanced,55,0
20053,ĠNewcastle,55,0
20055,Ġgoverned,55,0
20058,Ġgenres,55,0
20061,Ġvisions,55,0
20062,Ġbelieving,55,0
20064,Ġsimulations,55,0
20066,Ġcommunicated,55,0
20069,Ġplea,55,0
20071,Ġislanders,55,0
20076,Ġbarking,55,0
20082,ĠHerbert,55,0
20083,ĠBlair,55,0
20085,ĠExcept,55,0
20086,ĠParmenio,55,0
20089,Ġobjected,55,0
20092,Ġjoking,55,0
20095,Ġobsession,55,0
20096,Ġbudgeting,55,0
20100,ĠBradshaw,55,0
20101,ĠJulia,55,0
20104,Ġverses,55,0
20105,ĠPatients,55,0
20107,Ġlawsuits,55,0
20108,ĠQuebec,55,0
20111,Ġdreaming,55,0
20113,ĠDelaware,55,0
20114,Ġrobbery,55,0
20117,Ġsymbolic,55,0
20118,Ġadministrator,55,0
20119,Ġcalculating,55,0
20121,Ġracism,55,0
20124,Ġtalents,55,0
20125,Ġsubstantive,55,0
20127,Ġexceeding,55,0
20128,Ġmausoleum,55,0
20130,Ġpoisoning,55,0
20133,Ġfortunes,55,0
20135,ĠPopular,55,0
20136,Ġfragile,55,0
20137,Ġchampionships,55,0
20139,ĠMandates,55,0
20140,ĠConfederacy,55,0
20141,Ġprospects,55,0
20144,Ġtroublesome,55,0
20151,Ġswayed,55,0
20152,ĠHistorical,55,0
20155,ĠBorneo,55,0
20157,ĠPriority,55,0
20158,Ġdevastating,55,0
20159,ĠIssues,55,0
20161,Ġcorrelation,55,0
20163,Ġmanganese,55,0
1499,ural,54,0
6545,ĠJo,54,0
7703,lessly,54,0
8500,ĠRad,54,0
8832,Ġ180,54,0
9481,Ġannounce,54,0
9847,ĠCas,54,0
11395,Re,54,0
11486,ĠIndustrial,54,0
13109,ĠViking,54,0
13383,Qu,54,0
14806,Ġrecruit,54,0
14861,ĠFrances,54,0
16227,51,54,0
16452,Ġmartyr,54,0
16593,Ben,54,0
16726,Ġsoothing,54,0
18014,ĠMann,54,0
18440,ĠMasters,54,0
18609,ĠMacedon,54,0
18910,ĠBaron,54,0
20168,both,54,0
20178,Ġtapped,54,0
20195,ĠTina,54,0
20198,Ġlinking,54,0
20200,ĠIan,54,0
20205,ĠSai,54,0
20225,ĠGippie,54,0
20229,Ġsued,54,0
20231,Ġjinja,54,0
20233,Ġabused,54,0
20238,ĠInglis,54,0
20240,ĠKobe,54,0
20241,ĠKatherine,54,0
20243,ĠStewardship,54,0
20246,Ġquotes,54,0
20247,Ġprone,54,0
20257,ĠUnfunded,54,0
20259,Ġbooming,54,0
20261,Ġregain,54,0
20262,ĠFran,54,0
20269,Ġbestowed,54,0
20271,except,54,0
20272,Ġsnatched,54,0
20276,ĠEdwards,54,0
20277,Ġpleasing,54,0
20279,Ġaudiences,54,0
20281,Ġpathetic,54,0
20284,Ġelectoral,54,0
20285,ĠColony,54,0
20286,Ġsnowing,54,0
20289,Ġmagical,54,0
20291,Ġbandits,54,0
20295,Ġdeclaring,54,0
20297,Ġcourtroom,54,0
20300,Ġexceptional,54,0
20301,ĠReducing,54,0
20303,Ġrespectful,54,0
20308,Ġnortheastern,54,0
20310,Ġreferrals,54,0
20314,Ġinvestigating,54,0
20315,Ġsickness,54,0
20318,Ġwelcoming,54,0
20319,Ġjudgement,54,0
20325,2005,54,0
20326,ĠStandish,54,0
20327,Ġbothers,54,0
20328,Ġcomparisons,54,0
20330,ĠCameron,54,0
20333,ĠBasic,54,0
20334,Ġbravely,54,0
20338,Ġgangs,54,0
20339,Ġterraces,54,0
20340,Ġmotioned,54,0
20341,Ġflooding,54,0
20342,ĠDefinitely,54,0
20343,Nothing,54,0
20344,Ġeliminating,54,0
20345,ĠBecker,54,0
20346,Ġabsorb,54,0
20347,ĠListen,54,0
20348,Ġsacrificed,54,0
20351,Ġbargains,54,0
20353,ĠBosnia,54,0
20357,Ġclinics,54,0
20358,ĠPoacher,54,0
20362,Ġflourished,54,0
20363,ĠCornell,54,0
20365,ĠCrusader,54,0
20367,ĠMichelle,54,0
20368,ĠNazis,54,0
20370,Ġwiser,54,0
20371,Ġpregnancy,54,0
20372,Ġcantina,54,0
20373,Ġreluctantly,54,0
20376,Ġconfirmation,54,0
20378,Ġfrustrated,54,0
20379,Ġperilous,54,0
20380,Ġmammals,54,0
20383,Ġtributaries,54,0
20386,ĠBuffalo,54,0
20388,ĠRachel,54,0
20389,Ġcompatible,54,0
20391,ĠMozart,54,0
20392,Ġeagerness,54,0
20394,ĠKeene,54,0
20395,ĠHassan,54,0
20396,ĠOcala,54,0
20397,ĠWikipedia,54,0
20398,Ġshabby,54,0
1226,ained,53,0
3157,ication,53,0
5286,ĠMcC,53,0
6000,ĠSel,53,0
6486,ĠKy,53,0
6891,Ġreject,53,0
7757,ĠRod,53,0
10305,din,53,0
11230,ĠUr,53,0
11585,ĠQueens,53,0
11775,ĠLau,53,0
13861,Ġforecast,53,0
15707,Ġsincere,53,0
16672,ĠHerod,53,0
16920,Ġunkind,53,0
17410,ĠMind,53,0
18142,Would,53,0
18465,ĠPiedmont,53,0
18487,Ġheed,53,0
18507,Ġplunder,53,0
20400,.:,53,0
20401,After,53,0
20416,Ġbays,53,0
20419,Ġmotto,53,0
20420,Ġdues,53,0
20422,ĠTampa,53,0
20433,ĠCrest,53,0
20443,Ġsha,53,0
20444,Ġneo,53,0
20452,ĠLily,53,0
20456,Ġabolished,53,0
20466,Ġcompares,53,0
20477,ĠAnlaf,53,0
20488,Ġretiring,53,0
20490,Ġgenes,53,0
20496,Ġcommunes,53,0
20497,Ġideology,53,0
20498,ĠDegas,53,0
20501,Ġdemons,53,0
20504,Ġvilla,53,0
20506,ĠSean,53,0
20508,Ġcompetent,53,0
20509,ĠActually,53,0
20512,ĠMinardi,53,0
20513,Ġreviewers,53,0
20514,Ġreleasing,53,0
20518,ĠNeil,53,0
20520,Ġdevoid,53,0
20522,Ġcourtesy,53,0
20524,ĠMonet,53,0
20525,ĠMonroe,53,0
20529,Ġmisfortune,53,0
20531,ĠSenor,53,0
20532,Ġignores,53,0
20536,Ġrepeating,53,0
20538,Ġchiefly,53,0
20539,Ġinquest,53,0
20540,Ġweakened,53,0
20544,Ġ1869,53,0
20550,Ġmillennium,53,0
20553,Ġimplied,53,0
20558,ĠMajority,53,0
20559,Ġheavens,53,0
20560,ĠStanford,53,0
20562,Ġsacrifices,53,0
20563,Ġdisclosures,53,0
20564,ĠLightning,53,0
20565,Ġdimensions,53,0
20569,ĠTitian,53,0
20570,Ġtriumphant,53,0
20572,Ġodor,53,0
20574,Ġcasualties,53,0
20575,Ġcantons,53,0
20577,Ġindigent,53,0
20578,Connell,53,0
20579,ĠRaymond,53,0
20580,Ġrituals,53,0
20582,ĠAdventures,53,0
20584,ĠSherman,53,0
20585,Ġclutched,53,0
20586,Ġprefers,53,0
20588,Ġinherited,53,0
20589,Ġthirsty,53,0
20592,ĠBaptist,53,0
20594,ĠArena,53,0
20596,ĠKapoor,53,0
20600,Ġhazardous,53,0
20602,Ġcommodity,53,0
20603,ĠMughal,53,0
20604,Ġfluoride,53,0
20605,Ġemergencies,53,0
20606,Ġfeudal,53,0
20608,ĠPleasantville,53,0
20609,Ġlitigants,53,0
20610,Ġrespiratory,53,0
20614,ĠJudaism,53,0
1101,Ġgovern,52,0
2355,ination,52,0
3180,ĠIr,52,0
5051,ĠLat,52,0
6102,Ġpsych,52,0
6586,ĠGall,52,0
6594,ĠHay,52,0
8265,ĠDun,52,0
9899,acc,52,0
10317,ĠRest,52,0
11550,Ġmanuscript,52,0
11819,ĠLin,52,0
13105,ĠLi,52,0
15240,ĠNar,52,0
15256,ashi,52,0
15746,ĠConcord,52,0
18383,ĠZucker,52,0
19006,bach,52,0
19008,fired,52,0
19065,aceae,52,0
19147,Ġinduce,52,0
19449,Ġintensive,52,0
20616,""":",52,0
20632,Ġthesis,52,0
20644,especially,52,0
20649,Ġreared,52,0
20678,ĠJasper,52,0
20679,ĠJupiter,52,0
20680,Ġalbeit,52,0
20700,Ġgrades,52,0
20707,ĠAswan,52,0
20708,Ġ3000,52,0
20712,Ġheadlines,52,0
20717,Ġrealignment,52,0
20720,Ġbehold,52,0
20721,Ġconfession,52,0
20725,Ġcontinent,52,0
20729,Ġpromotes,52,0
20730,ĠHarper,52,0
20731,Ġclassics,52,0
20733,Ġoperators,52,0
20734,ĠHermann,52,0
20735,Ġportal,52,0
20738,Ġgrandeur,52,0
20740,Ġtoured,52,0
20742,Ġtrusting,52,0
20744,Ġconnects,52,0
20745,households,52,0
20747,Ġprecision,52,0
20751,Ġnarrowly,52,0
20757,Ġbehaviour,52,0
20758,Ġunfamiliar,52,0
20761,Ġ1878,52,0
20764,Ġdeterrent,52,0
20766,ĠKenny,52,0
20769,ĠSubia,52,0
20770,Ġ1909,52,0
20772,ĠSelena,52,0
20774,Ġdetectives,52,0
20777,Ġindustrialized,52,0
20780,Ġfabulous,52,0
20781,ĠFairy,52,0
20783,Ġsulfate,52,0
20786,Ġcottages,52,0
20787,Ġaccommodation,52,0
20788,Ġwhistled,52,0
20789,ĠCreole,52,0
20790,Ġindignant,52,0
20792,ĠRestoration,52,0
20794,ĠMacedonia,52,0
20797,Ġdisgusting,52,0
20798,ĠBurns,52,0
20799,Ġdubbed,52,0
20800,Ġchuckled,52,0
20801,Ġaccusation,52,0
20802,ĠJennings,52,0
20807,Ġtwinkling,52,0
20810,ĠKeswick,52,0
20813,ĠAdmiral,52,0
20814,ĠTudjman,52,0
20815,Ġquotation,52,0
20817,ĠElfwyn,52,0
20819,ĠSERIES,52,0
20820,ĠRochester,52,0
20821,ĠCredit,52,0
20823,ĠGentilello,52,0
20824,ĠHaraoba,52,0
20825,Ġacquisitions,52,0
20826,ĠCincinnati,52,0
3283,gar,51,0
5232,Ġrestrict,51,0
5939,ĠWin,51,0
6494,Ġinterpret,51,0
11617,iga,51,0
12805,ĠSimilar,51,0
13098,ione,51,0
15456,ĠMol,51,0
16508,ĠPunt,51,0
17130,West,51,0
17666,Ġrhythm,51,0
18172,ĠNov,51,0
18560,risk,51,0
20779,ĠĠĠĠĠĠĠĠĠĠĠĠĠĠĠĠĠĠĠĠĠĠĠĠĠĠĠĠĠĠĠ,51,0
20828,First,51,0
20830,Two,51,0
20851,Ġfishes,51,0
20853,Ġhasty,51,0
20856,Ġthither,51,0
20857,Ġgale,51,0
20858,Ġgaps,51,0
20866,Ġnotwithstanding,51,0
20870,ĠWaters,51,0
20873,Ġshrill,51,0
20877,ĠNah,51,0
20878,Ġplural,51,0
20888,Ġabortions,51,0
20889,ĠOro,51,0
20891,Ġ().,51,0
20893,Ġsomeplace,51,0
20899,ĠChoice,51,0
20901,Ġdisastrous,51,0
20912,ĠAlways,51,0
20914,ĠButler,51,0
20915,Ġentries,51,0
20916,Ġassented,51,0
20920,Ġendangered,51,0
20921,Ġrequester,51,0
20922,Ġcheery,51,0
20924,Ġschooling,51,0
20930,Ġfactual,51,0
20932,Ġcommunist,51,0
20933,Ġcommunism,51,0
20941,Ġminded,51,0
20944,Ġtechnically,51,0
20949,Ġ1600,51,0
20950,Ġlimiting,51,0
20951,ĠBombay,51,0
20952,Ġtenants,51,0
20954,ĠIndianapolis,51,0
20956,2017,51,0
20957,Ġsummertime,51,0
20959,Ġsongwriter,51,0
20961,Ġdefining,51,0
20963,Ġrecognised,51,0
20964,Ġrecognizing,51,0
20966,Ġacquiring,51,0
20967,Ġgardener,51,0
20970,Ġdisputed,51,0
20971,ĠItaliane,51,0
20975,Ġbombed,51,0
20976,Ġbravery,51,0
20979,Ġmadam,51,0
20980,Ġgeography,51,0
20982,Ġpremises,51,0
20983,Ġblockade,51,0
20987,ĠBasin,51,0
20988,ĠInterior,51,0
20990,Ġterrorism,51,0
20991,Ġconverts,51,0
20992,Ġreminder,51,0
20993,Ġmorality,51,0
20994,ĠAzad,51,0
20995,Ġnitrate,51,0
20996,ĠEllis,51,0
20999,Ġnarrator,51,0
21000,Ġworkshops,51,0
21005,Ġtapir,51,0
21008,Ġrejoiced,51,0
21010,Ġneighbours,51,0
21011,ĠBertric,51,0
21013,Ġrecovering,51,0
21014,Ġreproduction,51,0
21015,Ġdiagnosis,51,0
21017,Ġlobbyists,51,0
21018,Ġconveyed,51,0
21020,ĠColeman,51,0
21021,Ġhydroxide,51,0
21022,Ġdodged,51,0
21026,ĠHopkins,51,0
21027,sometimes,51,0
21030,Ġnightclubs,51,0
21031,ĠCroatia,51,0
21032,ĠDillson,51,0
21033,Ġferocious,51,0
21034,Ġjurisdiction,51,0
21035,Ġpractitioners,51,0
21036,Ġorgans,51,0
21037,Germain,51,0
3294,come,50,0
6055,ĠDar,50,0
6281,mother,50,0
6618,wan,50,0
7705,going,50,0
8704,ologists,50,0
10342,care,50,0
13005,Ġbankrupt,50,0
14127,rec,50,0
16962,ĠAngel,50,0
18211,Ġmemoir,50,0
18468,Does,50,0
18511,ĠJed,50,0
19327,Ġundertaking,50,0
19702,Ġperfection,50,0
19873,ĠPrinces,50,0
21038,'-,50,0
21041,King,50,0
21042,Like,50,0
21044,Maggie,50,0
21068,Ġfax,50,0
21070,Ġpagan,50,0
21074,Ġduration,50,0
21076,Ġdwelt,50,0
21082,Ġgases,50,0
21084,Ġreopened,50,0
21089,ĠSearch,50,0
21096,ĠCities,50,0
21098,ĠCarson,50,0
21099,ĠCiscasset,50,0
21102,Ġanonymous,50,0
21120,Ġconcludes,50,0
21131,ĠJeopardy,50,0
21134,Ġleapt,50,0
21149,Ġperjury,50,0
21154,Ġcontributes,50,0
21162,Ġremedy,50,0
21168,ĠArlington,50,0
21169,Ġrestrained,50,0
21172,Ġpassive,50,0
21173,Ġpassages,50,0
21184,Ġveins,50,0
21188,ĠManaging,50,0
21191,Ġequality,50,0
21193,ĠPlains,50,0
21198,Ġactivism,50,0
21202,Ġgrandmamma,50,0
21206,Ġarchipelago,50,0
21208,Ġpotassium,50,0
21209,Ġaccessed,50,0
21212,ĠJuliet,50,0
21214,Ġdamaging,50,0
21215,Ġshrink,50,0
21217,Ġpredators,50,0
21225,ĠSalmon,50,0
21228,Ġproceeds,50,0
21229,Ġjoyfully,50,0
21233,ĠNetflix,50,0
21235,ĠConsumer,50,0
21241,Ġbodily,50,0
21243,ĠPersia,50,0
21244,Ġteachings,50,0
21246,Ġterrorists,50,0
21247,Ġvirtues,50,0
21249,Ġadvocated,50,0
21250,Ġjerked,50,0
21251,ĠStatistics,50,0
21256,Ġwarships,50,0
21259,Ġintellectuals,50,0
21260,ĠHungarian,50,0
21262,ĠPollock,50,0
21263,Ġjoints,50,0
21264,Ġneighbouring,50,0
21265,Ġexploits,50,0
21266,Ġpupil,50,0
21267,ĠConservatives,50,0
21268,Ġascended,50,0
21270,ĠPirates,50,0
21272,ĠLuxembourg,50,0
21274,Ġportrayal,50,0
21276,Ġpertaining,50,0
21277,Ġaccusations,50,0
21281,ĠHimalayas,50,0
21282,ĠBethlehem,50,0
21284,Ġskeptical,50,0
21285,Ġoxidation,50,0
21286,ĠLloyd,50,0
21287,Ġhomosexuality,50,0
21289,Ġaffiliated,50,0
21291,ĠMussolini,50,0
21296,Ġstronghold,50,0
21298,ĠBracewell,50,0
21300,ĠFranciscan,50,0
21301,Ġmonitored,50,0
21302,AIMD,50,0
21303,Landschaft,50,0
21304,Ġafternoons,50,0
2498,ĠCent,49,0
2810,ĠEm,49,0
5136,ĠWil,49,0
8468,ram,49,0
12116,Ġsupplement,49,0
13136,ĠPrior,49,0
13907,atus,49,0
14942,feld,49,0
15367,ĠKaw,49,0
16279,Ġdisturb,49,0
18030,ĠKa,49,0
18141,Was,49,0
18317,ĠSr,49,0
18808,could,49,0
19430,ĠMae,49,0
19569,Ġisolation,49,0
19814,Ġhears,49,0
21324,lived,49,0
21334,Ġtens,49,0
21344,Ġpaces,49,0
21351,ĠTip,49,0
21355,Ġeternal,49,0
21361,ĠMitchell,49,0
21365,Ġhaunted,49,0
21370,Ġseizing,49,0
21372,ĠWorth,49,0
21377,Ġliver,49,0
21383,ĠDylan,49,0
21385,ĠNights,49,0
21386,ĠNatives,49,0
21389,ĠRivers,49,0
21396,Ġ1916,49,0
21399,Ġclapped,49,0
21404,Ġoverview,49,0
21405,Ġquo,49,0
21408,Ġarrondissement,49,0
21414,Ġresume,49,0
21416,Ġcontests,49,0
21419,Ġspells,49,0
21426,Ġreliance,49,0
21430,ĠBristol,49,0
21431,Ġfamed,49,0
21436,Ġstudios,49,0
21440,Ġairy,49,0
21442,Ġdepressing,49,0
21443,ĠJaps,49,0
21445,ĠProvence,49,0
21446,Ġinsights,49,0
21447,Ġmeditation,49,0
21448,Ġinfections,49,0
21449,Ġdemographic,49,0
21452,Ġtestified,49,0
21455,Ġsixties,49,0
21456,Ġnationalism,49,0
21457,Ġbeneficiaries,49,0
21459,ĠHerman,49,0
21461,Ġcorrection,49,0
21462,Ġproblematic,49,0
21463,ĠAmiga,49,0
21467,Ġestimation,49,0
21469,Ġaccepts,49,0
21470,ĠSlave,49,0
21472,Ġcaptors,49,0
21473,Ġstructural,49,0
21474,Ġdoubtfully,49,0
21476,Ġhosting,49,0
21479,Ġcombines,49,0
21480,Ġanguish,49,0
21481,Ġcollects,49,0
21482,ĠSchools,49,0
21484,Ġdryly,49,0
21485,ĠDanvers,49,0
21486,ĠFrancois,49,0
21488,Ġinstalling,49,0
21490,Ġcandidacy,49,0
21491,Ġexhibited,49,0
21493,Ġreactor,49,0
21495,Ġjoyful,49,0
21496,ĠEvidence,49,0
21497,ĠHindi,49,0
21498,ĠCommunication,49,0
21499,ĠAnything,49,0
21501,Ġ1904,49,0
21502,Ġ1907,49,0
21503,Ġanalyzing,49,0
21507,Ġconsultants,49,0
21508,ĠChapelle,49,0
21510,ĠEconomy,49,0
21512,Ġinterpretations,49,0
21513,Ġmelody,49,0
21514,Ġtranslate,49,0
21518,winning,49,0
21521,ĠProduction,49,0
21527,ĠEleanor,49,0
21529,Ġcomprises,49,0
21530,Ġparliamentary,49,0
21531,Ġproportions,49,0
21532,Ġdeliberate,49,0
21533,Ġtolerance,49,0
21535,Ġreluctance,49,0
21536,ĠWolves,49,0
21538,Ġtidings,49,0
21540,ĠUrban,49,0
21541,Ġdeceased,49,0
21543,Ġnominal,49,0
21544,Ġassassinated,49,0
21545,Ġcorsair,49,0
21546,Ġdormitory,49,0
21548,Ġavenues,49,0
21549,Ġhosses,49,0
21550,Ġexplicitly,49,0
21552,ĠRudolph,49,0
21553,Ġhymns,49,0
21555,ĠHimalayan,49,0
21557,Ġdispleasure,49,0
21559,Ġpledge,49,0
21562,ĠEffects,49,0
21568,ĠVentura,49,0
21569,Ġcavalry,49,0
21570,Ġprevalent,49,0
21571,Ġtadpoles,49,0
21572,ĠJessica,49,0
21574,ĠPompeii,49,0
21576,ĠMontenegro,49,0
21578,Ġroommate,49,0
21579,Ġhectares,49,0
21581,ĠCOMPANY,49,0
21582,ĠVancouver,49,0
594,orm,48,0
4395,ĠSat,48,0
5161,week,48,0
6708,alled,48,0
7178,ĠRy,48,0
8117,Ġflu,48,0
9756,una,48,0
11557,Ġadapt,48,0
11959,Ġportray,48,0
17333,ĠJohann,48,0
17527,Ad,48,0
17821,Ġsuspense,48,0
17905,Ġslaughter,48,0
18806,Turk,48,0
18944,ĠMcCarthy,48,0
19981,El,48,0
21584,Aside,48,0
21585,Her,48,0
21586,Jack,48,0
21587,Jesus,48,0
21589,"_,""",48,0
21592,dollar,48,0
21596,nine,48,0
21601,Ġsorbent,48,0
21609,Ġpensions,48,0
21612,Ġinability,48,0
21639,ĠFowler,48,0
21646,ĠGrove,48,0
21648,Ġcompelling,48,0
21651,Ġoutbreak,48,0
21653,Ġagin,48,0
21659,ĠChancellor,48,0
21660,Ġgrunted,48,0
21662,Ġdisciples,48,0
21663,ĠVoth,48,0
21664,Ġprefecture,48,0
21673,Ġendured,48,0
21675,Ġadditions,48,0
21676,ĠMarriage,48,0
21677,ĠNoble,48,0
21681,ĠRebs,48,0
21682,Ġsignatures,48,0
21689,Ġdevelopers,48,0
21696,Ġsentimental,48,0
21697,Ġ1700,48,0
21699,Ġprophet,48,0
21701,ĠExactly,48,0
21702,ĠGuam,48,0
21703,ĠBartram,48,0
21706,ĠCanute,48,0
21707,ĠCalcutta,48,0
21708,Ġsolving,48,0
21709,Ġfaculty,48,0
21712,Ġseasonal,48,0
21713,Ġsurprises,48,0
21714,Ġsubjected,48,0
21715,Ġcomplied,48,0
21717,Ġviolations,48,0
21718,Ġescaping,48,0
21721,Ġstarved,48,0
21724,Ġcombining,48,0
21725,ĠDemocracy,48,0
21726,Ġprevents,48,0
21729,ĠHistoric,48,0
21730,Ġspacecraft,48,0
21731,Ġdespised,48,0
21735,ĠSocialist,48,0
21737,Ġvoter,48,0
21739,Ġliteracy,48,0
21741,Ġadopting,48,0
21742,Ġadvertise,48,0
21743,Ġadvertised,48,0
21751,Ġharmful,48,0
21752,Ġ1877,48,0
21754,ĠCatholics,48,0
21755,ĠGreene,48,0
21760,ĠCorporate,48,0
21761,ĠWoody,48,0
21763,Ġuniversally,48,0
21765,ĠSupporting,48,0
21768,ĠMissionaries,48,0
21770,ĠPakistani,48,0
21772,ĠSanders,48,0
21775,Ġinspections,48,0
21776,Ġoverseer,48,0
21777,Ġtempting,48,0
21778,ĠRubens,48,0
21779,Ġaccommodations,48,0
21782,ĠTrustees,48,0
21783,Ġwarnings,48,0
21784,Ġcorresponding,48,0
21790,Ġimmensely,48,0
21793,Ġjealousy,48,0
21794,Ġnominations,48,0
21795,Ġawaited,48,0
21797,ĠMinority,48,0
21800,Ġpursuers,48,0
21803,ĠWyoming,48,0
21804,Ġtributary,48,0
21806,Ġhitherto,48,0
21807,Ġprescribed,48,0
21808,Ġbailiff,48,0
21810,Ġmosquitoes,48,0
21811,Ġdisappointing,48,0
21812,Ġprolonged,48,0
21813,ĠLeadership,48,0
21816,ĠKurdish,48,0
21817,Ġirrigation,48,0
21818,ĠTerminal,48,0
21819,ĠHuntington,48,0
21820,ĠImagine,48,0
21822,ĠTresham,48,0
21823,Ġnoteworthy,48,0
3542,Ġprim,47,0
3595,Ġnorm,47,0
4588,itation,47,0
5090,ĠBu,47,0
5247,Ġdeter,47,0
6908,inger,47,0
7543,ĠXX,47,0
9143,ifies,47,0
9364,Ġerect,47,0
10541,ĠSem,47,0
11029,Ex,47,0
11995,ĠEp,47,0
12434,hard,47,0
12448,ĠGra,47,0
12624,ĠBah,47,0
12984,Ġbrisk,47,0
13526,asi,47,0
16586,ĠGriffith,47,0
16700,ĠSuccess,47,0
17690,Ġafore,47,0
18931,ĠSchwartz,47,0
19768,Ġmetaphor,47,0
20337,ĠStrong,47,0
21824,02,47,0
21826,;/,47,0
21829,NHL,47,0
21848,Ġpending,47,0
21851,Ġinputs,47,0
21862,ĠMine,47,0
21870,ĠHafed,47,0
21875,ĠWan,47,0
21883,ĠNinja,47,0
21886,ĠGigot,47,0
21891,Ġvowed,47,0
21894,Ġoutright,47,0
21899,Ġtrotted,47,0
21907,Ġagitated,47,0
21910,ĠKhuman,47,0
21911,Ġrogue,47,0
21925,Ġregiment,47,0
21926,Ġowning,47,0
21928,Ġdecree,47,0
21930,Ġglared,47,0
21934,Ġdistances,47,0
21937,Ġaddicted,47,0
21940,Ġintermediate,47,0
21941,Ġhardships,47,0
21944,Ġdefenses,47,0
21946,Ġcountrymen,47,0
21947,ĠBeaux,47,0
21948,ĠSpin,47,0
21949,ĠSpencer,47,0
21950,Ġeffected,47,0
21953,Ġplebes,47,0
21955,Ġtaxed,47,0
21957,Ġmomentary,47,0
21958,ĠHarvey,47,0
21963,ĠNotes,47,0
21966,ĠPerkins,47,0
21970,ĠSecurities,47,0
21971,Ġdeclaration,47,0
21974,Ġcomputerized,47,0
21975,Ġcolder,47,0
21977,ĠMedal,47,0
21980,Ġkidney,47,0
21983,ĠPatricia,47,0
21984,Ġcontracted,47,0
21988,Ġstandardized,47,0
21989,ĠAntilles,47,0
21990,ĠBurke,47,0
21992,ĠMilfort,47,0
21993,Ġqualifications,47,0
21994,1990,47,0
21997,Ġbreathtaking,47,0
21998,ĠGoldberg,47,0
21999,ĠJudith,47,0
22000,Ġsucceeding,47,0
22002,Ġdiscounted,47,0
22004,Ġthrive,47,0
22006,Ġevaluator,47,0
22010,Isn,47,0
22012,ĠSixty,47,0
22014,Ġ1896,47,0
22016,ĠDisneyland,47,0
22017,ĠStanard,47,0
22018,Ġsemester,47,0
22021,Ġconfidently,47,0
22022,Ġinnovations,47,0
22023,ĠEducational,47,0
22024,Ġrandomly,47,0
22027,Ġancestor,47,0
22029,Ġsorely,47,0
22030,Ġrecruiting,47,0
22032,Ġutilized,47,0
22034,Ġinstincts,47,0
22035,ĠRhines,47,0
22036,Ġsubscribe,47,0
22037,Ġindignantly,47,0
22038,Ġpulse,47,0
22040,Ġunconstitutional,47,0
22043,ĠCollins,47,0
22044,ĠRupert,47,0
22046,ĠPlotz,47,0
22047,Ġomitted,47,0
22048,ĠKurds,47,0
22049,Ġpeeped,47,0
22050,Ġpanorama,47,0
22051,ĠCeteau,47,0
22052,Ġsyndrome,47,0
22054,Ġowes,47,0
22055,ĠLavinia,47,0
22056,ĠDowd,47,0
22057,ĠKendall,47,0
22061,Ġundergraduate,47,0
22063,Ġdishonest,47,0
22064,ĠEmmaste,47,0
22065,Ġconfederacy,47,0
22066,ĠLotus,47,0
22067,Ġintoxicated,47,0
22068,Ġindefinitely,47,0
22069,ĠSullivan,47,0
22070,Ġerupted,47,0
22072,ĠLexington,47,0
22074,ĠSurpluses,47,0
22075,ĠMontgomery,47,0
22077,ĠDeLay,47,0
22078,ĠNEPDG,47,0
22079,ĠWatson,47,0
2695,ires,46,0
3528,reg,46,0
4247,ivity,46,0
5800,ĠArk,46,0
7417,ĠRem,46,0
7977,ĠPay,46,0
8121,ĠĠĠĠĠĠĠĠĠĠĠĠĠĠĠĠĠĠĠĠĠĠĠĠĠĠĠĠĠĠĠĠ,46,0
9131,Ġpard,46,0
9574,ĠBert,46,0
9632,ĠPitt,46,0
12840,ĠPy,46,0
12908,ĠPas,46,0
13152,ĠTibet,46,0
13387,tel,46,0
13685,ĠKl,46,0
13976,cons,46,0
13990,ĠHMO,46,0
16320,Ġforbid,46,0
16897,iri,46,0
17002,Ġadminister,46,0
17297,Ġsect,46,0
18186,Ġadverse,46,0
19608,past,46,0
20778,ĠĠĠĠĠĠĠĠĠĠĠĠĠĠĠĠĠĠĠĠĠĠĠĠĠĠĠĠĠ,46,0
22082,Big,46,0
22105,Ġtheology,46,0
22122,ĠTropical,46,0
22126,Ġbeheld,46,0
22135,ĠHIV,46,0
22144,emon,46,0
22145,ĠNadeshiko,46,0
22156,Ġuprising,46,0
22158,Ġlikelihood,46,0
22161,ĠInland,46,0
22168,Ġworkload,46,0
22177,ĠSheen,46,0
22181,Ġaccuse,46,0
22188,Ġdecisive,46,0
22192,ĠAndrea,46,0
22193,Ġhighways,46,0
22195,Ġwarmed,46,0
22198,ĠReferences,46,0
22199,Ġspecify,46,0
22200,Ġideals,46,0
22201,Ġaffluent,46,0
22203,ĠProblems,46,0
22205,ĠMystery,46,0
22206,ĠEdgar,46,0
22208,Ġrevisions,46,0
22209,Ġinsists,46,0
22214,Ġcontinuously,46,0
22218,Ġsupportive,46,0
22220,ĠNotable,46,0
22223,ĠMinoan,46,0
22226,Ġstriving,46,0
22229,ĠPoles,46,0
22230,Ġfeller,46,0
22231,2011,46,0
22233,Ġhonors,46,0
22235,Ġsimilarity,46,0
22236,Ġcoldly,46,0
22238,Ġcaste,46,0
22240,ĠGovernors,46,0
22241,ĠJulie,46,0
22242,Ġbroadly,46,0
22244,ĠFlores,46,0
22245,ĠRegulations,46,0
22246,Ġshareholders,46,0
22248,Ġprediction,46,0
22249,Ġveranda,46,0
22250,Ġdenial,46,0
22251,Ġstrengthening,46,0
22252,ĠBrooks,46,0
22255,Ġwhisky,46,0
22256,ĠImmediately,46,0
22259,Ġessence,46,0
22260,Ġforthcoming,46,0
22261,ĠDelos,46,0
22262,Ġ401,46,0
22263,1991,46,0
22264,Ġvacations,46,0
22267,Ġwrestle,46,0
22269,Ġ1875,46,0
22270,Ġconstructing,46,0
22271,Ġconservation,46,0
22272,Ġlearnt,46,0
22274,Ġtailored,46,0
22279,ĠTechnical,46,0
22280,ĠCorporal,46,0
22281,ĠEssex,46,0
22282,Ġexceeded,46,0
22283,Ġtraits,46,0
22285,Ġwisely,46,0
22286,ĠWouldn,46,0
22287,Ġ1857,46,0
22289,Ġextensively,46,0
22290,ĠBosphorus,46,0
22291,Ġinstitute,46,0
22292,Ġearthquakes,46,0
22294,Ġtenderly,46,0
22295,Ġmonarchs,46,0
22296,Ġmotivational,46,0
22297,Ġnegotiated,46,0
22298,Ġdisciplines,46,0
22299,ĠEnders,46,0
22301,Ġprosecution,46,0
22302,ĠMontego,46,0
22303,Ġdilution,46,0
22304,Ġreservation,46,0
22305,ĠAlgeria,46,0
22309,Ġdignified,46,0
22311,Ġinfantry,46,0
22314,Ġfeminist,46,0
22315,ĠShortly,46,0
22316,Ġtransmitted,46,0
22317,Ġdiplomat,46,0
22318,ĠMuller,46,0
22319,Ġadaptation,46,0
22321,Ġindulge,46,0
22322,ĠAlcinda,46,0
22324,Ġchlorine,46,0
22325,Ġbankruptcy,46,0
22326,Ġnavigate,46,0
22327,ĠNashville,46,0
22328,Ġprestige,46,0
22329,Ġkidnapped,46,0
22330,ĠLynch,46,0
22331,ĠElectricity,46,0
22332,ĠMeeting,46,0
22333,Ġmeekly,46,0
22336,ĠBLM,46,0
22337,ĠCoalition,46,0
22339,Ġtransfers,46,0
22340,ĠRegardless,46,0
22345,Ġvouchers,46,0
22347,ĠMehmet,46,0
22348,Ġmathematician,46,0
22349,ĠSummary,46,0
22350,Ġplentiful,46,0
22351,ĠUEFA,46,0
22353,ĠFlemish,46,0
22354,ĠKowloon,46,0
22355,ĠSpielberg,46,0
7,#,45,0
1255,ear,45,0
1929,omp,45,0
4727,Ġadvent,45,0
5603,ĠCass,45,0
8755,ridge,45,0
11034,rum,45,0
11455,uri,45,0
14327,ichi,45,0
14374,maker,45,0
15073,Ġ128,45,0
15216,bin,45,0
17038,step,45,0
19244,ovi,45,0
19791,new,45,0
20167,San,45,0
20385,Ġzeal,45,0
20689,ĠThames,45,0
20736,ĠGeorges,45,0
21019,ĠWesley,45,0
22359,From,45,0
22360,Give,45,0
22361,Hold,45,0
22363,Nay,45,0
22364,Sir,45,0
22365,Suppose,45,0
22367,"],",45,0
22382,Ġwary,45,0
22384,Ġwolves,45,0
22396,Ġinlet,45,0
22397,Ġinmates,45,0
22408,ĠSource,45,0
22412,Ġstressed,45,0
22414,Ġforts,45,0
22430,Ġdoom,45,0
22434,Ġfrail,45,0
22435,Ġliable,45,0
22442,Ġchatter,45,0
22445,ĠNova,45,0
22447,ĠLoral,45,0
22453,Ġviable,45,0
22456,ĠEU,45,0
22458,Ġoutbound,45,0
22460,Ġcancel,45,0
22468,Ġunaffected,45,0
22473,Ġdisasters,45,0
22478,Ġrecurring,45,0
22479,Ġsomethin,45,0
22480,Ġdiffered,45,0
22482,Ġgreatness,45,0
22483,ĠAlas,45,0
22485,Ġinvoices,45,0
22487,Ġpreservation,45,0
22488,Ġyearling,45,0
22489,Ġcentres,45,0
22492,ĠArcher,45,0
22495,ĠMarino,45,0
22501,Ġnamely,45,0
22503,Ġlawful,45,0
22504,Ġdeficiencies,45,0
22506,Ġrefined,45,0
22507,Ġelimination,45,0
22508,Ġbrethren,45,0
22511,Ġhorribly,45,0
22516,ĠPradesh,45,0
22519,Ġequity,45,0
22520,Ġunderstandable,45,0
22525,Ġsorted,45,0
22527,ĠAmelia,45,0
22528,Ġperiodic,45,0
22529,Ġnoncompliance,45,0
22530,Ġinternationally,45,0
22533,Ġviolated,45,0
22535,ĠAssistant,45,0
22536,Ġtracked,45,0
22541,Ġexpressing,45,0
22542,",--""",45,0
22544,ĠSerra,45,0
22545,Ġmentioning,45,0
22546,Ġforgiven,45,0
22547,Ġgrease,45,0
22549,Ġsadness,45,0
22550,ĠRegulation,45,0
22551,ĠCompliance,45,0
22552,ĠSchumer,45,0
22554,ĠDistributed,45,0
22556,Ġappropriately,45,0
22557,Ġverbal,45,0
22558,Ġhospitality,45,0
22560,Ġintroducing,45,0
22562,Ġcomplexes,45,0
22564,ĠRecently,45,0
22565,Ġreacted,45,0
22567,Ġpraises,45,0
22569,Ġhonorable,45,0
22571,Ġnodding,45,0
22572,ĠVisitor,45,0
22573,ĠMargry,45,0
22575,Ġambitions,45,0
22576,Ġambassador,45,0
22577,Ġ1881,45,0
22578,Ġ1882,45,0
22579,without,45,0
22582,ĠKyushu,45,0
22583,ĠAccounts,45,0
22584,Ġboilers,45,0
22585,ĠNormandy,45,0
22586,Ġlicenses,45,0
22587,Ġlicensed,45,0
22590,Ġelegance,45,0
22591,Ġ1854,45,0
22592,Ġundertook,45,0
22593,ĠLewisville,45,0
22595,ĠXVIII,45,0
22597,Shall,45,0
22599,Ġcloister,45,0
22601,ĠTaxes,45,0
22603,Ġ1832,45,0
22607,ĠEffective,45,0
22608,Ġlaunching,45,0
22611,Ġtidy,45,0
22612,Ġineffective,45,0
22613,Ġsubtropical,45,0
22614,ĠAdministrative,45,0
22616,Ġdreary,45,0
22617,ĠEntry,45,0
22618,ĠPetersburg,45,0
22620,Ġdischarged,45,0
22621,Ġcherished,45,0
22624,Ġvirus,45,0
22626,ĠLynn,45,0
22630,Ġbureaucracy,45,0
22631,Ġaristocratic,45,0
22632,ĠLevitt,45,0
22634,Ġapplauded,45,0
22635,ĠBrewster,45,0
22638,ĠJoliffe,45,0
22639,Ġpredecessor,45,0
22641,Ġwistfully,45,0
22642,ĠBachelor,45,0
22643,Ġmandrake,45,0
22645,Ġreconstructed,45,0
22648,Ġreconfiguration,45,0
22650,Ġcomforts,45,0
22651,Ġendorsed,45,0
22652,ĠImplementation,45,0
22654,Ġdoctrine,45,0
22657,ĠParalympics,45,0
22659,Ġamenities,45,0
22660,ĠNicaragua,45,0
22663,ĠFarrakhan,45,0
22664,ĠFerguson,45,0
22665,Ġaustere,45,0
36,@,44,0
1186,osed,44,0
5354,ĠMod,44,0
7003,Ġopt,44,0
8402,rich,44,0
8677,ĠLind,44,0
9321,ĠFollow,44,0
9611,ĠGran,44,0
10278,Ġecho,44,0
11098,aren,44,0
12675,Gu,44,0
20165,Great,44,0
20212,ĠHoney,44,0
20332,ĠBabylon,44,0
20903,ĠVille,44,0
21093,selling,44,0
21151,ĠChi,44,0
21226,ĠRecord,44,0
22666,-',44,0
22667,120,44,0
22670,Mamma,44,0
22672,Time,44,0
22673,Washington,44,0
22693,Ġdrought,44,0
22694,Ġduly,44,0
22699,ĠIPM,44,0
22705,Ġez,44,0
22708,Ġyonder,44,0
22714,ĠCoral,44,0
22719,ĠBazaar,44,0
22729,ĠPico,44,0
22730,ĠPCAOB,44,0
22732,ĠWP,44,0
22740,ĠFFC,44,0
22743,ĠDictionary,44,0
22746,Ġchattering,44,0
22756,ĠOSI,44,0
22763,ĠThy,44,0
22764,--',44,0
22769,Ġdonors,44,0
22774,Ġarising,44,0
22780,Ġpreached,44,0
22782,Ġdaycare,44,0
22783,Ġundergo,44,0
22785,Ġaccusing,44,0
22787,Ġcommotion,44,0
22788,Ġremake,44,0
22795,Ġskipped,44,0
22797,Ġenduring,44,0
22801,Ġdrown,44,0
22802,ĠLeo,44,0
22803,ĠLeaving,44,0
22805,ĠMarc,44,0
22806,ĠNoah,44,0
22808,Ġartillery,44,0
22811,Ġminerals,44,0
22812,Ġpointless,44,0
22814,Ġplanners,44,0
22821,ĠCarney,44,0
22824,Ġgenera,44,0
22826,ĠYorkshire,44,0
22827,ĠHerstan,44,0
22830,meaning,44,0
22831,ĠActing,44,0
22832,Ġmerrily,44,0
22835,ĠTeresa,44,0
22836,Ġsalute,44,0
22838,Ġgeneralizability,44,0
22841,ĠJerome,44,0
22842,Ġmodeled,44,0
22844,Ġseparating,44,0
22846,Ġdetermines,44,0
22847,ĠCohen,44,0
22848,Ġsocialist,44,0
22849,Ġprevailed,44,0
22850,Ġimaginary,44,0
22851,Ġdespise,44,0
22853,Ġshrinking,44,0
22855,Ġfreshmen,44,0
22856,ĠSyrian,44,0
22857,ĠGoodman,44,0
22858,ĠRooms,44,0
22859,Ġrepeats,44,0
22861,Ġtruthful,44,0
22863,Ġspringing,44,0
22864,Ġstrove,44,0
22868,Ġdomination,44,0
22870,ĠHelena,44,0
22872,Ġdebating,44,0
22873,Ġautomation,44,0
22874,1992,44,0
22875,ĠEvents,44,0
22877,Ġ1879,44,0
22879,ĠProvinces,44,0
22880,ĠApache,44,0
22881,Ġobserves,44,0
22882,ĠEmpress,44,0
22884,ĠWallis,44,0
22886,Ġtunes,44,0
22889,Ġhonesty,44,0
22890,ĠWatergate,44,0
22891,ĠBernstein,44,0
22892,Ġdocket,44,0
22893,ĠSupper,44,0
22894,ĠSavings,44,0
22896,ĠAviation,44,0
22898,ĠVillars,44,0
22901,Ġshifts,44,0
22902,ĠPaheka,44,0
22904,Ġflourish,44,0
22905,ĠEquipment,44,0
22906,Ġassertion,44,0
22907,ĠFunding,44,0
22908,ĠStevenson,44,0
22909,ĠWilde,44,0
22910,Ġcorrespondent,44,0
22911,Ġcorrespondence,44,0
22914,Ġintends,44,0
22918,Ġdiplomatic,44,0
22920,Ġautonomy,44,0
22921,ĠCrystal,44,0
22922,Ġsobbed,44,0
22923,ĠPrimary,44,0
22924,Ġintervene,44,0
22925,Ġdisappearance,44,0
22926,ĠKuwait,44,0
22929,Ġpoorer,44,0
22931,Ġconsecutive,44,0
22932,ĠNaktche,44,0
22933,Ġwhirled,44,0
22936,Ġtreachery,44,0
22937,Ġconfidentiality,44,0
22938,ĠBeginning,44,0
22940,ĠSardinia,44,0
22945,ĠAlberto,44,0
22946,ĠClaudia,44,0
22948,depth,44,0
22951,Ġrejoice,44,0
22952,ĠSlowly,44,0
22953,Ġreagent,44,0
22954,Ġalgorithm,44,0
22955,Ġstagnant,44,0
22956,ĠSpotty,44,0
22961,ĠStrasbourg,44,0
22963,ĠDavenport,44,0
22965,Ġreminiscent,44,0
22966,ĠGorbachev,44,0
2574,itive,43,0
3957,itude,43,0
5784,ulate,43,0
6385,ĠMalays,43,0
6955,eries,43,0
9241,ĠAlb,43,0
9251,Ġrenew,43,0
11141,Ġdistract,43,0
12313,ao,43,0
12385,ĠPad,43,0
13541,ĠThousand,43,0
14148,never,43,0
14180,ĠCrime,43,0
16346,Sp,43,0
16733,91,43,0
16754,sea,43,0
16762,ĠBess,43,0
17011,Pr,43,0
17514,modern,43,0
17761,ĠPharaoh,43,0
18156,ĠIsh,43,0
18484,ĠTang,43,0
18699,raising,43,0
19225,Ġoutpost,43,0
19259,Ġesteem,43,0
19364,ĠBrief,43,0
19577,ĠEcuador,43,0
19790,non,43,0
20317,Ġtouchdown,43,0
20864,ĠMack,43,0
21108,Ġseals,43,0
21332,your,43,0
21333,zh,43,0
22971,Dick,43,0
22974,Open,43,0
22977,Tis,43,0
22978,Wait,43,0
22983,million,43,0
22994,Ġwanna,43,0
22997,Ġbilingual,43,0
23003,Ġinbound,43,0
23012,Ġlax,43,0
23016,ĠABA,43,0
23022,ĠSIP,43,0
23023,ĠSomme,43,0
23024,ĠSoho,43,0
23035,ĠMLS,43,0
23040,Ġdoin,43,0
23042,Ġdoings,43,0
23045,ĠWings,43,0
23052,ĠFAA,43,0
23053,ĠFollies,43,0
23058,ĠDane,43,0
23062,ĠRector,43,0
23064,Ġcomin,43,0
23069,ĠEagles,43,0
23072,Ġcanals,43,0
23074,Ġ($,43,0
23075,Ġ1911,43,0
23086,Ġdisabilities,43,0
23089,Ġbully,43,0
23091,Ġimply,43,0
23096,Ġdaybreak,43,0
23099,Ġunderwent,43,0
23101,Ġneedy,43,0
23102,Ġactuarial,43,0
23103,Ġbeforehand,43,0
23110,Ġslammed,43,0
23113,ĠAmericas,43,0
23115,Ġpreserving,43,0
23118,Ġevicted,43,0
23119,Ġcarelessly,43,0
23120,Ġcapitals,43,0
23121,Ġ1840,43,0
23126,Ġhardened,43,0
23128,Ġministers,43,0
23130,Ġdefines,43,0
23133,Ġestates,43,0
23134,Ġdetection,43,0
23135,Ġfooting,43,0
23138,Ġissuing,43,0
23140,ĠCarlo,43,0
23144,Ġeconomical,43,0
23147,Ġgrowl,43,0
23150,Ġvols,43,0
23151,Ġproposes,43,0
23154,Ġcomputing,43,0
23157,ĠNeo,43,0
23159,Ġhonoured,43,0
23162,Ġstaffing,43,0
23163,ĠDemand,43,0
23167,ĠIrving,43,0
23168,Ġspirited,43,0
23170,ĠComplex,43,0
23173,Ġprecautions,43,0
23174,Ġappropriated,43,0
23178,Ġexercised,43,0
23179,ĠBurmese,43,0
23180,Ġinvestigator,43,0
23184,Ġusefulness,43,0
23187,ĠContest,43,0
23189,Ġrobbing,43,0
23190,ĠEvidently,43,0
23196,Ġimplies,43,0
23198,ĠCamii,43,0
23199,Ġanalyst,43,0
23201,Ġconsequently,43,0
23202,ĠUsers,43,0
23208,ĠHaiti,43,0
23209,Ġpinch,43,0
23210,Ġhabitats,43,0
23211,ĠSaarinen,43,0
23213,ĠLighton,43,0
23215,ĠTimothy,43,0
23218,ĠDawn,43,0
23220,Ġcomposers,43,0
23221,Ġflourishing,43,0
23223,ĠPiper,43,0
23227,ĠAdvanced,43,0
23228,Ġvulnerabilities,43,0
23230,Ġpreceded,43,0
23232,ĠSiena,43,0
23233,ĠHorner,43,0
23234,ĠIncreased,43,0
23235,ĠWessex,43,0
23239,ĠLegislative,43,0
23240,ĠPrussian,43,0
23241,Ġtroopers,43,0
23242,ĠDrugs,43,0
23245,Ġbaptized,43,0
23247,Ġelasticity,43,0
23249,Ġdiscretionary,43,0
23250,Ġoutlawed,43,0
23251,Ġgrieved,43,0
23254,Ġfugitive,43,0
23258,Ġpundits,43,0
23259,ĠJFK,43,0
23260,Ġransom,43,0
23261,Ġunanimous,43,0
23263,Ġshogunate,43,0
23264,Ġperceive,43,0
23265,Ġtheoretical,43,0
23266,Ġloyalty,43,0
23267,ĠQuayle,43,0
23269,ĠAlzheimer,43,0
23271,Ġswollen,43,0
23272,ĠSOPHIA,43,0
23275,ĠPansy,43,0
2697,ĠAcc,42,0
2978,icated,42,0
8875,ques,42,0
9284,ĠEnvironment,42,0
10288,ĠDev,42,0
11039,aye,42,0
12145,rac,42,0
12418,ĠMethod,42,0
15790,ĠSak,42,0
16155,abad,42,0
17155,ĠPau,42,0
18277,Ġtavern,42,0
20070,Ġrevision,42,0
20199,ĠIl,42,0
20274,ĠAllah,42,0
21049,fi,42,0
21314,Tom,42,0
21444,being,42,0
22496,ĠĠĠĠĠĠĠĠĠĠĠ,42,0
23278,About,42,0
23287,east,42,0
23305,Ġhuddled,42,0
23307,Ġdazed,42,0
23310,ĠTige,42,0
23312,Ġthar,42,0
23320,states,42,0
23322,Ġrelying,42,0
23328,ĠCumberland,42,0
23332,ĠHI,42,0
23337,Ġkg,42,0
23341,ĠWon,42,0
23343,ĠFukushima,42,0
23352,ĠLana,42,0
23354,ĠGospel,42,0
23355,Ġexclude,42,0
23363,Ġtherein,42,0
23367,Ġclans,42,0
23370,Ġoffence,42,0
23374,ĠVP,42,0
23380,Ġscanned,42,0
23386,Ġflux,42,0
23387,Ġundergone,42,0
23389,Ġrecession,42,0
23390,ĠWhig,42,0
23391,Ġaccursed,42,0
23395,Ġboasted,42,0
23398,Ġstillness,42,0
23401,Ġheadlong,42,0
23403,Ġswore,42,0
23411,ĠShanti,42,0
23412,Ġrealised,42,0
23418,Ġpriory,42,0
23419,Ġprized,42,0
23422,ĠDoing,42,0
23423,Ġparticulate,42,0
23424,Ġseverity,42,0
23428,Ġnorthward,42,0
23430,ĠGoals,42,0
23432,ĠWarm,42,0
23435,Ġsoftened,42,0
23439,ĠEvening,42,0
23440,Ġcampaigning,42,0
23442,Ġsexually,42,0
23444,household,42,0
23445,ĠBoone,42,0
23450,Ġgasp,42,0
23451,Ġstrenuous,42,0
23453,Ġstroked,42,0
23454,Ġensured,42,0
23456,Ġurging,42,0
23460,ĠKalyal,42,0
23461,ĠSatan,42,0
23463,ĠContreras,42,0
23466,ĠKeeping,42,0
23468,Ġsprung,42,0
23470,Ġrenting,42,0
23471,Ġfools,42,0
23472,Ġintegrate,42,0
23473,ĠStudio,42,0
23474,ĠAldonka,42,0
23475,Ġbothering,42,0
23478,ĠKhamba,42,0
23479,Ġroyalty,42,0
23480,Ġbreadth,42,0
23481,ĠNorton,42,0
23482,Ġconflicting,42,0
23484,Ġfaltered,42,0
23485,Ġcommitments,42,0
23486,Ġmileage,42,0
23487,Ġmurderers,42,0
23489,ĠJojasta,42,0
23490,Arts,42,0
23491,ĠAccountability,42,0
23492,ĠSarbanes,42,0
23493,Ġfainted,42,0
23494,ĠHonorable,42,0
23495,Ġstadiums,42,0
23496,Ġpredicts,42,0
23498,ĠKnowing,42,0
23499,Ġreconstruction,42,0
23500,Ġwithdrawn,42,0
23501,Ġterrifying,42,0
23502,ĠProductions,42,0
23505,ĠByzantium,42,0
23506,Ġadmirable,42,0
23507,Ġunlucky,42,0
23510,Ġoutlays,42,0
23511,Ġroutinely,42,0
23513,ĠSabah,42,0
23515,ĠMaugrabin,42,0
23516,ĠLimited,42,0
23517,largest,42,0
23519,ĠConservation,42,0
23520,ĠCubans,42,0
23521,Ġgaily,42,0
23522,Ġjurors,42,0
23525,Really,42,0
23526,Ġlicensees,42,0
23527,ĠBangladeshi,42,0
23529,ĠAmendments,42,0
23530,Amato,42,0
23532,Ġsolicited,42,0
23533,ĠMethods,42,0
23534,ĠAttorneys,42,0
23537,ĠPyrenees,42,0
23538,ĠSweyn,42,0
23539,Ġprosecutors,42,0
23542,ĠRiviera,42,0
23543,ĠKnowledge,42,0
23544,ĠPhillips,42,0
23546,ĠRouge,42,0
23547,Ġlingered,42,0
23548,ĠChallenges,42,0
23549,Ġunhealthy,42,0
23552,Ġdisapproval,42,0
23553,ĠNassau,42,0
23554,Ġnewcomer,42,0
23555,Ġpersecution,42,0
23558,ĠParsons,42,0
23561,Ġhierarchy,42,0
23562,ĠAnglican,42,0
23563,Ġovercrowded,42,0
23564,ĠVigil,42,0
23565,Oxley,42,0
23566,ĠAubrey,42,0
23569,Ġorientation,42,0
23571,Louis,42,0
23572,Ġunreasonable,42,0
23573,Ġshrieked,42,0
23574,formerly,42,0
23575,ĠInfrastructure,42,0
23576,Ġmundane,42,0
23577,Ġboudoir,42,0
23578,ĠIeyasu,42,0
23579,ĠMurdoch,42,0
2959,ician,41,0
3415,ĠReg,41,0
6293,rad,41,0
6749,pay,41,0
9421,real,41,0
12481,Mart,41,0
12898,isation,41,0
13223,ĠProduct,41,0
14639,Ġlent,41,0
15055,ĠShin,41,0
17997,date,41,0
18193,Ġrepay,41,0
18194,ĠAna,41,0
19179,John,41,0
19968,Ġsovereign,41,0
20015,ĠMaxim,41,0
20880,ĠLuther,41,0
21954,ĠManuel,41,0
23581,")""",41,0
23582,900,41,0
23589,War,41,0
23606,Ġsomeday,41,0
23607,Ġwilt,41,0
23615,Ġpaced,41,0
23617,Ġdrenched,41,0
23621,Ġnests,41,0
23622,Ġnanny,41,0
23623,Ġnieces,41,0
23624,Ġlgi,41,0
23626,ĠAisne,41,0
23633,ĠSons,41,0
23635,ĠSSA,41,0
23640,ĠCrose,41,0
23641,Ġhaze,41,0
23645,Ġranged,41,0
23652,Ġshivered,41,0
23653,Ġdey,41,0
23655,those,41,0
23673,Ġaback,41,0
23678,Ġupstream,41,0
23683,ĠUses,41,0
23684,ĠStores,41,0
23685,ĠStrait,41,0
23691,Ġpartisan,41,0
23692,Ġdownstream,41,0
23696,Ġfounders,41,0
23699,ĠFranz,41,0
23700,Ġskimming,41,0
23701,Ġobsolete,41,0
23705,Ġrequesters,41,0
23708,Ġhardship,41,0
23716,Ġcharitable,41,0
23717,Ġdefiance,41,0
23720,Ġ2024,41,0
23723,Ġtwilight,41,0
23725,Ġhorrors,41,0
23726,Ġparticulars,41,0
23727,Ġmedication,41,0
23729,nothing,41,0
23731,Ġdesigners,41,0
23732,Ġsums,41,0
23733,Ġnationalist,41,0
23734,ĠCommons,41,0
23736,Ġgenerously,41,0
23739,ĠOrders,41,0
23743,ĠTruman,41,0
23746,Ġtenure,41,0
23747,Ġdestructive,41,0
23750,Ġharmed,41,0
23752,Ġinflow,41,0
23753,Ġlaborers,41,0
23754,Ġbuyers,41,0
23755,ĠXavier,41,0
23756,Ġfutile,41,0
23758,Ġfuriously,41,0
23759,Ġadmits,41,0
23763,ĠEmissions,41,0
23765,Ġinflux,41,0
23766,Ġpolicymakers,41,0
23767,Ġgraves,41,0
23768,ĠIraklion,41,0
23771,ĠMexicans,41,0
23773,Ġuncertainties,41,0
23775,Ġurgent,41,0
23777,ĠBurma,41,0
23782,Ġfaithfully,41,0
23783,Ġdebated,41,0
23784,1993,41,0
23785,1995,41,0
23788,Ġfooled,41,0
23789,ĠJudiciary,41,0
23795,ĠJoseon,41,0
23796,ĠTwice,41,0
23797,Ġdisagreement,41,0
23800,Ġquantify,41,0
23801,ĠBuddhists,41,0
23803,ĠExecutives,41,0
23804,Ġdesperation,41,0
23805,Ġmysteriously,41,0
23808,ĠTorres,41,0
23811,Ġoptional,41,0
23812,ĠLocated,41,0
23813,ĠAntoni,41,0
23814,ĠOprah,41,0
23818,ĠProduced,41,0
23819,ĠCowley,41,0
23820,Ġnicotine,41,0
23821,Ġincorporating,41,0
23823,Ġdiscoveries,41,0
23824,ĠMirpur,41,0
23825,Ġanticipate,41,0
23826,Ġexpeditions,41,0
23827,Ġadvisory,41,0
23828,ĠXVII,41,0
23829,Ġvocals,41,0
23831,Ġsuspects,41,0
23833,Ġprivileged,41,0
23835,Ġexecute,41,0
23837,ĠLaboratory,41,0
23838,ĠTurning,41,0
23842,ĠAlec,41,0
23844,ĠLSNY,41,0
23845,ĠConservative,41,0
23846,onlyinclude,41,0
23847,Ġwithdrawal,41,0
23848,Ġpollutant,41,0
23850,Ġcorpses,41,0
23852,Ġsummarizes,41,0
23853,ĠMaxwell,41,0
23855,ĠTelegraph,41,0
23857,ĠChilean,41,0
23858,ĠGraves,41,0
23859,ĠLegislature,41,0
23860,Ġpremiums,41,0
23861,Ġreorganization,41,0
23862,ĠCaleornia,41,0
23863,Ġflawless,41,0
23867,Ġupgrade,41,0
23868,Ġconstituency,41,0
23870,ĠCompetition,41,0
23873,ĠMaurice,41,0
23874,Ġpredecessors,41,0
23875,ĠAurich,41,0
23879,ĠLithuania,41,0
23880,ĠSeminole,41,0
23884,ĠSpecifically,41,0
23886,Ġunbelievable,41,0
23887,Ġintolerable,41,0
23888,Ġwretch,41,0
23891,ĠAppropriations,41,0
23892,ĠSunnyside,41,0
23893,Ġschemes,41,0
23895,ĠHerzl,41,0
23896,benefit,41,0
23899,Ġinvariably,41,0
23900,ĠBielski,41,0
23901,ĠREMSAD,41,0
23902,Ġstammered,41,0
23903,Ġshuddered,41,0
23905,Samtgemeinde,41,0
23908,Ġsovereignty,41,0
1452,ract,40,0
2248,ned,40,0
2840,ences,40,0
3545,ĠRos,40,0
4114,Ġtele,40,0
4159,ulated,40,0
6002,ulations,40,0
6526,ĠConf,40,0
9008,Ġneighbour,40,0
9726,ĠAle,40,0
10779,ĠLam,40,0
12572,interest,40,0
12616,ĠTu,40,0
13250,ĠDur,40,0
13326,ĠHop,40,0
13483,Ġloft,40,0
13585,63,40,0
14927,ĠChen,40,0
15224,Ġhither,40,0
15512,ĠCoal,40,0
16192,government,40,0
16271,Ġscorn,40,0
17395,core,40,0
18814,Ġbough,40,0
19431,ĠBend,40,0
19439,ĠNy,40,0
21052,founded,40,0
21269,Ġtransept,40,0
21415,Ġami,40,0
21564,ĠKerr,40,0
21833,dust,40,0
22083,Bless,40,0
22137,ĠPath,40,0
22174,ĠVall,40,0
23909,'?,40,0
23916,OMB,40,0
23920,"_,--",40,0
23933,Ġwot,40,0
23935,Ġoaks,40,0
23947,Ġpills,40,0
23950,Ġhilt,40,0
23960,Ġgays,40,0
23981,Ġration,40,0
23994,Ġproving,40,0
23997,ĠGov,40,0
23998,ĠGWe,40,0
24003,Ġexpelled,40,0
24004,Ġleverage,40,0
24007,ĠElection,40,0
24013,Ġyells,40,0
24017,ĠKaren,40,0
24023,Ġcompose,40,0
24024,Ġperils,40,0
24032,Ġresolute,40,0
24035,Ġdownright,40,0
24036,Ġpreferences,40,0
24039,Ġstandpoint,40,0
24045,ĠAliens,40,0
24046,Ġcomeback,40,0
24047,Ġinvoice,40,0
24052,Ġstricken,40,0
24054,Ġswamps,40,0
24055,Ġconsented,40,0
24056,Ġretains,40,0
24058,Ġrestoring,40,0
24059,Ġturnout,40,0
24060,Ġsermon,40,0
24062,Ġinteractions,40,0
24063,Ġintercourse,40,0
24064,Ġsystematic,40,0
24068,Ġ512,40,0
24070,Ġrefusal,40,0
24071,Ġrefrain,40,0
24074,ĠIsikoff,40,0
24075,Ġgovernmentwide,40,0
24076,Ġapprovals,40,0
24079,Ġextinction,40,0
24083,although,40,0
24086,Ġinsurers,40,0
24089,their,40,0
24090,ĠManual,40,0
24096,ĠGrammar,40,0
24100,Ġinvestor,40,0
24104,Ġhorseman,40,0
24105,Ġtroubling,40,0
24106,Ġsouthward,40,0
24109,ĠĠĠĠĠĠĠĠĠĠĠĠĠĠĠĠĠĠĠ,40,0
24111,ĠNeville,40,0
24112,ĠAbu,40,0
24117,Ġmethodologies,40,0
24118,ĠSlinky,40,0
24120,Ġsupernatural,40,0
24122,Ġassistants,40,0
24124,Ġviolation,40,0
24126,ĠPorte,40,0
24127,Ġescapes,40,0
24131,Ġagreeing,40,0
24133,Ġhostility,40,0
24136,ĠMoreno,40,0
24139,Ġcartridges,40,0
24141,Ġhospitalized,40,0
24142,ĠLetters,40,0
24143,Ġresponds,40,0
24149,ĠAssociated,40,0
24150,Ġgroan,40,0
24151,Ġ1866,40,0
24152,Ġbehaviors,40,0
24156,Ġfrighten,40,0
24157,2004,40,0
24160,ĠCampo,40,0
24161,Ġtransferring,40,0
24163,Ġ1902,40,0
24164,ĠBaboo,40,0
24166,ĠBonnie,40,0
24168,Ġheavenly,40,0
24169,ĠSarawak,40,0
24170,ĠHaifa,40,0
24174,Mayflower,40,0
24178,Ġscandals,40,0
24180,ĠXXI,40,0
24181,ĠAshley,40,0
24182,Ġpassionately,40,0
24184,Ġoverseers,40,0
24185,Ġaffectionately,40,0
24186,ĠBroadcasting,40,0
24187,Ġferries,40,0
24191,Ġreproduced,40,0
24192,Ġtolerate,40,0
24193,Ġrenovation,40,0
24194,Ġcomrade,40,0
24197,ĠRapids,40,0
24198,Ġoptimism,40,0
24199,Ġconfrontation,40,0
24200,ĠLamar,40,0
24201,Ġdensely,40,0
24202,ĠMacedonian,40,0
24203,Ġenterprises,40,0
24204,Which,40,0
24206,ĠZenana,40,0
24209,ĠCyclades,40,0
24211,ĠAgricultural,40,0
24212,ĠBentheim,40,0
24213,ĠBryan,40,0
24214,ĠAlbania,40,0
24215,ĠVicente,40,0
24218,Ġattentively,40,0
24220,Ġprowess,40,0
24222,Ġtreacherous,40,0
24224,ĠAvenger,40,0
24225,ĠActivities,40,0
24227,Ġwholesome,40,0
24228,Ġoverlap,40,0
24229,Ġaesthetic,40,0
24230,ĠLiterature,40,0
24232,Ġreferendum,40,0
24233,Crash,40,0
24237,ĠHoffman,40,0
24238,Ġderivative,40,0
24239,Arctodus,40,0
24242,Ġfantasies,40,0
24243,ĠHungerford,40,0
24244,Ġcurriculum,40,0
24245,Ġreferenced,40,0
24246,ĠInfantry,40,0
24250,Ġmonstrous,40,0
24251,ĠMykonos,40,0
24252,ĠCentrelink,40,0
2241,uation,39,0
4382,icate,39,0
4678,using,39,0
8308,Ġinvent,39,0
11937,adi,39,0
12615,enberg,39,0
13544,ĠKur,39,0
16229,En,39,0
16348,comp,39,0
16484,nin,39,0
17114,ĠFuji,39,0
17178,Ġoffend,39,0
17883,ĠFab,39,0
18295,!_,39,0
18514,Ġblunt,39,0
19401,named,39,0
19545,ĠDarwin,39,0
19837,Ġalign,39,0
21308,Br,39,0
21453,ĠColumn,39,0
21825,72,39,0
22080,73,39,0
22419,ĠCebu,39,0
24253,;&,39,0
24254,French,39,0
24255,German,39,0
24259,_!,39,0
24277,Ġaint,39,0
24288,Ġmocked,39,0
24295,arrondissements,39,0
24296,ĠTales,39,0
24297,Ġthine,39,0
24306,Ġforged,39,0
24319,ĠPoverty,39,0
24320,Ġhissed,39,0
24322,ĠFan,39,0
24328,ĠDHS,39,0
24334,ĠLanka,39,0
24335,ĠGiles,39,0
24336,ĠGrafton,39,0
24347,Ġabode,39,0
24348,Ġoutputs,39,0
24349,Ġmeadows,39,0
24351,ĠOlsen,39,0
24358,Ġtease,39,0
24363,Ġenlisted,39,0
24366,Ġunstable,39,0
24367,Ġoversee,39,0
24369,Ġcompiled,39,0
24376,Ġbacklash,39,0
24379,Ġflaws,39,0
24380,Ġwhereabouts,39,0
24381,Ġattained,39,0
24383,Ġcoves,39,0
24387,Ġcallers,39,0
24392,Ġincidence,39,0
24393,Ġinvitations,39,0
24399,Ġprovoked,39,0
24401,Ġdrastically,39,0
24403,Ġairs,39,0
24404,ĠShields,39,0
24407,Ġ450,39,0
24408,Ġmodify,39,0
24409,Ġorganisation,39,0
24420,ĠCarrie,39,0
24421,ĠFlossy,39,0
24423,Ġprocessions,39,0
24424,ĠCollection,39,0
24431,ĠPlans,39,0
24435,Ġsuccessors,39,0
24436,ĠSelect,39,0
24437,ĠTruth,39,0
24444,ĠTeodoro,39,0
24445,Ġfiguring,39,0
24448,Ġcritically,39,0
24449,Ġapiece,39,0
24451,ĠYesterday,39,0
24454,Ġquieter,39,0
24455,ĠAugustus,39,0
24458,Ġsafeguards,39,0
24459,Ġjourneys,39,0
24461,Ġnegatively,39,0
24462,ĠBillboard,39,0
24463,Ġfearless,39,0
24464,Ġtrustworthy,39,0
24468,ĠCrash,39,0
24470,ĠNewspapers,39,0
24472,Ġrailways,39,0
24475,Ġluckily,39,0
24477,Ġverification,39,0
24478,Ġsweetest,39,0
24481,Three,39,0
24482,Ġpersistent,39,0
24483,Ġperspectives,39,0
24484,ĠMorocco,39,0
24486,Ġmeaningless,39,0
24487,Ġshutting,39,0
24489,Ġcontrasts,39,0
24490,Ġ1867,39,0
24493,ĠEvie,39,0
24494,ĠSpecies,39,0
24495,Ġaccomplishment,39,0
24496,ĠReliability,39,0
24499,Ġ1906,39,0
24500,ĠInto,39,0
24503,Ġblessings,39,0
24504,Ġterminated,39,0
24505,Ġfascination,39,0
24506,Ġemphatically,39,0
24508,ĠSuperior,39,0
24510,ĠClearly,39,0
24514,ĠYeats,39,0
24516,Ġinspire,39,0
24517,ĠJacques,39,0
24519,Ġmorally,39,0
24520,Ġmarrying,39,0
24521,ĠRembrandt,39,0
24522,Ġdiversion,39,0
24523,ĠGalilee,39,0
24525,ĠAshoka,39,0
24528,ĠEverest,39,0
24529,Ġyields,39,0
24531,Ġsimplest,39,0
24533,Ġtortured,39,0
24534,ĠBirch,39,0
24536,Ġvocabulary,39,0
24538,Ġgratified,39,0
24539,Ġannoyance,39,0
24540,Ġwhistling,39,0
24543,ĠLiberation,39,0
24545,ĠSharon,39,0
24546,ĠBallmer,39,0
24548,ĠVenetians,39,0
24550,Ġcooperate,39,0
24551,Ġutilize,39,0
24552,Ġ1791,39,0
24554,ĠPrudence,39,0
24558,Ġchimed,39,0
24560,ĠProtestants,39,0
24561,Ġindulged,39,0
24562,Ġinevitably,39,0
24563,Ġfrustrating,39,0
24565,ĠMunich,39,0
24567,ĠProductivity,39,0
24568,ĠMunicipality,39,0
24569,Ġoutrageous,39,0
24570,Ġallegedly,39,0
24571,ĠLairen,39,0
24572,ĠProperties,39,0
24574,ĠKlayman,39,0
24575,ĠMagnificent,39,0
24579,ĠClarke,39,0
24581,ĠGregory,39,0
24583,Hallo,39,0
24584,ĠGaulle,39,0
24586,Ġreinforcements,39,0
24587,Ġounce,39,0
24588,ĠOSHA,39,0
24589,Ġndez,39,0
24593,Ġsmokers,39,0
24595,Ġprophecy,39,0
24597,ĠDeclaration,39,0
24598,Ġepidemic,39,0
24601,Ġcourteous,39,0
24604,ĠRifleman,39,0
24605,ĠAnatolia,39,0
24607,ĠOblast,39,0
24609,ĠBritannia,39,0
24610,ĠPreparation,39,0
24612,ĠGracie,39,0
24613,ĠCathedrale,39,0
24614,Ġconspicuous,39,0
24615,Ġundisturbed,39,0
24617,ĠAlejandro,39,0
24618,ĠSacramento,39,0
24619,ĠCrockett,39,0
24620,Ġshillings,39,0
24621,Ġorrery,39,0
24622,ĠBenidorm,39,0
24623,ĠGrasmere,39,0
24624,ĠDarjeeling,39,0
1607,orp,38,0
2017,Ġexc,38,0
2156,ĠCong,38,0
2773,oud,38,0
3717,Ġpred,38,0
3917,zen,38,0
5033,ĠCons,38,0
6215,uted,38,0
6597,Ġsem,38,0
7070,ĠFa,38,0
7356,ĠAnton,38,0
7735,Ġhom,38,0
8524,ĠKos,38,0
9153,ĠBroad,38,0
10692,atics,38,0
12970,ĠTun,38,0
14092,Ġextract,38,0
16090,written,38,0
17176,ĠKas,38,0
17556,ĠCraft,38,0
19221,ĠJain,38,0
21106,ĠPond,38,0
22513,Ġtransplant,38,0
22854,Ġshrunk,38,0
24625,250,38,0
24627,Bye,38,0
24635,South,38,0
24640,must,38,0
24643,trees,38,0
24647,Ġauctions,38,0
24668,ĠTheresa,38,0
24674,Ġyadda,38,0
24675,Ġhens,38,0
24682,ĠCotton,38,0
24685,ĠMills,38,0
24686,ĠMotion,38,0
24695,Ġraged,38,0
24702,Ġneared,38,0
24704,Ġfrantically,38,0
24706,usually,38,0
24712,ĠNELL,38,0
24718,ĠGamma,38,0
24724,Ġsoak,38,0
24726,Ġleak,38,0
24728,ĠEvelina,38,0
24735,Ġdire,38,0
24738,Ġimitation,38,0
24739,Ġqueried,38,0
24741,ĠChios,38,0
24742,ĠChanging,38,0
24747,ĠWellington,38,0
24748,were,38,0
24749,Ġpreaching,38,0
24765,Ġfined,38,0
24766,ĠBring,38,0
24769,Ġeviction,38,0
24770,Ġdistinctions,38,0
24774,ĠCloud,38,0
24775,Ġsidebar,38,0
24782,Ġmetrics,38,0
24783,Ġwatchman,38,0
24785,Ġcharms,38,0
24788,Ġsignifies,38,0
24789,Ġnightly,38,0
24798,Ġconstable,38,0
24799,Ġconstrained,38,0
24801,inae,38,0
24802,ĠPrices,38,0
24804,Ġaudible,38,0
24805,Ġpowerless,38,0
24811,Ġsoundtrack,38,0
24813,Ġequals,38,0
24814,Ġsnowed,38,0
24815,Ġraided,38,0
24818,ĠSeine,38,0
24823,ĠWarford,38,0
24826,Ġpainfully,38,0
24829,ĠAbuse,38,0
24830,Ġnonetheless,38,0
24833,202,38,0
24835,Ġeducator,38,0
24838,ĠPalacio,38,0
24840,Ġbrightness,38,0
24841,Ġseparates,38,0
24842,ĠEnron,38,0
24843,Ġzones,38,0
24844,ĠAgra,38,0
24846,Ġcombinations,38,0
24847,ĠValue,38,0
24848,Ġearthly,38,0
24851,Ġshrank,38,0
24854,Ġencouragement,38,0
24857,ĠDorchester,38,0
24858,Ġturmoil,38,0
24859,Ġcommentator,38,0
24861,Ġtelecommunications,38,0
24864,ĠMercy,38,0
24868,Ġ1864,38,0
24871,1994,38,0
24872,ĠMacDonald,38,0
24874,Ġliberation,38,0
24876,Ġfurnish,38,0
24877,ĠOverall,38,0
24878,Ġ1876,38,0
24879,Ġcheapest,38,0
24880,ĠWilhelm,38,0
24881,Ġdismal,38,0
24883,Ġhillsides,38,0
24884,Ġlibraries,38,0
24885,ĠCoronel,38,0
24887,Ġsatisfying,38,0
24890,ĠSubcommittee,38,0
24892,Ġanalytical,38,0
24895,ĠEconomists,38,0
24896,ĠInteractive,38,0
24897,ĠFeast,38,0
24898,Ġimperative,38,0
24900,ĠSupport,38,0
24902,Ġabsorbers,38,0
24905,Ġsugarcane,38,0
24908,Ġ1848,38,0
24909,Ġconstituted,38,0
24910,ĠMandaue,38,0
24911,Ġresearcher,38,0
24913,Ġdisciplined,38,0
24914,Ġacquaintances,38,0
24915,Ġmentor,38,0
24916,Ġpartnerships,38,0
24917,Ġasserts,38,0
24919,Ġapologized,38,0
24920,Ġsuperiority,38,0
24921,ĠAlbany,38,0
24922,ĠCEOs,38,0
24924,Ġcomprise,38,0
24925,Ġcomprising,38,0
24928,ĠTsar,38,0
24932,Ġbrowsers,38,0
24935,Ġcoordinate,38,0
24936,ĠSignificant,38,0
24937,ĠAMIGA,38,0
24938,Ġdeceive,38,0
24939,Ġvoluntarily,38,0
24941,Ġsolicitation,38,0
24942,ĠSinatra,38,0
24946,Ġhelicopters,38,0
24947,ĠOliveri,38,0
24948,Ġascertain,38,0
24950,ĠBalearic,38,0
24951,Ġcongratulated,38,0
24952,Ġdevastated,38,0
24959,Ġassignments,38,0
24960,ĠChennai,38,0
24965,Ġcontingent,38,0
24967,ĠPietro,38,0
24968,Ġundermine,38,0
24969,Ġcatastrophic,38,0
24972,ĠRanking,38,0
24973,ĠToward,38,0
24974,Ġclustered,38,0
24976,ĠSikhs,38,0
24977,Ġappraisal,38,0
24978,ĠLalley,38,0
24980,Ġuneasiness,38,0
24981,Ġphilanthropist,38,0
24982,ĠCunliffe,38,0
24983,Ġtwenties,38,0
24986,Ġseawater,38,0
24990,Ġincapable,38,0
24991,Ġdisdain,38,0
24992,ĠCottage,38,0
24993,ĠKinsley,38,0
24994,ĠBundesliga,38,0
24995,ĠKaiser,38,0
24998,ĠBonaparte,38,0
24999,ĠBajorum,38,0
25001,ĠNeptune,38,0
25002,ĠEglise,38,0
1001,Ġ199,37,0
2274,read,37,0
3327,Ġmater,37,0
5220,igned,37,0
5281,ĠIll,37,0
5382,rim,37,0
6546,ĠStan,37,0
7469,onds,37,0
7916,onia,37,0
8092,Ġunw,37,0
9038,ibi,37,0
9363,ĠTai,37,0
10969,ĠOrigin,37,0
12210,ĠRic,37,0
12390,ĠYam,37,0
12552,ĠMun,37,0
12630,ĠExt,37,0
15550,bank,37,0
15850,marked,37,0
16938,Ġdiscern,37,0
18642,wife,37,0
18685,Ġvow,37,0
19196,arians,37,0
20008,stones,37,0
20495,Ġapproving,37,0
21744,ĠDayton,37,0
22713,ĠCite,37,0
22794,Ġacre,37,0
22819,Ġinsufficient,37,0
23079,Ġplaywright,37,0
23109,Ġslumber,37,0
25003,"'?""",37,0
25006,Roman,37,0
25011,Term,37,0
25012,"_.""",37,0
25017,since,37,0
25034,Ġfished,37,0
25036,Ġmorrow,37,0
25039,Ġdine,37,0
25044,Ġnaming,37,0
25054,ĠSounds,37,0
25055,ĠSoto,37,0
25056,ĠSpending,37,0
25061,ĠMabel,37,0
25063,ĠBunker,37,0
25064,Ġhaunt,37,0
25067,Ġnotions,37,0
25076,Ġshivering,37,0
25079,ĠDukakis,37,0
25081,ĠNolan,37,0
25085,ĠRPH,37,0
25091,Ġabide,37,0
25095,Ġthereafter,37,0
25099,Ġclumsy,37,0
25104,Ġroaming,37,0
25106,Ġimminent,37,0
25110,Ġadrift,37,0
25111,Ġcomplying,37,0
25113,Ġgrub,37,0
25116,Ġresided,37,0
25121,Ġunderway,37,0
25131,Ġremorse,37,0
25132,Ġindifference,37,0
25139,Ġcheat,37,0
25141,ĠIndre,37,0
25143,ĠClaire,37,0
25144,Ġbestow,37,0
25146,Ġpopulous,37,0
25148,show,37,0
25149,Ġartworks,37,0
25150,central,37,0
25151,Ġdifferential,37,0
25153,Ġcharities,37,0
25154,"!"".",37,0
25156,"...""",37,0
25162,ĠAdair,37,0
25163,Ġideological,37,0
25164,ĠDepending,37,0
25165,Ġdetained,37,0
25166,Ġconfuse,37,0
25167,Ġeditions,37,0
25173,Ġconsternation,37,0
25177,Ġpeaked,37,0
25179,ĠFlint,37,0
25180,ĠChristie,37,0
25182,Ġdealings,37,0
25185,Ġproposing,37,0
25186,ĠExcuse,37,0
25187,Ġtravellers,37,0
25189,Ġ1620,37,0
25190,Ġtrademark,37,0
25191,ĠGoa,37,0
25192,Ġchurchyard,37,0
25195,ĠUSSR,37,0
25196,Ġdeclares,37,0
25197,ĠXIX,37,0
25198,Ġcritique,37,0
25199,Ġestimating,37,0
25202,ĠPeaks,37,0
25203,Ġpublishes,37,0
25204,Ġarchives,37,0
25205,ĠWestminster,37,0
25207,Ġmodernization,37,0
25208,ĠRussert,37,0
25209,ĠTurin,37,0
25211,Ġrainfall,37,0
25216,ĠDeputies,37,0
25217,Ġfearfully,37,0
25218,ĠAcquisition,37,0
25220,ĠRiverside,37,0
25223,Ġprimaries,37,0
25224,Ġsenate,37,0
25225,ĠCheers,37,0
25228,Ġcollectively,37,0
25229,Ġensures,37,0
25233,Ġlegislators,37,0
25234,ĠHighlands,37,0
25235,Ġinvestigative,37,0
25240,Ġirony,37,0
25242,Ġthicket,37,0
25244,Ġ605,37,0
25245,Ġdedication,37,0
25249,ĠScotch,37,0
25250,ĠGarc,37,0
25251,Ġmadness,37,0
25252,Ġ1873,37,0
25253,ĠCurb,37,0
25255,Ġobligated,37,0
25257,Ġconception,37,0
25258,ĠCataract,37,0
25259,Ġ1885,37,0
25261,Ġ1898,37,0
25262,Ġthoroughfare,37,0
25263,ĠBernini,37,0
25264,ĠHolyrood,37,0
25265,ĠKristol,37,0
25266,Ġstupa,37,0
25267,ĠEdmonton,37,0
25269,ĠMalla,37,0
25272,Ġreconciliation,37,0
25273,Ġrewarding,37,0
25275,ĠNaturally,37,0
25278,Ġrumor,37,0
25279,ĠKathleen,37,0
25280,Ġdiscovering,37,0
25281,Ġpronunciation,37,0
25282,ĠĠĠĠĠĠĠĠĠĠĠĠĠĠĠĠĠĠĠĠĠĠĠĠĠĠĠĠĠĠĠĠĠĠĠ,37,0
25284,ĠPhilippine,37,0
25285,ĠHarding,37,0
25287,ĠNicole,37,0
25288,ĠLindsay,37,0
25289,ĠHersh,37,0
25290,Ġendeavor,37,0
25292,Ġrenewal,37,0
25293,Ġdawned,37,0
25294,ĠAmbleside,37,0
25296,Ġovertaken,37,0
25297,ĠWelfare,37,0
25298,ĠRollo,37,0
25301,Ġassuredly,37,0
25302,ĠBruins,37,0
25305,ĠMaureen,37,0
25306,Ġclarify,37,0
25307,Ġstoutly,37,0
25308,ĠMerrimans,37,0
25309,Ġoverlooks,37,0
25310,Ġharshly,37,0
25311,ĠWTO,37,0
25312,ĠDriving,37,0
25314,Ġprotocol,37,0
25317,ĠPutin,37,0
25318,Ġrepublican,37,0
25319,ĠHauts,37,0
25320,ĠUrdu,37,0
25321,Ġaccumulate,37,0
25323,Ġdwellings,37,0
25326,Ġhumidity,37,0
25327,Ġnominees,37,0
25328,Ġuninhabited,37,0
25331,Ġpledged,37,0
25332,ĠArafat,37,0
25333,Ġbosom,37,0
25338,Ġcontingency,37,0
25339,Ġnaive,37,0
25340,ĠJOE,37,0
25341,ĠApplied,37,0
25344,ĠBlanca,37,0
25345,Ġlinguistic,37,0
25347,ĠJardin,37,0
25350,Ġlandfill,37,0
25351,Ġbeggar,37,0
25355,ĠAndersen,37,0
25358,ĠAlsace,37,0
25360,ĠManufacturing,37,0
25361,ĠTripoli,37,0
25362,ĠPreston,37,0
25363,Ġautobiography,37,0
25365,Ġnegotiation,37,0
25366,Ġhassle,37,0
25367,ĠResearchers,37,0
25368,ĠBermuda,37,0
25369,ĠFHWA,37,0
25370,ĠCyprus,37,0
25372,ĠArawak,37,0
25373,ĠMoslems,37,0
25374,Ġbuffaloes,37,0
1296,Ġ202,36,0
1613,oor,36,0
5772,ĠBet,36,0
6688,ĠKir,36,0
7700,tering,36,0
9454,ĠHur,36,0
9889,Ġfresco,36,0
10663,ĠRap,36,0
11259,ĠSher,36,0
13231,cup,36,0
13552,shi,36,0
15458,ĠBog,36,0
15473,ĠNi,36,0
15894,uen,36,0
15913,oper,36,0
16772,ĠOS,36,0
17192,ĠAndr,36,0
18697,ĠKind,36,0
19219,ĠGor,36,0
19228,ĠOst,36,0
19308,ĠRelations,36,0
19583,Ġshriek,36,0
19933,Ġimperfect,36,0
20424,Ġlinger,36,0
20669,ĠFind,36,0
21060,yan,36,0
22011,ĠLands,36,0
22028,building,36,0
22432,Ġshudder,36,0
22944,Ġstubborn,36,0
22949,Ġimmortal,36,0
23405,Ġdistrust,36,0
25376,78,36,0
25384,People,36,0
25409,Ġtheorem,36,0
25413,Ġssi,36,0
25418,Ġbathe,36,0
25429,Ġlain,36,0
25431,Ġgulf,36,0
25443,ĠBrill,36,0
25449,Ġkla,36,0
25455,ĠFountain,36,0
25456,ĠFlynn,36,0
25459,ĠDances,36,0
25462,ĠNadu,36,0
25467,ĠRates,36,0
25470,ĠRiley,36,0
25474,Ġorbit,36,0
25476,Ġleaks,36,0
25477,Ġabuses,36,0
25478,Ġabusive,36,0
25484,Ġteau,36,0
25489,ĠStamp,36,0
25495,Ġperish,36,0
25500,percent,36,0
25502,Ġscold,36,0
25503,ĠWeiss,36,0
25507,Ġflashes,36,0
25511,Ġattribute,36,0
25521,Ġsupplier,36,0
25524,ĠNewt,36,0
25527,Ġheadaches,36,0
25531,Ġhousekeeper,36,0
25532,Ġstartup,36,0
25535,ĠArctic,36,0
25537,ĠMarina,36,0
25538,ĠMarilyn,36,0
25539,Ġinterruption,36,0
25540,Ġuntrue,36,0
25542,Ġrealism,36,0
25543,Ġdefault,36,0
25549,Ġavant,36,0
25552,Ġdeveloper,36,0
25555,Ġtaxation,36,0
25558,Ġsentry,36,0
25559,Ġsentiments,36,0
25561,Ġsounding,36,0
25562,Ġvillains,36,0
25563,ĠAfterwards,36,0
25565,Ġvariant,36,0
25570,Ġswelling,36,0
25571,Ġswelled,36,0
25572,Ġmagician,36,0
25573,Ġmillionaire,36,0
25574,ĠActs,36,0
25575,ĠPresidents,36,0
25578,ĠDavy,36,0
25580,Ġstrive,36,0
25583,2016,36,0
25586,Ġ1300,36,0
25589,ĠSlovakia,36,0
25590,ĠWhitewater,36,0
25594,Ġgentes,36,0
25595,ĠRomanian,36,0
25597,Ġexpressive,36,0
25600,Ġacquitted,36,0
25604,ĠRivera,36,0
25605,Ġhype,36,0
25606,ĠJesuits,36,0
25608,Ġdespatch,36,0
25609,ĠBois,36,0
25612,Ġfarmworkers,36,0
25614,Ġwearily,36,0
25618,ĠPaulo,36,0
25619,Ġcommenters,36,0
25621,Ġnarrowed,36,0
25625,Ġbearings,36,0
25626,Ġscrambling,36,0
25627,Ġstrategically,36,0
25628,ĠSaturn,36,0
25629,Ġthickness,36,0
25632,Ġradioactive,36,0
25634,Ġtemperate,36,0
25636,Ġrents,36,0
25639,ĠOutlook,36,0
25641,Ġrestrictive,36,0
25645,Ġmirth,36,0
25646,Doctor,36,0
25648,Ġconceptual,36,0
25649,Ġ1888,36,0
25650,ĠPetit,36,0
25652,ĠInterstate,36,0
25653,Ġvolunteering,36,0
25655,Ġ1894,36,0
25656,ĠFilms,36,0
25657,ĠEspecially,36,0
25663,Ġsubsidized,36,0
25664,ĠCoward,36,0
25665,ĠHonduras,36,0
25666,ĠOttomans,36,0
25667,ĠTito,36,0
25668,ĠClassical,36,0
25669,Ġinstituted,36,0
25670,Ġallocate,36,0
25672,ĠPaolo,36,0
25679,Ġlodges,36,0
25680,Ġ1793,36,0
25683,Ġplunging,36,0
25684,ĠLambs,36,0
25686,ĠProphet,36,0
25687,Ġdiplomacy,36,0
25688,Ġsophistication,36,0
25689,ĠPirah,36,0
25691,ĠExperience,36,0
25693,ĠSacred,36,0
25695,ĠTrophy,36,0
25697,Ġworshippers,36,0
25698,Ġintervening,36,0
25700,Ġkidnapping,36,0
25701,Ġelasticities,36,0
25702,founder,36,0
25704,ĠLionel,36,0
25705,ĠCrimea,36,0
25708,ĠKendal,36,0
25709,ĠHonshu,36,0
25710,Ġbarbarians,36,0
25714,Ġremnant,36,0
25716,ĠTrinidad,36,0
25718,ĠOtto,36,0
25719,ĠAdvocacy,36,0
25723,ĠMcKinney,36,0
25724,Ġmournful,36,0
25725,ĠNitrogen,36,0
25726,garde,36,0
25727,ĠEugene,36,0
25729,Ġmercenary,36,0
25730,ĠCrawford,36,0
25731,ĠEmbassy,36,0
25732,Ġvolatile,36,0
25733,ĠBaghdad,36,0
25734,ĠHideyoshi,36,0
25735,ĠClaude,36,0
25736,ĠIberian,36,0
25737,ĠNehru,36,0
25738,ĠProofreading,36,0
25739,ĠZarco,36,0
25741,Ġweddings,36,0
25744,ĠLinares,36,0
25745,Ġinexperienced,36,0
25746,ĠReynolds,36,0
25748,ĠReorganization,36,0
25750,ĠWalsh,36,0
25751,ĠLopez,36,0
1081,ually,35,0
3167,olution,35,0
3703,ners,35,0
4653,iation,35,0
6037,lying,35,0
6924,ĠIra,35,0
8919,spe,35,0
8935,Ġassert,35,0
9185,ĠMichel,35,0
9669,ĠFu,35,0
9757,ĠNag,35,0
11503,osis,35,0
11538,mod,35,0
14081,ĠKnow,35,0
14550,ĠDow,35,0
15924,ĠGaul,35,0
16148,ths,35,0
16287,Ġconfidential,35,0
17149,ĠMix,35,0
19200,ĠAin,35,0
20220,ĠFolk,35,0
20478,ovich,35,0
20601,Ġentrepreneur,35,0
20936,ĠEditor,35,0
21847,Ġpent,35,0
22765,ĠYemen,35,0
22897,ĠĠĠĠĠĠĠĠĠĠĠĠĠĠĠĠĠĠĠĠĠĠĠĠĠĠĠ,35,0
23073,Ġuphold,35,0
23193,second,35,0
23531,ĠDEAR,35,0
23567,ĠLukas,35,0
23583,Che,35,0
23693,Ġpreach,35,0
23711,ĠShaw,35,0
23817,ĠXXX,35,0
23881,Grand,35,0
23890,Cohen,35,0
25753,.).,35,0
25754,".),",35,0
25755,Aren,35,0
25756,CDP,35,0
25760,Pretty,35,0
25761,Today,35,0
25762,_:,35,0
25770,money,35,0
25773,take,35,0
25776,Ġil,35,0
25778,Ġsacked,35,0
25779,Ġsomber,35,0
25785,Ġbribe,35,0
25794,Ġhires,35,0
25796,Ġdshi,35,0
25801,Ġloneliness,35,0
25804,ĠIbyn,35,0
25820,ĠMR,35,0
25823,ĠBaring,35,0
25837,ĠFN,35,0
25838,ĠFactor,35,0
25845,Ġchanced,35,0
25849,Ġpluck,35,0
25854,ĠRua,35,0
25856,ĠJessie,35,0
25864,Ġbutler,35,0
25866,Ġallied,35,0
25867,Ġallotted,35,0
25868,Ġknowed,35,0
25882,ĠKef,35,0
25885,Ġcomposing,35,0
25888,Ġquiver,35,0
25889,Ġquivering,35,0
25891,Ġarises,35,0
25895,Ġthinkin,35,0
25897,Ġgrudge,35,0
25902,Ġflocks,35,0
25904,Ġpolling,35,0
25905,Ġthence,35,0
25908,Ġwherein,35,0
25910,Ġrecalls,35,0
25920,Ġdecay,35,0
25924,Ġbuilder,35,0
25925,ĠMarne,35,0
25926,Ġexported,35,0
25929,Ġschoolroom,35,0
25931,Ġrealization,35,0
25932,Ġwatchful,35,0
25934,Ġnightfall,35,0
25936,Ġmaritime,35,0
25937,Ġmuslin,35,0
25938,ĠForster,35,0
25939,Ġimportation,35,0
25942,These,35,0
25945,Ġhourly,35,0
25948,Ġtransgender,35,0
25949,Ġexplores,35,0
25955,ĠFloyd,35,0
25956,Ġespecial,35,0
25958,Ġdelights,35,0
25961,Ġgeneric,35,0
25962,ĠPhantom,35,0
25964,Ġprivatization,35,0
25968,ĠTexoma,35,0
25969,ĠGAOas,35,0
25970,Ġmerge,35,0
25972,Ġclimax,35,0
25977,ĠCalle,35,0
25980,Ġeighteenth,35,0
25983,ĠAbyss,35,0
25985,2015,35,0
25986,ĠJustin,35,0
25989,ĠLaws,35,0
25990,ĠMedieval,35,0
25997,Ġregulators,35,0
25998,Ġdestroyer,35,0
25999,ĠJacks,35,0
26000,Ġimmunity,35,0
26006,Ġdispose,35,0
26008,ĠGrandpapa,35,0
26013,ĠLetitia,35,0
26014,ĠMidwest,35,0
26015,ĠDiscover,35,0
26016,ĠYours,35,0
26018,ĠSimone,35,0
26019,ĠSimple,35,0
26022,Ġtemperament,35,0
26023,Ġstrengths,35,0
26026,Ġ1872,35,0
26027,Ġ1874,35,0
26028,2008,35,0
26032,ĠKoreans,35,0
26033,ĠCassidy,35,0
26035,ĠMiddleton,35,0
26036,Ġfroze,35,0
26037,Ġcounterparts,35,0
26039,Ġdissaving,35,0
26042,ĠHampton,35,0
26043,ĠGiotto,35,0
26044,Ġasthma,35,0
26045,ĠArchive,35,0
26046,Ġdetecting,35,0
26049,ĠAhmed,35,0
26050,Ġinclusion,35,0
26051,Ġbroadcasts,35,0
26052,Ġbrilliantly,35,0
26055,ĠEllison,35,0
26057,ĠBallet,35,0
26058,Ġyielding,35,0
26060,Ġpronounce,35,0
26061,ĠĠĠĠĠĠĠĠĠĠĠĠĠĠĠĠĠĠĠĠĠĠĠĠĠĠĠĠĠĠĠĠĠ,35,0
26062,Ġworkshared,35,0
26063,ĠPhilippe,35,0
26065,Ġancestral,35,0
26066,ĠMotors,35,0
26068,ĠPalestinians,35,0
26070,ĠLibya,35,0
26072,ĠCoptic,35,0
26076,ĠTarzan,35,0
26077,Ġexploitation,35,0
26078,Ġimpeached,35,0
26079,Ġrivalry,35,0
26080,Ġoverturn,35,0
26081,ĠRollins,35,0
26082,Ġreserves,35,0
26084,Ġdeliberations,35,0
26087,Ġrenovations,35,0
26089,Ġboomers,35,0
26090,Ġrationale,35,0
26092,Exactly,35,0
26094,Ġwarranted,35,0
26097,Ġportraying,35,0
26098,Ġsupplementary,35,0
26099,Ġdubious,35,0
26100,ĠHughie,35,0
26101,ĠPaso,35,0
26102,ĠSweet,35,0
26105,Ġupgraded,35,0
26106,ĠAraos,35,0
26107,Ġindirectly,35,0
26114,Ġliberties,35,0
26117,ĠNongda,35,0
26118,Ġcontrived,35,0
26119,ĠPulitzer,35,0
26120,Ġoverheard,35,0
26122,Ġcoolly,35,0
26124,ĠLahore,35,0
26126,ĠFlorentine,35,0
26127,Ġphilosophical,35,0
26128,Ġlangue,35,0
26129,Ġillegally,35,0
26131,Ġlucrative,35,0
26132,Michel,35,0
26136,ĠSleuth,35,0
26137,ĠHumphrey,35,0
26138,ĠCONTENTS,35,0
26141,Ġconscientious,35,0
26142,ĠRajasthan,35,0
26144,Ġunnoticed,35,0
26145,ĠBrinkley,35,0
26146,ĠSymphony,35,0
26147,ĠPromenade,35,0
1348,ision,34,0
2550,iol,34,0
2793,ĠJer,34,0
5049,ĠMur,34,0
5489,ĠTurk,34,0
5925,Ġdiss,34,0
5972,Ġsubs,34,0
8333,ĠBir,34,0
9668,ĠMam,34,0
9825,bridge,34,0
11227,akh,34,0
11890,Ġsurge,34,0
12517,amba,34,0
12977,ĠRab,34,0
12991,shore,34,0
13248,usa,34,0
14451,keeping,34,0
14640,ĠAren,34,0
14817,list,34,0
15217,lim,34,0
15441,say,34,0
16058,Ġendorse,34,0
16256,ĠOt,34,0
17148,ĠSikh,34,0
18043,grown,34,0
19180,Te,34,0
19530,Ġinquiring,34,0
19985,fold,34,0
20567,ĠReturn,34,0
20653,ĠCod,34,0
20909,Ġrepent,34,0
21936,Ġdraught,34,0
22013,Ġtorment,34,0
22381,inch,34,0
22539,ĠReds,34,0
22742,ĠDale,34,0
22747,ĠNippon,34,0
22748,Ġconform,34,0
23985,ĠWax,34,0
24029,ĠVoice,34,0
24041,Ġcrushing,34,0
26148,"'.""",34,0
26149,.-,34,0
26150,Din,34,0
26152,Even,34,0
26153,Father,34,0
26156,Jean,34,0
26158,Loire,34,0
26159,Listen,34,0
26167,best,34,0
26183,running,34,0
26207,ĠIvy,34,0
26212,Ġwasting,34,0
26214,Ġurea,34,0
26219,ĠSections,34,0
26221,Ġstumbling,34,0
26232,ĠHetty,34,0
26233,Ġascent,34,0
26234,Ġnotify,34,0
26235,Ġnotification,34,0
26238,Ġrouse,34,0
26243,ĠWinton,34,0
26244,ĠWistert,34,0
26245,Ġshiver,34,0
26249,Ġliar,34,0
26257,ĠNay,34,0
26258,ĠNAS,34,0
26260,ĠLok,34,0
26261,ĠLanguage,34,0
26262,ĠLeroy,34,0
26265,ĠGambling,34,0
26268,ĠJove,34,0
26270,Ġvantage,34,0
26271,Ġsue,34,0
26280,Ġanyways,34,0
26282,Ġclash,34,0
26286,Ġblinked,34,0
26291,Ġimitate,34,0
26292,Ġunofficial,34,0
26293,Ġprudent,34,0
26298,Ġgrumbled,34,0
26299,ĠVCR,34,0
26300,ĠVoters,34,0
26301,Ġresidences,34,0
26313,Ġ'',34,0
26316,Ġassuring,34,0
26317,Ġincur,34,0
26318,Ġacids,34,0
26320,Ġpresume,34,0
26321,ĠBrice,34,0
26322,Ġskimmers,34,0
26325,ĠLevy,34,0
26327,Ġ1830,34,0
26328,Ġwarlike,34,0
26329,Ġdiscos,34,0
26334,Ġdeferred,34,0
26336,Ġspeculation,34,0
26337,Ġtreason,34,0
26346,Ġinfinitely,34,0
26347,ĠCarre,34,0
26352,price,34,0
26353,Ġmidfielder,34,0
26355,Ġpercentages,34,0
26358,1975,34,0
26360,ĠHeroes,34,0
26364,Young,34,0
26365,Ġbitterness,34,0
26367,Ġcompetence,34,0
26368,ĠEnglishmen,34,0
26369,Ġdivides,34,0
26370,Ġrecordkeeping,34,0
26371,Ġprotections,34,0
26372,Ġfairies,34,0
26374,Ġseafront,34,0
26375,Ġfells,34,0
26376,2013,34,0
26377,Ġapplause,34,0
26380,Ġsubjective,34,0
26383,Ġdefinitive,34,0
26384,Ġenvious,34,0
26385,Ġantagonist,34,0
26387,Ġsighted,34,0
26390,ĠDrudge,34,0
26396,ĠAgreement,34,0
26397,ĠPatan,34,0
26400,ĠCricket,34,0
26402,ĠRegular,34,0
26404,ĠComedy,34,0
26405,ĠScholars,34,0
26408,Ġverified,34,0
26409,Ġsensational,34,0
26410,Ġensued,34,0
26411,Ġdenying,34,0
26412,ĠMartini,34,0
26413,Ġstormed,34,0
26415,Ġearns,34,0
26417,Ġprinters,34,0
26420,Ġdeparting,34,0
26426,ĠRelated,34,0
26428,Ġflexibilities,34,0
26429,Ġdrafting,34,0
26430,Ġ1901,34,0
26431,Ġfrocks,34,0
26433,Ġmedicines,34,0
26434,Ġpondered,34,0
26435,ĠMaori,34,0
26436,Ġquantified,34,0
26437,Ġlifelong,34,0
26438,Ġ1884,34,0
26439,ĠPetra,34,0
26440,ĠSixth,34,0
26442,ĠSteps,34,0
26443,ĠDivan,34,0
26444,Ġ1895,34,0
26445,Ġadvancement,34,0
26446,Ġcertifying,34,0
26450,Ġuttering,34,0
26451,Ġtraversed,34,0
26453,Art,34,0
26454,ĠKrishna,34,0
26455,Ġpitiful,34,0
26456,ĠEDs,34,0
26458,ĠKnox,34,0
26460,ĠBosnian,34,0
26462,Ġ1849,34,0
26464,Ġsufferings,34,0
26465,Ġcompensated,34,0
26469,Ġdismissal,34,0
26470,Ġinventor,34,0
26471,Ġnegotiating,34,0
26472,ĠMatters,34,0
26475,Ġcomposite,34,0
26476,ĠDownes,34,0
26477,Ġrejoicing,34,0
26478,ĠPollution,34,0
26479,Ġwarns,34,0
26480,ĠSonora,34,0
26481,ĠWildlife,34,0
26482,Ġbotanical,34,0
26483,ĠTaliban,34,0
26485,Ġrecruited,34,0
26486,Ġnephews,34,0
26488,Ġrhyme,34,0
26489,Ġclarified,34,0
26491,ĠBaltic,34,0
26495,Ġvolcanoes,34,0
26499,Ġfeminists,34,0
26500,ĠSafire,34,0
26501,Ġwarranty,34,0
26502,Ġ1789,34,0
26503,ĠExperts,34,0
26504,Ġirritating,34,0
26506,Ġimprisonment,34,0
26507,Ġavenge,34,0
26508,Ġaluminium,34,0
26510,Ġforecasts,34,0
26511,Ġrhythms,34,0
26512,ĠAlbanian,34,0
26513,Ġunrestricted,34,0
26514,ĠBergman,34,0
26516,Ġalligators,34,0
26517,Ġperpetual,34,0
26518,Ġpenetrated,34,0
26521,Ġqueens,34,0
26522,ĠOccasionally,34,0
26523,ĠOwens,34,0
26524,ĠSeminoles,34,0
26525,ĠMARCH,34,0
26526,ĠOilers,34,0
26527,ĠMoynihan,34,0
26530,ĠTonight,34,0
26533,Ġimaginative,34,0
26535,ĠQualitative,34,0
26536,Ġlizards,34,0
26537,ĠBulgaria,34,0
26538,Ġpesticides,34,0
26540,ĠGiuliani,34,0
26542,ĠFilipino,34,0
26543,Ġiodide,34,0
26544,ĠDARESBY,34,0
26545,Ġnucleus,34,0
26546,Ġghastly,34,0
26547,ĠKagoshima,34,0
26548,pgdp,34,0
26549,Ġoutnumbered,34,0
26550,ĠEtruscan,34,0
26551,ĠSantorini,34,0
26552,Ġauberge,34,0
26553,Ġcrystalline,34,0
26555,Ġefficacy,34,0
26556,ĠMesopotamia,34,0
26557,ĠLammie,34,0
26558,ĠGifford,34,0
26559,ĠPerpignan,34,0
26560,Ġlabyrinth,34,0
26563,ĠBlumenthal,34,0
26564,ĠHokkaido,34,0
26565,ĠIngrid,34,0
26566,Ġgruesome,34,0
26567,ĠMinneapolis,34,0
26568,ĠFletcher,34,0
26569,ĠDresden,34,0
2875,Ġesc,33,0
5395,uous,33,0
6317,ĠFig,33,0
6602,Ġboil,33,0
9317,ĠAmb,33,0
9340,alo,33,0
9975,ĠMau,33,0
10859,Ġsup,33,0
11038,acre,33,0
11222,ĠRu,33,0
11498,ĠPir,33,0
12287,Ġ170,33,0
12851,Ġresent,33,0
13613,ĠKu,33,0
14272,ships,33,0
17306,ĠLal,33,0
17423,ĠLock,33,0
17586,Ġscam,33,0
18506,ĠNu,33,0
19637,ĠMul,33,0
20855,Ġinward,33,0
20895,Ġunjust,33,0
21048,birds,33,0
21128,ĠRum,33,0
21160,fulness,33,0
21852,alone,33,0
21943,lessness,33,0
22130,rov,33,0
22141,Ġmantel,33,0
22398,ĠTouch,33,0
23318,ĠAUDIT,33,0
23608,Ġwoe,33,0
23666,ĠRust,33,0
23706,Ġserpent,33,0
23904,Ġunselfish,33,0
23961,ĠAmp,33,0
24019,Ġbliss,33,0
24081,Ġavid,33,0
24116,Ġpotent,33,0
24137,Ġbattlefield,33,0
24258,Mer,33,0
24314,ĠHence,33,0
24356,ĠThunder,33,0
24631,LSC,33,0
26457,ĠĠĠĠĠĠĠĠĠĠĠĠĠĠĠĠĠĠĠĠĠĠĠĠĠĠĠĠĠĠ,33,0
26570,;',33,0
26571,Aunt,33,0
26572,Day,33,0
26584,lis,33,0
26593,Ġwailing,33,0
26606,Ġmute,33,0
26611,Ġhoc,33,0
26612,Ġinhouse,33,0
26614,ĠTate,33,0
26621,Ġgait,33,0
26630,Ġuric,33,0
26632,Ġforcibly,33,0
26638,ĠMing,33,0
26640,ĠMath,33,0
26646,ĠBologna,33,0
26650,Ġnotified,33,0
26651,Ġatoms,33,0
26652,"Ġ"""",",33,0
26655,Ġrallied,33,0
26659,ĠWise,33,0
26664,Ġmankind,33,0
26665,ĠFASAB,33,0
26668,ĠDuty,33,0
26669,ĠDenton,33,0
26671,Ġprostrate,33,0
26676,ĠLunga,33,0
26680,ĠRanger,33,0
26681,ĠRising,33,0
26685,Ġordeal,33,0
26687,Ġexcludes,33,0
26691,Ġtrait,33,0
26692,Ġ(_,33,0
26697,ĠKai,33,0
26702,ĠKasi,33,0
26705,Ġmoreover,33,0
26709,ĠStyle,33,0
26712,Ġunprofitable,33,0
26714,Ġspire,33,0
26715,Ġspurred,33,0
26721,Ġresiding,33,0
26722,Ġresolutely,33,0
26723,Ġamiable,33,0
26725,Ġscowl,33,0
26727,Ġsmoker,33,0
26729,ĠWealth,33,0
26745,Ġhomeward,33,0
26746,Ġpresort,33,0
26748,Ġsecrecy,33,0
26749,Ġefficiencies,33,0
26750,Ġwhitewashed,33,0
26756,Ġstatehood,33,0
26757,Ġrealities,33,0
26758,Ġsystematically,33,0
26759,ĠRevenge,33,0
26760,Ġdefences,33,0
26762,Ġmodules,33,0
26763,ĠIsabella,33,0
26764,ĠForget,33,0
26767,ĠBeleza,33,0
26769,Ġbasics,33,0
26770,ĠMyers,33,0
26771,ĠEdwin,33,0
26774,Ġhumility,33,0
26777,Ġcontinual,33,0
26779,Ġbarges,33,0
26781,Ġpractised,33,0
26782,Ġexpectancy,33,0
26785,Ġbedtime,33,0
26788,1970,33,0
26789,Ġposting,33,0
26797,Ġportrays,33,0
26798,Ġsquaw,33,0
26801,Ġsaluted,33,0
26803,Ġeighties,33,0
26804,Ġharbors,33,0
26808,Ġcalmed,33,0
26809,2019,33,0
26810,2018,33,0
26812,Ġadmissions,33,0
26820,ĠMadam,33,0
26821,stricken,33,0
26822,Ġcontracting,33,0
26823,Ġspecification,33,0
26825,ĠRegiment,33,0
26826,ĠBerry,33,0
26827,ĠBoats,33,0
26828,Ġtendencies,33,0
26830,Ġhateful,33,0
26831,ĠAuntie,33,0
26833,Ġverge,33,0
26834,Ġsweetness,33,0
26835,Ġwhispers,33,0
26839,Ġforthright,33,0
26841,Ġheroine,33,0
26842,ĠAlfonso,33,0
26844,1996,33,0
26846,Ġamazingly,33,0
26850,ĠSingleton,33,0
26852,ĠScotty,33,0
26854,2002,33,0
26855,ĠGreenberg,33,0
26856,ĠAnyhow,33,0
26857,Ġmuttering,33,0
26858,ĠDoug,33,0
26859,Ġadministrations,33,0
26860,ĠNorris,33,0
26861,Ġimplants,33,0
26863,Ġconquests,33,0
26865,ĠTerrace,33,0
26866,Ġblinded,33,0
26867,Ġtightened,33,0
26868,Ġdissent,33,0
26870,Ġ1886,33,0
26874,Ġpsychologists,33,0
26875,Ġ1897,33,0
26876,Ġ1899,33,0
26878,Ġlatitude,33,0
26879,Ġinspiring,33,0
26880,Ġbattalion,33,0
26881,ĠMailers,33,0
26884,Ġgracefully,33,0
26885,Ġ1855,33,0
26886,ĠObviously,33,0
26887,ĠJeffrey,33,0
26889,Ġsimplified,33,0
26890,Ġgratefully,33,0
26891,Ġadvisable,33,0
26892,Ġcanoeing,33,0
26893,Ġresearched,33,0
26894,ĠDiocese,33,0
26896,Ġbosses,33,0
26902,ĠPrivacy,33,0
26903,Ġrefreshed,33,0
26906,ĠMercia,33,0
26908,Ġtremendously,33,0
26909,Ġrhymes,33,0
26911,Ġrustling,33,0
26912,Ġcollaborative,33,0
26914,Ġendeavouring,33,0
26915,Ġcorpse,33,0
26916,Ġhoneymoon,33,0
26918,Ġexcavations,33,0
26919,Ġallegiance,33,0
26921,ĠFatimeh,33,0
26922,ĠKellogg,33,0
26923,Ġretailers,33,0
26924,ĠHistorically,33,0
26925,Ġdatabases,33,0
26926,Ġphenomena,33,0
26927,Ġhammered,33,0
26928,Ġacceleration,33,0
26929,Ġtiresome,33,0
26930,ĠMortality,33,0
26932,Ġstimulating,33,0
26936,ĠCycling,33,0
26937,ĠManson,33,0
26938,ĠProducts,33,0
26940,ĠLEON,33,0
26943,Ġcoveted,33,0
26944,ĠFaculty,33,0
26946,Ġunheard,33,0
26947,Ġrecollection,33,0
26948,Ġdiscriminate,33,0
26949,Ġpenetrate,33,0
26952,ĠBogart,33,0
26953,ĠDerwent,33,0
26955,Ġcoincidence,33,0
26957,Ġgalaxies,33,0
26959,ĠKoran,33,0
26960,ĠKelantan,33,0
26961,Ġforbidding,33,0
26963,ĠIntegrity,33,0
26964,Ġhypocrisy,33,0
26965,Ġnewcomers,33,0
26967,ĠMcKinley,33,0
26971,Ġoffenders,33,0
26975,ĠFukui,33,0
26976,ĠFukuoka,33,0
26977,Ġdeductible,33,0
26979,Ġacclaimed,33,0
26980,Ġplagued,33,0
26981,Ġuninteresting,33,0
26983,Ġsmoothed,33,0
26984,Ġdepreciation,33,0
26986,Ġprotein,33,0
26987,Ġquestionnaires,33,0
26990,Ġassailants,33,0
26991,Ġruthless,33,0
26992,Ġbesieged,33,0
26993,Ġabbreviated,33,0
26994,Ġsubscription,33,0
26996,ĠToulouse,33,0
26997,ĠLeimarel,33,0
26999,ĠKodak,33,0
27000,ĠValencia,33,0
27001,literally,33,0
27004,ĠGuatemala,33,0
27005,ĠPortsmouth,33,0
27006,Ġdilemma,33,0
27007,Ġunconsciously,33,0
27008,Ġslaughtered,33,0
27009,ĠGandolfini,33,0
27011,Ġfashions,33,0
27012,ĠStronghold,33,0
1130,olog,32,0
1495,Ġrev,32,0
1820,ĠBrit,32,0
2374,ancing,32,0
3275,acing,32,0
3890,arily,32,0
4005,ĠQue,32,0
4234,ĠChic,32,0
5153,ĠGeorg,32,0
6110,ĠPoss,32,0
6829,ĠHon,32,0
6848,rep,32,0
7112,char,32,0
7291,amin,32,0
9283,Ġcorrespond,32,0
9331,ĠExpl,32,0
9512,ĠSerb,32,0
10203,Per,32,0
10533,Ġtact,32,0
11085,AA,32,0
11180,ĠFal,32,0
11814,ĠBurn,32,0
12676,Jan,32,0
14744,ĠFen,32,0
15754,ĠEthel,32,0
16353,aton,32,0
17287,ĠSyn,32,0
17465,ĠNeed,32,0
17529,Col,32,0
17585,ĠVel,32,0
18206,ĠBeau,32,0
19444,ĠJosh,32,0
20017,ĠHak,32,0
21437,ĠArd,32,0
21561,Ġtumult,32,0
22096,kan,32,0
23014,ĠIle,32,0
23421,Ġbroker,32,0
23518,ĠMuhammadan,32,0
23790,iyre,32,0
24179,ĠRajput,32,0
24248,Ġstaunch,32,0
24323,ĠFate,32,0
24812,ĠZimbabwe,32,0
24955,Ġaqueduct,32,0
24988,Ġparadox,32,0
27013,05,32,0
27016,Hey,32,0
27019,Most,32,0
27024,distance,32,0
27027,jin,32,0
27040,Ġaching,32,0
27042,Ġbony,32,0
27050,Ġmph,32,0
27051,Ġpasha,32,0
27054,Ġdarned,32,0
27060,Ġng,32,0
27061,Ġgin,32,0
27062,Ġgilt,32,0
27064,ĠAI,32,0
27065,ĠAung,32,0
27066,ĠAvis,32,0
27068,Ġbefallen,32,0
27069,ĠeBay,32,0
27076,ĠSeth,32,0
27095,ĠWant,32,0
27103,ĠNope,32,0
27110,ĠLoring,32,0
27118,Ġexiled,32,0
27121,Ġjuries,32,0
27131,Ġnovice,32,0
27140,Ġplayfully,32,0
27141,Ġenrolled,32,0
27145,Ġunmarried,32,0
27147,Ġpriceless,32,0
27148,Ġjustices,32,0
27150,Ġworkmanship,32,0
27151,Ġspies,32,0
27152,Ġsperm,32,0
27157,Ġdisorders,32,0
27159,performing,32,0
27160,Ġresented,32,0
27161,Ġscaling,32,0
27162,Ġscolded,32,0
27167,Ġunderbrush,32,0
27168,Ġcrone,32,0
27176,Ġindications,32,0
27177,many,32,0
27178,ĠAlright,32,0
27179,Ġassent,32,0
27180,Ġfinale,32,0
27182,ĠBranch,32,0
27183,Ġmuster,32,0
27185,Ġsecession,32,0
27188,Ġearmarked,32,0
27190,Ġrestrain,32,0
27192,ĠLeith,32,0
27193,Ġgenial,32,0
27195,ĠClive,32,0
27203,Ġsnorted,32,0
27207,ĠJohor,32,0
27212,Ġincremental,32,0
27214,Ġinfected,32,0
27215,Ġeleventh,32,0
27216,Ġcontinuity,32,0
27217,ĠZone,32,0
27226,ĠPluto,32,0
27227,ĠOrrin,32,0
27230,ĠSelden,32,0
27232,Ġanalogy,32,0
27237,ĠMinamoto,32,0
27239,Ġauthorize,32,0
27241,Ġculturally,32,0
27242,Ġdeclines,32,0
27245,ĠAbner,32,0
27246,Ġdevised,32,0
27249,Ġcompliments,32,0
27250,ĠWeston,32,0
27251,ĠElche,32,0
27252,Ġwrongly,32,0
27253,Ġexams,32,0
27254,Ġjacks,32,0
27256,ĠFinancing,32,0
27257,Ġexclamations,32,0
27259,ĠTurtles,32,0
27260,Ġrainforest,32,0
27262,Ġrespectfully,32,0
27265,ĠEnough,32,0
27267,ĠSenators,32,0
27270,Ġhostage,32,0
27271,ĠCourbet,32,0
27277,Ġdamned,32,0
27278,ĠParks,32,0
27279,Ġdoctorate,32,0
27282,ĠRosenberg,32,0
27283,Ġsenor,32,0
27285,Ġcorrective,32,0
27292,ĠAreas,32,0
27293,Ġcommanders,32,0
27294,Ġcardiac,32,0
27296,Ġconsuming,32,0
27298,Ġpolluted,32,0
27299,ĠPrevious,32,0
27300,Ġpreferable,32,0
27301,Ġpreferring,32,0
27306,ĠSamos,32,0
27307,Ġcrafting,32,0
27308,Ġspeechless,32,0
27311,1997,32,0
27312,Ġreverence,32,0
27315,ĠJudicial,32,0
27317,Ġtargeting,32,0
27318,ĠCommunism,32,0
27319,ĠConsidering,32,0
27321,ĠJamaicans,32,0
27324,Ġcriticizing,32,0
27326,Ġconstructive,32,0
27327,Ġtimeline,32,0
27330,Ġ1903,32,0
27331,ĠPenrith,32,0
27334,Ġponder,32,0
27335,ĠIntelligence,32,0
27336,Ġcontributors,32,0
27337,ĠWinston,32,0
27342,Ġidly,32,0
27344,Ġmaize,32,0
27345,ĠHaghia,32,0
27346,Ġmagnificence,32,0
27348,ĠStatements,32,0
27350,Ġinclination,32,0
27351,Ġtornadoes,32,0
27352,Ġcourtyards,32,0
27355,ĠXXII,32,0
27356,Ġrebuilding,32,0
27357,Ġnitric,32,0
27358,ĠAshton,32,0
27359,Ġincorporates,32,0
27360,Ġmyths,32,0
27361,ĠDeaths,32,0
27362,Ġsneered,32,0
27363,Ġ1842,32,0
27365,ĠReviewers,32,0
27368,ĠHardly,32,0
27371,ĠOperations,32,0
27372,ĠMatisse,32,0
27373,ĠDiary,32,0
27374,Ġregretted,32,0
27375,ĠInvestors,32,0
27376,Ġassertions,32,0
27377,ĠDeveloping,32,0
27378,Ġbreezes,32,0
27384,Ġlodging,32,0
27388,ĠGuardian,32,0
27389,Ġresembled,32,0
27390,Ġreproductive,32,0
27392,Ġclarity,32,0
27393,Ġwhipmasters,32,0
27394,ĠLSSM,32,0
27398,ĠISO,32,0
27399,Ġtidal,32,0
27402,Ġstreamed,32,0
27403,Ġsupervised,32,0
27404,Ġsquadron,32,0
27405,Ġexemption,32,0
27407,Ġmajors,32,0
27408,Ġmornin,32,0
27409,Ġsobbing,32,0
27410,ĠHispanics,32,0
27411,Ġberth,32,0
27412,ĠBodo,32,0
27413,ĠEtheling,32,0
27414,Ġfidelity,32,0
27415,Ġpertinent,32,0
27416,Ġcautioned,32,0
27417,Ġinvaluable,32,0
27418,ĠLorimer,32,0
27419,ĠLorraine,32,0
27425,Ġcommemorate,32,0
27426,Ġpremiere,32,0
27427,Ġsmugglers,32,0
27429,Ġextremes,32,0
27430,Ġcripple,32,0
27434,ĠCarthage,32,0
27435,Ġruffian,32,0
27436,Ġparameters,32,0
27438,Ġenlightenment,32,0
27439,ĠAthletic,32,0
27440,ĠTunisia,32,0
27441,Ġuneasily,32,0
27442,Ġrestraining,32,0
27443,Ġglamour,32,0
27444,ĠSendai,32,0
27445,ĠWEASEL,32,0
27446,Ġcategorized,32,0
27449,Ġhysterical,32,0
27450,Ġunscathed,32,0
27451,Ġscrutinized,32,0
27452,Ġcosmopolitan,32,0
27453,ĠMafia,32,0
27454,ophryne,32,0
27455,processed,32,0
27456,Ġbaffled,32,0
27457,ĠVernon,32,0
27458,ĠHubbell,32,0
27459,Ġrhetoric,32,0
27462,ĠObservatory,32,0
27464,ĠLusitania,32,0
27465,ĠUCLA,32,0
27466,English,32,0
27467,ĠBastille,32,0
27468,ĠGrowth,32,0
27469,Ġspontaneous,32,0
27470,Ġparalyzed,32,0
27471,ĠCummins,32,0
27472,Better,32,0
27473,ĠJANUARY,32,0
27474,Ġductwork,32,0
27475,Ġuproar,32,0
27476,ĠTadminster,32,0
27477,ĠAUTHOR,32,0
27479,Ġoblivious,32,0
27482,ĠDiane,32,0
27483,ĠMacleod,32,0
27484,ĠVladimir,32,0
27485,ĠCarmichael,32,0
27487,Ġsublime,32,0
27488,Ġunpredictable,32,0
27491,ĠAPRIL,32,0
27492,Ġubiquitous,32,0
27493,ĠBetsy,32,0
27494,ĠCaravaggio,32,0
27495,ĠPoynings,32,0
27496,ĠCarrisford,32,0
27500,disambiguation,32,0
970,imes,31,0
2554,ament,31,0
3958,ounds,31,0
4373,aste,31,0
4906,ste,31,0
5374,istan,31,0
5765,ĠMade,31,0
5848,while,31,0
7347,urb,31,0
7500,ifications,31,0
8623,ĠNic,31,0
8707,Ġannoy,31,0
9427,ĠKash,31,0
9496,ĠId,31,0
11133,Ġabrupt,31,0
11181,ĠFle,31,0
11381,upon,31,0
11767,urg,31,0
12082,Ġhydro,31,0
12195,mont,31,0
12641,oka,31,0
15117,Hall,31,0
15145,ardi,31,0
16771,ĠEin,31,0
17536,uate,31,0
17919,ĠDeb,31,0
17998,elect,31,0
18878,icts,31,0
19053,Ġchant,31,0
19497,ĠPrison,31,0
19498,ĠConvent,31,0
19983,PR,31,0
20084,ĠBloom,31,0
21796,Ġcondemn,31,0
22009,ĠPanjab,31,0
22273,Ġimplicit,31,0
22912,ĠWelch,31,0
22972,Es,31,0
23469,Ġhomesick,31,0
23584,Dec,31,0
23972,ĠBach,31,0
24303,ĠSales,31,0
24384,Ġcoherent,31,0
27364,ĠĠĠĠĠĠĠĠĠĠĠĠĠĠĠĠĠĠĠĠĠĠĠĠĠĠĠĠĠĠĠĠĠĠĠĠ,31,0
27501,"%,",31,0
27502,Aksa,31,0
27508,Net,31,0
27510,Red,31,0
27511,Send,31,0
27517,him,31,0
27531,too,31,0
27539,Ġakin,31,0
27545,Ġwinked,31,0
27552,Ġfared,31,0
27553,Ġmg,31,0
27557,Ġmumbled,31,0
27558,Ġpacing,31,0
27559,Ġporter,31,0
27562,Ġinlaid,31,0
27567,ĠTill,31,0
27568,ĠTables,31,0
27572,Ġlua,31,0
27578,ĠAires,31,0
27579,Ġbein,31,0
27581,Ġreimbursement,31,0
27586,Ġweep,31,0
27591,Ġwhither,31,0
27593,ĠBit,31,0
27596,Ġhaunting,31,0
27603,Ġatom,31,0
27616,Ġfray,31,0
27618,ĠFounded,31,0
27620,ĠFirth,31,0
27626,Ġchatted,31,0
27627,Ġcholera,31,0
27628,ĠNyon,31,0
27633,ĠGwen,31,0
27635,ĠJetty,31,0
27641,Ġoutlying,31,0
27645,Ġtracing,31,0
27646,Ġtracts,31,0
27648,Ġsheds,31,0
27652,ĠThou,31,0
27653,Ġ203,31,0
27654,Ġagitation,31,0
27656,Ġrooted,31,0
27657,Ġblushed,31,0
27661,ĠStaying,31,0
27664,Ġimpending,31,0
27673,ĠVista,31,0
27682,Ġpreambles,31,0
27691,Ġcracking,31,0
27692,Ġmenace,31,0
27701,Ġinvoked,31,0
27704,Ġevolving,31,0
27705,Ġswarming,31,0
27707,Ġtermed,31,0
27710,Ġcheated,31,0
27711,ĠMarian,31,0
27714,Ġcursed,31,0
27715,Ġlawmakers,31,0
27716,ĠRelease,31,0
27717,ĠReception,31,0
27719,Ġmused,31,0
27720,Ġmattered,31,0
27723,Ġlandings,31,0
27724,Ġmoat,31,0
27725,Ġconfounded,31,0
27726,Ġconfronting,31,0
27730,Ġvector,31,0
27731,Ġhumour,31,0
27732,Ġhumiliation,31,0
27733,Ġtripped,31,0
27736,ĠFlorry,31,0
27737,Ġmainframe,31,0
27740,Ġprominence,31,0
27743,Ġclassifications,31,0
27744,Ġreplaces,31,0
27745,Ġrisking,31,0
27747,Ġcrowding,31,0
27748,ĠGerth,31,0
27750,ĠExxon,31,0
27751,Ġhurricanes,31,0
27752,ĠParque,31,0
27753,Ġexcused,31,0
27755,Ġmergers,31,0
27757,ĠCanterbury,31,0
27758,Ġ.),31,0
27759,Ġfacades,31,0
27760,Ġstepmother,31,0
27761,Ġperiodically,31,0
27764,Ġnonfinancial,31,0
27766,Ġdeviation,31,0
27768,Ġ135,31,0
27770,ĠAugustana,31,0
27773,ĠMonaco,31,0
27774,Ġfamously,31,0
27777,ĠPalmer,31,0
27778,ĠEmilia,31,0
27780,ĠRespiratory,31,0
27782,Ġdisplaced,31,0
27784,ĠEnemy,31,0
27788,Ġbloodshed,31,0
27789,Ġpersonalities,31,0
27790,Ġeras,31,0
27791,ĠCourse,31,0
27793,Ġfilmmakers,31,0
27798,Ġgasping,31,0
27801,Ġtricked,31,0
27802,ĠAntichrist,31,0
27803,ĠForty,31,0
27808,Ġqualification,31,0
27809,Ġqualifying,31,0
27810,Ġthickly,31,0
27812,Ġdeductions,31,0
27815,Ġwrestled,31,0
27817,Ġ291,31,0
27821,ĠScotia,31,0
27822,ĠProviding,31,0
27823,Ġbillionaire,31,0
27824,ĠApart,31,0
27828,Ġheaved,31,0
27829,ĠKennedys,31,0
27830,ĠAtlas,31,0
27831,Ġmanageable,31,0
27833,ĠEstimated,31,0
27834,ĠMadeleine,31,0
27835,ĠBasque,31,0
27836,ĠUser,31,0
27838,Ġsubsided,31,0
27839,Ġsubspecies,31,0
27840,Ġambiguous,31,0
27841,ĠPossibly,31,0
27842,ĠHadrian,31,0
27843,ĠTriomphe,31,0
27845,ĠClearport,31,0
27846,trans,31,0
27848,Ġtranslates,31,0
27849,ĠHolt,31,0
27851,Ġerratic,31,0
27853,ĠFairfax,31,0
27855,Ġconventions,31,0
27856,Ġcrawfish,31,0
27857,Ġniche,31,0
27858,Ġworshiped,31,0
27859,Ġhomage,31,0
27861,Ġenhancing,31,0
27864,Ġconstitutes,31,0
27870,Ġintentionally,31,0
27871,Didn,31,0
27872,Ġmoderately,31,0
27873,ĠSpringfield,31,0
27874,Ġmaloca,31,0
27875,ĠCrusoe,31,0
27876,Ġ1831,31,0
27878,Ġexploited,31,0
27879,Ġgoddesses,31,0
27880,Ġscripts,31,0
27881,Ġovertake,31,0
27883,ĠConstitutional,31,0
27884,Ġinducted,31,0
27885,Click,31,0
27886,ĠFuente,31,0
27887,ĠEmployment,31,0
27888,ĠSabbath,31,0
27889,ĠMaui,31,0
27890,ĠLimestone,31,0
27891,ĠLSFO,31,0
27893,ĠDevon,31,0
27894,Ġmargins,31,0
27895,Ġheyday,31,0
27899,ĠInitially,31,0
27900,ĠFleet,31,0
27901,Ġconsolidation,31,0
27902,ĠHollings,31,0
27903,Ġsitcoms,31,0
27905,Ġsearches,31,0
27907,Ġhopelessly,31,0
27912,Ġcynicism,31,0
27914,Ġhypotheses,31,0
27915,ĠWhitney,31,0
27916,Ġsustainable,31,0
27918,Ġaristocracy,31,0
27919,Ġskepticism,31,0
27920,Ġoverwhelmingly,31,0
27921,Ġproxy,31,0
27924,Ġrattled,31,0
27925,Ġrattling,31,0
27926,Ġsincerely,31,0
27927,ĠPrairie,31,0
27929,ĠCretan,31,0
27930,Ġoverthrow,31,0
27931,Ġoverthrown,31,0
27933,ĠDartmoor,31,0
27934,Ġgamblers,31,0
27936,ĠKissinger,31,0
27937,Ġdistributing,31,0
27938,Ġpostponed,31,0
27939,ĠPundit,31,0
27940,ĠMcLaughlin,31,0
27942,ĠCUPPLES,31,0
27943,ĠLombardy,31,0
27945,ĠTasmania,31,0
27946,Ġsubclasses,31,0
27947,ĠValentine,31,0
27948,Ġdensities,31,0
27949,ĠPitre,31,0
27950,ĠThurmond,31,0
27951,Ġungrateful,31,0
27952,ĠCecil,31,0
27956,Ġrascal,31,0
27958,ĠBuenos,31,0
27960,Ġsuccumbed,31,0
27961,ĠInvestigations,31,0
27962,ĠDeVos,31,0
27963,ĠCorinthian,31,0
27964,ĠSulfur,31,0
27965,Ġnobility,31,0
27967,Ġstaggering,31,0
27968,Ġliaison,31,0
27969,ĠClintons,31,0
27970,Ġmediocre,31,0
27971,sponsored,31,0
27972,Russian,31,0
27973,Ġcradle,31,0
27976,ĠYazoo,31,0
27977,Ġrelevance,31,0
27978,ĠMiguel,31,0
27979,ĠParcells,31,0
27980,ĠBalkans,31,0
27982,Ġsupremacy,31,0
27983,ĠConqueror,31,0
27984,Ġimpatience,31,0
27985,Ġhypothetical,31,0
27987,ĠCuthbert,31,0
27989,ĠBledsoe,31,0
27990,ĠGorswen,31,0
27991,Ġcruelly,31,0
27992,Ġobnoxious,31,0
27993,Ġunreliable,31,0
27994,Ġunacceptable,31,0
27995,ĠSegovia,31,0
27997,ĠLeavenworth,31,0
954,lect,30,0
1331,Ġdep,30,0
1803,Ġvar,30,0
2425,ety,30,0
2652,rog,30,0
3201,ĠDep,30,0
3318,ĠCour,30,0
3731,atal,30,0
3899,Ġcolon,30,0
4292,ĠVen,30,0
4939,ĠAld,30,0
5011,oned,30,0
6458,host,30,0
6579,ĠAccount,30,0
7520,ĠEli,30,0
7737,oty,30,0
8335,ĠRub,30,0
8925,orous,30,0
9163,oric,30,0
9370,phy,30,0
10031,Com,30,0
10057,hips,30,0
10560,boys,30,0
11773,ĠDomin,30,0
11984,nor,30,0
12250,CI,30,0
12841,ĠPun,30,0
12919,inda,30,0
13688,Ġflaw,30,0
14935,ĠNak,30,0
15467,ĠWords,30,0
15664,Ġbail,30,0
16020,acies,30,0
16402,ĠVas,30,0
16477,Gr,30,0
17530,Int,30,0
18505,ĠDh,30,0
19635,ĠCer,30,0
20164,89,30,0
20169,every,30,0
20312,ija,30,0
20611,Ġshrewd,30,0
20705,Ġcommence,30,0
20719,Ġrefund,30,0
20847,onne,30,0
22716,ĠBret,30,0
22887,boxes,30,0
24130,ĠSmoke,30,0
24350,ĠHeath,30,0
24945,Ġreassuring,30,0
25089,ĠEP,30,0
25712,Ġlibertarian,30,0
25839,alli,30,0
27240,ĠĠĠĠĠĠĠĠĠĠĠĠĠĠĠĠĠĠĠĠĠĠĠ,30,0
27998,'--,30,0
28000,130,30,0
28001,"=""",30,0
28002,Boy,30,0
28004,Gothic,30,0
28005,Has,30,0
28006,Jeopardy,30,0
28008,Mark,30,0
28010,National,30,0
28012,Pok,30,0
28016,Won,30,0
28020,eating,30,0
28031,tax,30,0
28034,wil,30,0
28036,Ġtangle,30,0
28040,Ġwitty,30,0
28047,Ġciting,30,0
28051,Ġpang,30,0
28052,Ġpiling,30,0
28056,Ġhometown,30,0
28057,Ġtoiled,30,0
28058,ĠTines,30,0
28063,Ġlashed,30,0
28065,Ġgamble,30,0
28066,ĠIse,30,0
28072,Ġego,30,0
28073,Ġrez,30,0
28079,ĠSources,30,0
28080,ĠSoul,30,0
28085,Ġwept,30,0
28086,ĠCaves,30,0
28088,ĠCokie,30,0
28090,ĠMolly,30,0
28092,ĠBash,30,0
28095,ĠBenny,30,0
28100,ĠHouses,30,0
28106,ĠPRC,30,0
28109,illness,30,0
28111,Ġshaky,30,0
28115,ĠFight,30,0
28119,ĠDancing,30,0
28132,ĠGedi,30,0
28133,ĠJin,30,0
28135,ĠJorge,30,0
28137,Ġcoma,30,0
28143,Ġalignment,30,0
28145,ĠElla,30,0
28149,ĠHeard,30,0
28156,Ġthereof,30,0
28160,ĠIncentives,30,0
28163,ĠKannon,30,0
28168,ĠStraits,30,0
28170,Ġunarmed,30,0
28171,Ġoverpowered,30,0
28172,Ġadhere,30,0
28182,Ġresides,30,0
28192,Ġpoked,30,0
28196,Ġcoached,30,0
28197,Ġrecite,30,0
28205,Ġregent,30,0
28206,Ġshowcase,30,0
28214,ĠBrady,30,0
28216,Ġstrains,30,0
28219,Ġendpoints,30,0
28226,Ġmeanings,30,0
28228,ĠIndo,30,0
28229,ĠIndex,30,0
28234,Ġrealise,30,0
28237,examination,30,0
28238,Ġdefiant,30,0
28240,Ġelated,30,0
28245,Ġdetour,30,0
28246,Ġedit,30,0
28248,Ġstatic,30,0
28249,Ġpoliteness,30,0
28251,Ġinsured,30,0
28252,ĠDover,30,0
28256,Ġinfancy,30,0
28257,Ġinfamous,30,0
28259,Ġdemographics,30,0
28262,Ġoppressive,30,0
28263,ĠConiston,30,0
28265,Ġloomed,30,0
28270,Ġvillager,30,0
28271,Ġsixteenth,30,0
28274,1980,30,0
28276,ĠNotwithstanding,30,0
28277,ĠSeems,30,0
28282,ĠCanary,30,0
28283,ĠTeatro,30,0
28284,ĠTehran,30,0
28286,Ġauthorizing,30,0
28288,ĠGodfather,30,0
28289,ĠMecca,30,0
28290,Ġinternally,30,0
28294,ĠPeisley,30,0
28295,Ġhonours,30,0
28296,ĠElmslie,30,0
28297,ĠSlaves,30,0
28300,ĠSwords,30,0
28303,Ġwildest,30,0
28304,ĠEmission,30,0
28305,ĠPortrait,30,0
28306,ĠResidential,30,0
28307,Ġescorted,30,0
28311,Ġforwarded,30,0
28312,Ġdisplacement,30,0
28313,Ġgrazed,30,0
28314,Ġstarvation,30,0
28316,Ġmiserably,30,0
28317,ĠComposition,30,0
28323,ĠAcre,30,0
28328,Ġchapels,30,0
28329,Ġcruisers,30,0
28332,Ġverbs,30,0
28333,Ġdenounced,30,0
28334,ĠDaniels,30,0
28335,ĠLakeland,30,0
28336,Ġbiographical,30,0
28337,ĠBurt,30,0
28338,Ġtariffs,30,0
28339,Ġcooled,30,0
28341,ĠSalem,30,0
28342,Ġinterviewing,30,0
28343,Stop,30,0
28346,Ġunsafe,30,0
28348,ĠJudah,30,0
28349,Ġintegrating,30,0
28350,ĠAuditing,30,0
28351,ĠSpeak,30,0
28352,ĠOverview,30,0
28353,ĠVictory,30,0
28354,2009,30,0
28355,ĠApartments,30,0
28356,ĠTrevor,30,0
28359,Ġconquering,30,0
28360,Ġcalculus,30,0
28362,Ġdramas,30,0
28364,ĠWinners,30,0
28369,Ġ1893,30,0
28372,ĠType,30,0
28374,ĠKrakew,30,0
28375,paying,30,0
28376,Ġprincipals,30,0
28377,ĠMillions,30,0
28378,Ġpoisonous,30,0
28380,Ġcourageous,30,0
28381,ĠFarmer,30,0
28382,ĠĠĠĠĠĠĠĠĠĠĠĠĠĠĠĠĠĠĠĠĠĠĠĠĠĠĠĠ,30,0
28383,ĠNormally,30,0
28385,Ġhandsomely,30,0
28387,ĠBeside,30,0
28388,ĠGateway,30,0
28389,Ġfraudulent,30,0
28391,ĠDodecanese,30,0
28392,ĠRaja,30,0
28393,Ġcriterion,30,0
28394,ĠOrganizational,30,0
28395,Ġrumble,30,0
28399,ĠBangalore,30,0
28402,ĠNepali,30,0
28403,Ġphilosophers,30,0
28404,ĠĠĠĠĠĠĠĠĠĠĠĠĠĠĠĠĠĠĠĠĠĠĠĠĠĠĠĠĠĠĠĠĠĠ,30,0
28405,Ġadviser,30,0
28406,Ġadvisor,30,0
28407,Ġinventions,30,0
28408,ĠConfederation,30,0
28409,ĠMatanikau,30,0
28410,ĠLyons,30,0
28414,1989,30,0
28415,ĠJuanito,30,0
28416,Ġdiscourse,30,0
28418,ĠHurry,30,0
28420,Ġchronicles,30,0
28421,Ġremotely,30,0
28424,Ġcordially,30,0
28425,Ġtolerant,30,0
28427,Ġgenuinely,30,0
28430,Ġoptimal,30,0
28431,ĠVenezuelan,30,0
28435,Ġsquadrons,30,0
28436,Ġexemptions,30,0
28439,Ġsoberly,30,0
28441,Ġfrustration,30,0
28442,Ġverdant,30,0
28443,Ġinsulted,30,0
28444,ĠAlexandra,30,0
28446,ĠLivingston,30,0
28447,Ġsurvivor,30,0
28448,Ġscholarships,30,0
28449,ĠLucknow,30,0
28451,ĠOscars,30,0
28452,Ġdisadvantages,30,0
28453,Ġdislikes,30,0
28455,Ġpoorest,30,0
28457,produced,30,0
28458,ĠPlatte,30,0
28460,Ġrevelation,30,0
28461,ĠIzmir,30,0
28462,ĠPantheon,30,0
28463,ĠMarxist,30,0
28466,Ġgeometry,30,0
28467,Ġfugitives,30,0
28468,Ġdelicacy,30,0
28469,Ġcatastrophe,30,0
28470,ĠIntegrated,30,0
28471,ĠGriffiths,30,0
28474,Ġmandrakes,30,0
28475,ĠAndrade,30,0
28479,ĠAnalysts,30,0
28480,Ġfuels,30,0
28481,ĠChronicles,30,0
28483,Ġdispersed,30,0
28484,Ġmultipollutant,30,0
28486,Ġdiscomfort,30,0
28489,ĠVeronica,30,0
28491,ĠWynn,30,0
28492,Ġdismantled,30,0
28493,ĠSupplementary,30,0
28494,Ġcharisma,30,0
28498,ĠRibeira,30,0
28499,ĠStefan,30,0
28500,Ġcalamity,30,0
28501,ĠCambodia,30,0
28504,Ġnumerical,30,0
28506,Ġexhilarating,30,0
28507,ĠDisease,30,0
28509,Ġempirical,30,0
28511,Texas,30,0
28513,Ġfeebly,30,0
28514,Ġarguably,30,0
28516,Ġmasculine,30,0
28517,ĠAstrid,30,0
28518,ĠDulles,30,0
28520,ĠNuneham,30,0
28523,ĠZeppelin,30,0
28524,ĠWinnipeg,30,0
28526,ĠFEBRUARY,30,0
28527,ĠDonaldson,30,0
28528,Ġsuperstitious,30,0
28529,ĠVaranasi,30,0
2261,ĠĠĠĠĠĠĠĠĠĠĠĠĠĠĠĠ,29,0
2462,atives,29,0
4540,atively,29,0
5174,ĠHaw,29,0
7008,ĠĠĠĠĠĠĠĠĠĠĠĠĠĠĠĠĠĠĠĠĠĠĠĠ,29,0
7128,ception,29,0
8382,ĠMand,29,0
8951,ĠLiber,29,0
9435,Ġsyn,29,0
9848,ĠMerc,29,0
9861,uku,29,0
10079,ĠLS,29,0
10352,ĠCos,29,0
10870,works,29,0
11179,illo,29,0
12788,Ġsummon,29,0
13678,ĠCe,29,0
13920,ĠMes,29,0
14386,ĠPur,29,0
14457,Ġoutlaw,29,0
14664,Ġassign,29,0
15932,ogen,29,0
16241,ĠSor,29,0
16518,Ġprolong,29,0
16602,taking,29,0
17293,ĠPsych,29,0
17711,ĠMob,29,0
17865,ĠSend,29,0
17875,andra,29,0
18174,istically,29,0
19403,tch,29,0
19438,ĠFra,29,0
19987,may,29,0
20472,icting,29,0
20654,ĠCause,29,0
20752,ĠBelarus,29,0
20791,ĠKeynes,29,0
21400,ĠKoh,29,0
21439,Ġintercept,29,0
23283,breed,29,0
23931,hee,29,0
24077,ĠAdolf,29,0
24755,Ġrighteous,29,0
24873,Ġrobber,29,0
25461,ĠNames,29,0
25553,ĠCarbon,29,0
25757,EPA,29,0
25797,alist,29,0
25836,Ġ119,29,0
28530,.;,29,0
28537,Fort,29,0
28540,Jane,29,0
28543,Sit,29,0
28552,noo,29,0
28554,pound,29,0
28557,serving,29,0
28565,Ġtensions,29,0
28579,Ġmite,29,0
28583,Ġpounded,29,0
28584,Ġhttp,29,0
28585,Ġdived,29,0
28588,ĠTis,29,0
28592,ĠTitanic,29,0
28593,ĠTANF,29,0
28599,Ġgaping,29,0
28600,Ġgospel,29,0
28603,ĠIqbal,29,0
28617,Ġheather,29,0
28625,sector,29,0
28635,ĠMace,29,0
28636,ĠMatch,29,0
28643,ĠBanda,29,0
28644,Ġwithheld,29,0
28647,ĠHetel,29,0
28667,established,29,0
28672,Ġconcluding,29,0
28673,ĠLions,29,0
28675,ĠLachlan,29,0
28676,ĠGaga,29,0
28677,ĠGrico,29,0
28687,ĠEly,29,0
28688,Ġabound,29,0
28695,ĠThought,29,0
28698,Ġushered,29,0
28704,Ġdonating,29,0
28706,Ġenables,29,0
28708,Ġunification,29,0
28710,Ġspelt,29,0
28711,ĠCharing,29,0
28715,Ġria,29,0
28720,Ġscares,29,0
28721,Ġimplying,29,0
28722,Ġflocked,29,0
28723,Ġbetting,29,0
28724,Ġundergoing,29,0
28726,Ġrecounted,29,0
28728,Ġneedless,29,0
28729,ĠWhilst,29,0
28730,ĠAnita,29,0
28733,ĠUnisphere,29,0
28736,ĠAlba,29,0
28737,Ġrelic,29,0
28738,Ġsurcharge,29,0
28739,Ġlarvae,29,0
28746,Ġkinder,29,0
28748,ĠLearning,29,0
28749,Ġaddictive,29,0
28750,Ġ1835,29,0
28751,Ġ1821,29,0
28752,ĠThatcher,29,0
28757,ĠReade,29,0
28759,Ġcharmed,29,0
28761,Ġsignaled,29,0
28766,ĠDebt,29,0
28769,ĠMyanmar,29,0
28771,Ġrevive,29,0
28772,Ġhotter,29,0
28773,Ġcampuses,29,0
28775,Ġweekdays,29,0
28776,Ġdemise,29,0
28780,Ġoppressed,29,0
28781,ĠConsequently,29,0
28784,ĠColosseum,29,0
28787,Ġvariability,29,0
28788,ĠGrants,29,0
28790,ĠPlato,29,0
28791,1960,29,0
28796,ĠSeal,29,0
28797,ĠSeventh,29,0
28799,ĠGupta,29,0
28802,ĠTexaco,29,0
28803,Ġmailed,29,0
28805,Ġcapitalist,29,0
28807,Ġmerging,29,0
28809,Ġportals,29,0
28810,ĠPerot,29,0
28811,Ġprojecting,29,0
28812,Ġrelegated,29,0
28815,Ġsalts,29,0
28816,Ġamounted,29,0
28819,ĠAmos,29,0
28820,Ġfairness,29,0
28822,2014,29,0
28824,Ġadmitting,29,0
28825,Ġcommonplace,29,0
28828,ĠMales,29,0
28829,Ġjudiciary,29,0
28831,Ġfifties,29,0
28832,Ġmethodological,29,0
28833,ĠSwamp,29,0
28834,Ġcasts,29,0
28835,Ġstatesman,29,0
28837,ĠPalermo,29,0
28838,ĠResource,29,0
28840,Ġballets,29,0
28841,ĠJulian,29,0
28842,ĠQuam,29,0
28843,Ġspotless,29,0
28845,ĠCompared,29,0
28846,ĠComputers,29,0
28847,Ġzinc,29,0
28851,Ġspecifications,29,0
28852,ĠRegent,29,0
28853,Ġannouncing,29,0
28854,Ġconvict,29,0
28855,ĠIsraelites,29,0
28856,ĠCheng,29,0
28857,ĠChester,29,0
28858,Ġcrucifixion,29,0
28860,Ġsociologist,29,0
28863,Ġdenies,29,0
28864,Ġpunched,29,0
28865,Ġsculptors,29,0
28867,Those,29,0
28868,ĠSusie,29,0
28869,"??,",29,0
28871,Ġstockholders,29,0
28874,Ġpossesses,29,0
28875,Ġrecommends,29,0
28876,Ġweighted,29,0
28877,Ġcorporal,29,0
28880,ĠJudgment,29,0
28881,Ġsucceeds,29,0
28882,ĠHotels,29,0
28886,Ġfrightful,29,0
28887,2003,29,0
28888,esteem,29,0
28889,Ġcheaply,29,0
28892,Ġconfluence,29,0
28893,ĠIrishman,29,0
28895,Ġtuned,29,0
28896,ĠEstimates,29,0
28900,ĠMaison,29,0
28903,Ġ1883,29,0
28905,Ġacidic,29,0
28906,Ġpsychologist,29,0
28908,ĠDivine,29,0
28911,Ġreliefs,29,0
28912,ĠWasn,29,0
28913,gao,29,0
28914,Ġexceeds,29,0
28915,Ġtraitor,29,0
28916,ĠJoey,29,0
28917,ĠGalleria,29,0
28920,trained,29,0
28921,Ġunharmed,29,0
28922,ĠHorace,29,0
28923,ĠGetty,29,0
28925,Ġpredicting,29,0
28926,ĠHolmes,29,0
28927,Ġopted,29,0
28928,ĠNormans,29,0
28930,Ġearnestness,29,0
28931,ĠKnosses,29,0
28933,Ġunprepared,29,0
28935,ĠLesvos,29,0
28937,Ġcontrasting,29,0
28938,ĠHyde,29,0
28939,Ġnicest,29,0
28940,Ġgleeman,29,0
28943,ĠAsthma,29,0
28944,ĠPayment,29,0
28945,Ġdoubling,29,0
28946,Ġ1847,29,0
28948,Ġadequacy,29,0
28950,ĠBourbon,29,0
28951,ĠByzantines,29,0
28953,Ġtenderness,29,0
28954,ĠKenya,29,0
28956,Ġassassins,29,0
28957,Ġdominates,29,0
28959,ĠPuerta,29,0
28961,Ġunbroken,29,0
28963,1982,29,0
28964,ĠCrusade,29,0
28965,Ġprohibits,29,0
28967,Ġsynonymous,29,0
28968,Ġarcades,29,0
28969,Ġfabricated,29,0
28970,Ġproportional,29,0
28971,Ġswallowing,29,0
28972,Ġreproduce,29,0
28973,Ġvoyages,29,0
28974,ĠFreud,29,0
28975,often,29,0
28977,Ġhinder,29,0
28979,Ġastronomy,29,0
28980,Ġmolecular,29,0
28981,Ġsavagely,29,0
28983,Ġraiders,29,0
28985,ĠBriggs,29,0
28987,Ġdungeon,29,0
28989,Ġreassured,29,0
28990,Ġinsulting,29,0
28991,Ġirritated,29,0
28995,ĠPasadena,29,0
28996,Ġdiminish,29,0
28997,Ġdiminished,29,0
28998,Ġbetraying,29,0
28999,Ġadministers,29,0
29000,Ġconqueror,29,0
29002,Ġomission,29,0
29003,Ġappointments,29,0
29004,Ġunsuccessfully,29,0
29005,Ġlingering,29,0
29006,Ġrecruitment,29,0
29008,Ġconsecrated,29,0
29009,Ġpolarization,29,0
29010,hausen,29,0
29012,Ġslapstick,29,0
29014,Ġcoaxing,29,0
29016,ĠShelley,29,0
29017,Ġdelicately,29,0
29018,Ġburying,29,0
29019,ĠSopranos,29,0
29020,ĠNasser,29,0
29021,Ġintoxication,29,0
29022,Ġmisunderstanding,29,0
29024,ĠChemical,29,0
29025,Terre,29,0
29027,Ġsullenly,29,0
29028,Ġmercenaries,29,0
29030,Ġpesticide,29,0
29031,ĠBaldwin,29,0
29032,Ġuninterested,29,0
29034,Ġmitigate,29,0
29035,Ġchanting,29,0
29036,ĠSindh,29,0
29037,ĠFraud,29,0
29038,Ġbeckoned,29,0
29039,Ġencircled,29,0
29040,Ġfrenzy,29,0
29041,Ġinheritance,29,0
29042,Ġunattractive,29,0
29043,ĠWarrior,29,0
29046,Ġcapacities,29,0
29047,Ġredoubled,29,0
29048,Ġphysicist,29,0
29049,Ġpioneers,29,0
29050,Help,29,0
29051,ĠGoblin,29,0
29052,ĠCPAs,29,0
29053,Ġthroats,29,0
29055,ĠKhoriphaba,29,0
29059,Ġchagrin,29,0
29060,ĠSpyro,29,0
29062,ĠRodriguez,29,0
29065,ĠNewfoundland,29,0
29067,Ġdemerits,29,0
29069,ĠLeopold,29,0
29070,Ġhorrendous,29,0
29071,ĠTaensa,29,0
29072,Ġtransparency,29,0
29073,ĠAttleboro,29,0
29074,Ġetiquette,29,0
29075,ĠErmengarde,29,0
29076,Ġvelocity,29,0
29077,ĠAppalachian,29,0
29078,ĠBARBARA,29,0
29079,Ġdementia,29,0
1029,Ġeff,28,0
1489,aken,28,0
2031,ended,28,0
2279,rug,28,0
3627,Ġtit,28,0
3960,ael,28,0
4077,inary,28,0
4493,eder,28,0
4849,ĠEv,28,0
5431,ĠTok,28,0
5678,ĠMarg,28,0
6559,ules,28,0
7885,ĠBos,28,0
8699,ĠLie,28,0
9600,sts,28,0
10588,nell,28,0
11216,ĠHaut,28,0
11444,kind,28,0
12191,Ind,28,0
12432,Bl,28,0
12610,pet,28,0
12756,jan,28,0
12999,ĠExp,28,0
13287,human,28,0
13588,iate,28,0
13770,Ġappoint,28,0
13904,song,28,0
14082,Ġadorn,28,0
15016,Ġwhirl,28,0
16034,ĠDol,28,0
16147,ĠPiet,28,0
16660,ĠLeaders,28,0
17864,ĠSz,28,0
18876,Ġscant,28,0
19329,Ġpronoun,28,0
20025,ĠGill,28,0
20701,Ġdowns,28,0
20863,ĠMi,28,0
21147,Ġunreal,28,0
21769,Ġvenom,28,0
21918,ĠChow,28,0
22138,ĠWool,28,0
23378,Ġcontend,28,0
23425,Ġveto,28,0
23999,quite,28,0
24006,Ġalarming,28,0
24009,ĠOber,28,0
24084,Ġplead,28,0
24278,inus,28,0
24632,Mex,28,0
24709,Ġbypass,28,0
25171,Ġpleading,28,0
25377,Ab,28,0
25728,Ġdisregard,28,0
25816,Ġsteward,28,0
25824,ĠBoss,28,0
25943,brother,28,0
25967,Ġ126,28,0
26416,ĠPriest,28,0
26427,ĠTreasure,28,0
28817,ĠĠĠĠĠĠĠĠĠĠĠĠĠĠĠĠĠĠ,28,0
29083,Bad,28,0
29089,Ma,28,0
29091,Mont,28,0
29092,Note,28,0
29093,NFL,28,0
29096,Sweet,28,0
29098,Tel,28,0
29099,Val,28,0
29107,kar,28,0
29115,pilot,28,0
29124,Ġaides,28,0
29126,Ġwager,28,0
29129,Ġois,28,0
29131,Ġbazaars,28,0
29135,Ġpious,28,0
29136,Ġpiety,28,0
29148,Ġguez,28,0
29150,ĠAside,28,0
29153,Ġheirs,28,0
29156,ĠStern,28,0
29157,ĠSaga,28,0
29161,Ġstowed,28,0
29165,ĠCody,28,0
29170,Ġwithstand,28,0
29174,ĠHollow,28,0
29179,"Ġ"",",28,0
29180,ĠPi,28,0
29182,ĠPaseo,28,0
29197,ĠNacional,28,0
29200,ĠLing,28,0
29205,ĠGarm,28,0
29206,ĠGohan,28,0
29211,ĠJUD,28,0
29216,Ġsobs,28,0
29217,Ġsuh,28,0
29221,Ġalabaster,28,0
29223,Ġouting,28,0
29239,Ġteased,28,0
29246,Ġenabling,28,0
29249,Ġspouses,28,0
29253,Ġthinker,28,0
29254,anga,28,0
29256,ĠVision,28,0
29261,Ġboyhood,28,0
29262,Ġbackwater,28,0
29266,Ġbets,28,0
29269,growing,28,0
29271,Ġcommute,28,0
29275,Ġinvasions,28,0
29277,Ġstranded,28,0
29280,Ġevoke,28,0
29283,ĠMarguerite,28,0
29290,Ġpayoff,28,0
29292,ĠShare,28,0
29294,Ġminer,28,0
29295,Ġministry,28,0
29297,ĠReverend,28,0
29298,ĠSomewhere,28,0
29299,"!"",",28,0
29301,Ġorganism,28,0
29302,ĠAdelaide,28,0
29304,ĠBeaver,28,0
29307,Ġmoons,28,0
29309,Ġdetachment,28,0
29310,Ġconfinement,28,0
29312,arna,28,0
29315,Ġvegan,28,0
29320,Ġtrilogy,28,0
29321,Ġpurity,28,0
29324,Ġelectorate,28,0
29325,Ġpromontory,28,0
29328,ĠPhD,28,0
29329,Ġreplies,28,0
29335,Ġmarketed,28,0
29337,Ġimproves,28,0
29338,ĠBartlett,28,0
29339,Ġ165,28,0
29344,Ġtenant,28,0
29345,Ġprofessed,28,0
29347,Ġcircling,28,0
29353,Ġinflicted,28,0
29356,Ġsuffers,28,0
29360,Ġpublishers,28,0
29363,ĠElaine,28,0
29364,ĠPostage,28,0
29366,Ġencased,28,0
29367,ĠLawless,28,0
29368,ĠGovernments,28,0
29369,",'""",28,0
29373,Ġexpressly,28,0
29374,ĠQuoth,28,0
29376,Ġpressured,28,0
29384,Ġhostel,28,0
29385,Ġradius,28,0
29386,ĠIslanders,28,0
29387,ĠEarlier,28,0
29388,Ġdecisionmaking,28,0
29389,Ġconducts,28,0
29390,Ġfarmhouses,28,0
29391,ĠAustralians,28,0
29392,Ġstandardization,28,0
29394,Ġsweetly,28,0
29396,Ġfrequented,28,0
29397,Ġbordering,28,0
29398,ĠGreatest,28,0
29399,ĠAnthem,28,0
29400,Think,28,0
29401,Ġmagnate,28,0
29402,Ġcommercially,28,0
29404,ĠAlberta,28,0
29408,ĠAnnan,28,0
29409,Ġsickly,28,0
29411,Ġoccupations,28,0
29412,probably,28,0
29415,ĠSalailen,28,0
29418,ĠSumatra,28,0
29419,Ġ607,28,0
29420,ĠLucinda,28,0
29422,ĠCastile,28,0
29423,ĠSkipper,28,0
29424,Ġliberated,28,0
29425,Ġaccidental,28,0
29429,Ġsummaries,28,0
29430,ĠGreenland,28,0
29432,ĠHavelock,28,0
29433,Ġmusicals,28,0
29434,Ġjournalistic,28,0
29441,Ġlifeless,28,0
29442,ĠBasse,28,0
29443,Ġcontributor,28,0
29444,Ġambush,28,0
29445,ĠMoslem,28,0
29448,ranking,28,0
29451,ĠBellini,28,0
29454,ĠCrossfire,28,0
29455,ĠJosephine,28,0
29459,Ġapplicant,28,0
29460,Ġbidders,28,0
29461,ĠLightfoot,28,0
29462,Ġfetus,28,0
29464,Ġstringent,28,0
29465,ĠXXIII,28,0
29466,Ġgleamed,28,0
29467,Ġloosely,28,0
29468,Ġinspectors,28,0
29469,ĠRodr,28,0
29473,ĠTitus,28,0
29474,Ġliberalism,28,0
29475,Ġfragrant,28,0
29477,ĠAstbury,28,0
29479,ĠMasada,28,0
29480,Ġ1846,28,0
29481,Ġcompensate,28,0
29482,ĠCarlson,28,0
29483,Ġvainly,28,0
29484,ĠJournalists,28,0
29485,ĠHardy,28,0
29488,ĠAffirmative,28,0
29489,Ġacademics,28,0
29491,Ġoutsider,28,0
29494,Ġstressful,28,0
29496,ĠSonny,28,0
29498,ĠCrucifixion,28,0
29499,ĠDecision,28,0
29500,Ġarchaeology,28,0
29501,ĠFuzhou,28,0
29502,Ġvulnerability,28,0
29504,ĠCroaker,28,0
29506,Ġemotionally,28,0
29509,ĠSnake,28,0
29510,Ġcompromised,28,0
29511,Ġrebellious,28,0
29512,ĠAnimation,28,0
29516,Ġendeavour,28,0
29518,Ġtwinned,28,0
29519,Ġfancies,28,0
29523,ĠHistorians,28,0
29525,Ġauctioned,28,0
29526,ĠTobacco,28,0
29527,ĠMessines,28,0
29528,whether,28,0
29531,ĠToobin,28,0
29532,ĠRabaul,28,0
29533,ĠOmaha,28,0
29534,ĠPractice,28,0
29537,ĠDurham,28,0
29538,Ġdestroys,28,0
29539,ĠContinue,28,0
29540,Ġflawed,28,0
29541,ĠLEILA,28,0
29542,defense,28,0
29543,Ġtorrents,28,0
29544,Ġrendering,28,0
29545,Ġoxidizing,28,0
29548,Ġsmuggled,28,0
29550,ĠPierce,28,0
29551,ĠShinjuku,28,0
29552,Ġexhaustion,28,0
29553,Ġgrieve,28,0
29555,Ġinauguration,28,0
29556,Ġinaugurated,28,0
29557,Ġsocietal,28,0
29558,ĠJolanta,28,0
29559,ĠKawaguchi,28,0
29560,ĠWillisau,28,0
29561,ĠEthelred,28,0
29562,preserved,28,0
29567,Ġundermined,28,0
29568,ĠMoyers,28,0
29569,ĠFactors,28,0
29572,ĠLetterman,28,0
29574,Ġadministering,28,0
29577,ĠSynagogue,28,0
29578,Ġplacid,28,0
29579,Ġrestraint,28,0
29580,music,28,0
29584,ĠAlmighty,28,0
29585,ĠJudea,28,0
29586,ĠImprovement,28,0
29587,ĠAberdeen,28,0
29588,Ġtabloid,28,0
29589,Ġtabloids,28,0
29591,Ġgenetics,28,0
29592,ĠPartnership,28,0
29593,Ġingenious,28,0
29594,Ġlazily,28,0
29596,Ġbastion,28,0
29599,ĠSeymour,28,0
29601,Ġsophomores,28,0
29602,Ġjewellery,28,0
29603,Keep,28,0
29604,Ġscowled,28,0
29605,Ġarbitrary,28,0
29606,Ġdictatorship,28,0
29607,ĠMoirang,28,0
29608,Ġcolossal,28,0
29609,ĠScheck,28,0
29611,Ġscoundrel,28,0
29613,ĠPfizer,28,0
29614,ĠFailure,28,0
29615,Ġexploratory,28,0
29617,Ġthirties,28,0
29620,Ġhereditary,28,0
29622,ĠKangleipak,28,0
29624,ĠDexter,28,0
29625,ĠBrunei,28,0
29626,Ġirresponsible,28,0
29630,Elysees,28,0
29631,Iberville,28,0
29632,ĠRoutha,28,0
29633,ĠBhaktapur,28,0
29634,ĠKhyber,28,0
29635,ĠErlenborn,28,0
29636,ĠShahjahan,28,0
2414,lement,27,0
2923,ival,27,0
4320,hab,27,0
4664,imate,27,0
4926,pic,27,0
5128,chan,27,0
5272,ĠDou,27,0
6316,olved,27,0
6425,urd,27,0
6739,umin,27,0
6913,orted,27,0
7470,ogue,27,0
8575,ĠGord,27,0
8961,iji,27,0
9292,ĠNaz,27,0
9603,uster,27,0
10621,ĠNav,27,0
11771,ested,27,0
11845,ĠMcK,27,0
12099,ĠCad,27,0
12567,ĠKle,27,0
13884,ĠMagn,27,0
14164,asha,27,0
14454,ĠLav,27,0
15484,Ġunm,27,0
16140,Ġhem,27,0
16246,ulus,27,0
17055,abi,27,0
17839,wald,27,0
17988,Every,27,0
18150,enburg,27,0
18170,ĠFo,27,0
18309,Ġsap,27,0
18535,ĠProgress,27,0
18547,reading,27,0
20656,ĠBak,27,0
20827,Ed,27,0
22093,del,27,0
22171,ahan,27,0
22194,Ġgene,27,0
22217,otti,27,0
23661,ĠLac,27,0
24281,isch,27,0
24792,Ġcomplement,27,0
25392,elected,27,0
25501,Ġpartisans,27,0
26160,Nor,27,0
26263,ĠGem,27,0
26498,Ġgaol,27,0
26609,Ġpals,27,0
26814,ĠMona,27,0
29349,ĠĠĠĠĠĠĠĠĠĠĠĠĠĠĠĠĠ,27,0
29639,Des,27,0
29641,Hi,27,0
29644,Love,27,0
29645,Moudon,27,0
29646,NHH,27,0
29673,Ġtiring,27,0
29678,Ġwano,27,0
29686,Ġpikes,27,0
29690,Ġdaggers,27,0
29692,Ġinmate,27,0
29695,Ġthud,27,0
29697,Ġlore,27,0
29698,Ġlords,27,0
29700,Ġgag,27,0
29705,ĠIOC,27,0
29709,ĠAverage,27,0
29713,Ġek,27,0
29720,Ġwastes,27,0
29724,ĠSame,27,0
29728,ĠSimeon,27,0
29731,Ġstumble,27,0
29733,Ġweaken,27,0
29734,Ġweakening,27,0
29739,ĠCelle,27,0
29740,ĠCedar,27,0
29741,ĠMak,27,0
29744,ĠMera,27,0
29745,ĠMerton,27,0
29747,Ġanew,27,0
29752,ĠHour,27,0
29758,"Ġ""...",27,0
29765,Ġrites,27,0
29766,Ġsevered,27,0
29771,ĠWRIG,27,0
29772,Ġhissing,27,0
29775,Ġshaping,27,0
29776,Ġdeception,27,0
29780,Ġliabilities,27,0
29786,ĠDuchy,27,0
29789,Ġchattered,27,0
29791,ĠNHH,27,0
29792,ĠNueva,27,0
29793,Ġproctor,27,0
29795,ĠLay,27,0
29799,ĠLund,27,0
29802,ĠLiffey,27,0
29803,ĠGould,27,0
29804,ĠGone,27,0
29805,ĠGiza,27,0
29806,ĠGrowing,27,0
29809,ĠRise,27,0
29810,ĠRole,27,0
29813,Ġknocks,27,0
29821,Ġabreast,27,0
29825,ĠOmega,27,0
29828,Ġwills,27,0
29834,ĠKota,27,0
29835,Ġdivert,27,0
29839,Ġcompel,27,0
29842,Ġquivered,27,0
29843,Ġjustification,27,0
29844,Ġspans,27,0
29845,Ġspanned,27,0
29847,ĠChamps,27,0
29856,Ġpartying,27,0
29857,Ġdownfall,27,0
29859,Ġscattering,27,0
29864,Ġhowled,27,0
29867,Ġpoisons,27,0
29868,Ġcrises,27,0
29878,"Ġ',",27,0
29879,ĠAshe,27,0
29880,ĠAsher,27,0
29881,ĠAsiatic,27,0
29885,Ġached,27,0
29889,Ġevolve,27,0
29890,Ġswap,27,0
29892,Ġendurance,27,0
29893,Ġendowed,27,0
29900,Ġfriezes,27,0
29901,ĠAndroid,27,0
29902,Ġrestlessly,27,0
29903,ĠLeila,27,0
29904,Ġ1820,27,0
29909,ĠClifton,27,0
29910,Ġbelievable,27,0
29911,center,27,0
29913,ĠShuger,27,0
29916,Ġmatron,27,0
29918,Ġfactions,27,0
29919,Ġestuary,27,0
29921,Ġbreakeven,27,0
29922,Ġaffinity,27,0
29927,Ġrevise,27,0
29928,Ġloveliest,27,0
29929,ĠChronic,27,0
29931,Ġtyphoon,27,0
29938,Ġelectrons,27,0
29941,ĠGrampu,27,0
29942,ĠBritons,27,0
29943,ĠPhase,27,0
29944,ĠPlus,27,0
29946,Ġpostmodern,27,0
29947,Ġaccountant,27,0
29948,Ġaccountants,27,0
29951,Ġsuccessive,27,0
29953,ĠCountries,27,0
29955,ĠGuess,27,0
29956,ĠParc,27,0
29959,Ġexcise,27,0
29960,ĠDonna,27,0
29962,Ġpopularly,27,0
29963,Ġdearie,27,0
29967,ĠCaletta,27,0
29968,ĠBye,27,0
29969,Ġstrife,27,0
29970,ĠNowhere,27,0
29971,ĠAbingdon,27,0
29973,Ġdevout,27,0
29975,ĠMalabar,27,0
29976,Ġilliterate,27,0
29977,Ġfifteenth,27,0
29978,ĠAugustine,27,0
29982,Ġgladness,27,0
29986,ĠStatewide,27,0
29987,ĠAssam,27,0
29988,ĠAssisi,27,0
29990,Ġcreators,27,0
29992,Ġrespecting,27,0
30003,Ġhostilities,27,0
30006,Ġthrush,27,0
30007,Ġnaturalist,27,0
30008,rights,27,0
30009,Ġrapture,27,0
30010,Ġconvictions,27,0
30011,Ġthreatens,27,0
30012,Ġgradual,27,0
30013,Ġweariness,27,0
30015,Ġinnumerable,27,0
30017,Ġmeasurable,27,0
30023,Ġsculpting,27,0
30025,ĠPrevention,27,0
30026,Ġinitiate,27,0
30027,Ġweakest,27,0
30029,ĠHighness,27,0
30030,Ġgalloped,27,0
30031,ĠBurlington,27,0
30032,ĠSussex,27,0
30034,Ġslew,27,0
30035,ĠBrowning,27,0
30036,Ġflagship,27,0
30037,Ġexcellence,27,0
30041,Ġbreathlessly,27,0
30043,ĠCastillo,27,0
30045,Ġunfiled,27,0
30047,Ġcongressman,27,0
30048,ĠSpeaking,27,0
30051,Ġdismounted,27,0
30052,Ġpremise,27,0
30053,Ġpoetic,27,0
30054,Ġobservatory,27,0
30057,Ġinterposed,27,0
30058,ĠSecrets,27,0
30060,Ġmanagerial,27,0
30061,ĠEstate,27,0
30062,laws,27,0
30063,ĠVisit,27,0
30064,ĠVisibility,27,0
30065,Ġdrafts,27,0
30066,Ġdisagrees,27,0
30067,Ġabandoning,27,0
30068,ĠIntel,27,0
30069,Ġquantifiable,27,0
30072,Ġ1887,27,0
30073,ĠLikewise,27,0
30074,ĠInterventions,27,0
30077,Ġ1892,27,0
30080,ĠOsborne,27,0
30083,ĠHolyhead,27,0
30086,ĠMahatma,27,0
30087,Ġabsorbing,27,0
30088,Ġreckoned,27,0
30091,ĠNormal,27,0
30093,ĠBrava,27,0
30094,Ġlaunches,27,0
30096,ĠFurlong,27,0
30097,Ġsubsidiary,27,0
30098,Ġfavourable,27,0
30099,ĠRodin,27,0
30100,Ġpersuasive,27,0
30101,Ġdoubly,27,0
30102,Ġunwanted,27,0
30105,ĠReviews,27,0
30106,ĠHuang,27,0
30108,Ġangered,27,0
30110,Ġinterfering,27,0
30111,Ġtremble,27,0
30113,Ġdominance,27,0
30114,Ġvigour,27,0
30116,Ġridiculously,27,0
30117,ĠNickelodeon,27,0
30118,ĠCopper,27,0
30120,ĠLiberals,27,0
30121,Ġhinted,27,0
30122,Ġamends,27,0
30125,Ġsulfuric,27,0
30130,Ġdictated,27,0
30131,Ġswordsman,27,0
30132,Ġmistakenly,27,0
30134,ĠDamascus,27,0
30135,Ġrigorous,27,0
30136,Ġcooperative,27,0
30138,Ġmigrated,27,0
30139,Ġinstinctively,27,0
30140,Connor,27,0
30142,Ġlandlords,27,0
30143,ĠKeyes,27,0
30145,ĠUniversities,27,0
30146,ĠISLAND,27,0
30147,Ġdiverted,27,0
30148,finance,27,0
30149,ĠVersace,27,0
30150,Ġauthenticity,27,0
30152,ĠExamination,27,0
30153,Ġmastered,27,0
30154,ĠWrong,27,0
30156,ĠTaiwanese,27,0
30159,Ġexplosive,27,0
30160,ĠEphesus,27,0
30163,ĠRatty,27,0
30164,ĠTreatment,27,0
30165,Ġentrusted,27,0
30166,ĠHanukkah,27,0
30169,ĠKleiman,27,0
30173,ĠSMI,27,0
30174,Ġscholarly,27,0
30176,ĠMansion,27,0
30178,ĠPublishing,27,0
30180,ĠDawlish,27,0
30181,ĠBenefit,27,0
30182,ĠPhysicians,27,0
30184,ĠRivas,27,0
30185,ĠFrontier,27,0
30186,Ġtwinkle,27,0
30189,ĠCombs,27,0
30190,Ġthronged,27,0
30191,ĠJamie,27,0
30192,Ġadmiringly,27,0
30193,ĠAllowance,27,0
30194,Ġshafts,27,0
30196,ĠCobalt,27,0
30197,Ġflavors,27,0
30201,ĠAdvocates,27,0
30202,Spanish,27,0
30203,Ġcassettes,27,0
30204,ĠClarence,27,0
30205,ĠFriedrich,27,0
30206,ĠFujiwara,27,0
30207,Ġenlightened,27,0
30208,ĠJFMIP,27,0
30209,Ġimaginable,27,0
30210,Ġdiligently,27,0
30211,ĠSituated,27,0
30215,ĠEthiopia,27,0
30216,Ġembarked,27,0
30218,ĠBuildings,27,0
30219,Something,27,0
30220,Sometimes,27,0
30221,Ġeloquence,27,0
30222,ĠBartolom,27,0
30224,ĠAlpine,27,0
30225,Ġtangible,27,0
30226,Ġinsurrection,27,0
30230,ĠReeves,27,0
30231,Ġbushrangers,27,0
30232,ĠLancaster,27,0
30233,Ġtelevised,27,0
30234,Ġarrogant,27,0
30235,ĠShakti,27,0
30236,ĠTypically,27,0
30237,ĠMaintenance,27,0
30238,ĠClinical,27,0
30239,Ġprecincts,27,0
30242,ĠPDFA,27,0
30243,Ġmarauders,27,0
30246,Ġfathom,27,0
30247,Ġhormones,27,0
30248,Ġinequality,27,0
30250,Ġalleviate,27,0
30251,Ġsentinels,27,0
30253,ĠLiefering,27,0
30254,ĠMaggiore,27,0
30255,Pilgrim,27,0
30256,Ġtedious,27,0
30258,Ġglimpses,27,0
30259,ĠHellenistic,27,0
30261,ĠSissach,27,0
30264,Ġmonotonous,27,0
30267,ĠSymposium,27,0
30269,ĠRebellion,27,0
30270,ĠFitzgerald,27,0
30271,British,27,0
30272,Ġechoes,27,0
30274,Ġbewilderment,27,0
30275,ĠWaikiki,27,0
30278,ĠKerala,27,0
30279,ĠManitoba,27,0
30280,ĠBalochistan,27,0
920,vern,26,0
1328,ution,26,0
2323,reed,26,0
3676,ental,26,0
3756,aven,26,0
4452,abor,26,0
4952,rial,26,0
5954,osen,26,0
6798,zed,26,0
7826,istry,26,0
9532,ĠConstant,26,0
9753,adu,26,0
10081,rah,26,0
10471,lav,26,0
10492,Ġembarrass,26,0
10700,usc,26,0
11264,ĠNan,26,0
12614,onian,26,0
12629,ĠJun,26,0
12894,inia,26,0
13590,liness,26,0
14678,Ġapplaud,26,0
14750,ĠKap,26,0
15339,icity,26,0
16266,arks,26,0
17805,ĠBirth,26,0
17949,ĠSpecific,26,0
18412,ĠContract,26,0
18513,ĠESP,26,0
19028,orio,26,0
19145,ĠBreak,26,0
19601,bred,26,0
20188,Ġpall,26,0
20270,shop,26,0
20507,Ġanalog,26,0
21095,ĠCord,26,0
21258,ROM,26,0
21392,ĠEul,26,0
21656,ishly,26,0
21669,Ġacrose,26,0
21688,Ġtransmit,26,0
21897,ĠOle,26,0
22680,mad,26,0
22969,Could,26,0
22973,Mon,26,0
23319,stown,26,0
23619,algi,26,0
23926,hon,26,0
24008,ĠOg,26,0
24256,Ha,26,0
24655,Ġmocking,26,0
25007,Ste,26,0
25439,Ġstolid,26,0
25499,ĠVance,26,0
25577,Ġsolicit,26,0
25585,Ġsuffix,26,0
25830,ĠPAC,26,0
25886,Ġquay,26,0
26011,ĠBrok,26,0
26151,Em,26,0
26185,supp,26,0
26583,know,26,0
26718,ĠChau,26,0
26941,Ġbaptism,26,0
27014,Bar,26,0
27022,Super,26,0
27385,ĠAdvance,26,0
27490,ĠClinger,26,0
30292,Far,26,0
30297,Out,26,0
30298,Put,26,0
30299,Post,26,0
30300,Papa,26,0
30301,Sch,26,0
30302,Social,26,0
30303,Ten,26,0
30308,fighting,26,0
30316,varsity,26,0
30324,Ġbounced,26,0
30326,Ġcite,26,0
30327,Ġcites,26,0
30331,Ġmating,26,0
30334,Ġhinges,26,0
30335,Ġhickory,26,0
30336,Ġtowered,26,0
30338,Ġdukes,26,0
30341,album,26,0
30347,ĠTribe,26,0
30351,Ġller,26,0
30354,ĠIQ,26,0
30357,Ġerection,26,0
30361,Ġonwards,26,0
30369,ĠSites,26,0
30370,Ġstung,26,0
30373,ĠMight,26,0
30375,ĠMALS,26,0
30383,ĠHip,26,0
30390,ĠPRA,26,0
30393,Ġrambling,26,0
30400,Ġnez,26,0
30401,Ġfrugal,26,0
30413,ĠDixon,26,0
30414,ĠDarewell,26,0
30419,ĠNina,26,0
30421,Ġplucky,26,0
30424,ĠLords,26,0
30430,ĠRourke,26,0
30436,Ġjaguars,26,0
30437,ĠEb,26,0
30444,ĠOcho,26,0
30445,Ġupbringing,26,0
30452,Ġclueless,26,0
30453,ĠIng,26,0
30456,ĠYORK,26,0
30457,Ġfeats,26,0
30460,Ġplayoff,26,0
30466,Ġarisen,26,0
30467,Ġjustly,26,0
30468,Ġperished,26,0
30476,Ġgrit,26,0
30480,Ġresounding,26,0
30483,Ġsmote,26,0
30486,Ġimposes,26,0
30502,Ġrunways,26,0
30504,Ġentails,26,0
30507,Ġassurances,26,0
30509,Ġpresumed,26,0
30514,ĠNewark,26,0
30516,Ġconsoles,26,0
30517,Ġconsolation,26,0
30519,Ġendemic,26,0
30528,Ġdrastic,26,0
30529,ĠLeiden,26,0
30531,Ġ1815,26,0
30532,Ġinterstate,26,0
30533,Ġinterfered,26,0
30538,Ġminaret,26,0
30540,Ġpassions,26,0
30541,Ġcoupled,26,0
30542,Ġworldly,26,0
30547,Ġlessened,26,0
30548,Ġmilestones,26,0
30550,Ġformats,26,0
30551,Ġapproves,26,0
30554,ĠAllan,26,0
30555,Ġaffords,26,0
30559,oko,26,0
30562,Ġlistings,26,0
30563,Ġconstellation,26,0
30564,Ġtyrant,26,0
30565,Ġhotly,26,0
30567,Ġhumbly,26,0
30568,Ġsteals,26,0
30571,Ġdesignate,26,0
30573,Ġshortfall,26,0
30574,Ġ9000,26,0
30575,ĠColonial,26,0
30578,Ġ1799,26,0
30581,Ġemploys,26,0
30583,ĠHerndon,26,0
30584,Ġpostman,26,0
30585,ĠSears,26,0
30586,Ġoriginals,26,0
30588,Ġreasoned,26,0
30591,ĠGuided,26,0
30592,ĠBarts,26,0
30596,Ġcoronation,26,0
30597,Ġbeginners,26,0
30598,Ġlimitation,26,0
30599,Ġcompetencies,26,0
30600,Ġbandwidth,26,0
30601,Ġrepresentations,26,0
30603,comune,26,0
30606,ĠNeolithic,26,0
30607,Ġspecials,26,0
30608,ĠGenesis,26,0
30614,ĠElsa,26,0
30615,Ġquieted,26,0
30617,Ġrecognise,26,0
30618,ĠFinals,26,0
30619,ĠStreets,26,0
30620,Ġstaffed,26,0
30623,Ġhopped,26,0
30624,Ġsusceptible,26,0
30626,Ġexpresses,26,0
30629,Ġdangerously,26,0
30630,Ġvictor,26,0
30631,Ġregulating,26,0
30638,ĠRoyko,26,0
30639,Ġbenchmark,26,0
30642,ĠBoaz,26,0
30645,ĠGoodbye,26,0
30647,Ġuncanny,26,0
30648,Ġtruths,26,0
30649,Ġurine,26,0
30651,170,26,0
30653,Ġbanning,26,0
30654,ĠSuu,26,0
30656,Ġquarterly,26,0
30659,Ġliteral,26,0
30660,Ġlinkage,26,0
30661,ĠTodor,26,0
30662,Ġthankfully,26,0
30663,Ġbounding,26,0
30665,ĠSalle,26,0
30666,Ġheroin,26,0
30667,ĠSummers,26,0
30668,ĠCOO,26,0
30670,Ġtemperance,26,0
30674,ĠLucerne,26,0
30675,Ġflattered,26,0
30676,Ġrentals,26,0
30677,Ġfooling,26,0
30678,ĠJudas,26,0
30680,ĠGarter,26,0
30681,ĠGarvey,26,0
30682,ĠMuriel,26,0
30683,ĠOutstanding,26,0
30685,Ġsharpened,26,0
30689,ĠCuric,26,0
30690,Ġcriticize,26,0
30691,Ġfruitless,26,0
30693,Ġfreedoms,26,0
30696,ĠNorbit,26,0
30697,ĠTurkic,26,0
30698,ĠRomeo,26,0
30699,Ġconfirms,26,0
30700,Ġpigskin,26,0
30705,ĠMelody,26,0
30706,Ġquantum,26,0
30709,Ġterminus,26,0
30710,Ġterminology,26,0
30711,ĠIbn,26,0
30714,ĠTranscriber,26,0
30715,Ġgangster,26,0
30716,Ġupsetting,26,0
30717,ĠKyi,26,0
30718,Ġconceive,26,0
30722,ĠLastly,26,0
30723,Ġcounselors,26,0
30725,Ġathletics,26,0
30726,ĠSolani,26,0
30727,Ġcontested,26,0
30730,Ġfetching,26,0
30732,ĠRajputs,26,0
30733,Ġ1853,26,0
30734,Ġ1859,26,0
30735,ĠAshleigh,26,0
30736,Ġsecurely,26,0
30739,ĠHawaiians,26,0
30740,Ġ1845,26,0
30742,ĠUNLV,26,0
30743,ĠHubert,26,0
30747,ĠOperating,26,0
30749,ĠNatalie,26,0
30750,ĠNicola,26,0
30751,ĠNicolas,26,0
30752,ĠCopies,26,0
30753,Ġillnesses,26,0
30754,Ġmodesty,26,0
30755,Ġbridegroom,26,0
30756,Ġenclave,26,0
30757,Ġoutsiders,26,0
30758,ĠCrusades,26,0
30759,ĠAutonomous,26,0
30760,ĠThankfully,26,0
30761,ĠNonetheless,26,0
30762,Ġovertook,26,0
30764,Ġaggression,26,0
30765,Ġobscurity,26,0
30766,Ġecological,26,0
30768,ĠEmployers,26,0
30770,Ġcordial,26,0
30772,Ġfulfilling,26,0
30773,Marne,26,0
30775,Ġvaulting,26,0
30776,Ġsanctum,26,0
30777,Ġendeavoured,26,0
30778,Ġassaults,26,0
30779,Ġastronomical,26,0
30783,ĠFalwell,26,0
30784,Ġchaired,26,0
30786,Ġraiding,26,0
30788,Ġcowardice,26,0
30790,ĠBengali,26,0
30794,ĠTraditionally,26,0
30796,ĠRichelieu,26,0
30800,Ġdiminutive,26,0
30801,Ġprofoundly,26,0
30802,Ġharassed,26,0
30804,ĠPhysical,26,0
30805,Ġnonfiction,26,0
30806,Ġmanifested,26,0
30807,Ġornamented,26,0
30808,Ġbureaucrats,26,0
30809,ĠDudley,26,0
30811,Ġkinship,26,0
30812,ĠSTORIES,26,0
30817,Ġharmonious,26,0
30818,Ġcommemorates,26,0
30819,ĠRouen,26,0
30820,ĠCreator,26,0
30822,ĠSadly,26,0
30823,Ġexertion,26,0
30824,Ġexertions,26,0
30825,Ġdelegates,26,0
30827,Ġsingularly,26,0
30830,ĠNiagara,26,0
30831,ĠTalker,26,0
30834,Ġnarration,26,0
30835,ĠAvenida,26,0
30837,ĠDillon,26,0
30839,ĠApplication,26,0
30841,ĠCretans,26,0
30843,ĠPunta,26,0
30847,Ġpopulace,26,0
30848,ĠPalladio,26,0
30849,Ġperplexity,26,0
30851,Ġdisregarded,26,0
30852,ĠSevilla,26,0
30853,Captain,26,0
30854,Ġunavailable,26,0
30856,ĠSHAN,26,0
30857,Ġrepetition,26,0
30859,Ġsurpassed,26,0
30860,Ġgenetically,26,0
30861,Ġsnarled,26,0
30863,ĠAdriatic,26,0
30864,Ġecstasy,26,0
30865,Ġinconvenient,26,0
30866,Ġstifling,26,0
30867,Ġallergic,26,0
30868,Ġembodied,26,0
30869,Ġastrology,26,0
30871,ĠZhimo,26,0
30873,ĠWeapons,26,0
30874,Ġreconciled,26,0
30875,Ġmisconduct,26,0
30877,Ġinvoluntarily,26,0
30878,ĠKrakowski,26,0
30880,Ġadversary,26,0
30881,ĠAlamitos,26,0
30883,ĠVittorio,26,0
30885,ĠSLATE,26,0
30886,ĠGREAT,26,0
30887,Ġflickering,26,0
30888,Ġrelentless,26,0
30889,Ġincompetent,26,0
30890,Ġthrobbing,26,0
30891,ĠPretender,26,0
30892,ĠCharacteristics,26,0
30893,ĠCarthaginians,26,0
30894,ĠSchedule,26,0
30895,Ġderegulation,26,0
30896,Ġspruce,26,0
30897,ĠGradually,26,0
30899,Saturday,26,0
30900,Ġsegregation,26,0
30903,Ġamphitheater,26,0
30905,Ġconjecture,26,0
30906,Ġundeveloped,26,0
30907,Ġundesirable,26,0
30909,ĠInstitut,26,0
30910,Ġinspirational,26,0
30911,ĠBrantley,26,0
30914,ĠPyramid,26,0
30917,Ġcorrosive,26,0
30918,ĠTuvalu,26,0
30919,Ġbipartisan,26,0
30920,ĠSomerset,26,0
30921,ĠPJFF,26,0
30922,Ġcancellation,26,0
30923,Ġequilibrium,26,0
30924,Ġunspoiled,26,0
30925,Ġunprecedented,26,0
30927,Ġdetrimental,26,0
30928,ĠTintoretto,26,0
30929,ĠTUCKER,26,0
30930,Ġludicrous,26,0
30931,Ġonslaught,26,0
30933,ĠHancock,26,0
30934,ĠGuterres,26,0
736,erv,25,0
936,Ġinv,25,0
979,gram,25,0
2085,fort,25,0
2437,Ġintern,25,0
2758,owers,25,0
2818,fact,25,0
3678,uals,25,0
4799,ĠJud,25,0
6060,iens,25,0
6165,ĠDiv,25,0
6268,Ġimper,25,0
7012,ĠNorm,25,0
7599,Ġunex,25,0
8249,Ġtempt,25,0
8435,ailed,25,0
10073,omo,25,0
10185,izations,25,0
10221,ĠBrand,25,0
11663,ĠMaj,25,0
11941,ĠWes,25,0
12623,ĠBod,25,0
13172,icism,25,0
13330,Ġvo,25,0
13831,ĠBeth,25,0
14350,Ġharmon,25,0
14530,inas,25,0
14532,isi,25,0
14539,imon,25,0
14552,ĠGa,25,0
14577,lett,25,0
14642,roph,25,0
14919,mill,25,0
15153,Ġprow,25,0
16059,balls,25,0
16261,ĠKor,25,0
18143,cz,25,0
19407,atin,25,0
19646,gel,25,0
19866,Ġsubclass,25,0
20268,days,25,0
20381,Ġinherit,25,0
20859,iden,25,0
20874,Ġdeploy,25,0
20923,Ġredeem,25,0
21105,ĠPam,25,0
21309,Car,25,0
21388,ĠRoth,25,0
22095,ju,25,0
22178,igny,25,0
22754,ĠEy,25,0
22786,grand,25,0
23015,ĠIND,25,0
23984,ĠWit,25,0
24135,ĠGlad,25,0
24270,sub,25,0
24594,Ġabolition,25,0
24790,Ġsnug,25,0
24918,Frank,25,0
25498,ĠChart,25,0
26116,htm,25,0
26123,represented,25,0
26228,ĠBrent,25,0
26366,ĠGuild,25,0
26579,cats,25,0
26678,ĠGut,25,0
27505,Comp,25,0
27590,ĠMitch,25,0
27659,assi,25,0
28003,Federal,25,0
30935,)--,25,0
30936,.&,25,0
30938,Ain,25,0
30939,Bring,25,0
30942,Hot,25,0
30946,Last,25,0
30949,,25,0
30973,poor,25,0
30974,rab,25,0
30984,Ġwerry,25,0
30989,Ġbazar,25,0
30990,Ġbumped,25,0
31007,Ġdividing,25,0
31010,ĠTart,25,0
31013,ĠTuscan,25,0
31014,Ġthaw,25,0
31016,Ġnuisance,25,0
31025,street,25,0
31027,Ġhev,25,0
31028,Ġheaped,25,0
31029,aci,25,0
31033,ĠSES,25,0
31034,ĠSFFAS,25,0
31043,ĠCCHA,25,0
31044,ĠCpk,25,0
31047,ĠMardan,25,0
31054,ĠHH,25,0
31059,ĠHume,25,0
31060,ĠHahn,25,0
31064,"Ġ""(",25,0
31070,ĠPavilion,25,0
31074,ĠWald,25,0
31076,Ġshilling,25,0
31077,Ġshunned,25,0
31079,Ġnearing,25,0
31084,ĠForth,25,0
31085,ĠFixed,25,0
31086,ĠFighting,25,0
31087,ĠFannie,25,0
31088,esta,25,0
31093,Ġchauffeur,25,0
31103,ĠLantau,25,0
31104,ĠLIFE,25,0
31106,ĠGiving,25,0
31112,ĠRios,25,0
31116,ĠJung,25,0
31118,Ġjeez,25,0
31122,ĠEra,25,0
31123,ĠEIA,25,0
31124,ĠEyes,25,0
31129,ĠOates,25,0
31131,ĠOmar,25,0
31132,ĠOzone,25,0
31139,Ġusable,25,0
31142,Ġcloning,25,0
31143,ĠInner,25,0
31144,ĠInstitution,25,0
31145,ĠYas,25,0
31146,ĠYep,25,0
31150,Ġroam,25,0
31152,ĠUSC,25,0
31157,Ġunworthy,25,0
31159,Ġovergrown,25,0
31160,Ġovershadowed,25,0
31162,Ġquitting,25,0
31163,Ġquota,25,0
31164,Ġarithmetic,25,0
31167,Ġspied,25,0
31169,ĠChung,25,0
31170,ĠChai,25,0
31172,climbing,25,0
31173,Ġgrumbling,25,0
31174,Ġgraciously,25,0
31178,Ġdownloaded,25,0
31180,Ġboyish,25,0
31183,Ġbracing,25,0
31185,Ġhowling,25,0
31187,ensis,25,0
31188,Ġsayin,25,0
31189,Ġlongtime,25,0
31192,Ġcarve,25,0
31194,Ġrecitals,25,0
31195,ĠAnson,25,0
31202,Ġemitted,25,0
31206,Ġrunnin,25,0
31208,Ġentrenched,25,0
31209,Ġshowrooms,25,0
31213,Ġinvoke,25,0
31214,Ġfinishes,25,0
31215,Ġobelisk,25,0
31219,Ġevasion,25,0
31220,Ġswarmed,25,0
31221,Ġretaliation,25,0
31222,Ġhousewife,25,0
31224,Ġsubcommittee,25,0
31226,Ġkindred,25,0
31227,ĠAragon,25,0
31230,Ġ1819,25,0
31231,Ġrediscovered,25,0
31233,ĠClancy,25,0
31236,Ġlocality,25,0
31237,Ġfriendliness,25,0
31238,centered,25,0
31239,Ġcursing,25,0
31240,ĠRein,25,0
31241,ĠRegan,25,0
31242,Ġrefrained,25,0
31243,...',25,0
31245,Ġsnatch,25,0
31248,Ġelapsed,25,0
31249,ieri,25,0
31256,Ġvalour,25,0
31257,Ġdetention,25,0
31259,Ġreviving,25,0
31262,Ġhottest,25,0
31263,ĠJonas,25,0
31265,ĠConan,25,0
31267,ĠFlagg,25,0
31268,Ġprobation,25,0
31272,Ġawaken,25,0
31273,Ġvariance,25,0
31275,Ġwoodwork,25,0
31277,ĠScinax,25,0
31278,ĠHercules,25,0
31280,Ġpostwar,25,0
31281,ĠCountess,25,0
31282,ĠBlum,25,0
31286,ĠSeoul,25,0
31287,ĠGuggenheim,25,0
31288,ĠParnell,25,0
31292,Ġexcuses,25,0
31296,ĠMinley,25,0
31298,Ġgrandiose,25,0
31299,Ġfavoured,25,0
31301,Ġhushed,25,0
31302,Ġsuggestive,25,0
31304,Ġperiodicals,25,0
31305,ĠMei,25,0
31307,Ġidentifiable,25,0
31308,ĠAboriginal,25,0
31309,ĠHouseholds,25,0
31310,Ġspecializing,25,0
31311,Ġ1400,25,0
31312,ĠPhilotas,25,0
31315,Ġcomplains,25,0
31316,ĠAugusta,25,0
31318,ĠWhitehead,25,0
31320,Ġbanker,25,0
31321,Ġbanked,25,0
31322,Ġbankers,25,0
31323,ĠLawson,25,0
31324,ĠJericho,25,0
31325,ĠAssuming,25,0
31327,ĠReductions,25,0
31329,Ġcopying,25,0
31330,Ġmassi,25,0
31332,Ġmastery,25,0
31336,Ġ256,25,0
31337,ĠSerious,25,0
31339,ĠPatterson,25,0
31340,Ġforgiving,25,0
31342,Ġsocialism,25,0
31343,ĠSaintes,25,0
31345,ĠCrisis,25,0
31346,ĠParkinson,25,0
31347,ĠBerman,25,0
31349,Ġoughtn,25,0
31350,ĠBoards,25,0
31351,ĠHalles,25,0
31352,ĠComics,25,0
31353,Ġdelightfully,25,0
31354,Ġsquarely,25,0
31356,Ġprecaution,25,0
31361,Ġstreamline,25,0
31363,Ġinjure,25,0
31364,Ġpurposely,25,0
31366,Ġbiographer,25,0
31367,ĠDido,25,0
31368,ĠAnnunciation,25,0
31371,Ġirrational,25,0
31372,ĠSimply,25,0
31373,ĠMerrill,25,0
31375,ĠFlorrie,25,0
31378,Ġtrailed,25,0
31383,Ġmiller,25,0
31384,Ġcoachman,25,0
31385,Ġbonuses,25,0
31389,Ġaccomplishing,25,0
31390,Ġcriticisms,25,0
31392,ĠVega,25,0
31393,ĠCamping,25,0
31394,Ġthrived,25,0
31396,Ġdefendant,25,0
31397,Ġnineteenth,25,0
31398,Ġimplored,25,0
31401,Ġdeliverance,25,0
31403,Ġmiracles,25,0
31404,ĠSurrey,25,0
31406,Ġmerciful,25,0
31407,Ġmechanically,25,0
31410,Ġdissolution,25,0
31411,Ġdissolve,25,0
31412,ĠWalcott,25,0
31414,ĠDarling,25,0
31415,ĠUpdate,25,0
31417,Ġfanatic,25,0
31418,Ġbronzes,25,0
31420,ĠSilicon,25,0
31421,Ġresisting,25,0
31422,Ġgangway,25,0
31423,ĠITV,25,0
31425,ĠOrihuela,25,0
31426,ĠGallic,25,0
31427,ĠSoutherners,25,0
31428,Ġmystical,25,0
31429,Ġvisionary,25,0
31430,ĠVanity,25,0
31431,Ġtranslator,25,0
31432,Ġsexuality,25,0
31433,ĠAttestation,25,0
31434,Ġprompting,25,0
31437,ĠSandra,25,0
31438,Ġconvened,25,0
31439,ĠBravo,25,0
31442,ĠLuu,25,0
31443,ĠXXIV,25,0
31444,Ġimmigrated,25,0
31445,Ġadventurers,25,0
31446,ĠPerforming,25,0
31448,ĠKathie,25,0
31449,Ġrandomized,25,0
31450,ĠAstley,25,0
31451,Ġreigning,25,0
31453,Ġenormously,25,0
31454,ĠCarlton,25,0
31455,Ġinventive,25,0
31456,ĠBedford,25,0
31457,ĠConfederates,25,0
31458,Ġvigilant,25,0
31460,Ġgestured,25,0
31461,Ġsustaining,25,0
31462,Ġcorresponds,25,0
31463,ĠOlives,25,0
31465,Ġ1803,25,0
31466,1986,25,0
31467,Ġprohibition,25,0
31468,Ġpeculiarly,25,0
31469,Ġstresses,25,0
31470,Ġimpeach,25,0
31471,Ġsorrowful,25,0
31472,Ġannouncements,25,0
31473,ĠPrinciples,25,0
31474,ĠEfforts,25,0
31477,Ġkilometer,25,0
31478,Ġlectures,25,0
31482,Ġrendezvous,25,0
31485,ĠNordhorn,25,0
31486,Ġrebelled,25,0
31487,Ġencounters,25,0
31488,ĠCyber,25,0
31489,ĠHospitals,25,0
31491,Ġcoordinating,25,0
31492,Ġdespairing,25,0
31493,Ġfundamentally,25,0
31494,Ġdistraction,25,0
31496,Ġ//,25,0
31497,Ġsatellites,25,0
31498,Ġsummarize,25,0
31499,ĠManipuri,25,0
31500,ĠPonta,25,0
31504,ĠFifteen,25,0
31505,ĠAlternatively,25,0
31506,Ġexplosives,25,0
31507,ĠSinan,25,0
31508,Ġaccelerated,25,0
31509,ĠMorton,25,0
31510,Ġdunno,25,0
31511,ĠLogic,25,0
31512,ĠBolivia,25,0
31514,ĠLegislation,25,0
31516,ĠTuileries,25,0
31517,ĠDiggers,25,0
31519,Guess,25,0
31522,ĠGeneration,25,0
31523,Ġorchids,25,0
31524,Ġdiminishing,25,0
31525,ĠExposure,25,0
31526,ĠDurbar,25,0
31527,Ġconquerors,25,0
31528,ĠKazan,25,0
31529,ĠSAB,25,0
31530,Ġviruses,25,0
31531,Ġcultivate,25,0
31534,Ġgridiron,25,0
31535,Ġslimy,25,0
31536,Ġextracted,25,0
31537,Ġprettier,25,0
31540,ĠNaomi,25,0
31541,ĠVaughans,25,0
31542,Ġattentions,25,0
31543,Ġ12866,25,0
31545,Ġemigrant,25,0
31546,Ġemigrants,25,0
31547,ĠBotanical,25,0
31548,Ġprescribe,25,0
31549,ĠAllowances,25,0
31550,ĠConcorde,25,0
31551,Ġstalwart,25,0
31552,Ġcensure,25,0
31553,Ġcensorship,25,0
31554,Ġorphanage,25,0
31556,Ġwistful,25,0
31557,Ġpennies,25,0
31558,ĠTribune,25,0
31559,Ġseminar,25,0
31560,ĠWordPerfect,25,0
31562,Ġfractured,25,0
31564,ĠImproving,25,0
31565,Ġfelony,25,0
31566,ĠTowards,25,0
31569,ĠHabitat,25,0
31570,Ġsects,25,0
31571,Ġsulphur,25,0
31572,Ġgambler,25,0
31573,famous,25,0
31574,ĠPharaohs,25,0
31575,ĠHilary,25,0
31577,"!_""",25,0
31578,ĠCertified,25,0
31579,Ġunavoidable,25,0
31580,ĠSawyer,25,0
31581,Ġtwentieth,25,0
31582,Ġwhiteness,25,0
31583,ĠVieux,25,0
31584,Ġprolific,25,0
31585,Team,25,0
31586,ĠMafuta,25,0
31587,Ġunderestimated,25,0
31589,Ġencompasses,25,0
31590,Ġinconvenience,25,0
31591,Ġnostalgic,25,0
31592,Ġnostalgia,25,0
31593,Golden,25,0
31595,ĠPisano,25,0
31596,Ġitinerary,25,0
31598,Ġconsortium,25,0
31599,Ġfootpaths,25,0
31601,ĠWeekend,25,0
31603,ĠFSIS,25,0
31604,Ġobstinate,25,0
31605,ĠDiaz,25,0
31606,Ġsymphony,25,0
31608,ĠSolidarity,25,0
31609,Ġparalegal,25,0
31612,Jewish,25,0
31613,Ġlithium,25,0
31614,ĠAnastasius,25,0
31615,Ġturbulent,25,0
31616,Alfgar,25,0
31617,Ġsultans,25,0
31619,Ġcohort,25,0
31620,Ġremedies,25,0
31621,Ġsymmetry,25,0
31622,Ġrefurbished,25,0
31623,Ġdisobedience,25,0
31624,Ġdeleted,25,0
31626,ĠTrinfan,25,0
31627,ĠCORP,25,0
31628,ĠNRCS,25,0
31629,ĠHewlett,25,0
31631,Ġdeviations,25,0
31632,ĠJagoi,25,0
31633,ĠShaftesbury,25,0
31634,ĠVillanueva,25,0
31638,ĠBrunswick,25,0
31639,ĠIbrahim,25,0
31640,slavery,25,0
31641,ĠRothschild,25,0
31642,ĠMarjorie,25,0
31643,ĠCatanzaro,25,0
956,Ġsupp,24,0
1359,Ġpri,24,0
2710,Ġenv,24,0
3701,ĠDist,24,0
4969,aza,24,0
5003,ĠLew,24,0
5552,nam,24,0
5636,Ġflex,24,0
6424,utions,24,0
7568,inity,24,0
10904,actor,24,0
12047,ĠBul,24,0
12059,ĠAlc,24,0
12101,ĠMort,24,0
12957,mph,24,0
13452,storm,24,0
13739,dam,24,0
13828,ĠCand,24,0
13983,store,24,0
14241,ĠEsc,24,0
14446,ĠAra,24,0
14634,ede,24,0
14646,ĠMove,24,0
14815,iop,24,0
14843,Ġexert,24,0
14989,Ġrefresh,24,0
15001,haw,24,0
15012,asu,24,0
15152,izen,24,0
15228,ĠTut,24,0
15457,ĠBot,24,0
15655,chen,24,0
15741,Ġvigor,24,0
16531,ĠClare,24,0
16533,ĠBegin,24,0
16813,zzo,24,0
17020,si,24,0
17043,rio,24,0
17448,ibe,24,0
18050,cio,24,0
19044,Ġannex,24,0
19079,Ġdefect,24,0
19116,Ġembark,24,0
19664,rens,24,0
21046,Par,24,0
21101,ĠMik,24,0
21110,thy,24,0
21312,PC,24,0
21595,las,24,0
22060,Ġrecollect,24,0
22132,Ġwhim,24,0
22362,Mad,24,0
22436,ĠDj,24,0
22627,Ġmanifest,24,0
23020,ĠSul,24,0
23185,blood,24,0
23587,Off,24,0
24264,god,24,0
24590,ĠLenin,24,0
24746,ogo,24,0
25464,ĠLink,24,0
25749,ĠSchneider,24,0
25825,ĠBug,24,0
25881,ĠKad,24,0
26196,anus,24,0
27244,ĠNeal,24,0
27349,ĠĠĠĠĠĠĠĠĠĠĠĠĠĠĠĠĠĠĠĠĠĠĠĠĠ,24,0
27655,Ġroc,24,0
27898,ĠIceland,24,0
28011,Pe,24,0
28212,Ġfines,24,0
28244,ĠDeal,24,0
28266,Ġconcise,24,0
28531,83,24,0
28576,oup,24,0
31297,ĠĠĠĠĠĠĠĠĠĠĠĠĠĠĠĠĠĠĠĠĠĠ,24,0
31649,Master,24,0
31651,Nov,24,0
31661,dimensional,24,0
31678,sous,24,0
31685,yet,24,0
31689,Ġsurname,24,0
31693,Ġbooking,24,0
31699,Ġmould,24,0
31701,Ġmapped,24,0
31709,Ġineligible,24,0
31712,asia,24,0
31713,ĠTide,24,0
31714,ĠTier,24,0
31715,ĠTara,24,0
31717,Ġthorns,24,0
31718,Ġnope,24,0
31723,Ġlured,24,0
31724,Ġloris,24,0
31727,ĠAIM,24,0
31738,ĠSI,24,0
31739,Ġstint,24,0
31745,ĠCally,24,0
31747,ĠMok,24,0
31751,Ġwhining,24,0
31752,Ġwhichever,24,0
31757,ĠHits,24,0
31758,ĠHilda,24,0
31759,ĠHOW,24,0
31760,ĠHeston,24,0
31763,ĠPablo,24,0
31769,ĠWife,24,0
31773,Ġshalt,24,0
31776,Ġdears,24,0
31780,ĠFri,24,0
31783,ĠFenton,24,0
31786,ĠDass,24,0
31791,ĠNero,24,0
31795,ĠLance,24,0
31796,ĠLub,24,0
31799,ĠLoud,24,0
31801,ĠLiga,24,0
31810,Ġsoared,24,0
31811,Ġlevada,24,0
31812,Ġlethal,24,0
31816,ĠEaton,24,0
31817,Ġabusing,24,0
31823,Ġalluded,24,0
31827,ĠOurs,24,0
31829,ĠOptic,24,0
31830,Ġ220,24,0
31833,Ġ(',24,0
31835,oche,24,0
31842,Ġteeming,24,0
31844,ĠYush,24,0
31846,Ġ207,24,0
31848,ĠKot,24,0
31855,Ġenraged,24,0
31857,Ġunqualified,24,0
31859,Ġunauthorized,24,0
31860,Ġoverpayments,24,0
31861,Ġadore,24,0
31863,Ġworkpapers,24,0
31872,Ġspeedy,24,0
31876,Ġbackbone,24,0
31877,erville,24,0
31878,Ġbetwixt,24,0
31879,Ġcrickets,24,0
31880,Ġdeserving,24,0
31881,Ġattest,24,0
31882,Ġcoon,24,0
31884,ĠWhip,24,0
31889,Ġindicted,24,0
31890,Ġtakeover,24,0
31894,ĠAlto,24,0
31897,Ġsuppress,24,0
31900,Ġsylph,24,0
31904,Ġglided,24,0
31906,Ġprovoke,24,0
31913,ĠMarin,24,0
31914,ĠMarais,24,0
31915,ĠMarcos,24,0
31916,Ġ1824,24,0
31919,ĠClothes,24,0
31920,Ġhardness,24,0
31921,Ġairplay,24,0
31923,Ġbookshops,24,0
31925,Ġminarets,24,0
31928,Ġ4000,24,0
31935,Ġorganised,24,0
31937,Ġspeculated,24,0
31938,ĠAdding,24,0
31940,ĠMissus,24,0
31942,Ġeffectually,24,0
31944,Ġcremated,24,0
31945,Ġconferred,24,0
31949,Ġexplode,24,0
31950,Ġviewpoints,24,0
31963,Ġawed,24,0
31964,Ġawakening,24,0
31965,Ġbenefiting,24,0
31967,Ġemploying,24,0
31969,ĠGranger,24,0
31972,1976,24,0
31973,1969,24,0
31977,Ġbeauties,24,0
31980,Ġoriginate,24,0
31981,Ġlineage,24,0
31982,ĠParry,24,0
31986,Ġbeginnings,24,0
31988,ĠActions,24,0
31990,Ġsquire,24,0
31991,Ġdestitute,24,0
31996,Ġlabours,24,0
31998,ĠSirius,24,0
31999,ĠGeneva,24,0
32000,ĠGenoese,24,0
32003,developed,24,0
32006,Ġwrongdoing,24,0
32007,Ġeducating,24,0
32008,ĠSlavery,24,0
32012,Ġexclusion,24,0
32013,Ġtreaties,24,0
32014,ĠAssets,24,0
32015,ĠTurtle,24,0
32016,ĠJules,24,0
32018,Ġquarries,24,0
32020,ĠDrama,24,0
32023,Ġsurfs,24,0
32025,ĠEnjoy,24,0
32029,ĠSantana,24,0
32030,Ġsocializing,24,0
32031,ĠNewsHour,24,0
32032,Ġmotorway,24,0
32033,Ġshootings,24,0
32035,Ġraped,24,0
32037,Ġnorms,24,0
32038,ĠMarkets,24,0
32039,Ġbattlements,24,0
32043,Ġluckless,24,0
32045,Ġlaboratories,24,0
32046,Ġbirths,24,0
32048,Ġsweetheart,24,0
32049,Ġcommandery,24,0
32050,ĠGovernmental,24,0
32052,Ġurges,24,0
32054,Ġstreamlined,24,0
32055,ĠMartinez,24,0
32058,ĠMidwestern,24,0
32059,Ġcupola,24,0
32060,Ġhunts,24,0
32064,ĠBlackpool,24,0
32065,ĠBlackhawks,24,0
32066,ĠMilton,24,0
32068,ĠMontparnasse,24,0
32069,Ġdreamy,24,0
32070,ĠGreville,24,0
32072,ĠContent,24,0
32076,Ġcircumference,24,0
32078,Ġrobins,24,0
32079,Ġrobbers,24,0
32080,ĠSingletons,24,0
32081,Ġpraising,24,0
32082,Ġunfunded,24,0
32090,ĠMurcia,24,0
32094,Ġconservatively,24,0
32096,ĠZeus,24,0
32097,ĠFamine,24,0
32099,ĠDirection,24,0
32100,Ġdefendants,24,0
32102,ĠGuyana,24,0
32105,ĠVisual,24,0
32106,Ġporches,24,0
32107,Ġsmartest,24,0
32108,general,24,0
32109,ĠBeta,24,0
32111,ĠDutchman,24,0
32112,ĠGardner,24,0
32113,Ġambient,24,0
32115,Ġsplendidly,24,0
32116,Ġastern,24,0
32117,Ġastounding,24,0
32119,Ġemphatic,24,0
32120,Ġloaned,24,0
32121,Ġultra,24,0
32122,Ġ801,24,0
32123,ĠTransactions,24,0
32125,Ġtraverse,24,0
32126,Ġexplorers,24,0
32128,ĠAccountants,24,0
32129,ĠLeeville,24,0
32130,Ġdivorces,24,0
32131,ĠMillennium,24,0
32132,ĠHonolulu,24,0
32134,ĠFridays,24,0
32135,ĠSaab,24,0
32137,ĠHolwick,24,0
32138,Ġsteamers,24,0
32139,Ġinclusive,24,0
32140,Ġbattled,24,0
32141,Ġemphasizes,24,0
32142,ĠFairbanks,24,0
32144,Ġunpaid,24,0
32148,Ġwonderingly,24,0
32149,Ġcontrasted,24,0
32150,ĠPoints,24,0
32151,ĠGalata,24,0
32152,Ġdimension,24,0
32153,Ġfolds,24,0
32155,Ġ1851,24,0
32156,Ġ1858,24,0
32157,Ġaccorded,24,0
32158,Ġdistinguishes,24,0
32159,ĠAsturias,24,0
32160,ĠMasjid,24,0
32161,Ġcompanionship,24,0
32162,ĠNepalese,24,0
32164,Ġbarns,24,0
32165,Ġworkshare,24,0
32172,ĠInvestigation,24,0
32173,Ġmentality,24,0
32175,Ġ1802,24,0
32176,ĠSpringer,24,0
32177,Ġalleyways,24,0
32178,1981,24,0
32179,Ġsparked,24,0
32180,Ġ1838,24,0
32182,ĠElements,24,0
32183,ĠTelugu,24,0
32184,Ġtransforming,24,0
32186,ĠPitti,24,0
32188,ĠAleck,24,0
32190,Ġmigrate,24,0
32191,ĠTsui,24,0
32192,ĠWolff,24,0
32193,ĠNorden,24,0
32195,ĠMuhammadans,24,0
32197,ĠTrying,24,0
32199,Ġendeavored,24,0
32202,ĠFlynt,24,0
32203,Ġfeminism,24,0
32204,ĠRaikes,24,0
32206,Ġclerks,24,0
32207,ĠAMS,24,0
32208,Ġ1786,24,0
32209,ĠKeller,24,0
32210,Ġcontemptuous,24,0
32211,Ġcowardly,24,0
32213,Ġdividends,24,0
32217,ĠAlcorn,24,0
32218,Ġaccelerate,24,0
32219,Ġsupplemented,24,0
32220,ĠLoggia,24,0
32221,Ġdiscontent,24,0
32222,Ġcorrupted,24,0
32223,Ġreclaimed,24,0
32224,ĠColombian,24,0
32225,ĠRabbit,24,0
32226,ĠObserver,24,0
32227,Ġreunited,24,0
32229,Ġcorridors,24,0
32230,Ġpapal,24,0
32231,ĠRudy,24,0
32234,Ġcongratulate,24,0
32235,ĠOpposite,24,0
32237,Ġaristocrats,24,0
32238,ĠArmenia,24,0
32239,Ġneedlework,24,0
32243,naturedly,24,0
32245,ĠZelenka,24,0
32246,ĠPhillip,24,0
32251,Ġoutlaws,24,0
32253,ĠFrancesco,24,0
32255,Ġbarbarian,24,0
32256,Ġpenetration,24,0
32257,ĠStephanie,24,0
32258,ĠBudapest,24,0
32259,Ġprowling,24,0
32260,Ġextremity,24,0
32261,Ġazide,24,0
32262,ĠNarayan,24,0
32266,ĠApalachi,24,0
32267,ĠEthelgiva,24,0
32269,Ġcoaxed,24,0
32271,volume,24,0
32273,ĠHeavywether,24,0
32274,Ġguerrilla,24,0
32275,ĠMSNBC,24,0
32276,Ġmartyrdom,24,0
32277,ĠARL,24,0
32278,Ġrankings,24,0
32279,ĠMughals,24,0
32280,business,24,0
32282,Ġcontrive,24,0
32283,Ġsurmise,24,0
32284,ĠImproper,24,0
32285,ĠAngelico,24,0
32286,ĠPinker,24,0
32287,ĠDartford,24,0
32289,ĠYellowstone,24,0
32291,Ġhoarsely,24,0
32292,Ġperplexed,24,0
32293,ĠBruno,24,0
32295,Ġfoothold,24,0
32296,Ġantiquity,24,0
32297,ĠAnaheim,24,0
32298,ĠPundits,24,0
32299,ĠBulgarian,24,0
32300,Ġbluntly,24,0
32301,Ġacclaim,24,0
32302,ĠCorso,24,0
32304,Ġunscrupulous,24,0
32305,Ġlandfills,24,0
32306,ĠChronicle,24,0
32309,Ġdarting,24,0
32310,ĠAinu,24,0
32311,Ġpronouns,24,0
32312,ĠALLIES,24,0
32314,Ġsubdivisions,24,0
32315,Ġinquiringly,24,0
32316,Ġpersistently,24,0
32317,ĠMulhouse,24,0
32320,ĠBloomberg,24,0
32321,Ġreappeared,24,0
32322,ĠSomalia,24,0
32323,ĠVeronese,24,0
32324,Ġliveliest,24,0
32325,Ġskilful,24,0
32327,ĠAmarillo,24,0
32328,Ġdownsizing,24,0
32329,Ġevacuated,24,0
32330,Ġmusket,24,0
32331,Ġbrigade,24,0
32332,ĠTiberias,24,0
32334,Ġadultery,24,0
32335,Ġloosened,24,0
32336,ĠSkiathos,24,0
32337,ĠWigand,24,0
32338,ĠAcademic,24,0
32339,Ġconceded,24,0
32342,ĠPhilosophy,24,0
32345,Ġdiscrepancies,24,0
32346,ĠFeldoffer,24,0
32347,ĠKarnak,24,0
32348,ĠSiberia,24,0
32349,Ġrheumatism,24,0
32351,Ġmartyrs,24,0
32352,ĠMinoans,24,0
32353,ĠReservoir,24,0
32355,Ġvaccine,24,0
32357,Ġextinguished,24,0
32359,ĠPinochet,24,0
32360,ĠIliad,24,0
32361,Ġissuance,24,0
32362,ĠGloucester,24,0
32363,ĠMukesh,24,0
32364,Ġcombustion,24,0
32365,ĠMonitoring,24,0
32366,Ġpaternal,24,0
32369,ĠDFV,24,0
32371,Ġoblige,24,0
32372,ĠOpportunity,24,0
32373,ĠNIAAA,24,0
32374,ĠChaudhary,24,0
32375,Ġlikeness,24,0
32376,Ġenchanted,24,0
32377,ĠBursa,24,0
32378,ĠBrussels,24,0
32380,ĠCoventry,24,0
32381,ĠNetanyahu,24,0
32382,Batman,24,0
32384,ĠIroquois,24,0
32386,ĠBeutel,24,0
32388,ĠMombasa,24,0
32389,ĠJubilee,24,0
32390,Ġalveolar,24,0
32391,Ġpredicament,24,0
32392,ĠEszterhas,24,0
32395,ĠGiuseppe,24,0
32396,ĠHaussmann,24,0
32397,ĠBhatija,24,0
32399,Awarua,24,0
32400,Ġdaimyo,24,0
32402,Ġalacrity,24,0
32403,Ġcloisters,24,0
32404,Ġheadquartered,24,0
32405,ĠPakhtunkhwa,24,0
1889,inton,23,0
2192,iod,23,0
2365,Ġdecl,23,0
4674,iques,23,0
5188,ĠRand,23,0
6218,Ġinstruct,23,0
6344,ĠProt,23,0
6461,atre,23,0
7087,inal,23,0
7177,ĠFound,23,0
7801,ĠEll,23,0
7884,acious,23,0
8317,organ,23,0
8473,ĠLib,23,0
8762,illes,23,0
9424,ĠCru,23,0
9761,elia,23,0
10080,udes,23,0
10479,ĠGab,23,0
10726,Ġoptim,23,0
11656,tion,23,0
11657,isp,23,0
11753,Bill,23,0
11987,anne,23,0
13454,ĠMask,23,0
13455,ilia,23,0
13765,ĠYugoslav,23,0
14129,orf,23,0
14395,ounding,23,0
14524,folk,23,0
14724,Ġsque,23,0
15448,omy,23,0
15449,icating,23,0
15657,hol,23,0
17138,itus,23,0
17528,Cr,23,0
17888,ĠJa,23,0
17909,ĠBrun,23,0
18347,ahi,23,0
19026,oux,23,0
19792,rays,23,0
20174,shed,23,0
20214,ĠPit,23,0
21067,eda,23,0
21278,Ġreproach,23,0
21325,mid,23,0
21349,ĠTam,23,0
21594,group,23,0
21672,Ġconsort,23,0
21878,ĠWien,23,0
21908,ĠKab,23,0
22133,ĠBless,23,0
22277,Ġempower,23,0
22724,ĠHare,23,0
23007,omatic,23,0
23294,wy,23,0
23455,breaking,23,0
23595,kill,23,0
23620,Ġnoun,23,0
23665,ĠGol,23,0
23667,ĠRuff,23,0
23974,ĠHK,23,0
24016,ĠKun,23,0
24048,ells,23,0
24786,inski,23,0
25213,ĠEnc,23,0
25803,ĠIch,23,0
25826,ĠHaz,23,0
25883,ipa,23,0
25917,ĠAlbum,23,0
26184,south,23,0
26188,witted,23,0
26259,ĠLives,23,0
26296,ango,23,0
26386,ĠMonth,23,0
26626,stra,23,0
26711,Ġuncover,23,0
26793,ĠSeleyman,23,0
26817,Ġsafeguard,23,0
27018,Land,23,0
27137,ĠYosh,23,0
27503,Ber,23,0
27532,uya,23,0
27896,ĠGhana,23,0
28097,ĠHook,23,0
28242,ombe,23,0
28601,ĠIv,23,0
28629,ĠClement,23,0
28633,ĠMou,23,0
29023,Ġpundit,23,0
29171,river,23,0
32407,"""'",23,0
32408,"""----",23,0
32411,Dad,23,0
32414,Hush,23,0
32416,Med,23,0
32417,Met,23,0
32418,Make,23,0
32420,Over,23,0
32421,Page,23,0
32428,Sa,23,0
32432,].,23,0
32433,_--,23,0
32438,drug,23,0
32439,dori,23,0
32443,http,23,0
32445,love,23,0
32448,morning,23,0
32450,oz,23,0
32455,pointed,23,0
32465,sch,23,0
32469,Ġtighter,23,0
32475,Ġwail,23,0
32477,Ġwailed,23,0
32478,Ġwrenched,23,0
32479,Ġoz,23,0
32481,Ġoats,23,0
32489,Ġfused,23,0
32492,Ġmakin,23,0
32496,Ġpiers,23,0
32499,Ġhovered,23,0
32500,Ġdusky,23,0
32507,ĠTulsa,23,0
32509,Ġnasal,23,0
32513,Ġlousy,23,0
32516,ĠILS,23,0
32518,ĠThem,23,0
32521,ĠAEO,23,0
32524,Ġbeamed,23,0
32536,ĠSage,23,0
32537,ĠSuez,23,0
32538,ĠSadiq,23,0
32548,ĠCalled,23,0
32552,Ġwhirling,23,0
32557,ĠBowness,23,0
32558,Ġhaunts,23,0
32559,ĠHiss,23,0
32564,ilis,23,0
32572,Ġrn,23,0
32579,Ġmanhood,23,0
32581,unless,23,0
32589,ĠDSM,23,0
32590,ĠDomingo,23,0
32593,ĠNast,23,0
32595,ĠNIST,23,0
32598,Ġplundered,23,0
32600,ĠGTE,23,0
32605,ĠRectory,23,0
32613,Ġsoars,23,0
32620,Ġoutages,23,0
32622,ĠHearing,23,0
32624,ĠOceana,23,0
32629,Ġyere,23,0
32636,ĠYo,23,0
32639,ĠKoch,23,0
32641,Ġblog,23,0
32643,Ġdonor,23,0
32650,Ġunload,23,0
32651,Ġuneducated,23,0
32652,Ġoverrun,23,0
32657,Ġspasm,23,0
32658,ĠChub,23,0
32661,ĠVila,23,0
32662,Ġresolving,23,0
32664,Ġcontamination,23,0
32665,Ġdowncast,23,0
32668,Ġimpulsive,23,0
32669,Ġchildless,23,0
32677,Ġwhereof,23,0
32678,Ġrepaid,23,0
32679,Ġrepulsive,23,0
32680,Ġrepulsed,23,0
32681,Ġcoined,23,0
32682,Ġrecitation,23,0
32684,"?"".",23,0
32688,Ġwrithing,23,0
32689,Ġemulate,23,0
32691,ĠAlone,23,0
32693,Ġrelocation,23,0
32694,Ġrelocated,23,0
32698,Ġincarnation,23,0
32709,Ġevocative,23,0
32713,Ġmonastic,23,0
32714,Ġsubsection,23,0
32716,Ġprogrammed,23,0
32717,Ġkindled,23,0
32718,Ġterrazzo,23,0
32722,ĠMarge,23,0
32726,Ġ1814,23,0
32728,ĠIndus,23,0
32730,Ġdiscrete,23,0
32731,Ġdiscovers,23,0
32733,Ġpopes,23,0
32734,Ġpayers,23,0
32736,ĠSham,23,0
32739,Ġbooked,23,0
32742,ĠReaders,23,0
32747,Ġnightmares,23,0
32749,Ġsnouted,23,0
32750,Ġelites,23,0
32752,Ġmarigolds,23,0
32756,Ġdrilling,23,0
32758,Ġcommunal,23,0
32759,Ġcommunists,23,0
32760,ĠBeen,23,0
32761,Ġtwelfth,23,0
32762,Ġfootman,23,0
32765,Ġstatuary,23,0
32767,Ġdirects,23,0
32769,Ġinsults,23,0
32772,Ġdevelops,23,0
32777,Ġprotagonist,23,0
32779,Ġconcussion,23,0
32782,Ġshortcomings,23,0
32786,Ġpractise,23,0
32788,ĠQing,23,0
32790,Ġgrowers,23,0
32792,Ġfreeing,23,0
32793,Ġrisked,23,0
32798,Ġannals,23,0
32799,ĠTracking,23,0
32800,ĠExample,23,0
32801,ĠGuards,23,0
32802,ĠGuides,23,0
32804,increasing,23,0
32806,Ġexcite,23,0
32808,ĠBarlow,23,0
32809,Ġlimping,23,0
32810,Ġquickened,23,0
32815,ĠPerak,23,0
32817,ĠPerakia,23,0
32818,ĠFrenchman,23,0
32819,ĠCalder,23,0
32820,ĠĠĠĠĠĠĠĠĠĠĠĠĠĠĠĠĠĠĠĠ,23,0
32821,Ġstepson,23,0
32823,Ġshipyard,23,0
32824,ĠUSDA,23,0
32827,ĠAbilene,23,0
32828,Ġapologies,23,0
32829,Ġapathy,23,0
32833,Ġchancel,23,0
32835,ĠMalok,23,0
32836,ĠMalamud,23,0
32837,Ġarchbishop,23,0
32838,Ġeventual,23,0
32839,Ġindustrious,23,0
32840,Ġordained,23,0
32843,Ġsupermarkets,23,0
32845,ĠWhitebelly,23,0
32846,Ġantics,23,0
32848,ĠMonarchy,23,0
32849,ĠParticularly,23,0
32853,ĠMuseu,23,0
32854,whose,23,0
32855,Ġmessengers,23,0
32857,Ġhugely,23,0
32858,walker,23,0
32859,loving,23,0
32861,Ġbroadband,23,0
32862,Ġgardeners,23,0
32863,Ġtrusts,23,0
32866,Ġhospitable,23,0
32867,Ġprevail,23,0
32869,ĠEastwood,23,0
32871,Ġshareholder,23,0
32872,Ġfleets,23,0
32874,Ġsenseless,23,0
32876,Ġinns,23,0
32881,Ġstorming,23,0
32882,Ġinitiation,23,0
32884,ĠBoyd,23,0
32885,ĠDisability,23,0
32886,Ġwealthiest,23,0
32889,Ġrebirth,23,0
32891,Ġbombings,23,0
32892,Ġbravest,23,0
32894,Ġpossessing,23,0
32895,ĠAssociates,23,0
32896,Ġheroism,23,0
32897,Ġ609,23,0
32898,bono,23,0
32899,1998,23,0
32900,Ġsouthernmost,23,0
32901,ĠLucia,23,0
32903,ĠJudges,23,0
32904,ĠSingles,23,0
32907,ĠConsumers,23,0
32910,Ġjourneyed,23,0
32912,Ġinformative,23,0
32913,Ġrestricting,23,0
32915,ĠRelief,23,0
32918,Ġfamiliarity,23,0
32920,Ġresorted,23,0
32921,Ġtimbered,23,0
32923,ĠPanhandle,23,0
32924,ĠSubpart,23,0
32927,ĠTerre,23,0
32928,Ġdisagreements,23,0
32930,Ġblindly,23,0
32932,Ġponderous,23,0
32935,ĠMelissa,23,0
32936,ĠWolfgang,23,0
32937,ĠMonde,23,0
32938,ĠWinters,23,0
32939,ĠRomantic,23,0
32941,Ġtonic,23,0
32943,ĠArchbishop,23,0
32944,ĠCostner,23,0
32946,Ġutterance,23,0
32948,ĠDefence,23,0
32951,Ġcommissioner,23,0
32952,Ġsympathetically,23,0
32953,ĠTorre,23,0
32954,ĠJacksonville,23,0
32955,ĠImpossible,23,0
32956,Ġrampant,23,0
32957,ĠAvoid,23,0
32958,ĠBihar,23,0
32961,ĠEduardo,23,0
32962,Ġapplicability,23,0
32964,ĠPotential,23,0
32966,ĠPotassium,23,0
32968,Ġfetched,23,0
32970,Ġ1856,23,0
32972,Ġnobleman,23,0
32976,ĠJourney,23,0
32979,Ġgraphical,23,0
32980,Ġpersuasion,23,0
32981,Ġmythic,23,0
32982,Ġwarship,23,0
32983,Ġsneaking,23,0
32985,Ġunwelcome,23,0
32986,ĠBordeaux,23,0
32987,Ġadvisors,23,0
32988,Ġallocations,23,0
32989,Ġinventories,23,0
32991,ĠCaribs,23,0
32992,Ġselective,23,0
32995,Ġmodestly,23,0
32996,Ġcompositions,23,0
32998,Ġprosecute,23,0
32999,Ġprosecuted,23,0
33000,1984,23,0
33001,1987,23,0
33002,Ġexploiting,23,0
33003,Ġscripting,23,0
33004,Ġscriptures,23,0
33005,ĠLowe,23,0
33006,ĠLowell,23,0
33007,Ġfoolishness,23,0
33009,Ġmoods,23,0
33010,Ġsorrows,23,0
33011,ĠMohammad,23,0
33012,Ġdictate,23,0
33013,ĠThursdays,23,0
33014,ĠNagano,23,0
33015,Ġutilization,23,0
33016,pronounced,23,0
33017,ĠLimit,23,0
33019,ĠBrando,23,0
33020,Ġprecedent,23,0
33022,Ġhelplessly,23,0
33023,Ġcollaborate,23,0
33024,ĠKashmiris,23,0
33026,Ġvitality,23,0
33028,ĠCouldn,23,0
33031,Ġsultanate,23,0
33032,Ġbarked,23,0
33033,Ġadmirers,23,0
33034,Ġcurrencies,23,0
33035,ĠBehavior,23,0
33036,ĠBeatrix,23,0
33037,Ġacknowledges,23,0
33038,Ġtherapist,23,0
33039,ĠCatalan,23,0
33040,ĠBandicoot,23,0
33041,Ġparallels,23,0
33042,Ġunremarkable,23,0
33046,Ġsoothe,23,0
33047,Uncle,23,0
33051,1973,23,0
33052,Ġillustrative,23,0
33054,ĠPadua,23,0
33055,Ġchuckle,23,0
33059,Ġprelate,23,0
33060,ĠSepulcher,23,0
33061,Ġreorganized,23,0
33062,Ġorphans,23,0
33063,Ġenforcing,23,0
33065,ĠPhysics,23,0
33068,ĠBethany,23,0
33069,Ġbureaucratic,23,0
33070,ĠMatthews,23,0
33071,Ġcarelessness,23,0
33073,ĠBaptism,23,0
33074,Ġsynthesis,23,0
33076,ĠCinema,23,0
33077,ĠBrahmin,23,0
33078,lifers,23,0
33079,Ġtheatres,23,0
33080,ĠFacilities,23,0
33081,Ġdelegate,23,0
33082,ĠSagal,23,0
33084,Ġemigrated,23,0
33086,Ġardent,23,0
33088,ĠMachine,23,0
33093,ĠActivism,23,0
33095,ĠLithuanian,23,0
33096,Ġdisturbance,23,0
33098,ĠZionism,23,0
33101,Ġinherently,23,0
33102,ĠKilgore,23,0
33103,ĠLodo,23,0
33105,ĠNikko,23,0
33108,ĠProspective,23,0
33114,Ġfervently,23,0
33116,Ġslackened,23,0
33118,Ġfertilizer,23,0
33119,Ġaugmented,23,0
33122,Ġdefects,23,0
33125,Ġhijackers,23,0
33126,Ġbaumannii,23,0
33127,ĠERISA,23,0
33128,Ġquestionnaire,23,0
33129,Ġcascade,23,0
33130,Ġdisappears,23,0
33131,ĠMintie,23,0
33133,Ġreloaded,23,0
33134,ĠMcMullin,23,0
33136,ĠCauseway,23,0
33137,ĠBelarusian,23,0
33138,Ġinterpreter,23,0
33139,ĠKeynesian,23,0
33141,ĠRoland,23,0
33142,Ġrehabilitation,23,0
33145,ĠWeapon,23,0
33147,Ġrecollections,23,0
33150,ĠBlessed,23,0
33151,ĠSylvia,23,0
33152,Ġexuberance,23,0
33153,ĠLehrer,23,0
33154,ĠHippodrome,23,0
33155,ĠMossad,23,0
33157,ĠBranstad,23,0
33158,Ġmultiplied,23,0
33159,ĠGertrude,23,0
33160,conditioned,23,0
33161,Pomfret,23,0
33162,Ġinaccurate,23,0
33166,ĠMcHale,23,0
33170,Ġbromide,23,0
33172,ĠThrone,23,0
33173,Ġuninsured,23,0
33174,ĠScenario,23,0
33176,Ġenergies,23,0
33180,ĠSapporo,23,0
33181,Ġhaughty,23,0
33182,ĠFugitive,23,0
33185,Ġmonetized,23,0
33187,Ġplummeted,23,0
33188,Ġloopholes,23,0
33189,Ġseizure,23,0
33190,Ġcoefficients,23,0
33191,Ġcustodial,23,0
33192,Ġrestructuring,23,0
33193,Ġunmistakable,23,0
33195,ĠJemmy,23,0
33196,Ġunveiled,23,0
33198,ĠProhibido,23,0
33199,Ġinfectious,23,0
33200,ĠCriteria,23,0
33201,ĠFavorite,23,0
33202,Ġabnormal,23,0
33203,Ġimpractical,23,0
33204,Ġengrossed,23,0
33205,ĠMontmartre,23,0
33207,ĠHatshepsut,23,0
33208,Ġbookstores,23,0
33209,ĠHargarten,23,0
33210,Ġrebuttal,23,0
33211,ĠComprehensive,23,0
33212,Ġembargo,23,0
33213,ĠMYSTERY,23,0
33215,Ġprodigious,23,0
33216,ĠBhairav,23,0
33217,ĠSaskatchewan,23,0
33218,ĠAtmospheric,23,0
33219,ĠFinkelstein,23,0
33220,Ġindispensable,23,0
33221,ĠDijon,23,0
33224,Ġbelfry,23,0
33225,Ġantibiotics,23,0
33226,ĠOkinawa,23,0
33227,Ġnocturnal,23,0
33229,ĠEisenhower,23,0
33230,ĠTutankhamun,23,0
33231,ĠDSPB,23,0
33232,Ġindebted,23,0
33233,ĠBrisbane,23,0
975,ince,22,0
1318,cept,22,0
1769,Ġvill,22,0
1939,encies,22,0
2142,idence,22,0
2565,Ġhon,22,0
3118,omen,22,0
3755,rupt,22,0
4254,ĠHen,22,0
5135,acity,22,0
5294,por,22,0
5744,aming,22,0
6350,isse,22,0
6800,itan,22,0
6990,Ġven,22,0
7226,Ġrecon,22,0
7686,usive,22,0
8200,ĠRoc,22,0
8325,writer,22,0
8477,Ġintellect,22,0
9528,ĠWel,22,0
9636,ĠJeth,22,0
10294,ĠEnter,22,0
10387,inian,22,0
10628,ĠBrid,22,0
10693,anz,22,0
11316,vention,22,0
11397,jud,22,0
11719,ulu,22,0
11939,ĠMess,22,0
12148,Ġinject,22,0
14216,power,22,0
14255,erers,22,0
14523,cos,22,0
14554,uds,22,0
15000,gone,22,0
15233,ĠSag,22,0
15485,Ġard,22,0
15668,ĠAllow,22,0
15679,ĠFitz,22,0
16230,lies,22,0
16594,HH,22,0
16735,Sam,22,0
16909,ieu,22,0
17139,enh,22,0
17386,ĠTunis,22,0
17946,Ġdeduct,22,0
18154,asis,22,0
18167,Ġshogun,22,0
18476,anic,22,0
18494,ĠCann,22,0
19069,ahu,22,0
20179,rev,22,0
20450,respect,22,0
20470,ĠVo,22,0
21081,Ġlament,22,0
21100,ĠMant,22,0
21626,ĠBoc,22,0
21638,unct,22,0
21764,ĠEsp,22,0
21766,ĠKrak,22,0
22119,ĠTi,22,0
22371,hall,22,0
22409,ĠSylv,22,0
22703,idly,22,0
23406,ĠArche,22,0
23557,family,22,0
23690,ĠVau,22,0
23943,Ġfiance,22,0
24400,ĠArb,22,0
24987,Ġphosph,22,0
25073,illon,22,0
25390,bler,22,0
25787,once,22,0
25857,mentioned,22,0
26802,ĠAmph,22,0
26853,fields,22,0
27023,disc,22,0
27197,should,22,0
28473,stadt,22,0
28610,idity,22,0
28661,Ġdejected,22,0
28839,Ġbeset,22,0
29190,uni,22,0
29241,ĠKol,22,0
29351,ĠCharter,22,0
29668,yt,22,0
29759,opp,22,0
30090,ĠĠĠĠĠĠĠĠĠĠĠĠĠĠĠĠĠĠĠĠĠĠĠĠĠĠ,22,0
33236,750,22,0
33238,CAN,22,0
33239,DC,22,0
33242,Had,22,0
33248,North,22,0
33250,Res,22,0
33251,Since,22,0
33265,fishing,22,0
33266,fiction,22,0
33276,mouthed,22,0
33283,pots,22,0
33287,sufficient,22,0
33293,}],22,0
33295,Ġtaut,22,0
33302,Ġaiding,22,0
33306,Ġsissy,22,0
33307,Ġwoes,22,0
33308,Ġwickets,22,0
33318,Ġcemeteries,22,0
33327,Ġfumbled,22,0
33334,Ġdime,22,0
33337,Ġduli,22,0
33338,Ġinception,22,0
33339,Ġinaccessible,22,0
33343,ĠTinos,22,0
33346,Ġguru,22,0
33347,Ġgwine,22,0
33348,ĠIE,22,0
33354,Ġreap,22,0
33355,Ġreruns,22,0
33366,ĠSIR,22,0
33368,important,22,0
33370,Ġstellar,22,0
33378,ĠCeleste,22,0
33387,ĠBESSIE,22,0
33388,Ġhare,22,0
33389,Ġhailing,22,0
33390,Ġhavin,22,0
33391,Ġhazing,22,0
33392,Ġhavoc,22,0
33395,ĠHR,22,0
33396,ĠHunk,22,0
33401,Ġrations,22,0
33403,Ġrousing,22,0
33408,ĠWanted,22,0
33411,usi,22,0
33418,ĠFiat,22,0
33425,ĠDNC,22,0
33429,Ġplumber,22,0
33430,Ġplucked,22,0
33431,ĠLun,22,0
33437,ĠGolan,22,0
33445,ĠJavier,22,0
33453,Ġjocks,22,0
33454,Ġjammed,22,0
33455,ĠEton,22,0
33457,Ġoutraged,22,0
33458,Ġoutspoken,22,0
33460,ĠHear,22,0
33461,ĠHeian,22,0
33463,Ġupstate,22,0
33467,ĠThinking,22,0
33468,ĠThoreau,22,0
33471,Ġcling,22,0
33475,Ġ204,22,0
33480,Ġroster,22,0
33482,Ġbladder,22,0
33483,Ġdiabetes,22,0
33488,ĠStoke,22,0
33490,Ġuncles,22,0
33495,Ġquoting,22,0
33499,ĠChania,22,0
33510,Ġgoodwill,22,0
33513,Ġimputed,22,0
33514,Ġbraced,22,0
33516,Ġfling,22,0
33517,Ġflanks,22,0
33519,Ġolds,22,0
33522,Ġmenacing,22,0
33523,Ġwherefore,22,0
33528,Ġhereafter,22,0
33535,Ġboasting,22,0
33537,Ġcountess,22,0
33539,Ġshowered,22,0
33542,Ġacronym,22,0
33543,Ġhomeowners,22,0
33544,Ġpresided,22,0
33546,Ġfiner,22,0
33548,Ġdecency,22,0
33550,Ġglories,22,0
33551,Ġglitter,22,0
33552,Ġopium,22,0
33556,ĠĠĠĠĠĠĠĠĠĠĠĠ,22,0
33558,Ġ182,22,0
33559,Ġ1829,22,0
33560,Ġgenome,22,0
33561,Ġwarlocks,22,0
33562,Ġexpulsion,22,0
33563,Ġredo,22,0
33565,Ġphalanx,22,0
33566,ĠClubs,22,0
33571,Ġrealizes,22,0
33575,existent,22,0
33576,Ġdefy,22,0
33579,Ġmusings,22,0
33583,ĠAdrian,22,0
33584,Ġ6500,22,0
33585,Ġaffiliation,22,0
33587,ĠProblem,22,0
33588,Ġcreaking,22,0
33589,Ġconfided,22,0
33591,Ġstatistic,22,0
33593,Ġimportantly,22,0
33594,Ġinsanity,22,0
33598,Ġcampanile,22,0
33600,Ġinfidels,22,0
33601,ĠCarolyn,22,0
33602,Ġsteed,22,0
33604,Ġoppression,22,0
33606,Ġparried,22,0
33608,ĠChristine,22,0
33609,Ġbarrage,22,0
33610,Ġheartless,22,0
33612,Ġcausality,22,0
33614,Ġanimator,22,0
33615,Ġtempered,22,0
33620,Ġbenefactor,22,0
33621,Ġgenerates,22,0
33622,Ġreplicas,22,0
33623,1966,22,0
33625,ĠScalia,22,0
33626,ĠScopus,22,0
33629,ĠSeas,22,0
33630,ĠSelected,22,0
33633,ĠGuests,22,0
33637,Ġ124,22,0
33638,Ġ164,22,0
33643,ĠGoes,22,0
33647,ĠTHey,22,0
33651,Ġgrandest,22,0
33653,ĠByron,22,0
33654,ĠAmes,22,0
33658,Ġspecialties,22,0
33659,ĠPolk,22,0
33660,Ġfellers,22,0
33661,Ġcalcium,22,0
33665,Ġgeneralization,22,0
33668,ĠElena,22,0
33677,ĠGoverness,22,0
33678,Ġcirculated,22,0
33679,Ġcleanliness,22,0
33680,Ġbrightened,22,0
33683,Ġcauseway,22,0
33684,Ġmisuse,22,0
33685,Ġbroadcaster,22,0
33686,Ġkillings,22,0
33689,ĠAgatha,22,0
33691,ĠCocteau,22,0
33692,ĠMenes,22,0
33694,Ġalcoholics,22,0
33695,Ġpricey,22,0
33696,Ġprevailing,22,0
33699,ĠRoyale,22,0
33700,Ġimagining,22,0
33703,ĠLouisian,22,0
33704,ĠBerger,22,0
33706,Ġimmoral,22,0
33708,ĠRosy,22,0
33709,Ġconvicts,22,0
33711,Ġfreshness,22,0
33714,ĠLoan,22,0
33716,ĠAngela,22,0
33717,Ġdegli,22,0
33720,Ġextraordinarily,22,0
33722,Ġsurvives,22,0
33723,Ġdenials,22,0
33725,Ġpunishing,22,0
33727,Ġfrequencies,22,0
33728,Thou,22,0
33729,Ġretirees,22,0
33731,Ġweakly,22,0
33732,Ġmanufactures,22,0
33734,Ġguardians,22,0
33735,ĠMilo,22,0
33736,Ġbullied,22,0
33737,Ġcoolness,22,0
33739,ĠSimova,22,0
33742,ĠMerit,22,0
33744,Ġforthwith,22,0
33746,ĠRecording,22,0
33747,ĠContact,22,0
33748,Ġscheduling,22,0
33749,Ġbriefing,22,0
33751,Ġprospered,22,0
33752,ĠGoldman,22,0
33754,Ġwetlands,22,0
33755,Ġwithered,22,0
33758,ĠCommunities,22,0
33759,ĠCommunists,22,0
33760,Ġgeographically,22,0
33761,Ġconcerted,22,0
33762,Ġrapidity,22,0
33763,Ġappreciative,22,0
33764,ĠWilbur,22,0
33765,ĠMagnet,22,0
33766,Ġsubmitting,22,0
33769,Ġadministratively,22,0
33770,ĠDirections,22,0
33772,ĠCorrie,22,0
33774,Ġevaluates,22,0
33775,Ġimplicated,22,0
33777,Ġinterventionists,22,0
33784,ĠCanadiens,22,0
33786,Ġwitnessing,22,0
33787,ĠHamilcar,22,0
33788,ĠWalrus,22,0
33789,Ġfondly,22,0
33791,Ġventuring,22,0
33792,ĠIntervention,22,0
33794,Ġterminate,22,0
33795,Ġrevolts,22,0
33797,Ġcertifications,22,0
33799,ĠGovernorate,22,0
33800,ĠZealander,22,0
33801,ĠForever,22,0
33802,Ġdemocrat,22,0
33804,Ġfaulty,22,0
33807,ĠCrossland,22,0
33808,ĠGallo,22,0
33809,Ġratios,22,0
33810,Ġsequels,22,0
33811,Ġsequences,22,0
33814,Ġluxuries,22,0
33815,ĠMahdrusa,22,0
33816,Ġprincipally,22,0
33817,ĠFCIC,22,0
33818,Ġrecklessly,22,0
33819,Ġcyber,22,0
33820,ĠHorror,22,0
33821,ĠHoratio,22,0
33822,Ġrejecting,22,0
33823,Ġvenerated,22,0
33824,Ġindustrialist,22,0
33825,Ġvacationers,22,0
33826,ĠSolar,22,0
33828,Ġfleeting,22,0
33829,Ġcouncils,22,0
33830,ĠHyper,22,0
33831,Ġniches,22,0
33833,ĠBusinesses,22,0
33834,Ġsneer,22,0
33837,Ġnarrated,22,0
33842,ĠNapoleonic,22,0
33843,Ġscandalous,22,0
33844,Ġinventing,22,0
33846,ĠSaxe,22,0
33847,Ġintellectually,22,0
33848,ĠAddams,22,0
33849,ĠInvestments,22,0
33850,Ġincidentally,22,0
33853,1988,22,0
33854,ĠFunds,22,0
33857,ĠRenoir,22,0
33859,Ġ1836,22,0
33860,Ġupdates,22,0
33863,Ġabundantly,22,0
33864,ĠEmerald,22,0
33865,Ġexceptionally,22,0
33866,Ġanalysed,22,0
33867,Ġarcaded,22,0
33868,Clinton,22,0
33870,Ġfacilitated,22,0
33871,Ġentitlement,22,0
33872,ĠNagoya,22,0
33873,Ġfeverish,22,0
33874,Ġlodged,22,0
33875,Ġlodgings,22,0
33876,ĠCassell,22,0
33877,Ġenveloped,22,0
33878,ĠCreation,22,0
33880,osaurus,22,0
33882,Ġsloppy,22,0
33884,ĠFelix,22,0
33885,ĠFreeman,22,0
33886,ĠArmey,22,0
33887,Ġlandlady,22,0
33888,Ġmaidens,22,0
33889,ĠDevils,22,0
33890,Ġpups,22,0
33893,ĠTryphosa,22,0
33894,ĠHasan,22,0
33895,Ġenactment,22,0
33896,ĠBridges,22,0
33898,Ġliniment,22,0
33899,ĠRapid,22,0
33900,Ġunconventional,22,0
33902,ĠSigns,22,0
33903,ĠSignature,22,0
33904,Ġtragedies,22,0
33905,ĠKatz,22,0
33907,Ġmolecule,22,0
33911,Ġintruder,22,0
33914,ĠSoutine,22,0
33916,Ġcontemptuously,22,0
33917,Ġadaptations,22,0
33920,Amor,22,0
33922,Ġsoothed,22,0
33923,Ġmajesty,22,0
33925,Ġbrutality,22,0
33926,Ġsupplemental,22,0
33928,Ġillustrating,22,0
33929,ĠLogan,22,0
33930,Ġ1707,22,0
33931,Ġirritation,22,0
33934,ĠTanaka,22,0
33936,Ġmackerel,22,0
33938,Ġorchards,22,0
33939,ĠMansions,22,0
33940,ĠWaals,22,0
33941,Ġcontemplate,22,0
33942,Ġpapacy,22,0
33943,ĠContinuing,22,0
33944,Ġfretting,22,0
33945,Ġextravagance,22,0
33948,drama,22,0
33949,Ġconstituents,22,0
33952,ĠQuestion,22,0
33953,Ġrevelations,22,0
33954,Ġovercame,22,0
33955,ĠKumar,22,0
33958,Ġexhausting,22,0
33959,ĠManganese,22,0
33960,Ġcompatibility,22,0
33962,Ġaveraged,22,0
33963,Ġmuffler,22,0
33964,ĠFlatiron,22,0
33966,Ġnonexistent,22,0
33967,ĠMutiny,22,0
33969,Ġbloated,22,0
33970,Ġmolasses,22,0
33971,Ġseminars,22,0
33972,ĠPonte,22,0
33976,Ġsurmised,22,0
33977,Ġmisunderstood,22,0
33978,Ġsoothingly,22,0
33979,Ġquintiles,22,0
33980,Ġmonotony,22,0
33981,Ġparameter,22,0
33984,Ġprevalence,22,0
33985,ĠRegarding,22,0
33987,Ġcrusade,22,0
33991,ĠSzary,22,0
33992,ĠHydraulic,22,0
33994,ĠSevila,22,0
33995,Ġsuperstition,22,0
33996,ĠCannes,22,0
33997,ĠReconciliation,22,0
33998,ĠPapua,22,0
33999,Ġscanty,22,0
34000,tempered,22,0
34001,Ġannexed,22,0
34003,ĠConnolly,22,0
34004,Ġvolatility,22,0
34005,ĠPatriots,22,0
34006,Ġunderestimate,22,0
34007,Ġshrieks,22,0
34008,ĠGreta,22,0
34011,Ġturrets,22,0
34013,ĠYangZi,22,0
34015,Ġoverdose,22,0
34016,Ġoverhaul,22,0
34019,Ġdeprived,22,0
34020,ĠHobart,22,0
34022,ĠRuskin,22,0
34023,Ġunrealistic,22,0
34024,Ġadulthood,22,0
34025,Ġespionage,22,0
34026,Ġstereotypes,22,0
34028,Ġconveying,22,0
34029,ĠUbisoft,22,0
34030,ĠHDIs,22,0
34031,Ġconcede,22,0
34032,Ġinvoluntary,22,0
34033,Ġsarcophagi,22,0
34035,ĠBoulogne,22,0
34036,ĠBrigade,22,0
34037,ĠArchitecture,22,0
34040,Ġmassacred,22,0
34041,Ġanecdotes,22,0
34043,Ġmangrove,22,0
34044,Ġadjectives,22,0
34045,ĠPrepared,22,0
34046,Ġmacroeconomics,22,0
34048,Ġenchanting,22,0
34049,Ġtougher,22,0
34050,ĠPolynesian,22,0
34051,Ġfostered,22,0
34052,ĠUganda,22,0
34053,ĠViktor,22,0
34054,ĠLeafs,22,0
34055,ĠKazakhstan,22,0
34056,ĠCandidates,22,0
34057,Ġattributable,22,0
34058,ĠScrooge,22,0
34060,Ġecosystems,22,0
34062,Ġdeftly,22,0
34063,ĠRiggs,22,0
34064,Ġstraggling,22,0
34065,Ġglossary,22,0
34066,Ġvehemently,22,0
34069,Ġtrillion,22,0
34070,ĠGuidelines,22,0
34072,Ġagonized,22,0
34074,Ġdelinquent,22,0
34075,ĠMieczyslaw,22,0
34076,ĠInflation,22,0
34077,ĠSettlements,22,0
34078,Ġirresistible,22,0
34080,ĠHickman,22,0
34081,Ġkosher,22,0
34082,ĠEGUs,22,0
34083,ĠCarlyle,22,0
34084,Ġproliferation,22,0
34085,Ġauxiliary,22,0
34086,ĠSymptoms,22,0
34087,Ġmisleading,22,0
34088,ĠJacqueline,22,0
34089,ĠTukabatchi,22,0
34090,Ġroustabout,22,0
34091,ĠDaimler,22,0
34092,ĠSmackDown,22,0
34093,ĠNefertari,22,0
34095,Ġyounker,22,0
34096,ĠMikhail,22,0
34097,Ġprostitutes,22,0
34099,ĠPeruvian,22,0
34100,ĠHemingway,22,0
34101,ĠOversight,22,0
34102,Ġenriched,22,0
34104,Ġspecifics,22,0
34105,ĠOrlando,22,0
34106,ĠParaguay,22,0
34108,ĠPerugia,22,0
34109,ĠMetabolife,22,0
34110,Ġcooanaradi,22,0
34112,Ġshrouds,22,0
34114,ĠKnesset,22,0
34115,ĠUllswater,22,0
34118,ĠButtermere,22,0
34119,ĠSyracuse,22,0
1120,stem,21,0
1688,ird,21,0
2800,itar,21,0
3000,iety,21,0
3007,anced,21,0
4524,uated,21,0
4779,Ġwrest,21,0
5953,ĠGard,21,0
6100,Ġast,21,0
6178,aval,21,0
6265,Ġult,21,0
6698,orial,21,0
6830,rous,21,0
7773,auer,21,0
7869,ĠKath,21,0
7883,lyn,21,0
7921,Ġshove,21,0
8863,ographic,21,0
9260,ĠSob,21,0
9265,Ġamend,21,0
9392,bark,21,0
9856,Ġcaf,21,0
11172,Ġsed,21,0
11177,ĠSaf,21,0
12782,oba,21,0
13554,ĠProper,21,0
13567,Ġgrav,21,0
13717,worthy,21,0
14096,Ġvex,21,0
14123,found,21,0
14336,ĠClar,21,0
15318,Ġprocure,21,0
17118,Ġmourn,21,0
17324,text,21,0
17347,Ġturbo,21,0
17834,mus,21,0
18140,Ter,21,0
18321,ĠCet,21,0
18652,omi,21,0
19027,Ġfain,21,0
19034,stead,21,0
19186,jar,21,0
20172,moon,21,0
20408,gie,21,0
20516,ĠAmar,21,0
21216,ĠComment,21,0
21421,grade,21,0
22154,igi,21,0
22387,atz,21,0
22968,Bob,21,0
22970,Down,21,0
23188,Ġdigest,21,0
23371,ĠChad,21,0
23597,pal,21,0
23712,ĠShoot,21,0
23913,Fe,21,0
23954,ĠTou,21,0
24073,aja,21,0
24315,chat,21,0
24359,berger,21,0
24628,Cal,21,0
24711,Ġchurn,21,0
25096,owner,21,0
25380,Cont,21,0
25433,oway,21,0
25807,still,21,0
25965,ĠExpect,21,0
26303,ĠWeak,21,0
26872,Ġhesitating,21,0
27264,loads,21,0
27340,Ġventures,21,0
28113,Ġlivery,21,0
28897,ĠTerror,21,0
29090,Min,21,0
29178,ilo,21,0
29192,ĠDion,21,0
29202,ĠGos,21,0
29530,brook,21,0
29654,hof,21,0
29751,ĠHack,21,0
29763,ĠPasc,21,0
29853,ĠVale,21,0
29871,Ġreputed,21,0
29930,Ġtranscend,21,0
30284,81,21,0
34120,'',21,0
34122,Back,21,0
34123,Billy,21,0
34124,Brien,21,0
34126,Call,21,0
34128,DF,21,0
34135,Home,21,0
34136,Head,21,0
34139,Lee,21,0
34144,Maine,21,0
34146,Run,21,0
34149,Sen,21,0
34150,SES,21,0
34152,Were,21,0
34153,Western,21,0
34166,dead,21,0
34177,might,21,0
34178,make,21,0
34182,nuclear,21,0
34197,zar,21,0
34200,"Ġ.""",21,0
34204,health,21,0
34211,Ġwaded,21,0
34212,Ġwinger,21,0
34220,Ġbower,21,0
34222,Ġbanging,21,0
34232,orin,21,0
34247,Ġdoth,21,0
34251,ĠTakes,21,0
34253,ĠTowers,21,0
34254,ĠTaman,21,0
34262,ĠIda,21,0
34264,ĠIFPRI,21,0
34267,ĠAube,21,0
34273,Ġeased,21,0
34274,Ġrector,21,0
34283,Ġstoned,21,0
34285,ĠCage,21,0
34286,ĠCove,21,0
34287,ĠCope,21,0
34289,ĠComes,21,0
34291,ĠCSA,21,0
34292,ĠCannon,21,0
34293,ĠCancer,21,0
34294,ĠCumbria,21,0
34297,ĠMighty,21,0
34298,ĠBose,21,0
34301,ĠBaxter,21,0
34302,Ġwithal,21,0
34303,Ġharem,21,0
34306,ĠHau,21,0
34317,ĠPensions,21,0
34323,ĠWade,21,0
34325,ĠWester,21,0
34330,ĠFeb,21,0
34331,ĠFiction,21,0
34334,ĠDala,21,0
34335,emer,21,0
34338,Ġproverb,21,0
34341,ĠLiv,21,0
34343,ĠLip,21,0
34353,ĠRye,21,0
34358,ĠJafar,21,0
34361,Ġorator,21,0
34369,Ġlender,21,0
34371,Ġji,21,0
34377,Ġmeager,21,0
34381,Ġwhereat,21,0
34384,ĠOIRA,21,0
34388,Ġtraction,21,0
34397,ĠYat,21,0
34401,ĠKane,21,0
34405,ĠKaye,21,0
34408,ĠUlysses,21,0
34409,ĠUrawa,21,0
34411,assessment,21,0
34419,Ġunsteady,21,0
34420,Ġoverrated,21,0
34424,Ġcompilation,21,0
34426,ĠChavez,21,0
34429,",""--",21,0
34430,Ġriff,21,0
34431,ĠVed,21,0
34433,ĠVoting,21,0
34435,Ġresolutions,21,0
34441,Ġscanning,21,0
34442,Ġsmog,21,0
34447,Ġimpulsively,21,0
34450,Ġgubernatorial,21,0
34452,Ġlongterm,21,0
34456,Ġrepel,21,0
34458,ĠWhigs,21,0
34459,Ġaccuses,21,0
34460,Ġremoves,21,0
34462,Ġkeel,21,0
34465,Ġsurged,21,0
34466,Ġhomely,21,0
34467,Ġthoughtless,21,0
34468,Ġsupposition,21,0
34473,Ġmustangs,21,0
34474,Ġstricter,21,0
34477,Ġglide,21,0
34478,Ġevils,21,0
34479,Ġconsoled,21,0
34480,Ġcarefree,21,0
34483,Ġhousework,21,0
34484,Ġprogrammers,21,0
34485,Ġinstability,21,0
34486,ĠArte,21,0
34487,ĠArno,21,0
34488,ĠLeaves,21,0
34491,ĠMarmon,21,0
34492,Ġsermons,21,0
34496,Ġintergovernmental,21,0
34497,ĠClift,21,0
34498,ĠClitus,21,0
34499,Ġbelievers,21,0
34501,ĠShows,21,0
34502,ĠShuman,21,0
34504,ĠReilly,21,0
34505,ĠReba,21,0
34506,Ġ5000,21,0
34507,Ġdefiantly,21,0
34508,Ġkeepers,21,0
34512,Ġmotherly,21,0
34514,Ġlessen,21,0
34515,Ġdepress,21,0
34516,Ġsimus,21,0
34523,ĠDeacon,21,0
34527,ĠProclamation,21,0
34528,Ġtwists,21,0
34529,Ġtwitched,21,0
34533,Ġdirectives,21,0
34536,Ġmedications,21,0
34537,Ġ750,21,0
34539,Ġhumane,21,0
34542,ĠCarville,21,0
34544,Ġaudacious,21,0
34545,Ġwinced,21,0
34547,ĠConstable,21,0
34548,Ġconcur,21,0
34550,Ġparades,21,0
34551,Ġparamount,21,0
34553,Ġdelusion,21,0
34556,Ġequator,21,0
34557,Ġmomentous,21,0
34558,ĠHarrer,21,0
34560,ĠGramm,21,0
34566,ĠGAAP,21,0
34567,Ġappease,21,0
34569,Ġlauded,21,0
34570,ĠTracks,21,0
34575,ĠDonatello,21,0
34576,Ġmerriment,21,0
34579,ĠEurovision,21,0
34580,ĠTeuku,21,0
34581,ĠCaltech,21,0
34582,Ġsolvency,21,0
34585,ĠGermanic,21,0
34586,Ġgrandstand,21,0
34588,ĠItalia,21,0
34591,Ġlabs,21,0
34593,ĠMeasures,21,0
34595,Ġgunner,21,0
34596,Ġspecialize,21,0
34597,Ġinterns,21,0
34599,Ġcalmer,21,0
34600,ĠJaneiro,21,0
34601,ĠCityel,21,0
34602,Ġconsiderate,21,0
34604,ĠSouthwestern,21,0
34605,ĠPhilae,21,0
34607,Ġslowing,21,0
34608,Ġcomplimented,21,0
34610,Ġ137,21,0
34613,ĠPartition,21,0
34615,Ġwildcat,21,0
34616,Ġdrawbridge,21,0
34618,Ġstaffers,21,0
34619,ĠResidents,21,0
34621,ĠAssurance,21,0
34622,ĠQuincy,21,0
34627,ĠEnforcement,21,0
34628,Ġbroadened,21,0
34629,ĠCompact,21,0
34630,Ġgranting,21,0
34634,ATA,21,0
34635,Ġoccurrences,21,0
34637,Ġsexes,21,0
34639,Ġdamning,21,0
34640,ĠGlobi,21,0
34641,ĠRosa,21,0
34643,Ġscreenplay,21,0
34644,ĠChechnya,21,0
34645,Ġuniformly,21,0
34646,Ġrichness,21,0
34647,Ġscarred,21,0
34650,Ġrepealed,21,0
34652,Ġopposes,21,0
34654,Ġtrickle,21,0
34656,Ġcardiovascular,21,0
34659,Ġcellars,21,0
34660,ĠMarta,21,0
34663,Thanks,21,0
34664,Ġlieu,21,0
34665,ĠMidland,21,0
34670,Ġgarret,21,0
34671,ĠMilk,21,0
34672,ĠBelgrade,21,0
34676,ĠBrowns,21,0
34678,Ġpermanganate,21,0
34679,Ġloggia,21,0
34682,ĠCollegiate,21,0
34684,ĠOutcomes,21,0
34685,Ġbucked,21,0
34688,Ġdismayed,21,0
34689,ĠCurtis,21,0
34691,Ġderive,21,0
34694,ĠSecretaries,21,0
34695,Ġconfirming,21,0
34696,ĠSubstance,21,0
34700,Ġempires,21,0
34701,ĠDutchmen,21,0
34702,ĠGardiner,21,0
34703,Ġcyclone,21,0
34705,ĠWebster,21,0
34706,Ġtormented,21,0
34707,ĠFeatures,21,0
34710,Ġtermination,21,0
34711,Ġresistant,21,0
34712,Ġvirtuous,21,0
34713,ĠOsman,21,0
34714,ĠTypes,21,0
34718,Ġconceited,21,0
34719,Ġcomprehension,21,0
34720,response,21,0
34721,Ġinterrupting,21,0
34722,Ġsolidarity,21,0
34723,ĠMilliken,21,0
34725,Ġrejection,21,0
34727,ĠCasey,21,0
34728,ĠCasellas,21,0
34729,Ġclouded,21,0
34730,Ġhasten,21,0
34731,Mayer,21,0
34732,ĠBullock,21,0
34733,Anse,21,0
34735,Ġforbade,21,0
34736,Ġrebuke,21,0
34737,Ġthyself,21,0
34738,Ġ1852,21,0
34739,Ġnickel,21,0
34740,Ġrifleman,21,0
34742,ĠLaurie,21,0
34744,ĠBangkok,21,0
34745,Ġexcessively,21,0
34747,ĠĠĠĠĠĠĠĠĠĠĠĠĠĠĠĠĠĠĠĠĠĠĠĠĠĠĠĠĠĠĠĠĠĠĠĠĠ,21,0
34749,Ġbuffs,21,0
34750,ĠClassification,21,0
34751,ĠRochelle,21,0
34752,Ġpierce,21,0
34753,ĠFestivals,21,0
34756,ĠBedouin,21,0
34757,ĠHardware,21,0
34758,ĠOperation,21,0
34759,Ġcraftsmanship,21,0
34760,Ġcleverly,21,0
34765,Ġfortresses,21,0
34766,Ġmalicious,21,0
34767,Ġcheerfulness,21,0
34768,Ġsparkle,21,0
34769,Ġrenewable,21,0
34770,Ġdiscourages,21,0
34771,Ġglobalization,21,0
34772,Ġoutlay,21,0
34774,ĠGranada,21,0
34775,Ġecology,21,0
34776,ĠVeneto,21,0
34777,Ġcooperated,21,0
34781,sexual,21,0
34782,Ġconveniently,21,0
34785,Seven,21,0
34786,Ġwickedness,21,0
34789,ĠBrandley,21,0
34791,Ġechoing,21,0
34792,Ġsanctuaries,21,0
34795,Ġmourned,21,0
34797,Ġendeavors,21,0
34799,Ġunfairly,21,0
34800,ĠSignoria,21,0
34801,Ġjuror,21,0
34803,Excuse,21,0
34804,Ġtherapeutic,21,0
34805,Ġlenders,21,0
34806,Ġpatronage,21,0
34807,Ġseduced,21,0
34808,ĠMonson,21,0
34809,Ġmortgages,21,0
34810,hunting,21,0
34812,Ġhammocks,21,0
34813,Ġlunar,21,0
34815,Ġpretends,21,0
34819,Indian,21,0
34820,ĠTravels,21,0
34822,ĠGrantees,21,0
34823,ĠPadre,21,0
34824,ĠMethodology,21,0
34825,ĠHanuman,21,0
34827,ĠBahamas,21,0
34828,Ġoffsetting,21,0
34829,ĠNegara,21,0
34830,ĠSepulchre,21,0
34832,Ġtimidly,21,0
34833,Ġintervened,21,0
34834,ĠAssessing,21,0
34835,Ġravaged,21,0
34836,ĠCaesarea,21,0
34837,Ġculprit,21,0
34838,Ġviral,21,0
34840,Ġgravitational,21,0
34841,Ġcongratulations,21,0
34843,ĠIssue,21,0
34846,ĠDalhousie,21,0
34847,ĠCrimean,21,0
34848,ĠTWEAK,21,0
34849,ĠGibraltar,21,0
34850,Ġpromulgate,21,0
34852,Ġdeafening,21,0
34853,ĠCulturebox,21,0
34854,ĠCreating,21,0
34856,ĠCartagena,21,0
34857,ĠNigerian,21,0
34858,Ġdiscriminated,21,0
34861,Ġburdensome,21,0
34862,Ġoblast,21,0
34864,Ġaverted,21,0
34865,Ġaverages,21,0
34866,ĠTakayama,21,0
34868,Ġjargon,21,0
34869,Ġcontentedly,21,0
34870,ĠWonderful,21,0
34871,ĠSakha,21,0
34872,Ġquotations,21,0
34874,Ġmolten,21,0
34875,Ġpenniless,21,0
34876,Ġscornfully,21,0
34877,Ġdisapproved,21,0
34878,Ġreinforcement,21,0
34880,Ġthermal,21,0
34881,Ġethnographic,21,0
34883,ĠImproved,21,0
34884,ĠMiyazaki,21,0
34886,Ġdiscerned,21,0
34887,Ġemergence,21,0
34888,ĠFriedman,21,0
34889,Westphalia,21,0
34891,Ġlounges,21,0
34892,ĠPulau,21,0
34893,ĠLockheed,21,0
34894,Ġchronicle,21,0
34896,ĠJaume,21,0
34898,Ġepitome,21,0
34899,Ġpredominant,21,0
34901,Ġchristened,21,0
34902,Ġboughs,21,0
34903,ĠDestiny,21,0
34904,ĠBenedictine,21,0
34905,ĠHatfield,21,0
34906,Ġrefinement,21,0
34909,ĠDobson,21,0
34910,ĠJainism,21,0
34911,ĠTruly,21,0
34912,Ġdisparity,21,0
34913,Ġimpetus,21,0
34914,Ġsubdivided,21,0
34916,Ġapprentice,21,0
34917,ĠAjanta,21,0
34918,Ġallergies,21,0
34919,capital,21,0
34922,ĠSodium,21,0
34923,ĠCinematic,21,0
34924,Ġfrolic,21,0
34925,ĠDustin,21,0
34927,Ġparapet,21,0
34928,Ġlamented,21,0
34929,ĠStraight,21,0
34931,Ġbushranger,21,0
34933,ĠTulare,21,0
34934,Ġleopards,21,0
34935,ĠVirtual,21,0
34938,ĠGNP,21,0
34939,ĠSlovenia,21,0
34940,ĠCayo,21,0
34943,Ġsubstitutes,21,0
34945,Ġshipwrecked,21,0
34946,Ġordinarily,21,0
34948,ĠPillar,21,0
34949,ĠRahman,21,0
34951,ĠHarem,21,0
34953,Palace,21,0
34954,ĠHiram,21,0
34955,ĠChadwick,21,0
34957,Ġconsonants,21,0
34958,Ġbabysitter,21,0
34959,Ġseaport,21,0
34960,ĠReginald,21,0
34961,Ġdwindling,21,0
34962,ĠHutton,21,0
34965,ĠBezhta,21,0
34967,ĠJakarta,21,0
34969,Ġaspirations,21,0
34971,Ġdelirium,21,0
34976,ĠGottlieb,21,0
34978,ĠTiepolo,21,0
34979,ĠNarrandera,21,0
34980,ĠRutgers,21,0
34982,Ġretraced,21,0
34983,Ġantitrust,21,0
34984,Ġvigilance,21,0
34985,Japanese,21,0
34986,Ġttorf,21,0
34988,ĠDaisy,21,0
34989,Ġimpossibility,21,0
34990,ĠCzechoslovakia,21,0
34993,ĠNaxos,21,0
34994,ĠWeisberg,21,0
34995,Ġunbearable,21,0
34997,ĠBuren,21,0
35000,ĠBrutus,21,0
35001,Etienne,21,0
35002,improvement,21,0
35004,Ġatrocities,21,0
35005,Ġsluggish,21,0
35006,Ġnurture,21,0
35007,Ġhagfish,21,0
35008,ĠNLADA,21,0
35009,Ġfrivolous,21,0
35010,ĠIskandar,21,0
35011,ĠExecution,21,0
35013,ĠHawthorne,21,0
35014,Ġerroneous,21,0
35015,Ġcocoanut,21,0
35016,Ġwartime,21,0
35017,ĠYoritomo,21,0
35018,Ġsynergies,21,0
35019,Ġsubterranean,21,0
35020,ĠCarnegie,21,0
35024,Ġstalactites,21,0
35025,Ġfuselage,21,0
35026,Ġbrougham,21,0
35027,Ġeucalyptus,21,0
35028,ĠWichita,21,0
35030,Ġdissimilar,21,0
35031,Ġbishops,21,0
35032,ĠSanchez,21,0
35034,ĠRimini,21,0
35039,Ġpretense,21,0
35040,ĠMussorgsky,21,0
35041,ĠPodhoretz,21,0
1491,Ġpolit,20,0
2193,osp,20,0
2679,Ġenc,20,0
2687,ĠIntern,20,0
2714,itors,20,0
3142,Ġneg,20,0
4458,ĠFlor,20,0
4728,anged,20,0
5899,ĠTechn,20,0
6156,uten,20,0
6361,hew,20,0
6816,insky,20,0
7393,Ġcad,20,0
7569,isms,20,0
7822,ĠAgn,20,0
8264,ĠBour,20,0
8503,Ġgrat,20,0
8943,Fr,20,0
9080,ardo,20,0
9139,ceived,20,0
9542,ĠMoh,20,0
9991,Ġ179,20,0
10195,oki,20,0
10394,unted,20,0
10553,Ġenact,20,0
10665,ogy,20,0
10983,arth,20,0
11270,Ġunre,20,0
11456,ĠPil,20,0
11661,ghan,20,0
11821,quire,20,0
11873,Ġdeem,20,0
12041,uting,20,0
12317,Ġmorn,20,0
12700,Ġpert,20,0
13236,pool,20,0
13289,ugged,20,0
13366,court,20,0
13641,strong,20,0
14831,ĠComb,20,0
15147,ocation,20,0
15414,manship,20,0
15480,ĠKer,20,0
15750,hunters,20,0
15875,children,20,0
16437,Ġdisappoint,20,0
17126,spring,20,0
18182,rys,20,0
18299,Har,20,0
18301,dep,20,0
19080,Ġrefin,20,0
19205,ĠSind,20,0
19531,Ġpersist,20,0
19640,ĠHem,20,0
19857,athy,20,0
19941,ĠBagh,20,0
20702,forming,20,0
21624,ĠMaid,20,0
22474,ĠWee,20,0
22752,ĠRip,20,0
22759,agar,20,0
23292,sim,20,0
23315,Ġloot,20,0
23648,ĠWak,20,0
23917,Sw,20,0
23940,itious,20,0
24125,ĠWelles,20,0
24249,ĠLGBT,20,0
24272,tz,20,0
24780,ĠShi,20,0
25176,Ġstealth,20,0
25584,aldi,20,0
26162,Pres,20,0
26419,profits,20,0
26424,ĠEvolution,20,0
26529,ĠFontaine,20,0
26642,ĠMillion,20,0
26647,Ġwithhold,20,0
26699,ĠKwan,20,0
26730,Ġpreview,20,0
26734,ometric,20,0
27156,Ġdisl,20,0
27187,lio,20,0
27297,Ġundo,20,0
27380,Ġsteadfast,20,0
27675,orno,20,0
27935,ĠCrafts,20,0
28126,ĠLan,20,0
28476,ĠMobil,20,0
28538,Gal,20,0
29029,ĠMongol,20,0
29486,ĠOlive,20,0
29515,Ġsubtract,20,0
29573,ucci,20,0
29637,Bel,20,0
29706,ĠIPO,20,0
29783,ĠFidel,20,0
29997,ĠMusk,20,0
30199,Enter,20,0
30290,Er,20,0
30404,ĠFau,20,0
30426,ĠGraz,20,0
30431,iste,20,0
30442,ĠHeather,20,0
30963,final,20,0
30968,lat,20,0
35042,'),20,0
35043,")"".",20,0
35044,450,20,0
35045,Ag,20,0
35047,Ang,20,0
35048,Def,20,0
35049,Got,20,0
35051,Haul,20,0
35054,James,20,0
35055,Long,20,0
35056,Lady,20,0
35060,Once,20,0
35063,Reg,20,0
35067,Total,20,0
35072,_).,20,0
35088,pi,20,0
35101,Ġaunts,20,0
35103,released,20,0
35104,Ġwade,20,0
35105,Ġwakes,20,0
35108,Ġwaned,20,0
35116,isn,20,0
35120,Ġboulevards,20,0
35122,Ġcosy,20,0
35125,Ġfad,20,0
35126,Ġfakes,20,0
35138,ĠTil,20,0
35140,ĠTrial,20,0
35141,ĠToni,20,0
35143,ĠTARDIS,20,0
35144,Ġthundered,20,0
35146,Ġlark,20,0
35150,Ġgothic,20,0
35154,ĠABS,20,0
35157,Ġbeware,20,0
35162,Ġreeling,20,0
35163,Ġheath,20,0
35166,ĠSif,20,0
35169,ĠSistine,20,0
35171,Ġstink,20,0
35172,Ġstalking,20,0
35175,ĠCiv,20,0
35178,ĠCrop,20,0
35180,ĠCeph,20,0
35185,Ġanointed,20,0
35186,Ġanthology,20,0
35187,ĠBold,20,0
35193,ĠHours,20,0
35194,ĠHamburg,20,0
35202,Ġdoses,20,0
35208,ĠWai,20,0
35212,Ġneburg,20,0
35216,Ġmanors,20,0
35218,Ġmanpower,20,0
35220,unit,20,0
35225,ĠFIA,20,0
35227,ĠFiji,20,0
35228,ĠFlanders,20,0
35234,ĠDukes,20,0
35235,ĠDXX,20,0
35237,ĠNRA,20,0
35239,Ġprostitution,20,0
35246,ĠLamma,20,0
35248,ĠGion,20,0
35251,ĠGays,20,0
35253,ĠGrose,20,0
35255,ĠGarnier,20,0
35259,ĠRoh,20,0
35260,ĠRips,20,0
35267,Ġleant,20,0
35270,Ġalibi,20,0
35274,Ġaboriginal,20,0
35278,ĠOptions,20,0
35279,ĠOaks,20,0
35281,ĠOasis,20,0
35282,Ġupbeat,20,0
35284,Ġtruce,20,0
35288,Ġnobly,20,0
35296,ako,20,0
35298,ĠThasos,20,0
35299,Ġclambered,20,0
35300,ĠInk,20,0
35301,ĠYacht,20,0
35302,ĠYelf,20,0
35307,ĠKumb,20,0
35309,ĠKmart,20,0
35312,Ġblinking,20,0
35313,ĠUd,20,0
35314,ĠUmeda,20,0
35319,Ġdonned,20,0
35320,ĠStations,20,0
35321,".""'",20,0
35322,Ġunlawful,20,0
35324,Ġoverland,20,0
35325,Ġadored,20,0
35326,Ġadjud,20,0
35327,Ġcomposure,20,0
35328,Ġquasi,20,0
35329,Ġpranks,20,0
35330,Ġarthritis,20,0
35331,Ġoffender,20,0
35333,ĠChiba,20,0
35334,ĠChatham,20,0
35342,Ġscrapped,20,0
35348,Ġboycott,20,0
35350,Ġflutter,20,0
35351,Ġflurry,20,0
35353,Ġbeta,20,0
35364,Ġembody,20,0
35366,Ġboon,20,0
35368,ĠAlley,20,0
35372,Ġregiments,20,0
35376,Ġincidences,20,0
35377,Ġinvites,20,0
35378,ĠFraser,20,0
35383,Ġcentimeters,20,0
35385,ĠNewport,20,0
35389,Ġeffluent,20,0
35392,Ġsubfamily,20,0
35399,ĠMarvin,20,0
35400,ĠMarigot,20,0
35401,Ġ1817,20,0
35402,Ġ1813,20,0
35403,Ġ1823,20,0
35404,Ġ1828,20,0
35405,Ġfarce,20,0
35406,Ġexporting,20,0
35408,Ġdisciple,20,0
35409,Ġredskin,20,0
35410,Ġinterruptions,20,0
35419,Ġdifferentiate,20,0
35420,Ġmined,20,0
35421,Ġreadings,20,0
35424,inspiring,20,0
35428,Ġsnort,20,0
35429,Ġruining,20,0
35430,ĠIsis,20,0
35431,Ġfourteenth,20,0
35437,Ġlessening,20,0
35439,Ġmilitant,20,0
35440,Ġformality,20,0
35441,Ġsawing,20,0
35446,ĠMissile,20,0
35447,Ġextensions,20,0
35448,ĠSpice,20,0
35449,ĠDeccan,20,0
35450,Ġmoaning,20,0
35451,ĠProfit,20,0
35454,Ġconfigured,20,0
35455,Ġpretentious,20,0
35456,denial,20,0
35458,Ġfunerary,20,0
35464,Ġforefathers,20,0
35469,ĠDoom,20,0
35470,Ġmeditating,20,0
35471,Ġmeditations,20,0
35472,Ġmeddling,20,0
35475,Ġperennial,20,0
35478,Ġguesses,20,0
35479,Ġtriggered,20,0
35480,Ġsumptuous,20,0
35481,Ġprotracted,20,0
35482,Ġshortages,20,0
35485,Ġrocked,20,0
35486,Ġdelle,20,0
35488,Ġtestifying,20,0
35489,ĠColts,20,0
35490,ĠColgate,20,0
35493,Ġ173,20,0
35494,ĠMayflower,20,0
35495,ĠMaynard,20,0
35496,Ġnationalists,20,0
35497,Ġvariously,20,0
35499,Ġlowland,20,0
35500,ĠPlante,20,0
35501,Ġbribery,20,0
35502,Ġpostoffice,20,0
35505,ĠGerry,20,0
35506,ĠSega,20,0
35507,ĠTole,20,0
35508,ĠTrading,20,0
35510,Ġhurling,20,0
35512,Ġcorrelated,20,0
35513,Ġmillionaires,20,0
35515,ĠActual,20,0
35516,Ġhorsepower,20,0
35519,ĠCanongate,20,0
35520,Ġreviewer,20,0
35521,Italian,20,0
35523,Ġprofessions,20,0
35524,Ġfaculties,20,0
35529,Ġresponsive,20,0
35533,ĠAbel,20,0
35534,Ġgunners,20,0
35535,Ġapse,20,0
35536,Ġapathetic,20,0
35538,Ġ1492,20,0
35539,ĠSouthwark,20,0
35543,ĠTomorrow,20,0
35545,Ġhonoring,20,0
35547,ĠElton,20,0
35549,Ġmodernize,20,0
35552,ĠMonetary,20,0
35553,Ġexclaiming,20,0
35555,Ġexecutions,20,0
35558,Ġparticipates,20,0
35560,ĠAssumption,20,0
35561,Ġbrightening,20,0
35562,Ġbalikbayan,20,0
35568,Ġengineered,20,0
35569,Ġpathos,20,0
35571,Ġhappenings,20,0
35572,Ġversa,20,0
35575,Ġhostages,20,0
35577,Ġsocialists,20,0
35578,Ġradiant,20,0
35581,Ġfilmmaker,20,0
35584,ĠGladys,20,0
35585,ĠCompl,20,0
35586,ĠCheung,20,0
35588,ĠSyed,20,0
35589,Ġcollided,20,0
35593,105,20,0
35596,Ġsensed,20,0
35598,Ġspringtime,20,0
35599,ĠDoric,20,0
35601,Ġstreamlining,20,0
35602,ĠCleopatra,20,0
35603,Ġpollen,20,0
35604,ĠMidway,20,0
35605,ĠPreviously,20,0
35606,Ġbiologist,20,0
35607,ĠWindham,20,0
35608,Ġbanished,20,0
35609,ĠImphal,20,0
35611,ĠDidion,20,0
35612,Ġlithe,20,0
35613,ĠBelmore,20,0
35614,Ġsickening,20,0
35615,Ġavoidance,20,0
35616,ĠSala,20,0
35617,Ġsafest,20,0
35619,Ġcrafty,20,0
35620,Ġqualifies,20,0
35622,ĠFlora,20,0
35624,ĠContemporary,20,0
35625,Ġ403,20,0
35627,Ġaltars,20,0
35628,Ġcalmness,20,0
35629,Still,20,0
35630,Ġunsuitable,20,0
35631,ĠWherever,20,0
35632,ĠCastilian,20,0
35633,Ġliberally,20,0
35635,ĠSpeech,20,0
35636,ĠTowns,20,0
35638,Ġgeology,20,0
35640,Ġethic,20,0
35645,ĠCurve,20,0
35646,Ġinforming,20,0
35647,ĠMcCoy,20,0
35649,ĠPanel,20,0
35650,ĠEstablishing,20,0
35651,ĠCamacha,20,0
35652,Ġminimized,20,0
35653,ĠVisiting,20,0
35654,Chinese,20,0
35655,ĠTerrazzo,20,0
35656,ĠSidroc,20,0
35657,ĠBabu,20,0
35661,ĠTechniques,20,0
35662,ĠSummerhaye,20,0
35664,ĠTravers,20,0
35665,ĠTrauma,20,0
35666,ĠHamas,20,0
35668,Ġastray,20,0
35670,ĠBernie,20,0
35671,Ġterritorial,20,0
35672,ĠInstantly,20,0
35673,ĠInstinct,20,0
35675,ĠHimself,20,0
35677,Ġsymbolize,20,0
35679,Ġidleness,20,0
35680,quarter,20,0
35683,Ġeliminates,20,0
35684,ĠHaute,20,0
35686,Ġmystic,20,0
35687,Ġinnocently,20,0
35689,ĠMcGwire,20,0
35691,Ġwidened,20,0
35692,Ġmagnificently,20,0
35693,Ġcounsels,20,0
35695,ĠHorus,20,0
35697,Ġrejects,20,0
35698,Ġhabitation,20,0
35701,Although,20,0
35702,ĠFaust,20,0
35704,Ġoverspread,20,0
35705,Another,20,0
35706,ĠLester,20,0
35707,ĠLuigi,20,0
35709,ĠOrganisation,20,0
35710,ĠTimor,20,0
35711,Ġdistinguishing,20,0
35713,ĠKatharine,20,0
35715,ĠMoat,20,0
35716,Ġ1841,20,0
35717,Ġ1844,20,0
35720,Ġsponsoring,20,0
35722,Ġsympathize,20,0
35723,Ġgratification,20,0
35724,Ġhobbled,20,0
35725,Ġghostly,20,0
35726,ĠDetails,20,0
35727,ĠDetective,20,0
35728,ĠPopeye,20,0
35729,Ġshameful,20,0
35730,ĠLindsey,20,0
35732,Ġaccommodated,20,0
35733,Ġunbounded,20,0
35734,Ġ1807,20,0
35735,Ġrejoin,20,0
35736,Ġmalignant,20,0
35737,Ġrotation,20,0
35739,Ġprohibit,20,0
35740,Ġ1839,20,0
35741,ĠBrea,20,0
35742,ĠJeanne,20,0
35744,ĠTaipei,20,0
35745,Ġsorrowfully,20,0
35747,ĠTalbot,20,0
35748,Ġclassrooms,20,0
35752,Ġtasked,20,0
35755,ĠSabha,20,0
35756,ĠLinear,20,0
35757,Ġcarbonate,20,0
35759,Ġwhipmaster,20,0
35761,Ġprincesses,20,0
35762,ĠCypress,20,0
35764,Ġtactic,20,0
35765,Ġshyness,20,0
35770,Ġproclamation,20,0
35774,Ġeruptions,20,0
35775,Ġlobbyist,20,0
35777,Ġacknowledging,20,0
35780,Ġrepublicans,20,0
35781,Ġconsolidate,20,0
35782,ĠSoutheastern,20,0
35783,ĠPilgrim,20,0
35784,ĠHankinson,20,0
35786,ĠAyah,20,0
35790,Ġscouting,20,0
35791,ĠExhibits,20,0
35792,1978,20,0
35793,Ġinjected,20,0
35794,Ġillustrator,20,0
35795,ĠRicardo,20,0
35796,Ġdisgraced,20,0
35797,Ġentranced,20,0
35798,ĠYamato,20,0
35799,Ġpreferential,20,0
35800,ĠMethodist,20,0
35801,ĠWicklow,20,0
35803,Ġcampsites,20,0
35804,ĠSMITH,20,0
35805,Ġbetrayal,20,0
35807,Ġexquisitely,20,0
35808,ĠHopefully,20,0
35809,ĠWhitman,20,0
35810,Quentin,20,0
35811,ĠKazin,20,0
35812,Ġhenceforth,20,0
35813,ĠREIMS,20,0
35814,ĠLakeside,20,0
35815,ĠBenton,20,0
35816,Ġintimacy,20,0
35817,ĠOdyssey,20,0
35820,ĠLebanese,20,0
35821,ĠGlenrowan,20,0
35824,ĠGonzo,20,0
35825,ĠCombat,20,0
35826,ĠFacility,20,0
35827,Ġprejudices,20,0
35828,ĠKumamoto,20,0
35831,Ġinaugural,20,0
35832,ĠAdmiralty,20,0
35833,ĠPanthers,20,0
35834,Ġardor,20,0
35837,ĠAbbot,20,0
35838,ĠBurgum,20,0
35840,ĠShelter,20,0
35842,ĠCretaceous,20,0
35843,Ġmanganate,20,0
35847,ĠHappened,20,0
35848,ĠUltimately,20,0
35849,Ġscampered,20,0
35850,Ġsuspenseful,20,0
35853,ĠBrunelleschi,20,0
35854,Ġfervent,20,0
35855,Ġdiligence,20,0
35856,Harry,20,0
35858,Ġhustle,20,0
35859,Ġpunctuation,20,0
35860,ĠMasonic,20,0
35861,Ġfainter,20,0
35862,Ġexultation,20,0
35864,Ġimpetuous,20,0
35865,ĠConvento,20,0
35866,ĠPatriarch,20,0
35867,Ġcomplacency,20,0
35869,ĠDLXX,20,0
35870,ĠCollective,20,0
35871,ĠCherpitel,20,0
35874,Ġtemporal,20,0
35876,ĠAcehnese,20,0
35877,ĠMcMahon,20,0
35878,ĠObjectives,20,0
35879,Goldwyn,20,0
35880,Ġgrievances,20,0
35882,ĠFantasy,20,0
35884,Ġsyllable,20,0
35885,Ġafflicted,20,0
35886,Ġturbocharger,20,0
35887,ĠVesuvius,20,0
35888,Ġforfeited,20,0
35889,ĠApostles,20,0
35890,Ġvenomous,20,0
35892,ĠAchilles,20,0
35893,Ġranchers,20,0
35894,ĠCaddo,20,0
35895,Ġunaccustomed,20,0
35896,WWE,20,0
35897,ĠEchizen,20,0
35898,ĠKudupi,20,0
35899,Ġadjective,20,0
35901,ĠExcellence,20,0
35902,ĠResponsibility,20,0
35903,Swiss,20,0
35904,ĠWellesley,20,0
35905,ĠLibertarian,20,0
35906,Azur,20,0
35907,ĠAnzacs,20,0
35908,ĠFrequent,20,0
35910,Ġpessimistic,20,0
35911,ĠScripture,20,0
35912,ĠAmenophis,20,0
35913,ĠPolicies,20,0
35914,ĠRasputia,20,0
35915,ĠUmbria,20,0
35916,Ġoilskin,20,0
35917,Ġweasels,20,0
35919,Ġsauntered,20,0
35920,ĠBasilique,20,0
35922,ĠMadeiran,20,0
35924,ĠChukotka,20,0
35926,Ġpatriotism,20,0
35927,ĠShirley,20,0
35928,Ġblockbuster,20,0
35929,Ġnebbish,20,0
35931,Ġflotilla,20,0
35933,Ġindistinguishable,20,0
35934,Ġencampment,20,0
35935,Ġimmersed,20,0
35936,ĠRecommendations,20,0
35937,ĠCHRISTMAS,20,0
35939,ĠAvalon,20,0
35940,ĠQutb,20,0
35941,ĠNeapolitan,20,0
35942,ĠMerchants,20,0
35943,ĠTucson,20,0
35945,ĠPocahontas,20,0
35946,Ġrepository,20,0
35947,Ġdistraught,20,0
35948,ĠBowsher,20,0
35950,ĠVecchio,20,0
35952,originally,20,0
35955,Ġsynchrotron,20,0
35957,Ġexalted,20,0
35958,Ġpenetrating,20,0
35959,ĠAntarctica,20,0
35960,ĠYehuda,20,0
35961,ĠAggregate,20,0
35962,Ġelectromagnetic,20,0
35964,ĠTampha,20,0
35965,Ġprogressed,20,0
35967,ĠSlobodan,20,0
35968,ĠWilcox,20,0
35969,Ġpancreatic,20,0
35970,Ġantechamber,20,0
35971,ĠPfeiffer,20,0
35972,ĠDorset,20,0
35974,Ġpungent,20,0
35976,ĠTchaikovsky,20,0
35977,ĠAgenda,20,0
35978,ĠMalthus,20,0
35979,ĠRutherford,20,0
35980,ĠJindal,20,0
35981,ĠHirosema,20,0
35982,ĠSnyder,20,0
35983,threatening,20,0
35984,Ġleukemia,20,0
35985,ĠEphraim,20,0
35986,ĠGhirlandaio,20,0
35987,ĠKumeyaay,20,0
35988,ĠBenedykt,20,0
1431,ĠEng,19,0
1487,augh,19,0
1659,rence,19,0
2067,uary,19,0
2643,itary,19,0
2996,ference,19,0
3037,ĠNob,19,0
3255,ĠMich,19,0
3285,ĠMex,19,0
3423,ĠHist,19,0
4408,lend,19,0
4979,ishment,19,0
5060,sec,19,0
5139,Ġprem,19,0
5701,enses,19,0
6193,ĠIb,19,0
7580,ĠOrgan,19,0
7610,Ġnic,19,0
7693,ĠMean,19,0
9259,rove,19,0
9298,uchi,19,0
11740,Ġirre,19,0
11778,aug,19,0
12260,lder,19,0
12319,ĠTreat,19,0
12323,ĠSac,19,0
12836,ĠSic,19,0
12910,thou,19,0
13038,mart,19,0
13404,quer,19,0
13460,ĠLor,19,0
13535,ĠRud,19,0
13951,flies,19,0
14007,Ġunin,19,0
14326,oya,19,0
14775,ĠPlat,19,0
15935,Ġcoax,19,0
16322,Ġreinforce,19,0
16495,ĠTas,19,0
16688,ĠQuint,19,0
16925,ĠVent,19,0
17175,Ġfeud,19,0
17430,ĠEug,19,0
17588,Ġcrus,19,0
17898,ĠUl,19,0
18362,ologically,19,0
18530,ĠShan,19,0
18893,aji,19,0
19015,tem,19,0
19043,ĠMaz,19,0
19398,listed,19,0
19473,Ġimpart,19,0
19590,ĠTasman,19,0
19939,ĠXXV,19,0
20194,ĠTat,19,0
20834,uil,19,0
21087,ĠSig,19,0
21679,ĠShim,19,0
21882,ĠNam,19,0
21903,ifs,19,0
22227,Ġshipwreck,19,0
22402,ĠAch,19,0
22484,ĠAlam,19,0
22688,enheim,19,0
22773,ondo,19,0
23951,Ġdsh,19,0
23986,think,19,0
24438,aires,19,0
24692,cht,19,0
24744,ĠVil,19,0
24759,Ġdogged,19,0
24961,Ġobedient,19,0
25009,Top,19,0
25014,comb,19,0
25015,fair,19,0
25426,ĠTong,19,0
25458,ĠDorn,19,0
25894,ubber,19,0
25930,ĠShut,19,0
25947,Ġtranscript,19,0
26197,eni,19,0
26204,Ġlull,19,0
26312,athlon,19,0
26654,ĠPee,19,0
26761,earth,19,0
27047,anth,19,0
27139,Ġblot,19,0
27671,Ġdisrespect,19,0
27771,Ġfasten,19,0
28386,Ġmorbid,19,0
28502,film,19,0
28634,ĠMare,19,0
28725,telling,19,0
28960,ĠDowns,19,0
29095,Rep,19,0
29132,ouk,19,0
29252,club,19,0
29296,ĠReb,19,0
29348,Ġauthoritarian,19,0
29497,ĠTao,19,0
29725,ĠSell,19,0
29729,imation,19,0
29905,Ġdiscreet,19,0
30294,MD,19,0
30368,ĠSang,19,0
30379,ĠBART,19,0
30708,ĠFeel,19,0
31009,ĠTap,19,0
31052,ĠBoot,19,0
31416,ĠInterview,19,0
31673,much,19,0
35989,';,19,0
35990,"',""",19,0
35993,340,19,0
35994,;--,19,0
35995,AO,19,0
35998,Cause,19,0
35999,Camp,19,0
36002,Del,19,0
36003,Fl,19,0
36004,Fine,19,0
36006,Haven,19,0
36007,Jim,19,0
36010,Mary,19,0
36012,Nobody,19,0
36014,Six,19,0
36015,Saxon,19,0
36018,True,19,0
36021,Wonder,19,0
36026,cor,19,0
36034,iu,19,0
36039,mor,19,0
36044,present,19,0
36048,san,19,0
36049,social,19,0
36061,Ġaversion,19,0
36079,Ġfeds,19,0
36080,orum,19,0
36087,Ġdurable,19,0
36088,Ġinverse,19,0
36089,aras,19,0
36096,ĠTyson,19,0
36097,ĠTaurus,19,0
36102,Ġnt,19,0
36103,Ġnio,19,0
36108,Ġgiddy,19,0
36112,ĠAix,19,0
36113,ĠAging,19,0
36114,ĠATA,19,0
36115,ĠAwa,19,0
36117,Ġbeheaded,19,0
36123,Ġyi,19,0
36124,Ġheinous,19,0
36129,Ġwasps,19,0
36136,ĠSek,19,0
36139,ĠSenna,19,0
36142,ĠSersa,19,0
36144,imbo,19,0
36146,Ġstale,19,0
36147,Ġstoring,19,0
36155,ĠCatch,19,0
36157,ĠCases,19,0
36158,ĠCelts,19,0
36159,ĠCavan,19,0
36161,ĠMap,19,0
36163,ĠMatter,19,0
36167,Ġhaunches,19,0
36174,ĠHomes,19,0
36177,choice,19,0
36179,Ġatoll,19,0
36180,"Ġ"")",19,0
36185,ĠPatch,19,0
36187,ĠPinto,19,0
36188,ĠPinky,19,0
36200,Ġsewn,19,0
36206,Ġdeference,19,0
36208,Ġmania,19,0
36209,Ġmanually,19,0
36213,ĠFishing,19,0
36215,ĠDre,19,0
36220,ĠDrop,19,0
36222,ĠDART,19,0
36223,ĠDucks,19,0
36229,ĠNas,19,0
36231,ĠNish,19,0
36234,ĠNEA,19,0
36235,ĠNellie,19,0
36236,ĠLack,19,0
36239,ĠLama,19,0
36242,ĠLeland,19,0
36245,ĠGuru,19,0
36249,ĠRide,19,0
36251,ĠRumble,19,0
36254,abortion,19,0
36256,ĠJill,19,0
36259,Ġleeward,19,0
36261,Ġjails,19,0
36268,Ġoutage,19,0
36269,Ġoutgoing,19,0
36270,Ġallusion,19,0
36271,Ġalliances,19,0
36273,ĠHebron,19,0
36275,ĠOBE,19,0
36278,Ġcanary,19,0
36281,Ġtramped,19,0
36286,Ġshedding,19,0
36287,Ġyew,19,0
36295,Ġcliche,19,0
36296,ĠYates,19,0
36301,ĠKant,19,0
36302,ĠKart,19,0
36306,ĠKira,19,0
36308,Ġblaming,19,0
36310,ĠUk,19,0
36311,ĠUDP,19,0
36313,ĠSteward,19,0
36314,ĠStrychnine,19,0
36315,ĠStivic,19,0
36316,Ġenlist,19,0
36317,Ġencyclopedia,19,0
36319,Ġunmet,19,0
36320,Ġunnatural,19,0
36322,Ġunprotected,19,0
36325,Ġpricked,19,0
36327,Ġartery,19,0
36328,Ġoffending,19,0
36329,Ġspree,19,0
36330,Ġspars,19,0
36335,Ġgrumble,19,0
36337,Ġdispelled,19,0
36338,Ġdisarmed,19,0
36342,ews,19,0
36343,perfect,19,0
36344,Ġresale,19,0
36346,Ġamiss,19,0
36347,Ġcontention,19,0
36348,Ġpartridge,19,0
36349,Ġscolding,19,0
36350,Ġsmelt,19,0
36352,ĠShearer,19,0
36353,Ġbuoyant,19,0
36356,Ġimpaired,19,0
36357,Ġbrutes,19,0
36361,Ġgirlish,19,0
36362,Ġgully,19,0
36363,Ġstandings,19,0
36365,Ġcrags,19,0
36366,Ġwhereby,19,0
36367,Ġrightful,19,0
36369,Ġrecital,19,0
36370,Ġrecourse,19,0
36371,itsu,19,0
36372,ĠAnhui,19,0
36373,Ġcommissions,19,0
36374,ĠUnable,19,0
36377,"Ġ'""",19,0
36378,Ġmayors,19,0
36379,Ġheliotrope,19,0
36380,getting,19,0
36382,Ġemails,19,0
36384,Ġslang,19,0
36388,ĠAlien,19,0
36389,Ġshowering,19,0
36393,Ġsmallpox,19,0
36395,Ġsupple,19,0
36396,ĠFringe,19,0
36397,Ġ320,19,0
36400,ĠBritten,19,0
36405,Ġheadway,19,0
36407,Ġbusing,19,0
36408,Ġretort,19,0
36411,Ġmonsoon,19,0
36413,Ġdistributes,19,0
36417,Ġprogrammatic,19,0
36418,Ġkindest,19,0
36419,Ġrestart,19,0
36423,ĠMarcel,19,0
36428,ĠClan,19,0
36430,Ġuntrained,19,0
36431,Ġarticulate,19,0
36432,ĠShines,19,0
36435,Ġpasswords,19,0
36437,ĠReformation,19,0
36438,Ġdefensible,19,0
36439,ĠIsles,19,0
36441,Ġformulate,19,0
36442,Ġcompleteness,19,0
36443,ĠAda,19,0
36444,Ġwaivers,19,0
36445,ĠBegun,19,0
36446,Ġaffirm,19,0
36447,ĠSporting,19,0
36448,ĠSporades,19,0
36450,Ġmoaned,19,0
36454,Ġcrevices,19,0
36455,Ġbusinesslike,19,0
36457,Ġfunicular,19,0
36459,Ġforenoon,19,0
36460,Ġrespite,19,0
36462,Ġbrokers,19,0
36463,Ġinsure,19,0
36464,Ġinsisting,19,0
36466,Ġtransitional,19,0
36467,Ġadvises,19,0
36469,Ġ812,19,0
36470,ĠPrinting,19,0
36471,Ġsummed,19,0
36472,Ġproficient,19,0
36474,Ġpowerfully,19,0
36476,ĠFlamboyant,19,0
36477,ĠChristchurch,19,0
36478,ĠChristendom,19,0
36482,Ġpastoral,19,0
36484,Ġconditional,19,0
36485,Ġfundraising,19,0
36486,Ġanimosity,19,0
36489,Ġwholeheartedly,19,0
36490,Ġ1750,19,0
36491,Ġ1762,19,0
36493,Ġmomentarily,19,0
36494,Ġbeneficiary,19,0
36495,ĠHarland,19,0
36497,until,19,0
36498,ĠGrotto,19,0
36500,Ġfreeways,19,0
36501,Ġtryin,19,0
36503,Ġfightin,19,0
36504,ĠOrr,19,0
36505,1968,19,0
36506,1964,19,0
36507,1967,19,0
36508,ĠHerrera,19,0
36512,Ġcaters,19,0
36514,ĠSeville,19,0
36518,ĠExley,19,0
36519,Ġfilth,19,0
36522,ĠParan,19,0
36523,Ġburly,19,0
36524,ĠBarak,19,0
36526,Ġlimped,19,0
36528,ĠActivity,19,0
36529,Ġmotifs,19,0
36531,Ġclimates,19,0
36532,Ġpreposterous,19,0
36533,Ġdestiny,19,0
36534,Ġbreakthrough,19,0
36535,ĠCanberra,19,0
36536,ĠTeachers,19,0
36537,Ġdivinity,19,0
36542,ĠAmmon,19,0
36547,Ġidentities,19,0
36548,Ġspecializes,19,0
36551,2022,19,0
36552,Ġjoked,19,0
36556,ĠJustinian,19,0
36557,Ġpalazzo,19,0
36558,ĠSouthampton,19,0
36559,Ġsuffice,19,0
36561,ĠPeppers,19,0
36562,ĠPhilharmonic,19,0
36564,Ġ1100,19,0
36565,Ġarchive,19,0
36566,Ġnecessitated,19,0
36568,Ġeventful,19,0
36571,Ġ132,19,0
36573,Ġcoldest,19,0
36574,Ġcoldness,19,0
36575,Ġexaminations,19,0
36576,ĠAccord,19,0
36577,Ġaccessing,19,0
36578,Ġcornstarch,19,0
36580,Ġdeepened,19,0
36581,ĠPaltrow,19,0
36582,Ġafresh,19,0
36584,Ġfavorably,19,0
36587,Ġgentler,19,0
36588,ĠRedgrave,19,0
36589,ĠQuiet,19,0
36590,ĠQuaker,19,0
36598,ĠAgent,19,0
36599,ĠAgaa,19,0
36602,Ġenvironmentally,19,0
36603,ĠMenor,19,0
36605,ĠSantos,19,0
36606,Ġstraighten,19,0
36608,ĠPatient,19,0
36609,Ġforgave,19,0
36614,ĠNewsday,19,0
36617,ĠRoberto,19,0
36618,Ġdespatched,19,0
36620,ĠRoswell,19,0
36627,Ġdispatched,19,0
36630,Ġtradeoff,19,0
36631,Ġstrolls,19,0
36634,Ġpreventable,19,0
36639,Ġintroductory,19,0
36642,Ġreformer,19,0
36643,Ġreformers,19,0
36646,Ġwhisked,19,0
36647,Ġtownspeople,19,0
36650,Ġforgets,19,0
36653,ĠBelieve,19,0
36654,ĠPriam,19,0
36655,Ġlunchtime,19,0
36656,ĠMontreuil,19,0
36657,Ġpursuits,19,0
36659,ĠSimulations,19,0
36660,ĠSalinger,19,0
36661,ĠMerrion,19,0
36662,Ġdreamt,19,0
36665,Ġprogressives,19,0
36668,ĠHelping,19,0
36669,ĠAssociate,19,0
36671,Ġdedicate,19,0
36673,Ġ404,19,0
36674,ĠCOPD,19,0
36675,Ġdefeats,19,0
36676,Ġreactors,19,0
36678,ĠKeimer,19,0
36680,Ġpetitions,19,0
36681,ĠHansen,19,0
36682,Ġbreaths,19,0
36687,ĠGoldsmith,19,0
36691,ĠAudits,19,0
36692,ĠAudley,19,0
36695,ĠGarcia,19,0
36696,ĠCommunes,19,0
36699,Ġfixedly,19,0
36701,ĠWilshire,19,0
36703,Ġrubidium,19,0
36704,Ġblankly,19,0
36705,ĠMagadan,19,0
36707,Ġobservable,19,0
36708,Ġmutually,19,0
36709,Ġmutiny,19,0
36710,Ġcontacting,19,0
36711,ĠMcCartney,19,0
36714,ĠHavel,19,0
36715,ĠModeling,19,0
36717,ĠSuns,19,0
36718,Ġbrandishing,19,0
36720,ĠLemann,19,0
36721,ĠLemlich,19,0
36722,Ġimplication,19,0
36723,Ġwavered,19,0
36725,wrote,19,0
36726,ĠCamara,19,0
36728,ĠSidabi,19,0
36729,ĠBabur,19,0
36730,ĠBabchuk,19,0
36732,ĠNorte,19,0
36733,Ġmedicinal,19,0
36735,ĠLaramie,19,0
36736,Ġmurdering,19,0
36737,Ġmurderous,19,0
36739,Ġlifestyles,19,0
36740,ĠLandmark,19,0
36741,Ġdissolves,19,0
36742,Ġillustrious,19,0
36743,ĠIncorrect,19,0
36744,ĠChaplin,19,0
36746,ĠHamlet,19,0
36747,ĠErrol,19,0
36748,ĠArchives,19,0
36750,Ġ1891,19,0
36751,Ġrevolted,19,0
36752,Ġdescriptive,19,0
36753,Ġloaning,19,0
36754,ĠForecast,19,0
36755,ĠTransition,19,0
36757,ĠBells,19,0
36759,ĠBookstaver,19,0
36760,Ġidols,19,0
36762,Ġtraitors,19,0
36764,Ġpitied,19,0
36766,ĠMasterpiece,19,0
36767,ĠVanessa,19,0
36769,Ġwidowed,19,0
36770,Ġreminding,19,0
36771,Ġreminders,19,0
36772,ĠStatus,19,0
36773,ĠBiology,19,0
36774,Ġheightened,19,0
36775,Ġstakeholder,19,0
36779,ĠLocation,19,0
36781,Ġscorecard,19,0
36782,ĠPottery,19,0
36783,Ġdynasties,19,0
36784,Ġpuzzling,19,0
36785,Ġsubsidize,19,0
36786,ĠTimucua,19,0
36790,ĠNativity,19,0
36791,ĠElectoral,19,0
36794,Ġdepictions,19,0
36795,carbon,19,0
36797,Ġpantheon,19,0
36798,Ġdrumming,19,0
36799,Ġanticipating,19,0
36803,ĠRococo,19,0
36804,Ġallocating,19,0
36806,Ġunearthed,19,0
36809,Shut,19,0
36810,ĠMandir,19,0
36811,ĠConfederations,19,0
36812,Ġrecalling,19,0
36814,Ġstiffened,19,0
36815,Ġrevolutionaries,19,0
36816,ĠOlivia,19,0
36817,ĠLieberman,19,0
36818,Ġspoils,19,0
36819,ĠEqually,19,0
36821,Ġ1801,19,0
36823,1983,19,0
36824,Ġ1834,19,0
36826,ĠBrenda,19,0
36827,Ġpardons,19,0
36830,Ġdiscouraging,19,0
36831,Ġcorrespondents,19,0
36833,Ġscraping,19,0
36834,Ġwisest,19,0
36835,Ġsynagogues,19,0
36836,ĠHurricanes,19,0
36838,pitched,19,0
36839,Ġaltarpiece,19,0
36840,ĠMuley,19,0
36841,ĠRoseanne,19,0
36842,ĠDamon,19,0
36843,Clostridium,19,0
36844,ĠMalaya,19,0
36845,Ġmigrants,19,0
36848,ĠLSU,19,0
36849,Ġexperimentation,19,0
36850,fourth,19,0
36852,ĠBatu,19,0
36853,ĠKamen,19,0
36854,Ġgloomily,19,0
36855,ĠMainstream,19,0
36858,Ġgaunt,19,0
36859,Ġcoordinates,19,0
36860,Ġmarvels,19,0
36861,ĠFlyers,19,0
36863,ĠRaising,19,0
36864,Ġlugger,19,0
36865,Ġconveyance,19,0
36866,Ġabsentee,19,0
36870,Ġphenomenal,19,0
36872,Ġtaboo,19,0
36874,ĠMcKay,19,0
36875,Ġbrutally,19,0
36876,ĠMessrs,19,0
36877,ĠEpiscopal,19,0
36878,ĠExhibition,19,0
36879,ĠRowdy,19,0
36880,1972,19,0
36881,ĠTraveling,19,0
36882,ĠErnst,19,0
36883,ĠANC,19,0
36884,Ġentrants,19,0
36885,Ġdormant,19,0
36886,Ġdiscontented,19,0
36887,Ġstimulate,19,0
36888,ĠWrestleMania,19,0
36889,Ġprocured,19,0
36891,Ġbewildering,19,0
36892,ĠSMS,19,0
36894,Ġsimultaneous,19,0
36895,ĠExpenses,19,0
36898,Ġravages,19,0
36899,Quite,19,0
36900,Ġblends,19,0
36902,ĠArchaeology,19,0
36903,Ġcultivation,19,0
36904,Ġalterations,19,0
36905,ĠFewer,19,0
36906,Ġincorrectly,19,0
36907,Ġbaptistery,19,0
36908,ĠConde,19,0
36909,Ġuninjured,19,0
36910,ĠAlbanians,19,0
36911,ĠPickle,19,0
36912,Ġtwinkled,19,0
36915,Ġconstituent,19,0
36916,Ġtranquility,19,0
36917,Ġcommemorated,19,0
36918,ĠCreative,19,0
36919,ĠGauntlet,19,0
36920,Ġtrifling,19,0
36921,ĠHonorary,19,0
36927,Ġtumor,19,0
36928,ĠAdventurers,19,0
36931,Ġmuffled,19,0
36932,ĠCommandments,19,0
36933,ĠSophie,19,0
36934,ĠEmmeline,19,0
36935,Ġcongregate,19,0
36936,ĠStrategies,19,0
36939,ĠSorbonne,19,0
36940,Ġtrampled,19,0
36942,Ġsurmounted,19,0
36943,ĠBessus,19,0
36944,ĠRanford,19,0
36946,Ġindefinite,19,0
36947,Prince,19,0
36949,ĠPauper,19,0
36950,Ġdisobeyed,19,0
36951,Ġhorrifying,19,0
36952,Ġcaucus,19,0
36953,Ġpopulist,19,0
36954,Ġanthropology,19,0
36955,ĠVelazquez,19,0
36958,Ġlusty,19,0
36960,Ġpostpone,19,0
36961,Everything,19,0
36964,ĠFoley,19,0
36965,Ġadversely,19,0
36967,Ġovercrowding,19,0
36968,ĠCorsica,19,0
36969,Ġwretches,19,0
36970,Ġfainting,19,0
36974,ĠMormons,19,0
36977,Ġimpartiality,19,0
36978,Ġcourteously,19,0
36979,ĠDarwinian,19,0
36980,ĠDyck,19,0
36982,Ġproteins,19,0
36983,Ġeloquent,19,0
36984,ĠMarseilles,19,0
36985,ĠJodie,19,0
36986,Ġingenuity,19,0
36989,ĠKitano,19,0
36990,Ġfluctuate,19,0
36991,Christian,19,0
36992,Ġinterpreting,19,0
36997,Ġaffliction,19,0
36998,Ġcharismatic,19,0
37001,Ġarrogance,19,0
37002,ĠChowk,19,0
37003,Ġidiotic,19,0
37004,Ġgenealogy,19,0
37005,Ġbombardment,19,0
37008,Ġexuberant,19,0
37009,Ġmassacres,19,0
37011,ĠDAYS,19,0
37012,blooded,19,0
37013,ĠSquadron,19,0
37014,ĠProcedure,19,0
37015,ĠWheeler,19,0
37016,ĠFerrari,19,0
37019,ĠVillette,19,0
37020,Ġdoggedly,19,0
37023,Ġobediently,19,0
37025,ĠTyrone,19,0
37026,Ġdomestically,19,0
37027,ĠAutomated,19,0
37030,ĠConnery,19,0
37031,ĠOrdinary,19,0
37032,Ġdynamics,19,0
37033,Ġoutsourcing,19,0
37034,Ġcontradictory,19,0
37036,ĠAssyrian,19,0
37040,Ġlymphoma,19,0
37041,ĠMoulin,19,0
37042,ĠBerkshire,19,0
37044,Ġnotoriously,19,0
37045,ĠDWP,19,0
37046,Ġplastics,19,0
37047,ĠStoddart,19,0
37049,ĠPrincipal,19,0
37051,Ġkebap,19,0
37052,Ġinterconnected,19,0
37054,Ġunsatisfactory,19,0
37055,Ġreincarnation,19,0
37058,Ġobeying,19,0
37060,Ġ6303,19,0
37062,ĠFabricius,19,0
37063,ĠChitwan,19,0
37064,Ġjuncture,19,0
37065,ĠMycenaean,19,0
37066,Ġshoddy,19,0
37067,Ġunobserved,19,0
37068,ĠChagall,19,0
37070,Ġsubcontinent,19,0
37071,ĠZebedee,19,0
37073,Ġprecarious,19,0
37074,Ġpicnics,19,0
37075,Ġuncontrollable,19,0
37076,Ġhinterland,19,0
37077,ĠPitcairn,19,0
37078,ĠWagonheim,19,0
37079,ĠKamehameha,19,0
37081,Ġsuperficial,19,0
37082,ĠHyderabad,19,0
37083,ĠCopyright,19,0
37084,ĠInvalides,19,0
37085,Ġscrolls,19,0
37086,Ġincoherent,19,0
37089,Ġmamelukes,19,0
37090,Ġheiress,19,0
37091,ĠNamibia,19,0
37092,ĠJaisalmer,19,0
37093,Ġexorbitant,19,0
37096,ĠFaulkner,19,0
37097,Ġincumbents,19,0
37100,ĠIgreja,19,0
37101,ĠMeredith,19,0
37102,ĠFulton,19,0
37104,Ġdiaspora,19,0
37105,Ġdisrepair,19,0
37106,ĠDeborah,19,0
37107,ĠBlagojevich,19,0
37108,ĠDraguignan,19,0
37109,ĠSTEWARDSHIP,19,0
37110,ĠBournemouth,19,0
37112,ĠKinabalu,19,0
752,omet,18,0
2225,ĠDav,18,0
2321,ĠSec,18,0
2533,avy,18,0
3363,oly,18,0
3517,olly,18,0
4176,oved,18,0
4606,eff,18,0
4857,icians,18,0
4933,anning,18,0
6230,ulous,18,0
6255,enne,18,0
6400,ession,18,0
6520,alty,18,0
6942,ĠStat,18,0
7001,mir,18,0
7041,enger,18,0
7374,Ġmaxim,18,0
7499,pective,18,0
8031,ĠArgent,18,0
8220,Ġclin,18,0
8576,Ġjun,18,0
8697,ĠAff,18,0
8738,ĠHung,18,0
8967,BM,18,0
9441,Ġstead,18,0
9727,umble,18,0
9793,ĠAdv,18,0
9845,owa,18,0
10549,Ġconj,18,0
10701,arded,18,0
10914,Ġsuspend,18,0
10987,changed,18,0
10994,ĠVi,18,0
10995,ĠVers,18,0
11266,ĠJen,18,0
12048,ĠHig,18,0
12433,bons,18,0
12504,erving,18,0
12625,ĠDig,18,0
12722,ĠGener,18,0
12776,ĠEc,18,0
13977,trap,18,0
14059,count,18,0
14307,uity,18,0
14961,haus,18,0
15005,sky,18,0
15024,ĠLl,18,0
16257,ĠOw,18,0
16392,ĠYok,18,0
16751,ĠSard,18,0
16770,ĠRan,18,0
16828,ĠSalv,18,0
17238,points,18,0
18189,pert,18,0
18320,uru,18,0
18548,ĠMcL,18,0
19070,ĠVig,18,0
19306,ĠBuild,18,0
19650,ĠLob,18,0
19842,ĠInv,18,0
19876,ĠCollect,18,0
20170,fu,18,0
21047,author,18,0
21122,ĠLus,18,0
21599,Ġaux,18,0
21616,icates,18,0
21704,maids,18,0
22207,iku,18,0
22376,mag,18,0
22406,ĠSed,18,0
22555,Ġprecinct,18,0
22677,forth,18,0
22989,Ġtet,18,0
23252,ĠDocument,18,0
23346,umen,18,0
23427,prising,18,0
23601,worm,18,0
23664,ĠGan,18,0
24040,awi,18,0
24207,better,18,0
24293,Ġdys,18,0
24373,pering,18,0
24626,Az,18,0
25084,ĠGian,18,0
25419,Ġbourgeois,18,0
25811,etz,18,0
26222,ĠCul,18,0
26242,ĠWins,18,0
26333,ĠShawn,18,0
26335,ennial,18,0
26562,priced,18,0
27099,esting,18,0
27108,Ġplough,18,0
27123,ĠEk,18,0
27218,ĠQuit,18,0
27304,guided,18,0
27542,review,18,0
27571,icative,18,0
27634,ĠRS,18,0
27638,Ġherald,18,0
27850,ĠFarming,18,0
28022,hara,18,0
28134,ĠJag,18,0
28227,ĠMarm,18,0
28590,ĠTale,18,0
28665,ĠFile,18,0
29323,Ġwondrous,18,0
29667,xes,18,0
29770,ĠWah,18,0
29818,eli,18,0
29854,ĠVald,18,0
30223,ĠBartolome,18,0
30417,ĠNest,18,0
30423,ĠLiz,18,0
30462,ĠUnd,18,0
30557,Ġdetest,18,0
30870,ĠGustav,18,0
30941,Ho,18,0
30950,Pat,18,0
31048,ĠBS,18,0
31380,Ġdigit,18,0
31958,ĠConstruct,18,0
32062,ĠDisp,18,0
32093,ĠKhal,18,0
32303,ĠDestroy,18,0
32341,ĠWiener,18,0
32446,lord,18,0
32630,odon,18,0
36425,ĠĠĠĠĠĠĠĠĠĠĠĠĠ,18,0
37113,650,18,0
37114,Ac,18,0
37120,Death,18,0
37121,Four,18,0
37124,Gee,18,0
37128,Kane,18,0
37131,London,18,0
37132,Litoria,18,0
37140,Such,18,0
37142,Turn,18,0
37144,_?,18,0
37148,cm,18,0
37152,dear,18,0
37156,files,18,0
37164,ku,18,0
37166,lab,18,0
37167,lak,18,0
37172,phen,18,0
37173,paced,18,0
37175,rather,18,0
37178,super,18,0
37180,torn,18,0
37181,tons,18,0
37182,twas,18,0
37188,watching,18,0
37192,Ġtropics,18,0
37197,infl,18,0
37199,Ġsally,18,0
37200,Ġsiesta,18,0
37201,Ġwakened,18,0
37213,Ġhooping,18,0
37214,Ġtogs,18,0
37216,Ġdined,18,0
37218,Ġdandy,18,0
37228,ĠTickets,18,0
37231,Ġthwart,18,0
37232,Ġns,18,0
37233,Ġnah,18,0
37235,Ġlash,18,0
37238,Ġlagoons,18,0
37241,ĠIk,18,0
37242,ĠAugsburg,18,0
37245,Ġreopen,18,0
37248,adh,18,0
37259,ĠSino,18,0
37261,ĠSSI,18,0
37262,ĠSSR,18,0
37263,ĠSasaki,18,0
37265,ĠSanskrit,18,0
37267,Ġstaid,18,0
37268,Ġstaging,18,0
37270,Ġstigma,18,0
37278,ĠChing,18,0
37284,ĠCardo,18,0
37290,ĠMitsubishi,18,0
37296,ĠBaz,18,0
37301,Ġwithstood,18,0
37304,ĠHing,18,0
37309,"Ġ""[",18,0
37311,ĠPinsky,18,0
37313,ĠPasha,18,0
37317,Ġrs,18,0
37321,ĠWauton,18,0
37334,ĠFagen,18,0
37338,ĠDiversity,18,0
37339,ĠDyer,18,0
37340,ĠDyson,18,0
37343,ĠNau,18,0
37345,ĠLep,18,0
37346,ĠLoss,18,0
37351,ĠGru,18,0
37356,ĠGoms,18,0
37357,ĠGuns,18,0
37358,ĠGorge,18,0
37359,ĠGao,18,0
37360,ĠRim,18,0
37362,ĠRats,18,0
37365,ĠJC,18,0
37366,ĠJury,18,0
37367,ĠJared,18,0
37368,ĠJocks,18,0
37369,ĠJenny,18,0
37370,ĠJensen,18,0
37380,Ġherds,18,0
37390,Ġoutburst,18,0
37393,ĠHearts,18,0
37396,Ġcanons,18,0
37400,ighted,18,0
37401,Ġintangible,18,0
37403,ĠThar,18,0
37404,Ġcloned,18,0
37406,ĠKre,18,0
37410,ĠKondo,18,0
37411,ĠKKR,18,0
37416,Ġblushing,18,0
37425,"."",",18,0
37427,ishness,18,0
37428,Ġunify,18,0
37429,Ġunawares,18,0
37430,Ġadept,18,0
37433,Ġqueries,18,0
37438,Ġspills,18,0
37442,client,18,0
37445,Ġripping,18,0
37446,ĠVR,18,0
37449,reating,18,0
37450,Ġsci,18,0
37457,ĠSheba,18,0
37458,Ġappalling,18,0
37461,Ġimpulses,18,0
37468,Ġpoignant,18,0
37470,Ġlongitudinal,18,0
37471,Ġmenagerie,18,0
37474,Ġrepress,18,0
37475,Ġrepented,18,0
37476,Ġrepression,18,0
37477,Ġreconsider,18,0
37479,Ġneedful,18,0
37482,Ġcomma,18,0
37483,Ġcommits,18,0
37484,ĠUnter,18,0
37487,ĠAsked,18,0
37488,ĠAsakusa,18,0
37490,Ġslump,18,0
37493,Ġslashing,18,0
37497,Ġassailed,18,0
37499,Ġaches,18,0
37500,Ġsupposing,18,0
37501,Ġsuppression,18,0
37502,Ġfinite,18,0
37506,Ġglum,18,0
37507,Ġglowed,18,0
37508,Ġconsorts,18,0
37510,Ġblackmail,18,0
37514,Ġhappiest,18,0
37518,Ġprogrammes,18,0
37521,ĠArg,18,0
37524,ĠLeuk,18,0
37525,ĠLeeds,18,0
37526,ĠLeaning,18,0
37527,Ġ1825,18,0
37528,ĠIndira,18,0
37529,Ġfarmed,18,0
37530,Ġexposes,18,0
37532,Ġredemption,18,0
37533,Ġphased,18,0
37534,Ġairbags,18,0
37535,Ġbeliever,18,0
37537,sha,18,0
37542,ĠRevelation,18,0
37545,Ġcoughed,18,0
37547,Ġsignified,18,0
37548,Ġsignify,18,0
37549,Ġeverlasting,18,0
37550,Ġsnails,18,0
37551,Ġsnarl,18,0
37557,Ġfrontiers,18,0
37558,Ġdeputies,18,0
37559,Ġspeculate,18,0
37560,Ġfacto,18,0
37565,ĠSpa,18,0
37567,ĠSparta,18,0
37568,Ġvalet,18,0
37569,Ġmoors,18,0
37571,Ġcreaked,18,0
37572,Ġpretence,18,0
37573,Ġwindmills,18,0
37576,ĠMythology,18,0
37578,Ġdirective,18,0
37579,Ġforensic,18,0
37580,Ġbrooding,18,0
37583,Ġallowable,18,0
37584,Ġ716,18,0
37585,ĠCarrey,18,0
37587,Ġballad,18,0
37588,Ġtriptych,18,0
37589,Ġprofusion,18,0
37591,Ġcontinuation,18,0
37592,ĠConversely,18,0
37593,Ġparched,18,0
37594,Ġpurification,18,0
37595,ĠChristina,18,0
37600,Ġprominently,18,0
37601,Ġtestimonies,18,0
37602,ĠZercher,18,0
37603,Ġ1715,18,0
37604,Ġequitable,18,0
37605,Ġsaturated,18,0
37606,ĠCommittees,18,0
37607,ĠHarmon,18,0
37611,1963,18,0
37616,ĠGerard,18,0
37619,Ġengravings,18,0
37620,Ġlineup,18,0
37624,Ġswells,18,0
37626,Ġ168,18,0
37627,Ġ169,18,0
37628,Ġburrowing,18,0
37631,ĠEverywhere,18,0
37632,Ġroundabout,18,0
37633,Ġgrasslands,18,0
37635,ĠJanina,18,0
37639,ĠMinisters,18,0
37640,Ġtotals,18,0
37644,Ġhealthier,18,0
37645,Ġauthorizes,18,0
37646,ĠCharity,18,0
37647,ĠCharley,18,0
37648,ĠAmun,18,0
37649,ĠCaen,18,0
37650,ĠUSRC,18,0
37651,ĠGodunov,18,0
37653,ĠMeantime,18,0
37654,Ġdeadliest,18,0
37655,Ġaffections,18,0
37658,ĠNeeded,18,0
37659,Ġfellowship,18,0
37661,Ġcaldera,18,0
37662,Ġ143,18,0
37663,Ġ149,18,0
37664,Ġfinalists,18,0
37667,ĠPeck,18,0
37668,Ġparental,18,0
37672,ĠMalm,18,0
37673,ĠMalta,18,0
37674,Ġarchaic,18,0
37676,Ġforties,18,0
37677,ĠElimination,18,0
37678,Ġcharacterize,18,0
37679,Ġcharacterization,18,0
37680,Ġmethodologists,18,0
37681,Ġsuperiors,18,0
37682,Ġsuperstore,18,0
37683,ĠAfonso,18,0
37686,ĠParticulate,18,0
37688,Ġwilds,18,0
37693,ĠResolution,18,0
37694,ĠResistance,18,0
37696,Ġinfluencing,18,0
37700,ĠTurbo,18,0
37702,ĠRichland,18,0
37703,ĠSmash,18,0
37708,ĠEntering,18,0
37709,ĠEnrique,18,0
37710,Ġregulates,18,0
37712,ĠCompatibility,18,0
37713,Ġnegatives,18,0
37714,Ġemeralds,18,0
37717,Ġstraightway,18,0
37718,ĠMadras,18,0
37722,ĠRiverina,18,0
37724,Ġ211,18,0
37726,Ġsecretive,18,0
37729,ĠRoses,18,0
37731,Ġregularity,18,0
37732,ĠDesigned,18,0
37735,Ġsociological,18,0
37736,Ġinnate,18,0
37737,Ġinnkeeper,18,0
37738,ĠGrandmamma,18,0
37739,ĠLois,18,0
37741,Ġmeasles,18,0
37742,ĠRoberta,18,0
37743,Ġcolonization,18,0
37748,Ġintroduces,18,0
37749,Ġpollute,18,0
37750,ĠSukey,18,0
37753,ĠImam,18,0
37755,ĠBurbank,18,0
37756,".--""",18,0
37757,ĠSusy,18,0
37760,ĠKali,18,0
37761,Ġ270,18,0
37762,ĠSalisbury,18,0
37764,ĠSammy,18,0
37765,ĠGreider,18,0
37766,Ġprogresses,18,0
37767,Ġspirituality,18,0
37768,ĠContrary,18,0
37769,Ġgroaning,18,0
37771,ĠCODA,18,0
37772,Ġcircumstantial,18,0
37773,Ġweighty,18,0
37774,Ġbriefings,18,0
37777,Ġpetroleum,18,0
37778,State,18,0
37780,Ġmilling,18,0
37787,Ġreflectively,18,0
37788,Ġsummits,18,0
37789,ĠProvincial,18,0
37790,Ġtombstones,18,0
37791,ĠBuying,18,0
37794,ĠKhoiriphaba,18,0
37795,Ġpiracy,18,0
37796,ĠMcCormick,18,0
37798,Ġconservatism,18,0
37799,ĠSunrise,18,0
37801,Ġheaviest,18,0
37803,Ġwatersports,18,0
37804,Ġtailors,18,0
37806,Ġtimeless,18,0
37807,Ġtimeliness,18,0
37809,ĠFathers,18,0
37811,ĠPani,18,0
37812,ĠCamaro,18,0
37814,Ġbehavioral,18,0
37815,ĠSurprisingly,18,0
37817,ĠMaas,18,0
37818,ĠMondale,18,0
37819,ĠINA,18,0
37821,ĠINSEE,18,0
37823,Ġtonneau,18,0
37824,Ġbleed,18,0
37826,Ġambience,18,0
37830,equipped,18,0
37831,Ġastounded,18,0
37832,Ġprofitability,18,0
37834,Ġinstructive,18,0
37835,Ġcertify,18,0
37836,Ġthoroughbred,18,0
37837,Ġthoroughfares,18,0
37838,ĠMassacre,18,0
37839,Ġdetectors,18,0
37840,ĠOswald,18,0
37843,ĠTyrians,18,0
37844,ĠTyphoon,18,0
37846,ĠAhmad,18,0
37847,ĠHaywood,18,0
37848,Ġstupas,18,0
37851,Ġreputable,18,0
37852,ĠNOW,18,0
37853,ĠNightingale,18,0
37854,Ġmaples,18,0
37855,ĠBeckett,18,0
37856,Ġwidening,18,0
37859,ĠAvailable,18,0
37860,ĠAvignon,18,0
37863,charged,18,0
37866,ĠBesar,18,0
37867,ĠVoltaire,18,0
37870,Ġdiversified,18,0
37871,ĠGalerie,18,0
37872,Ġnomads,18,0
37873,Ġnomadic,18,0
37874,Ġapproximate,18,0
37876,Ġhalepa,18,0
37878,ĠRodman,18,0
37879,ĠEllora,18,0
37882,Ġjogged,18,0
37883,ĠKathy,18,0
37884,Ġassembling,18,0
37885,Ġexcesses,18,0
37888,Ġfluent,18,0
37890,Ġamusements,18,0
37893,Ġselections,18,0
37894,Ġmotivate,18,0
37895,Ġ365,18,0
37897,ĠRadcliffe,18,0
37898,Ġgratifying,18,0
37902,Ġbattering,18,0
37904,ĠLyndon,18,0
37905,Ġpaddock,18,0
37907,Ġ1805,18,0
37908,Ġbolster,18,0
37909,ĠMarketing,18,0
37910,Ġauthored,18,0
37911,ĠWilderness,18,0
37912,Ġfoolishly,18,0
37913,ĠPrivatization,18,0
37914,ĠEmerging,18,0
37916,Ġdictates,18,0
37918,ĠMalayan,18,0
37920,Ġrefugee,18,0
37922,Ġutilizes,18,0
37923,according,18,0
37924,ĠCrewe,18,0
37925,ĠCroce,18,0
37926,ĠMaule,18,0
37927,Ġ1792,18,0
37928,ĠLimburg,18,0
37929,Ġclarification,18,0
37930,Ġsarcoma,18,0
37931,Ġsarcastically,18,0
37932,ĠBrandenburg,18,0
37933,Ġpulmonary,18,0
37934,Ġcompromises,18,0
37935,ĠCosimo,18,0
37937,Ġinefficiencies,18,0
37938,Ġconjured,18,0
37939,ĠShouldn,18,0
37940,Ġhindered,18,0
37941,Ġendeavoring,18,0
37945,ĠKataba,18,0
37946,voiced,18,0
37947,ĠVersion,18,0
37948,ĠSioux,18,0
37950,Ġsedate,18,0
37951,Ġtramping,18,0
37952,Ġintrusion,18,0
37953,ĠNanu,18,0
37956,Ġdeceiving,18,0
37959,Reilly,18,0
37960,Ġappetites,18,0
37961,ĠBrotherhood,18,0
37963,Ġcontemptible,18,0
37964,ĠZenanas,18,0
37966,ĠLaurent,18,0
37967,Ġlunatic,18,0
37968,ĠAyuntamiento,18,0
37969,ĠKidman,18,0
37970,ĠControls,18,0
37971,Ġaccelerator,18,0
37972,1971,18,0
37973,1974,18,0
37974,Ġluxuriant,18,0
37975,Ġstimulated,18,0
37976,ĠAdvisor,18,0
37978,ĠHolden,18,0
37979,ĠJuno,18,0
37980,ĠNegril,18,0
37981,ĠSMU,18,0
37982,ĠEcological,18,0
37985,Ġconspirators,18,0
37989,ĠAssessments,18,0
37990,Surely,18,0
37991,Ġcontemplation,18,0
37992,Ġcontemplated,18,0
37993,Ġbuzzing,18,0
37994,Ġfretted,18,0
37996,Ġspokesperson,18,0
37997,Ġmanifestation,18,0
37998,Ġextracts,18,0
37999,Ġsyndicated,18,0
38001,ĠCitgo,18,0
38003,ĠPuritan,18,0
38004,ĠGothenburg,18,0
38005,Ġduplication,18,0
38006,Ġdisgraceful,18,0
38007,Ġnegroes,18,0
38008,Ġcontradiction,18,0
38010,ĠKoass,18,0
38011,Ġsqueal,18,0
38012,Ġsquealing,18,0
38013,ĠKauai,18,0
38015,Ġpolarized,18,0
38016,Ġpunishments,18,0
38017,ĠIzu,18,0
38018,Ġdelegation,18,0
38020,ĠMangla,18,0
38021,ĠGlassman,18,0
38022,ĠFunny,18,0
38023,Ġrigidly,18,0
38024,Scinax,18,0
38030,Ġlurid,18,0
38031,ĠLOST,18,0
38033,Ġpyres,18,0
38034,ĠKeener,18,0
38035,Ġretrieved,18,0
38037,Ġmanipulate,18,0
38040,Ġtutor,18,0
38042,ĠBaths,18,0
38043,ĠPromise,18,0
38044,ĠGrover,18,0
38045,Ġpersecuted,18,0
38046,Ġdisobey,18,0
38047,Ġhorrific,18,0
38050,Ġpornographic,18,0
38052,ĠGriggs,18,0
38053,ĠQuantitative,18,0
38054,ĠQuantrill,18,0
38059,Ġacoustics,18,0
38060,Ġsuperstitions,18,0
38061,Ġimmortality,18,0
38062,ĠContracting,18,0
38064,ĠRavenna,18,0
38065,Ġmethinketh,18,0
38069,Ġpharmaceutical,18,0
38070,ĠBenda,18,0
38071,ĠStreorn,18,0
38073,Ġiodine,18,0
38074,ĠGretchen,18,0
38075,Ġcomplacently,18,0
38078,Ġcrankshaft,18,0
38079,ĠCollections,18,0
38081,Ġcascades,18,0
38083,everything,18,0
38085,Ġpallid,18,0
38086,Ġstifled,18,0
38087,Ġperchance,18,0
38088,Ġpsychiatrists,18,0
38089,Ġassailant,18,0
38091,Ġentrepreneurial,18,0
38092,ĠSaunders,18,0
38093,Ġbullfight,18,0
38094,Ġinwardly,18,0
38096,Ġnoiselessly,18,0
38097,Ġturbocharged,18,0
38098,ĠRothko,18,0
38099,ĠVirtually,18,0
38102,ĠEspada,18,0
38103,Ġshuffled,18,0
38104,ĠPerfectly,18,0
38106,Ġdiscrepancy,18,0
38107,Ġhaggard,18,0
38108,ĠTolliver,18,0
38110,ĠCaddesi,18,0
38111,Ġblurted,18,0
38112,Ġreceptive,18,0
38113,ĠSiberian,18,0
38114,Ġmartyred,18,0
38115,Pomona,18,0
38116,Ġnouns,18,0
38120,ĠRuffman,18,0
38121,ĠExcellent,18,0
38125,Ġsatirical,18,0
38126,ĠMaharashtra,18,0
38127,Ġpacifist,18,0
38128,politician,18,0
38129,ĠHutchinson,18,0
38130,Ġbourgeoisie,18,0
38131,ĠImportance,18,0
38132,watchers,18,0
38133,ĠSatsuma,18,0
38134,Ġarteries,18,0
38135,Ġparanoia,18,0
38136,Ġundisputed,18,0
38137,ĠLatvian,18,0
38139,ĠMundell,18,0
38140,ĠBishara,18,0
38141,Ġverandah,18,0
38143,Ġmonopolies,18,0
38144,ĠSilesia,18,0
38145,Ġibn,18,0
38146,ĠFetlar,18,0
38147,Ġplodding,18,0
38148,Ġunimpressive,18,0
38150,Ġgoldsmiths,18,0
38153,ĠIbicenco,18,0
38154,ĠBATALA,18,0
38155,ĠVisconti,18,0
38156,ĠShikoku,18,0
38157,Ġfunniest,18,0
38158,Ġnegligible,18,0
38159,ĠConstituency,18,0
38161,ĠCullen,18,0
38162,ĠRaptors,18,0
38163,ĠGopnik,18,0
38164,ĠGiorgio,18,0
38165,ĠAnchorage,18,0
38166,Ġracquetball,18,0
38168,Chiasmocleis,18,0
38169,Hungary,18,0
38170,Ġdownturn,18,0
38171,Ġinsecure,18,0
38173,ĠCrosby,18,0
38174,ĠKofukuji,18,0
38175,ĠZagreb,18,0
38176,Ġmaibis,18,0
38177,ĠPawliney,18,0
38178,ĠNubian,18,0
38179,ĠInventory,18,0
38180,ĠAristotle,18,0
38181,Ġmeticulous,18,0
38182,ĠNeanderthals,18,0
38184,Ġhandicrafts,18,0
38186,Ġadamant,18,0
38187,Ġsubgroups,18,0
38188,ĠEskdale,18,0
38189,spirited,18,0
38190,ĠWachter,18,0
38191,ĠConsortium,18,0
38194,ĠFramework,18,0
38195,ĠIndicators,18,0
38196,Pacific,18,0
38198,ĠTecumseh,18,0
38199,ĠSturgis,18,0
38200,Ġautoroute,18,0
38201,Ġsymptom,18,0
38202,Manipuri,18,0
38204,Ġbequeathed,18,0
38205,Ġcompulsory,18,0
38206,ĠShapiro,18,0
38207,Ġunbiased,18,0
38208,ĠPerugino,18,0
38209,ĠSchwarzenegger,18,0
38210,Jacques,18,0
38212,ĠPresbyterian,18,0
38213,ĠDramatic,18,0
38214,Ġstalagmites,18,0
38217,Ġshrapnel,18,0
38218,ĠDajab,18,0
38219,Ġcanvases,18,0
38220,ĠKooning,18,0
38221,ĠBracero,18,0
38222,Ġopportune,18,0
38223,ĠParvati,18,0
38224,ĠOldsmobile,18,0
38225,ĠAntwerp,18,0
38227,Soviet,18,0
38229,ĠSikkim,18,0
38231,ĠHubbard,18,0
38232,ĠGephardt,18,0
38233,ĠGethsemane,18,0
38234,ĠKolkata,18,0
38235,Ġimpromptu,18,0
38236,Ġflimsy,18,0
38239,ĠTerengganu,18,0
38240,ĠDiClemente,18,0
38241,ĠKamchatka,18,0
993,iew,17,0
2077,ĠServ,17,0
2435,ceed,17,0
3463,asion,17,0
3648,cil,17,0
4512,Ġ186,17,0
4957,erous,17,0
5102,nel,17,0
5949,ĠMem,17,0
6301,press,17,0
6392,odes,17,0
6583,adem,17,0
6834,Ġtransl,17,0
6847,uction,17,0
7072,agan,17,0
7109,father,17,0
8006,Ġ184,17,0
8166,ĠPhilipp,17,0
8893,atures,17,0
9434,athan,17,0
10445,ĠDri,17,0
10661,ĠFeder,17,0
10708,Ġsubt,17,0
11123,Wh,17,0
11226,Ġintr,17,0
11660,imated,17,0
11806,giving,17,0
12100,ĠCort,17,0
12259,Ġreass,17,0
12341,Ġentr,17,0
12440,orb,17,0
13536,Ġvir,17,0
13832,olving,17,0
13855,ĠIss,17,0
14071,ĠAbs,17,0
14462,orship,17,0
14767,shaw,17,0
14904,ĠCirc,17,0
14959,borne,17,0
15006,vre,17,0
15241,ĠGast,17,0
15247,agen,17,0
15255,rowing,17,0
15568,ĠAur,17,0
15785,ĠAven,17,0
15796,ĠPra,17,0
16029,ĠPied,17,0
16422,them,17,0
16480,cia,17,0
16514,ĠFont,17,0
16783,formed,17,0
16808,Ġ177,17,0
17164,ĠDart,17,0
17535,sis,17,0
17653,ĠRoche,17,0
17873,ĠHil,17,0
17879,olation,17,0
18164,ilation,17,0
18669,ĠPos,17,0
18824,Ġyawn,17,0
19826,ĠWend,17,0
20019,aines,17,0
20098,ĠPartners,17,0
20106,ĠValent,17,0
20266,ĠAnders,17,0
20322,ienne,17,0
20426,ĠAce,17,0
20438,ĠHide,17,0
20945,ĠZh,17,0
21051,fires,17,0
21331,uating,17,0
21394,ĠOwn,17,0
21792,financial,17,0
21952,racted,17,0
21985,ĠCrist,17,0
22015,Ġidi,17,0
22086,Hel,17,0
22099,mission,17,0
22170,ĠChal,17,0
22440,Ġchore,17,0
22443,ĠNab,17,0
23006,ĠToll,17,0
23093,Ġflick,17,0
23417,atts,17,0
23748,ĠMino,17,0
23996,ĠGit,17,0
24636,Tw,17,0
24683,ĠMist,17,0
24687,ĠBB,17,0
24793,ĠBez,17,0
24964,ĠApalach,17,0
25020,vil,17,0
25447,church,17,0
25890,Ġarter,17,0
25941,beck,17,0
26163,Rest,17,0
26302,igning,17,0
27028,lation,17,0
27056,Ġinhib,17,0
27221,ĠSof,17,0
27513,dar,17,0
27533,video,17,0
27577,ĠIDA,17,0
27639,ĠEh,17,0
28131,ĠGim,17,0
28175,ĠChoc,17,0
28545,bil,17,0
28595,Ġnig,17,0
28604,ĠAB,17,0
28814,osphere,17,0
29094,Ou,17,0
29142,Ġinert,17,0
29187,ĠWang,17,0
29244,plain,17,0
29680,nde,17,0
29849,ateral,17,0
29981,Ġenvision,17,0
30293,Friend,17,0
30556,Ġmoor,17,0
31018,Ġlass,17,0
31049,ĠBoh,17,0
31317,Ġencro,17,0
31480,Ġthunderstorm,17,0
31931,Ġsnuff,17,0
32413,High,17,0
32415,Lem,17,0
32426,Rock,17,0
32459,rack,17,0
32591,emann,17,0
32615,Ġalgebra,17,0
32720,ĠLevel,17,0
32725,lingen,17,0
32753,ĠIsmail,17,0
32856,TERS,17,0
32878,breaker,17,0
32934,ĠMelrose,17,0
32942,Ġtaluk,17,0
33124,trip,17,0
33358,utation,17,0
33506,otherapy,17,0
36424,ĠĠĠĠĠĠĠĠĠĠĠĠĠĠ,17,0
38242,"""?",17,0
38243,%),17,0
38246,?_,17,0
38247,Av,17,0
38248,Age,17,0
38250,Duty,17,0
38253,Gl,17,0
38254,GGD,17,0
38256,Hood,17,0
38258,Holy,17,0
38259,Hurry,17,0
38263,Lord,17,0
38265,Mind,17,0
38266,Nice,17,0
38267,Nonsense,17,0
38268,Oct,17,0
38271,Rob,17,0
38272,Read,17,0
38273,Rhin,17,0
38274,Retz,17,0
38275,Sorry,17,0
38277,Too,17,0
38278,Under,17,0
38282,Vill,17,0
38285,Welcome,17,0
38286,Yep,17,0
38289,bah,17,0
38291,current,17,0
38316,saving,17,0
38328,inating,17,0
38331,Ġtheows,17,0
38333,Ġsallied,17,0
38337,Ġomen,17,0
38338,Ġoss,17,0
38342,Ġbinary,17,0
38343,Ġbribes,17,0
38348,oules,17,0
38352,Ġfado,17,0
38354,Ġfumbling,17,0
38356,Ġfodder,17,0
38357,orff,17,0
38359,Ġmalt,17,0
38361,Ġmafia,17,0
38363,Ġpests,17,0
38365,Ġhunch,17,0
38366,Ġhatching,17,0
38371,Ġinroads,17,0
38374,always,17,0
38376,ĠTold,17,0
38377,ĠTarn,17,0
38379,Ġthump,17,0
38381,Ġnought,17,0
38385,Ġlovable,17,0
38388,Ġgits,17,0
38391,Ġgorse,17,0
38392,Ġgittin,17,0
38393,ĠIos,17,0
38403,Ġbefell,17,0
38407,Ġejected,17,0
38409,Ġhewn,17,0
38410,Ġonset,17,0
38418,ĠSherry,17,0
38419,ĠSector,17,0
38429,ĠMound,17,0
38430,ĠMash,17,0
38431,ĠMeyer,17,0
38432,ĠBj,17,0
38433,ĠBiz,17,0
38435,ĠBSE,17,0
38440,ĠHush,17,0
38451,Ġrumbling,17,0
38455,Ġsewed,17,0
38456,ĠWu,17,0
38458,ĠWorship,17,0
38459,ĠWERE,17,0
38469,ĠDivers,17,0
38471,ĠDitka,17,0
38472,ĠDifferences,17,0
38473,Ġchipping,17,0
38475,Ġprobe,17,0
38478,ĠLans,17,0
38480,ĠLange,17,0
38484,ĠLico,17,0
38485,ĠLHC,17,0
38487,ĠGale,17,0
38490,ĠGopal,17,0
38493,ĠRata,17,0
38497,ĠJudd,17,0
38499,Ġorgy,17,0
38500,Ġorbits,17,0
38507,Ġlevelled,17,0
38508,Ġjig,17,0
38510,Ġjingo,17,0
38511,Ġalumni,17,0
38513,ĠEf,17,0
38516,ĠEileen,17,0
38518,Ġabbot,17,0
38521,igon,17,0
38524,Ġgolly,17,0
38526,Ġ219,17,0
38531,Ġtrucking,17,0
38532,again,17,0
38533,Ġnovices,17,0
38535,ivores,17,0
38542,ĠInvisible,17,0
38543,ĠYasser,17,0
38544,inka,17,0
38553,actually,17,0
38554,ĠStructure,17,0
38557,Ġunwise,17,0
38565,Ġspying,17,0
38567,ĠChora,17,0
38568,ĠChipper,17,0
38576,ĠVinc,17,0
38580,ĠVIP,17,0
38587,Ġpartement,17,0
38597,Ġpreheater,17,0
38600,Ġbrunt,17,0
38601,Ġbragging,17,0
38602,ĠYouells,17,0
38604,Ġflushing,17,0
38606,Ġgirlhood,17,0
38608,fellows,17,0
38610,Ġcraters,17,0
38613,Ġhereabouts,17,0
38614,Ġreciting,17,0
38617,ĠAnish,17,0
38620,ĠUnix,17,0
38621,ĠUnemployment,17,0
38627,ĠAlbuquerque,17,0
38628,Ġcountered,17,0
38631,Ġsurging,17,0
38632,ĠFray,17,0
38634,ĠBrain,17,0
38635,ĠBringing,17,0
38641,Ġevictions,17,0
38642,Ġendanger,17,0
38643,Ġprovoking,17,0
38644,Ġsubordinate,17,0
38645,Ġsubprime,17,0
38646,Ġprogrammer,17,0
38647,ĠAndro,17,0
38648,Ġrestful,17,0
38649,ĠLech,17,0
38650,ĠLeigh,17,0
38651,ĠLeger,17,0
38652,Ġhighlands,17,0
38654,ĠMaroons,17,0
38655,Ġ1816,17,0
38656,Ġ1826,17,0
38657,Ġexpiration,17,0
38660,Ġinterracial,17,0
38661,ĠClimbing,17,0
38662,ĠClaims,17,0
38663,ĠCluny,17,0
38667,Ġschoolmates,17,0
38668,ĠShock,17,0
38670,Ġmetamorph,17,0
38671,Ġrealist,17,0
38672,Ġcurses,17,0
38673,Ġminnows,17,0
38675,ĠReid,17,0
38678,retirement,17,0
38679,Ġrefectory,17,0
38681,Ġclears,17,0
38682,Ġelusive,17,0
38683,Ġmarries,17,0
38684,Ġmodule,17,0
38687,Ġmotherhood,17,0
38689,Ġorganist,17,0
38690,Ġorganisations,17,0
38692,Ġsimulated,17,0
38693,Ġsimulate,17,0
38695,Ġdrilled,17,0
38696,Ġteamwork,17,0
38697,beau,17,0
38698,Ġideally,17,0
38699,Ġextricate,17,0
38701,Ġmoan,17,0
38703,Ġtwitching,17,0
38704,Ġeyesight,17,0
38706,Ġconfines,17,0
38709,ĠEdokko,17,0
38710,Ġpleases,17,0
38711,Ġforeclosed,17,0
38712,Ġforesight,17,0
38716,Ġinsistent,17,0
38718,Ġgameplay,17,0
38719,Ġ717,17,0
38721,Ġadvising,17,0
38723,ĠCarver,17,0
38730,ĠManley,17,0
38731,Ġtriumphed,17,0
38733,Ġtaxonomy,17,0
38734,Ġcontinents,17,0
38738,Ġpatents,17,0
38739,Ġpatrician,17,0
38741,Ġparalysis,17,0
38742,Ġparoled,17,0
38743,Ġpurring,17,0
38744,Ġmeme,17,0
38745,Ġcausal,17,0
38747,Ġtechnologically,17,0
38753,ĠColombo,17,0
38755,ĠZane,17,0
38757,Ġ1776,17,0
38758,Ġ1755,17,0
38760,ĠAfterward,17,0
38761,ĠHari,17,0
38762,ĠHarbour,17,0
38763,ĠHarvest,17,0
38764,ĠSoapy,17,0
38766,ĠGrito,17,0
38768,Ġoperatic,17,0
38770,ĠScala,17,0
38771,Ġsilenced,17,0
38775,ĠGeographic,17,0
38776,Ġproponent,17,0
38779,Ġoriginates,17,0
38781,ĠParole,17,0
38782,ĠParlour,17,0
38784,ĠWorst,17,0
38785,Ġ127,17,0
38786,Ġ1688,17,0
38787,ĠBarrow,17,0
38789,ĠNationality,17,0
38790,ĠWillows,17,0
38791,Ġquickness,17,0
38792,Ġcapitalize,17,0
38796,Ġleveled,17,0
38797,ĠWarning,17,0
38798,Ġtenements,17,0
38802,Ġbodyguards,17,0
38803,Ġbreakup,17,0
38807,Ġobjectivity,17,0
38811,Ġfacsimile,17,0
38813,Ġfavours,17,0
38814,ĠAmateur,17,0
38816,Ġstrives,17,0
38817,Ġstripping,17,0
38818,Ġlabors,17,0
38820,ĠNeeds,17,0
38821,Ġgunpowder,17,0
38822,Ġseafaring,17,0
38825,Ġcalories,17,0
38828,Ġadmires,17,0
38829,Ġfinalized,17,0
38830,Ġpalatial,17,0
38831,ĠCenters,17,0
38832,ĠPhilock,17,0
38834,Ġgeneralize,17,0
38835,Ġnecessities,17,0
38836,ĠElway,17,0
38837,Ġ138,17,0
38838,ĠAuguste,17,0
38839,ĠSlam,17,0
38840,ĠSlayer,17,0
38841,ĠSword,17,0
38843,Ġcastration,17,0
38845,ĠAustrians,17,0
38846,Ġbudgeted,17,0
38848,Ġautopsy,17,0
38849,Ġdroll,17,0
38851,ĠMedi,17,0
38854,Ġ301,17,0
38860,Ġstraits,17,0
38861,Ġmassively,17,0
38862,Ġdependency,17,0
38863,Ġkillers,17,0
38864,ĠBillie,17,0
38865,ĠAircraft,17,0
38866,Ġ255,17,0
38868,ĠMenace,17,0
38869,Ġdisapprove,17,0
38870,Ġachieves,17,0
38871,ĠMadurai,17,0
38873,Ġthrashing,17,0
38875,ĠValuation,17,0
38876,ĠGlover,17,0
38878,ĠLaos,17,0
38879,ĠLausanne,17,0
38882,ĠComo,17,0
38884,ĠMarks,17,0
38887,ĠCheney,17,0
38888,Ġcorrections,17,0
38889,Ġtitan,17,0
38890,ĠChildhood,17,0
38891,Ġwearied,17,0
38894,ĠCharlton,17,0
38895,ĠGoodwin,17,0
38896,ĠDistribution,17,0
38897,Ġsociable,17,0
38898,Ġsociology,17,0
38901,ĠGrands,17,0
38902,ĠGrandmother,17,0
38904,Ġsensations,17,0
38905,ĠAngelo,17,0
38907,Ġcommandment,17,0
38908,ĠAppearance,17,0
38909,Ġdocumenting,17,0
38910,Ġcowed,17,0
38912,Ġuranium,17,0
38914,175,17,0
38916,ĠLetty,17,0
38917,ĠMidi,17,0
38920,Ġseriousness,17,0
38921,Ġpanicked,17,0
38923,ĠImoinu,17,0
38925,Ġquartermaster,17,0
38931,Ġcoolest,17,0
38932,ĠMonts,17,0
38934,program,17,0
38935,Ġelectrician,17,0
38938,ĠVirgins,17,0
38939,bladed,17,0
38941,Ġmortals,17,0
38942,Ġmortification,17,0
38943,ĠContinent,17,0
38945,Ġpermissible,17,0
38946,Ġgroans,17,0
38947,Ġlogically,17,0
38951,Ġgatherings,17,0
38952,Ġembassies,17,0
38953,Stay,17,0
38954,Stand,17,0
38955,ĠWhereupon,17,0
38956,ĠCastelsarrasin,17,0
38957,ĠStudying,17,0
38958,ĠAldrich,17,0
38959,ĠGarfield,17,0
38960,ĠConsumption,17,0
38961,ĠGreenwich,17,0
38963,ĠRandi,17,0
38964,ĠCaroline,17,0
38965,Ġsubmissions,17,0
38966,Ġexpands,17,0
38968,ĠZelda,17,0
38970,ĠTrends,17,0
38972,ĠRamadan,17,0
38976,Ġcarpenters,17,0
38977,ĠTwitter,17,0
38979,visual,17,0
38981,ĠSuburban,17,0
38983,Ġempowered,17,0
38984,ĠMothers,17,0
38986,Ġtighten,17,0
38987,ĠRockies,17,0
38990,ĠWolfram,17,0
38991,ĠBasically,17,0
38992,ĠLanding,17,0
38993,Ġenvironmentalists,17,0
38994,Ġdissatisfied,17,0
38996,ĠDickens,17,0
38997,ĠRomero,17,0
38998,ĠChapman,17,0
39002,ĠHamid,17,0
39004,Ġhesitant,17,0
39006,Ġfanatics,17,0
39007,ĠMichele,17,0
39008,ĠTriple,17,0
39009,Ġultraviolet,17,0
39010,ĠTransfer,17,0
39012,Ġgangsters,17,0
39015,Ġclientele,17,0
39017,ĠAhmet,17,0
39018,ĠIranians,17,0
39019,classical,17,0
39020,ĠHomeless,17,0
39023,Ġfaintest,17,0
39024,ĠMahmud,17,0
39025,ĠMahmoud,17,0
39026,Ġabsorption,17,0
39030,Ġindicative,17,0
39031,ĠAttack,17,0
39032,ĠIrai,17,0
39033,Ġinspires,17,0
39035,commune,17,0
39037,Ġwebbed,17,0
39038,Ġoptical,17,0
39039,ĠProjected,17,0
39041,ĠVillages,17,0
39042,Ġjailed,17,0
39043,ĠHumanity,17,0
39044,Ġemphasizing,17,0
39045,ĠBraque,17,0
39046,ĠLocke,17,0
39051,Ġdisclosing,17,0
39053,choicers,17,0
39055,Ġincredulously,17,0
39057,ĠLighthouse,17,0
39058,ĠGalaxy,17,0
39059,ĠHyakutake,17,0
39060,Ġelegantly,17,0
39061,Ġsubsidizing,17,0
39062,ĠProducers,17,0
39064,Ġnicaut,17,0
39065,Ġundertone,17,0
39067,ĠAshford,17,0
39068,Ġmurmuring,17,0
39070,ĠObelisk,17,0
39071,Ġrumored,17,0
39072,ĠIraqis,17,0
39073,Ġexpended,17,0
39074,ĠVerona,17,0
39075,Ġenhances,17,0
39076,Ġsneaked,17,0
39077,ĠBOB,17,0
39078,particularly,17,0
39080,Ġsimplistic,17,0
39081,Ġcomedic,17,0
39082,ĠCalling,17,0
39084,Ġclinicians,17,0
39086,ĠMotel,17,0
39087,ĠJournalism,17,0
39089,Ġsuspecting,17,0
39092,ĠMatrix,17,0
39094,Ġcrowning,17,0
39095,Ġregretfully,17,0
39098,Ġskillful,17,0
39099,Ġaccommodating,17,0
39101,Ġenclaves,17,0
39103,Ġsurreal,17,0
39105,Ġdrifts,17,0
39106,Ġstrikingly,17,0
39107,Ġ1808,17,0
39108,Ġmoderation,17,0
39109,Ġmoderates,17,0
39110,ĠLAURA,17,0
39111,ĠCorniche,17,0
39114,Ġtreasurer,17,0
39116,Ġretreats,17,0
39117,Ġ1837,17,0
39118,ĠJacobs,17,0
39119,ĠJacobite,17,0
39120,Ġstabbing,17,0
39121,Ġrivalries,17,0
39122,Ġleaflet,17,0
39123,ĠNazionale,17,0
39125,Ġferment,17,0
39127,Ġartifact,17,0
39129,Ġrecruits,17,0
39130,ĠDamn,17,0
39131,Ġfacilitates,17,0
39132,Ġlunged,17,0
39133,Ġjazzercise,17,0
39135,Ġswallows,17,0
39137,Ġfriendships,17,0
39138,Ġ1794,17,0
39139,Ġtolerated,17,0
39140,Ġthundering,17,0
39141,ĠNYU,17,0
39142,Ġindigestion,17,0
39143,ĠTsim,17,0
39144,Ġthankfulness,17,0
39145,ĠMerrimack,17,0
39146,Leima,17,0
39148,ĠSnider,17,0
39151,ĠKingsport,17,0
39155,Ġtrumped,17,0
39156,ĠFederals,17,0
39158,Ġchimps,17,0
39160,Ġproclaim,17,0
39161,Ġproclaiming,17,0
39164,Ġequivalents,17,0
39165,Ġexecutioner,17,0
39166,Ġunnecessarily,17,0
39167,poem,17,0
39168,Ġacknowledgment,17,0
39169,Ġsupervise,17,0
39171,ĠCatalogue,17,0
39173,ĠFalcon,17,0
39174,ĠCollin,17,0
39175,ĠLesser,17,0
39176,akht,17,0
39177,Ġclerical,17,0
39180,Ġmasthead,17,0
39182,Ġenhancements,17,0
39183,ĠWrote,17,0
39185,Ġirrepressible,17,0
39186,ĠLaurence,17,0
39187,Ġindulging,17,0
39189,Ġalpha,17,0
39192,ĠRowlett,17,0
39193,ĠRicardian,17,0
39195,CIO,17,0
39196,ĠDimitri,17,0
39197,Ġcatalytic,17,0
39199,Ġwitchcraft,17,0
39200,ĠMunshi,17,0
39201,Ġresentful,17,0
39202,Ġreorganisation,17,0
39203,Ġreunions,17,0
39204,Ġascetic,17,0
39205,Ġascertained,17,0
39206,Ġravines,17,0
39207,Ġobjectionable,17,0
39208,Ġpapyrus,17,0
39209,Ġruefully,17,0
39211,Ġpuffing,17,0
39213,ĠConduct,17,0
39214,ĠLevine,17,0
39215,ĠClayton,17,0
39217,Ġexaggerate,17,0
39219,ĠBowen,17,0
39220,Ġcommemorating,17,0
39221,Ġmockery,17,0
39222,ĠGaol,17,0
39225,Ġpresumption,17,0
39226,Ġinsistence,17,0
39227,Neill,17,0
39228,Ġwarehouses,17,0
39229,ĠAbrams,17,0
39231,Ġbarbaric,17,0
39232,Ġfatigued,17,0
39233,ĠEffectiveness,17,0
39236,ĠKonrad,17,0
39238,ĠTutmosis,17,0
39239,ĠOkayama,17,0
39240,Ġundergrowth,17,0
39241,ĠIRAs,17,0
39242,ĠDerby,17,0
39243,ĠStockholm,17,0
39244,ĠMarxism,17,0
39247,ĠPraise,17,0
39248,ĠAbbas,17,0
39249,ĠResponse,17,0
39250,Ġoaths,17,0
39252,Ġhemisphere,17,0
39253,ĠNongthang,17,0
39254,ĠNongpok,17,0
39255,Ġconfederation,17,0
39256,ĠAppeal,17,0
39257,Ġpenned,17,0
39258,Ġguerilla,17,0
39259,Ġlavishly,17,0
39260,Ġseminary,17,0
39261,Ġattainment,17,0
39263,ĠWatkins,17,0
39264,ĠLodi,17,0
39265,ĠClaremont,17,0
39267,ĠLiterary,17,0
39268,Ġtransfixed,17,0
39270,ĠHappily,17,0
39271,Ġconcealment,17,0
39273,Ġferocity,17,0
39274,ĠProsperity,17,0
39275,ĠKasich,17,0
39276,Ġdwarfed,17,0
39277,garden,17,0
39278,ĠTunisian,17,0
39279,Ġanthropologists,17,0
39280,Ġcroses,17,0
39281,Ġunanimously,17,0
39282,ĠKemal,17,0
39284,ĠHydro,17,0
39285,ĠHydrogen,17,0
39286,Ġrepayment,17,0
39287,ĠBeaufort,17,0
39289,ĠLicense,17,0
39292,Ġvoucher,17,0
39293,Ġaugment,17,0
39294,Ġmethinks,17,0
39296,ĠJurassic,17,0
39299,Ġmitigating,17,0
39300,Ġoutcry,17,0
39302,twenty,17,0
39303,Ġbeggars,17,0
39304,ĠLobos,17,0
39305,Arctotherium,17,0
39306,Ġbungalows,17,0
39307,ĠCelebrity,17,0
39309,ĠMathews,17,0
39310,ĠEXP,17,0
39311,ĠHakone,17,0
39313,ĠCantonese,17,0
39315,Ġpsychiatrist,17,0
39316,Mickey,17,0
39318,Ġstalked,17,0
39320,Ġcaverns,17,0
39321,Ġembodies,17,0
39325,Ġrhetorical,17,0
39326,Ġbullfights,17,0
39327,Ġabbreviations,17,0
39329,ĠRisks,17,0
39330,ĠVirgil,17,0
39331,Ġrepentance,17,0
39332,ĠStrauss,17,0
39333,behaved,17,0
39334,ĠCommentators,17,0
39335,Ġstereotype,17,0
39337,ĠArdennes,17,0
39340,Ġsophomore,17,0
39341,Ġcondemnation,17,0
39343,ĠKabuki,17,0
39344,ĠTrout,17,0
39345,ĠTrouble,17,0
39346,Ġbellowed,17,0
39347,ĠGazette,17,0
39349,Ġcognitive,17,0
39351,ĠPillars,17,0
39352,Ġyachting,17,0
39353,ĠRipley,17,0
39354,Couldn,17,0
39356,Ġinterrogated,17,0
39357,Ġburglar,17,0
39358,Ġchiseling,17,0
39360,ĠProcedures,17,0
39361,Ġdissipated,17,0
39362,Ġmacroeconomic,17,0
39363,conditioning,17,0
39364,Office,17,0
39365,Ġcoughing,17,0
39366,ĠHKTA,17,0
39368,Ġlikened,17,0
39369,ĠRidley,17,0
39370,ĠRegina,17,0
39371,Ġhumiliating,17,0
39372,Ġcolonnaded,17,0
39373,ĠSentai,17,0
39374,Ġplaintive,17,0
39376,ĠAdjustments,17,0
39378,Ġchurning,17,0
39381,Ġstealthily,17,0
39382,ĠHammerhead,17,0
39383,ĠTongva,17,0
39384,Ġunforgettable,17,0
39386,Ġgirdle,17,0
39387,ĠNinety,17,0
39388,ĠEmanuele,17,0
39389,Ġparanoid,17,0
39390,Restless,17,0
39392,Ġstupendous,17,0
39393,ĠStupa,17,0
39395,Ġindictment,17,0
39397,ĠSueur,17,0
39398,ĠPersepolis,17,0
39399,ĠSurvivors,17,0
39400,Ġculminating,17,0
39401,Ġsomersaults,17,0
39402,ĠHuston,17,0
39403,ĠGlendale,17,0
39404,Ġincessantly,17,0
39406,ĠDoubtless,17,0
39407,Ġailments,17,0
39408,ĠDrawing,17,0
39410,Ġbuccaneers,17,0
39411,Ġsanctioned,17,0
39412,ĠCornwallis,17,0
39413,Ġaesthetics,17,0
39414,Ġapprenticeship,17,0
39415,Ġmishap,17,0
39420,ĠTejano,17,0
39421,ĠPoetry,17,0
39422,Ġlandslide,17,0
39423,Ġsubtitles,17,0
39424,ĠInquiry,17,0
39425,Ġskyrocketed,17,0
39426,Ġproprietor,17,0
39427,ĠIpoh,17,0
39428,ĠBorrowing,17,0
39429,Ġplagiarism,17,0
39430,functional,17,0
39431,Ġsmithy,17,0
39433,ĠToshogu,17,0
39434,ĠMINIX,17,0
39435,ĠBuryatia,17,0
39436,Ġwavering,17,0
39437,Ġeternity,17,0
39438,ĠMazzariello,17,0
39439,ĠDoyle,17,0
39440,Ġmonologue,17,0
39441,Ġinfertile,17,0
39442,ĠMozambique,17,0
39443,European,17,0
39444,Richard,17,0
39446,Ġdesirous,17,0
39447,Ġbigotry,17,0
39448,Ġundecided,17,0
39449,ĠElectronics,17,0
39450,Ġunconcerned,17,0
39451,Ġunintelligible,17,0
39452,Ġboisterous,17,0
39453,Ġnewsweeklies,17,0
39454,ĠSanamahi,17,0
39455,ĠMerriwell,17,0
39456,ĠMcConnell,17,0
39459,Ġorchestral,17,0
39463,Ġparchment,17,0
39464,Ġburgeoning,17,0
39465,Robert,17,0
39466,ĠSphinx,17,0
39468,ĠGakuen,17,0
39470,ĠThangjing,17,0
39471,ĠKizuna,17,0
39472,ĠTopkape,17,0
39473,Ġcrockery,17,0
39474,Ġcyberspace,17,0
39475,ĠAurangzeb,17,0
39478,Ġresplendent,17,0
39480,ĠCheyenne,17,0
39481,ĠBOMBA,17,0
39482,Ġuneventful,17,0
39483,Gosport,17,0
39484,Ġinterspersed,17,0
39485,Ġkaraoke,17,0
39486,ĠUffizi,17,0
39487,Ġdefenseless,17,0
39488,Ġextracurricular,17,0
39489,ĠNeuharth,17,0
39490,ĠGoliath,17,0
39491,Ġjungles,17,0
39492,Ġarduous,17,0
39493,ĠUntouchables,17,0
39494,ĠHiroshima,17,0
987,Ġfam,16,0
1141,ember,16,0
1647,Ġprot,16,0
1717,Ġtechn,16,0
2185,hod,16,0
2325,ĠItal,16,0
2787,ribut,16,0
2934,Ġrout,16,0
3099,ctions,16,0
3136,isions,16,0
3541,Ġfle,16,0
3732,ications,16,0
3936,inct,16,0
4112,mn,16,0
4368,igr,16,0
4722,itzer,16,0
4900,ĠColle,16,0
5494,Ġimpl,16,0
5591,otion,16,0
6940,urally,16,0
7384,holders,16,0
7628,oration,16,0
7800,Ġexpend,16,0
8691,rations,16,0
8885,rels,16,0
9342,etime,16,0
9906,osaur,16,0
10971,commun,16,0
11408,ĠMons,16,0
11667,ĠEth,16,0
11715,ĠHast,16,0
11726,ĠChin,16,0
11940,ĠHC,16,0
12042,amas,16,0
12069,ĠAbd,16,0
12132,ĠBrook,16,0
12375,Ġdub,16,0
12619,Ġrenown,16,0
13046,uman,16,0
13245,Ġasc,16,0
13249,unts,16,0
13597,ethe,16,0
13999,ĠRiv,16,0
14085,ĠVic,16,0
14309,wari,16,0
14746,ĠNiger,16,0
14823,ithe,16,0
14962,forward,16,0
15106,ĠEffect,16,0
15254,Ġobl,16,0
15768,pres,16,0
15962,ĠAbb,16,0
15971,ĠBurg,16,0
16136,Ġlac,16,0
16262,ĠKel,16,0
16499,ĠSop,16,0
16505,chio,16,0
16741,reach,16,0
17147,ĠSull,16,0
17184,Ġscal,16,0
17378,Ġerupt,16,0
17664,ĠPleasant,16,0
17897,ĠKem,16,0
18319,amar,16,0
18443,ĠHunting,16,0
19238,ahn,16,0
19286,ĠQuay,16,0
19731,ĠSunny,16,0
20410,rates,16,0
20411,tub,16,0
20437,ĠHort,16,0
20457,ĠYang,16,0
21045,NBC,16,0
21058,vill,16,0
21112,ĠFant,16,0
21591,dal,16,0
21603,itic,16,0
21625,ĠBast,16,0
21636,thal,16,0
22053,Ġsuccumb,16,0
22085,Comm,16,0
22147,ĠGaz,16,0
22358,Ant,16,0
22380,writers,16,0
22418,ĠCPA,16,0
22426,ĠPere,16,0
22678,gain,16,0
22692,Ġdy,16,0
22781,ensing,16,0
22792,version,16,0
22913,Ġdictators,16,0
23097,awed,16,0
23336,ĠPret,16,0
23976,ĠPah,16,0
24354,ĠThr,16,0
24745,ĠVik,16,0
24891,Char,16,0
24949,ĠKazakh,16,0
25068,ĠPod,16,0
25086,ĠJak,16,0
25465,ĠRas,16,0
25479,oso,16,0
25953,ĠConner,16,0
26109,Ġcontradict,16,0
26236,opia,16,0
26716,ĠCham,16,0
27509,Port,16,0
27521,mast,16,0
27608,ĠPerm,16,0
27668,Ġgruff,16,0
27703,Ġstrat,16,0
27729,Ġforesee,16,0
27765,Ġcaliph,16,0
28114,ĠFou,16,0
28153,udi,16,0
28188,Ġflirt,16,0
28279,Ġexcerpt,16,0
28532,Af,16,0
28640,ĠBard,16,0
28658,ulp,16,0
28692,ĠHeat,16,0
29112,pence,16,0
29257,Ġreson,16,0
29661,nation,16,0
29703,lles,16,0
29736,ĠCore,16,0
29767,ĠWen,16,0
30046,ĠAuditor,16,0
30446,ivities,16,0
30579,hya,16,0
31250,bois,16,0
31365,ĠPrec,16,0
31513,Ġprefix,16,0
31636,ĠHapsburg,16,0
31761,ĠPater,16,0
31770,ĠWays,16,0
31850,ĠKus,16,0
31862,Ġprick,16,0
31959,Ġconcurrent,16,0
32028,ĠCoz,16,0
32036,Ġepoch,16,0
32343,violence,16,0
32427,SB,16,0
32482,aty,16,0
32490,ority,16,0
32670,Ġbrothel,16,0
32822,ocratic,16,0
33228,ĠUttar,16,0
33235,"""]",16,0
33291,yar,16,0
33349,ĠAGA,16,0
33402,Ġrumin,16,0
33473,ĠYuf,16,0
33476,ĠKah,16,0
33498,ĠChir,16,0
33607,Ġparlour,16,0
33698,setting,16,0
33869,ĠFuj,16,0
33951,ĠBrahman,16,0
34167,dorf,16,0
34223,anov,16,0
39495,"""-",16,0
39496,1000,16,0
39497,115,16,0
39498,230,16,0
39500,":""",16,0
39507,David,16,0
39509,Ev,16,0
39511,Five,16,0
39514,Greek,16,0
39517,Humph,16,0
39518,Its,16,0
39519,Irene,16,0
39523,Ki,16,0
39526,MLB,16,0
39529,Public,16,0
39530,Peter,16,0
39532,Place,16,0
39536,Try,16,0
39540,Wild,16,0
39543,_],16,0
39549,dancing,16,0
39550,does,16,0
39551,eaters,16,0
39562,loop,16,0
39563,major,16,0
39573,series,16,0
39585,Ġ000,16,0
39590,Ġarouse,16,0
39591,inho,16,0
39595,Ġsire,16,0
39598,Ġsincerity,16,0
39601,Ġwagged,16,0
39603,Ġwaning,16,0
39604,Ġwiry,16,0
39606,Ġousted,16,0
39607,Ġoasis,16,0
39612,Ġbans,16,0
39614,Ġbudge,16,0
39615,Ġbribed,16,0
39620,Ġcooped,16,0
39621,Ġcasket,16,0
39622,Ġcetera,16,0
39626,Ġfen,16,0
39630,Ġmists,16,0
39634,Ġmamba,16,0
39640,Ġpell,16,0
39641,Ġprying,16,0
39642,Ġpumas,16,0
39651,alias,16,0
39653,ĠTum,16,0
39654,ĠTack,16,0
39655,ĠTick,16,0
39656,ĠTull,16,0
39657,ĠTaken,16,0
39659,ĠTipper,16,0
39664,Ġthumped,16,0
39671,Ġgash,16,0
39672,Ġgushing,16,0
39674,Ġgums,16,0
39680,Ġislets,16,0
39682,ĠAso,16,0
39683,ĠAug,16,0
39689,Ġbefriend,16,0
39694,struck,16,0
39695,Ġreworked,16,0
39696,Ġheady,16,0
39702,ĠSarnath,16,0
39706,Ġstinging,16,0
39709,Ġforgery,16,0
39712,ĠCame,16,0
39713,ĠCree,16,0
39717,ĠCodes,16,0
39718,ĠCigarettes,16,0
39719,ĠMice,16,0
39720,ĠMia,16,0
39721,ĠMorrow,16,0
39723,ĠMGM,16,0
39726,Ġwhaling,16,0
39729,ĠBunt,16,0
39732,ĠBette,16,0
39733,ĠBLS,16,0
39734,Ġhaute,16,0
39735,Ġhapless,16,0
39737,ĠHida,16,0
39741,ĠHDS,16,0
39742,Ġaspire,16,0
39747,ĠPb,16,0
39750,ĠPeng,16,0
39756,Ġrvi,16,0
39757,Ġdoan,16,0
39766,Ġshoguns,16,0
39767,Ġdeems,16,0
39768,thinking,16,0
39774,ĠFaz,16,0
39776,ĠFunction,16,0
39778,ĠFlesh,16,0
39780,estate,16,0
39803,ĠLut,16,0
39806,ĠLosing,16,0
39808,ĠLoves,16,0
39809,ĠLuna,16,0
39810,ĠLido,16,0
39811,ĠLizzie,16,0
39813,ĠGout,16,0
39816,ĠRost,16,0
39817,ĠRake,16,0
39818,ĠRond,16,0
39821,ĠRanas,16,0
39824,ĠJiang,16,0
39825,ĠJammu,16,0
39826,usting,16,0
39831,Ġleeches,16,0
39835,ĠErik,16,0
39836,Ġabated,16,0
39837,Ġabject,16,0
39838,Ġabashed,16,0
39839,Ġabounded,16,0
39843,Ġalluring,16,0
39848,Ġuplifting,16,0
39853,indeed,16,0
39855,Ġintro,16,0
39859,Ġ191,16,0
39860,ĠThress,16,0
39863,Ġcliches,16,0
39865,ĠInquisition,16,0
39866,ĠYad,16,0
39868,Ġ206,16,0
39870,ĠKool,16,0
39873,ĠKnown,16,0
39874,ĠKao,16,0
39875,ĠKYC,16,0
39876,ĠKijiji,16,0
39882,Ġdiocese,16,0
39884,ĠUrian,16,0
39890,ĠStad,16,0
39892,"."".",16,0
39897,Ġunaddressed,16,0
39898,Ġunassuming,16,0
39899,Ġunlooked,16,0
39900,Ġovercoming,16,0
39901,Ġoverpriced,16,0
39903,Ġquery,16,0
39904,Ġprudence,16,0
39905,Ġoffline,16,0
39912,ĠChurches,16,0
39913,ĠChandra,16,0
39928,ĠVoyage,16,0
39941,ĠWeaver,16,0
39946,Ġimpolite,16,0
39947,Ġbrine,16,0
39949,Ġbragged,16,0
39950,intensive,16,0
39952,Ġflaring,16,0
39956,Ġlongitude,16,0
39957,Ġmenopause,16,0
39959,Ġattaining,16,0
39960,tek,16,0
39961,Ġhandover,16,0
39963,Ġrecency,16,0
39972,Ġwrung,16,0
39980,Ġrelapsed,16,0
39982,Ġentreated,16,0
39983,Ġshowman,16,0
39984,Ġassures,16,0
39985,Ġwaterways,16,0
39986,Ġinvincible,16,0
39987,Ġpresiding,16,0
39988,Ġpresorted,16,0
39990,eller,16,0
39993,Ġyearning,16,0
39994,Ġyearned,16,0
39997,Ġdecreed,16,0
39998,Ġdecaying,16,0
39999,ĠNewell,16,0
40000,Ġglued,16,0
40001,Ġevokes,16,0
40002,Ġevidenced,16,0
40005,Ġretribution,16,0
40008,Ġsubprefecture,16,0
40009,Ġearners,16,0
40012,ĠArrondissement,16,0
40013,Ġterrestrial,16,0
40016,Ġdrags,16,0
40018,Ġaddict,16,0
40020,ĠMarry,16,0
40022,ĠMariana,16,0
40023,ĠĠĠĠĠĠĠĠĠĠĠĠĠĠĠ,16,0
40024,Ġ1822,16,0
40025,Ġ1827,16,0
40028,Ġexposures,16,0
40029,Ġserge,16,0
40032,ĠClovis,16,0
40038,ĠShadows,16,0
40039,Ġrealistically,16,0
40041,Ġminors,16,0
40042,ĠRex,16,0
40044,ĠReasons,16,0
40046,Ġdefer,16,0
40047,Ġdefied,16,0
40048,Ġdefunct,16,0
40050,Ġelm,16,0
40053,Ġbenign,16,0
40056,Ġformulated,16,0
40059,ĠAdoration,16,0
40064,ĠBeast,16,0
40066,Ġ6300,16,0
40067,bearer,16,0
40069,ĠSpike,16,0
40070,ĠDeir,16,0
40071,Ġvaluing,16,0
40072,Ġconfide,16,0
40073,raction,16,0
40074,Ġfunerals,16,0
40077,Ġreviled,16,0
40080,Ġlightened,16,0
40081,Ġexploding,16,0
40082,Ġworkings,16,0
40083,Ġmeddle,16,0
40084,Ġincrement,16,0
40085,Ġlegality,16,0
40086,Ġvein,16,0
40087,Ġstealthy,16,0
40091,Ġconcurred,16,0
40092,Ġfieldwork,16,0
40093,ĠFlossie,16,0
40096,Ġbarter,16,0
40097,Ġdeluge,16,0
40098,Ġsentries,16,0
40100,Ġcondo,16,0
40103,Ġcondensed,16,0
40104,Ġmidwest,16,0
40106,Ġtestament,16,0
40107,ĠColt,16,0
40110,ĠQatar,16,0
40111,Ġ1760,16,0
40112,Ġ1770,16,0
40113,Ġ1763,16,0
40114,Ġsatire,16,0
40116,Ġclassify,16,0
40120,Ġlowly,16,0
40123,ĠPlenty,16,0
40124,ĠHerring,16,0
40125,Ġinvests,16,0
40126,ĠBenita,16,0
40127,Ġ158,16,0
40129,ĠBluff,16,0
40130,ĠToad,16,0
40131,ĠTrotter,16,0
40133,ĠExternal,16,0
40136,Ġhurl,16,0
40137,Ġimprobable,16,0
40138,Ġtraveller,16,0
40142,Ġmagistrate,16,0
40143,ĠBarton,16,0
40144,Ġ1650,16,0
40145,Ġ1660,16,0
40146,Ġ1621,16,0
40147,Ġexcruciating,16,0
40148,Ġcoroner,16,0
40149,Ġmailstream,16,0
40151,Ġavailed,16,0
40153,Ġmotels,16,0
40154,Ġtenor,16,0
40156,Ġsquads,16,0
40157,ĠPerrient,16,0
40158,Ġprepayment,16,0
40159,ĠWorldwide,16,0
40161,ĠPresidency,16,0
40164,Ġlocalities,16,0
40165,ĠTears,16,0
40167,Ġpainless,16,0
40169,Ġsalinity,16,0
40170,Ġsaluting,16,0
40173,Ġauthoritative,16,0
40175,ĠAmida,16,0
40177,Ġinflict,16,0
40178,Ġinflamed,16,0
40179,Ġinflicting,16,0
40181,Ġlaboured,16,0
40182,ĠMeans,16,0
40184,ĠXia,16,0
40185,Ġcritters,16,0
40186,Ġfutures,16,0
40190,ĠPresidentas,16,0
40193,Ġ148,16,0
40194,Ġoneself,16,0
40196,ĠMalone,16,0
40197,Ġstationery,16,0
40199,ĠElle,16,0
40200,ĠElite,16,0
40202,Ġillusions,16,0
40203,Ġprivateers,16,0
40204,Ġsuperfluous,16,0
40205,ĠAccademia,16,0
40206,Ġenvied,16,0
40207,Ġaccession,16,0
40209,ĠMonty,16,0
40210,Ġsuddenness,16,0
40211,Ġwildfires,16,0
40212,Ġviolating,16,0
40213,Ġarenas,16,0
40214,Ġcirculating,16,0
40215,faction,16,0
40216,Ġtotaling,16,0
40217,ĠCalifornians,16,0
40218,Ġcaptor,16,0
40219,ĠRomano,16,0
40220,ĠFrankfurt,16,0
40221,Ġfares,16,0
40223,Ġstrapping,16,0
40224,Ġcopped,16,0
40225,ĠQuentin,16,0
40229,Ġmiscon,16,0
40230,ĠCompound,16,0
40231,ĠCompensation,16,0
40233,Ġzquez,16,0
40237,Ġerased,16,0
40238,Ġerosion,16,0
40239,Ġhangover,16,0
40241,ĠPatna,16,0
40243,Ġradiance,16,0
40244,Ġradios,16,0
40245,Ġsexist,16,0
40246,Ġ1006,16,0
40249,Ġspecificity,16,0
40250,ĠValues,16,0
40251,ĠRegis,16,0
40252,ĠRegions,16,0
40253,Ġsavvy,16,0
40256,Ġprimate,16,0
40257,Ġprimordial,16,0
40258,ĠCompromise,16,0
40259,Ġscreenings,16,0
40261,Ġtitans,16,0
40267,Ġsensual,16,0
40268,Ġtruthfully,16,0
40269,ĠSteff,16,0
40270,Ġgripe,16,0
40271,ĠBobbie,16,0
40272,ĠApplying,16,0
40273,Ġarranger,16,0
40274,ĠParisians,16,0
40275,Ġpreventative,16,0
40277,Ġundue,16,0
40278,Ġundiscovered,16,0
40280,Though,16,0
40281,ĠMidnight,16,0
40282,Ġbiographies,16,0
40287,ĠHighgate,16,0
40288,Ġwealthier,16,0
40291,ĠSusa,16,0
40292,ĠMilky,16,0
40293,ĠBelmonte,16,0
40294,Ġsplintered,16,0
40295,ĠFreddie,16,0
40296,Ġstrategist,16,0
40297,ĠSalinas,16,0
40298,Ġexhibiting,16,0
40299,Ġ266,16,0
40300,Ġbraver,16,0
40301,ĠRecreation,16,0
40302,Ġconditioned,16,0
40304,Ġgroped,16,0
40305,Ġ280,16,0
40306,Ġgateways,16,0
40308,ĠCOX,16,0
40311,ĠKeats,16,0
40312,ĠArticle,16,0
40313,ĠBuddy,16,0
40314,ĠHumane,16,0
40315,Ġlaughingly,16,0
40316,Ġguideline,16,0
40318,ĠDayana,16,0
40319,Ġsprained,16,0
40320,Ġflatly,16,0
40321,Ġbulwark,16,0
40322,Ġcolumnists,16,0
40323,Ġapartheid,16,0
40326,ĠVictims,16,0
40327,ĠBucephalus,16,0
40328,ĠHilliker,16,0
40330,ĠAnybody,16,0
40333,ĠCurrie,16,0
40334,Ġcriticised,16,0
40336,Ġmutter,16,0
40338,Ġfruitful,16,0
40341,Ġthrills,16,0
40342,ĠModels,16,0
40343,Ġderives,16,0
40344,Ġderanged,16,0
40347,ĠWallops,16,0
40348,ĠJosep,16,0
40352,Ġhideaway,16,0
40353,Ġpigment,16,0
40357,Ġborderline,16,0
40358,ĠSubsequent,16,0
40359,ĠPenalties,16,0
40360,ĠBarrymore,16,0
40361,ĠBaba,16,0
40362,ĠBabe,16,0
40364,ĠCatholicism,16,0
40365,ĠNortheastern,16,0
40367,ĠMelville,16,0
40368,Ġhampered,16,0
40369,Ġhamlets,16,0
40371,ĠUsed,16,0
40373,ĠCorporations,16,0
40375,ĠSelim,16,0
40376,ĠBonny,16,0
40377,ĠWaldenburg,16,0
40378,Ġfondness,16,0
40379,ĠDarby,16,0
40382,ĠEconomist,16,0
40383,ĠInterim,16,0
40384,ĠFeeling,16,0
40385,Ġfascist,16,0
40386,America,16,0
40387,Ġrevolves,16,0
40391,ĠFilippo,16,0
40392,bells,16,0
40393,Ġdemocrats,16,0
40396,Ġtribesmen,16,0
40398,Ġdockyard,16,0
40399,ĠSuperintendent,16,0
40400,ĠKyiv,16,0
40401,ĠEsplanade,16,0
40404,ĠEdwardian,16,0
40405,Ġadvocating,16,0
40409,Ġmystified,16,0
40411,Ġprincipality,16,0
40412,ĠBudgetary,16,0
40413,Ġdelaying,16,0
40415,Ġpinfall,16,0
40416,ĠStatutes,16,0
40417,ĠSaxton,16,0
40418,ĠBiological,16,0
40419,Ġopting,16,0
40420,ĠHalsey,16,0
40421,Ġlicensing,16,0
40422,ĠPuja,16,0
40423,ĠSands,16,0
40424,Ġsacrificing,16,0
40426,ĠMailer,16,0
40427,ĠBraves,16,0
40431,ĠDenis,16,0
40432,ĠGalveston,16,0
40433,Ġfetters,16,0
40434,Ġforbids,16,0
40437,Ġstupidly,16,0
40439,otype,16,0
40440,ĠRetiro,16,0
40442,ĠVerdy,16,0
40444,Ġdisagreeing,16,0
40445,Ġjogs,16,0
40446,ĠBalanced,16,0
40447,Ġfueled,16,0
40448,ĠMoMA,16,0
40449,ĠPaying,16,0
40452,contained,16,0
40453,Ġnarrower,16,0
40454,Ġnarratives,16,0
40456,Ġtasteless,16,0
40457,Ġexpedited,16,0
40458,Ġtemptations,16,0
40459,Ġplaygrounds,16,0
40460,Ġknighthood,16,0
40462,Ġdominions,16,0
40463,ĠRadiation,16,0
40464,Ġgratify,16,0
40466,ĠLangdale,16,0
40470,Ġintentional,16,0
40471,Ġ1809,16,0
40472,ĠBarbary,16,0
40474,Ġprohibiting,16,0
40475,Ġgrimaced,16,0
40476,Ġ1833,16,0
40478,ĠBreaking,16,0
40480,ĠChao,16,0
40481,Ġapologetic,16,0
40482,Ġscripted,16,0
40484,ĠAmbient,16,0
40485,ĠEleventh,16,0
40488,ĠWednesdays,16,0
40490,ĠDeco,16,0
40491,Ġfabrication,16,0
40495,ĠLegion,16,0
40496,Ġcuriosities,16,0
40498,ĠMercado,16,0
40499,Ask,16,0
40500,ĠCrocker,16,0
40501,Ġreproductions,16,0
40503,Ġrenders,16,0
40504,Onofrio,16,0
40505,ĠCooperstown,16,0
40507,Ġcompromising,16,0
40508,ĠEnterprise,16,0
40509,Going,16,0
40512,ĠBelgians,16,0
40513,ĠEvaluations,16,0
40514,ĠEvaluating,16,0
40515,Ġtactical,16,0
40516,ĠSeti,16,0
40517,Ġmistresses,16,0
40518,Ġvariants,16,0
40519,ĠGuadalest,16,0
40520,Canadian,16,0
40523,starred,16,0
40530,Ġintrusive,16,0
40531,Ġdiplomats,16,0
40532,ĠMonsanto,16,0
40533,Ġappetizing,16,0
40534,ĠPremature,16,0
40535,Ġrowspan,16,0
40536,Ġaccumulation,16,0
40537,somebody,16,0
40538,ĠBaden,16,0
40539,Ġenhancement,16,0
40540,ĠPontiac,16,0
40543,ĠDominic,16,0
40544,ĠDominion,16,0
40546,ĠMessiah,16,0
40548,Ġcannonballs,16,0
40549,ĠVegalta,16,0
40550,ĠAbdel,16,0
40551,1979,16,0
40552,Ġbarrens,16,0
40553,Ġawkwardness,16,0
40556,ĠGrail,16,0
40558,ĠMuncaster,16,0
40559,ĠExtensions,16,0
40560,ĠHandel,16,0
40561,ĠNegative,16,0
40562,ĠSepoys,16,0
40566,Ġcommemoration,16,0
40567,ĠRicky,16,0
40568,Ġvoicing,16,0
40569,ĠPhoenicians,16,0
40570,Ġpolychrome,16,0
40571,Ġadapting,16,0
40572,Ġalteration,16,0
40573,ĠOpponents,16,0
40575,ĠDarkness,16,0
40576,Ġappointing,16,0
40577,ĠLedbetter,16,0
40578,Ġpleasurable,16,0
40580,Ġupgrades,16,0
40581,Ġfoxes,16,0
40583,ĠKnowles,16,0
40584,ĠClient,16,0
40586,Ġconstituencies,16,0
40587,Ġgovernesses,16,0
40588,Ġ587,16,0
40589,Ġperpetrated,16,0
40591,Ġpresumptuous,16,0
40594,Ġexerted,16,0
40595,Ġmetaphors,16,0
40597,ĠEighth,16,0
40598,ĠSteelers,16,0
40599,Ġgrieving,16,0
40601,ĠBundestag,16,0
40602,ĠNiigata,16,0
40603,Ġrecesses,16,0
40607,Ġflopped,16,0
40608,Ġlurched,16,0
40609,Ġguerillas,16,0
40610,ĠGreyfriars,16,0
40611,Ġcompassionate,16,0
40612,Ġtrampling,16,0
40613,Ġenergetically,16,0
40614,ĠVasari,16,0
40615,ĠLodge,16,0
40616,Ġmanipulated,16,0
40617,Ġbreakdowns,16,0
40618,ĠSuccessful,16,0
40619,Ġsalamanders,16,0
40621,Ġfelucca,16,0
40623,ĠUltra,16,0
40624,Ġmournfully,16,0
40625,digit,16,0
40627,Ġlinguistics,16,0
40629,Ġoutwardly,16,0
40631,ĠQuantz,16,0
40632,Ġjurisdictions,16,0
40635,ĠIgnoring,16,0
40636,ĠIgnacio,16,0
40637,ĠUlster,16,0
40639,Wasn,16,0
40640,Ġsapiens,16,0
40641,ĠMongols,16,0
40642,Ġepithet,16,0
40643,Ġhustled,16,0
40644,Ġvowels,16,0
40646,ĠLambing,16,0
40647,ĠApproach,16,0
40649,Ġoutposts,16,0
40650,Ġesteemed,16,0
40652,Ġhijacking,16,0
40653,ĠDyke,16,0
40654,Ġcomplacent,16,0
40655,ĠCelebrities,16,0
40656,Ġstingy,16,0
40657,Ġpropriety,16,0
40658,ĠGillan,16,0
40659,Ġspatial,16,0
40662,Ġpsychiatric,16,0
40663,ĠAceh,16,0
40664,ĠMintz,16,0
40665,ĠLagoon,16,0
40667,Ġapprovingly,16,0
40668,ĠAGN,16,0
40669,ĠFindings,16,0
40670,Ġrefunds,16,0
40671,ĠCecilia,16,0
40672,ĠMiata,16,0
40673,ĠLafitte,16,0
40675,ĠPrinceton,16,0
40676,villers,16,0
40678,Ġitineraries,16,0
40679,ĠMikawa,16,0
40680,ĠPamela,16,0
40681,ĠIdentifying,16,0
40682,ĠPanjabi,16,0
40683,ĠManagerial,16,0
40684,Ġordinance,16,0
40685,ĠTypical,16,0
40686,ĠDocket,16,0
40687,Ġchoreographer,16,0
40690,Ġanecdote,16,0
40691,ĠTigon,16,0
40692,ĠDocumentation,16,0
40693,Ġincompetence,16,0
40694,ĠBAFTA,16,0
40695,ĠCarthaginian,16,0
40696,History,16,0
40697,sufficiency,16,0
40698,ĠSWAPO,16,0
40699,ĠGanesh,16,0
40700,ĠMcHugh,16,0
40701,Ġtacit,16,0
40702,ĠCiudad,16,0
40703,ĠCARTER,16,0
40704,ĠBRAVE,16,0
40705,ĠLoyalists,16,0
40706,ĠGitHub,16,0
40707,ĠScarcely,16,0
40708,Ġtoughest,16,0
40709,Ġdwindled,16,0
40710,Semitism,16,0
40711,ĠSmyrna,16,0
40712,Ġrelinquish,16,0
40715,Ġscorching,16,0
40716,confidence,16,0
40718,titles,16,0
40719,Ġmummies,16,0
40721,ĠThirteen,16,0
40724,ĠSatsuki,16,0
40725,Ġoutweighed,16,0
40726,Ġtranscripts,16,0
40727,ĠLatvia,16,0
40728,Ġoutsourced,16,0
40729,ĠSettlement,16,0
40731,ĠWinslow,16,0
40732,ĠShawnee,16,0
40734,Ġscurried,16,0
40735,ĠCovenant,16,0
40736,Ġreverently,16,0
40738,Ġforsaken,16,0
40739,inclusive,16,0
40740,ĠWonders,16,0
40741,Ġresidual,16,0
40742,private,16,0
40744,ĠSahibas,16,0
40745,Ġsorcerers,16,0
40749,Ġtyranny,16,0
40750,Ġcavity,16,0
40751,Ġanarchism,16,0
40753,Ġremarking,16,0
40754,Ġredesign,16,0
40755,Ġsemifinal,16,0
40756,ĠJahangir,16,0
40758,Ġdisproportionate,16,0
40759,Ġbereft,16,0
40760,Ġrearranged,16,0
40761,ĠFPAs,16,0
40763,ĠDrunkard,16,0
40765,ĠDialogue,16,0
40767,Ġinquisitive,16,0
40768,Ġmiraculous,16,0
40769,ĠMameluke,16,0
40770,ĠEthnographic,16,0
40774,ĠKassandra,16,0
40775,ĠKnott,16,0
40777,ĠCameroon,16,0
40778,ĠKosovars,16,0
40779,Ġpetticoats,16,0
40782,Ġfraternity,16,0
40783,ĠFocus,16,0
40784,ĠThomson,16,0
40788,Ġredundant,16,0
40789,ĠEnlightenment,16,0
40790,ĠHindustani,16,0
40791,ĠEvaluators,16,0
40793,Denis,16,0
40794,ĠBianca,16,0
40795,ĠHuffington,16,0
40796,Ġincongruous,16,0
40798,ĠSchroeder,16,0
40800,ĠStanislas,16,0
40801,ĠTheodosius,16,0
40802,ĠOvitz,16,0
40804,ĠWhittaker,16,0
40805,ĠCorreggio,16,0
40806,Ġtsunami,16,0
40808,ĠIMAX,16,0
40811,Ġmisstatements,16,0
40812,Ġunhappiness,16,0
40815,ĠBoshot,16,0
40816,ĠWatendlath,16,0
40817,ĠFreyja,16,0
40818,Ġmilitias,16,0
40821,ĠGaribaldi,16,0
40822,ĠHibernian,16,0
40823,ĠPoseidon,16,0
40825,Ġunanswered,16,0
40826,ĠOkfuski,16,0
40827,Ġunsupported,16,0
40829,ĠMurrumbidgee,16,0
40830,ĠEindhovengen,16,0
40831,Ġaghast,16,0
40832,ĠRibera,16,0
40834,ĠKherai,16,0
40835,Ġenmity,16,0
40836,ĠVosges,16,0
40837,ĠTrudeau,16,0
40838,ĠRosencamp,16,0
40839,Ġunfavorable,16,0
40840,Ġrepercussions,16,0
40841,Virginia,16,0
40842,Ġinapplicable,16,0
40843,ĠIwasaki,16,0
40844,Ġpragmatic,16,0
40845,ĠVISIT,16,0
40846,Ġscimitar,16,0
40847,ĠConclusions,16,0
40848,ĠHardknott,16,0
40849,ĠLibraries,16,0
40850,ĠCoppola,16,0
40851,ĠTiffany,16,0
40852,ĠIckes,16,0
40853,ĠALEXANDER,16,0
40854,ĠAuvergne,16,0
40855,ĠWembley,16,0
40856,ĠWachtler,16,0
40857,ĠDreyfus,16,0
40858,ĠNaughty,16,0
40859,ĠNablus,16,0
40860,ĠLelouch,16,0
40861,Ġuprisings,16,0
40862,ĠUmberto,16,0
40863,Ġenchanter,16,0
40864,Ġuninterrupted,16,0
40866,ĠVRChat,16,0
40867,ĠLeuchter,16,0
40868,ĠBeethoven,16,0
40870,ĠConfirmation,16,0
1076,formation,15,0
1115,erest,15,0
1259,ertain,15,0
1851,Ġrepl,15,0
1933,Ġ196,15,0
1968,Ġanal,15,0
2073,Ġactiv,15,0
2223,Ġprofess,15,0
2579,Ġjud,15,0
2865,emy,15,0
2949,inese,15,0
3031,ĠJul,15,0
3625,arrow,15,0
3950,ĠSund,15,0
4144,ronic,15,0
4486,ĠSum,15,0
4554,Ġwel,15,0
4559,Ġalt,15,0
4562,Ġcircum,15,0
4712,lig,15,0
4724,change,15,0
4880,ĠAud,15,0
6005,icit,15,0
6865,Ġcy,15,0
7127,ĠAla,15,0
7151,ouri,15,0
7813,Ġinnov,15,0
7922,acts,15,0
7982,bey,15,0
7985,annon,15,0
8183,Ġexped,15,0
8601,ĠPict,15,0
8743,ipur,15,0
9036,osely,15,0
9085,Ġ183,15,0
9170,active,15,0
9308,aic,15,0
9463,Ġovert,15,0
9493,Ġdil,15,0
10181,olar,15,0
10848,nda,15,0
12202,alia,15,0
12844,essions,15,0
13457,ĠPle,15,0
13665,Alex,15,0
13954,ĠImm,15,0
14443,alg,15,0
14756,ĠChat,15,0
14920,went,15,0
15482,ector,15,0
15561,arre,15,0
15917,ulent,15,0
16503,ĠMoy,15,0
16506,ĠPon,15,0
16873,cott,15,0
16902,ĠMiy,15,0
16947,Ġmemor,15,0
17036,Ġly,15,0
17073,ainted,15,0
17187,awk,15,0
17417,ĠPall,15,0
17692,atis,15,0
17698,aron,15,0
17928,ĠQual,15,0
18082,loat,15,0
18109,Ġreconstruct,15,0
18171,alling,15,0
18334,ĠLic,15,0
18510,iston,15,0
18551,borough,15,0
19063,agua,15,0
19073,ĠAlm,15,0
19546,ĠFilip,15,0
19851,forest,15,0
20183,erman,15,0
20185,isers,15,0
20202,Ġreapp,15,0
20256,ĠAnat,15,0
20716,Ġmeteor,15,0
20773,ĠTrip,15,0
20917,cible,15,0
20955,ĠNeh,15,0
21061,zan,15,0
21114,umann,15,0
22134,ĠBoul,15,0
22163,ĠKra,15,0
23067,Ġjab,15,0
23104,atha,15,0
23335,ĠPD,15,0
23368,ĠKud,15,0
23402,Ġglor,15,0
23654,Ġdereg,15,0
23735,ĠGrad,15,0
23762,ĠEmir,15,0
23929,rina,15,0
24098,ĠScar,15,0
24147,prov,15,0
24425,Ġsatir,15,0
24467,Ġradi,15,0
24677,ĠSens,15,0
24689,ĠHag,15,0
25032,iso,15,0
25161,conf,15,0
25403,tar,15,0
25631,effect,15,0
25711,Phil,15,0
25781,Ġoils,15,0
25813,imi,15,0
25850,ĠLig,15,0
25872,uding,15,0
26177,log,15,0
26210,idal,15,0
26634,ĠCes,15,0
27032,pired,15,0
27045,itates,15,0
27075,ĠSue,15,0
27083,urban,15,0
27222,ĠGrim,15,0
27229,letter,15,0
27525,oel,15,0
27923,ĠSahib,15,0
28061,Ġnons,15,0
28108,illian,15,0
28587,asan,15,0
28630,ĠCover,15,0
28694,ocal,15,0
29164,aments,15,0
29167,ĠMn,15,0
29196,ĠNOR,15,0
29777,things,15,0
29811,ĠRamb,15,0
29936,Ġloath,15,0
30024,ĠAntip,15,0
30498,management,15,0
30782,runner,15,0
30879,Ġresurrect,15,0
30947,Luc,15,0
31149,placed,15,0
31252,Ġdeport,15,0
31306,ĠMechan,15,0
31334,oulas,15,0
31408,ĠMaury,15,0
31794,ĠLent,15,0
31836,ocate,15,0
31838,--_,15,0
32088,ĠConsult,15,0
32145,Ġfalsehood,15,0
32200,finals,15,0
32424,Roy,15,0
32429,Spe,15,0
32435,birth,15,0
32464,sent,15,0
32466,said,15,0
32502,arg,15,0
32576,Ġdepl,15,0
32603,ĠRik,15,0
32607,ĠJA,15,0
32692,identally,15,0
32764,Ġconfer,15,0
32931,imposed,15,0
33258,creat,15,0
33282,public,15,0
33313,atas,15,0
33555,ĠLey,15,0
33596,standard,15,0
33624,ĠScream,15,0
33655,ĠAmid,15,0
33681,ĠFranken,15,0
33778,ĠCamel,15,0
33909,alaya,15,0
34121,Ass,15,0
34141,Mc,15,0
34145,Pre,15,0
34147,Rel,15,0
34174,lins,15,0
34187,paid,15,0
34250,ĠTch,15,0
34252,ĠTaur,15,0
34305,ĠHul,15,0
34345,ĠGul,15,0
34349,iev,15,0
34375,Ġabhor,15,0
34403,ĠKari,15,0
34412,ĠStro,15,0
34522,ĠDeer,15,0
34568,ĠSequ,15,0
34612,zzi,15,0
35081,hl,15,0
35381,cien,15,0
35818,handedly,15,0
38812,ĠĠĠĠĠĠĠĠĠĠĠĠĠĠĠĠĠĠĠĠĠ,15,0
40455,ĠĠĠĠĠĠĠĠĠĠĠĠĠĠĠĠĠĠĠĠĠĠĠĠĠĠĠĠĠĠĠĠĠĠĠĠĠĠ,15,0
40874,Bas,15,0
40876,Beware,15,0
40877,Bokermannohyla,15,0
40878,Cour,15,0
40879,Civil,15,0
40880,Earth,15,0
40882,Free,15,0
40883,Feb,15,0
40888,Hop,15,0
40889,Happy,15,0
40890,Jump,15,0
40892,Mor,15,0
40893,Mil,15,0
40894,More,15,0
40896,Mars,15,0
40898,NL,15,0
40899,Nippon,15,0
40900,Pop,15,0
40903,Pardon,15,0
40905,Sal,15,0
40906,Sept,15,0
40909,Tri,15,0
40910,Trent,15,0
40911,Temple,15,0
40914,Vict,15,0
40915,Vully,15,0
40916,VII,15,0
40917,Ville,15,0
40919,Wil,15,0
40924,billion,15,0
40925,budget,15,0
40928,cabin,15,0
40932,deb,15,0
40939,fraid,15,0
40944,hide,15,0
40945,hundred,15,0
40954,miss,15,0
40963,ranging,15,0
40966,sun,15,0
40969,tun,15,0
40972,want,15,0
40973,wild,15,0
40979,zip,15,0
40980,Ġ??,15,0
40982,Ġtuk,15,0
40986,Ġsacking,15,0
40990,Ġwaged,15,0
40997,Ġbisexual,15,0
40998,Ġctor,15,0
41000,Ġcortex,15,0
41004,Ġfaked,15,0
41005,Ġfiesta,15,0
41012,Ġpounced,15,0
41013,Ġhues,15,0
41014,Ġhounded,15,0
41015,Ġtoiling,15,0
41017,Ġinference,15,0
41021,ĠTone,15,0
41025,ĠTerm,15,0
41028,ĠTPC,15,0
41029,ĠTaira,15,0
41030,ĠTihar,15,0
41032,Ġthugs,15,0
41036,Ġnimbly,15,0
41040,Ġlashing,15,0
41041,Ġlashes,15,0
41045,Ġgraft,15,0
41046,Ġggi,15,0
41048,ĠIO,15,0
41049,ĠAHL,15,0
41060,stede,15,0
41061,Ġreall,15,0
41063,Ġheave,15,0
41064,administered,15,0
41069,ĠSass,15,0
41070,ĠSib,15,0
41079,Ġstion,15,0
41091,Ġwend,15,0
41094,ĠCW,15,0
41095,ĠCBE,15,0
41098,ĠMakes,15,0
41102,ĠMutsu,15,0
41107,ĠBly,15,0
41108,ĠBau,15,0
41109,ĠBek,15,0
41114,ĠBitter,15,0
41116,ĠBWI,15,0
41117,ĠBokermannohyla,15,0
41121,ĠHg,15,0
41124,ĠHark,15,0
41136,Ġku,15,0
41138,Ġkalgi,15,0
41140,Ġrave,15,0
41141,ĠiOS,15,0
41148,Ġseedy,15,0
41151,ĠWaste,15,0
41152,ĠWaco,15,0
41153,ĠWushu,15,0
41154,ĠWRAP,15,0
41155,aini,15,0
41161,thousand,15,0
41162,Ġfrat,15,0
41171,ĠFASB,15,0
41175,umo,15,0
41179,ĠDic,15,0
41180,ĠDate,15,0
41185,ĠDenny,15,0
41186,ĠDaintree,15,0
41188,eme,15,0
41191,Ġchills,15,0
41192,Ġchasm,15,0
41195,ĠNader,15,0
41197,ĠNumbers,15,0
41198,ĠNPR,15,0
41200,Ġplume,15,0
41202,ĠLom,15,0
41204,ĠLies,15,0
41207,ĠLazar,15,0
41209,ĠLIST,15,0
41214,ĠGud,15,0
41215,ĠGoy,15,0
41216,ĠGail,15,0
41217,ĠGoss,15,0
41220,ĠGhat,15,0
41221,ĠGilles,15,0
41222,ĠGaya,15,0
41230,ĠRIA,15,0
41233,ĠRKO,15,0
41238,ĠJunction,15,0
41243,Ġviability,15,0
41244,Ġvistas,15,0
41245,Ġleased,15,0
41246,Ġhermit,15,0
41255,Ġabiding,15,0
41256,Ġsakes,15,0
41259,Ġallusions,15,0
41260,Ġknowingly,15,0
41266,onga,15,0
41268,Ġyea,15,0
41270,ocy,15,0
41272,Ġanythin,15,0
41278,ĠThais,15,0
41280,Ġclones,15,0
41283,Ġtehsils,15,0
41284,ĠInform,15,0
41287,ĠYuthven,15,0
41288,Ġ209,15,0
41289,Ġfeigned,15,0
41290,Ġaground,15,0
41298,Ġwhenas,15,0
41300,Ġblasted,15,0
41302,acted,15,0
41305,ĠStair,15,0
41311,Ġunfit,15,0
41312,Ġoverload,15,0
41313,Ġadhered,15,0
41314,Ġcompressor,15,0
41316,Ġprays,15,0
41318,Ġarrayed,15,0
41320,ĠChim,15,0
41323,ĠChosen,15,0
41324,ĠChavis,15,0
41328,Ġdisarm,15,0
41329,Ġdisruption,15,0
41330,Ġdisqualified,15,0
41332,ĠVHS,15,0
41338,Ġamalgam,15,0
41339,Ġcontra,15,0
41340,Ġcontiguous,15,0
41341,Ġdownside,15,0
41342,forms,15,0
41343,formula,15,0
41345,Ġscourge,15,0
41348,ĠSherif,15,0
41349,Ġgoody,15,0
41350,Ġgoodly,15,0
41351,Ġappalled,15,0
41353,Ġimpede,15,0
41354,Ġbrimming,15,0
41360,Ġfluttered,15,0
41361,Ġflustered,15,0
41363,Ġsayings,15,0
41366,Ġfirsthand,15,0
41368,teller,15,0
41376,Ġpersonage,15,0
41379,Ġfoals,15,0
41382,ĠUnits,15,0
41383,ĠUnzen,15,0
41384,Ġcallous,15,0
41386,Ġcoli,15,0
41387,Ġmayst,15,0
41389,ĠAsano,15,0
41390,Ġemits,15,0
41391,Ġeminent,15,0
41392,Ġslogans,15,0
41394,ĠAlamo,15,0
41395,Ġreliant,15,0
41396,Ġentail,15,0
41397,Ġentrant,15,0
41399,Ġasserting,15,0
41403,Ġdecimated,15,0
41404,Ġdecipher,15,0
41411,Ġglimmer,15,0
41412,Ġevade,15,0
41413,Ġevidences,15,0
41414,Ġevangelical,15,0
41415,Ġswarms,15,0
41417,Ġmonolith,15,0
41419,Ġdistillery,15,0
41422,ĠLea,15,0
41423,Ġcheque,15,0
41425,Ġtellin,15,0
41426,Ġtownhouse,15,0
41427,Ġwarlords,15,0
41428,Ġserfs,15,0
41429,Ġdiscard,15,0
41430,Ġredirect,15,0
41432,Ġinterred,15,0
41433,Ġintermission,15,0
41436,Ġhardcore,15,0
41437,Ġlocust,15,0
41438,Ġlocating,15,0
41441,ĠShia,15,0
41442,ĠSharing,15,0
41445,Ġcurrant,15,0
41449,Ġdefying,15,0
41450,Ġdeficiency,15,0
41451,Ġdefective,15,0
41452,Ġdeflation,15,0
41455,Ġmarvelled,15,0
41459,Ġleaden,15,0
41460,Ġpublicized,15,0
41464,Ġdeported,15,0
41466,Ġfaction,15,0
41467,Ġfactored,15,0
41468,Ġtreading,15,0
41469,Ġgivin,15,0
41471,Ġtalkin,15,0
41475,Ġextant,15,0
41478,Ġconfine,15,0
41480,Ġpretensions,15,0
41482,Ġedible,15,0
41488,rology,15,0
41489,Ġlighten,15,0
41491,ĠJonah,15,0
41493,Ġ712,15,0
41495,Ġinfused,15,0
41498,Ġaudition,15,0
41501,ĠFlame,15,0
41502,ĠFlames,15,0
41503,ĠFlights,15,0
41505,Ġparading,15,0
41506,Ġminding,15,0
41507,ĠChristi,15,0
41510,Ġheartfelt,15,0
41511,Ġexperimented,15,0
41517,Ġprocessors,15,0
41519,ĠZoe,15,0
41520,ĠZhang,15,0
41521,ĠZoological,15,0
41522,Ġ171,15,0
41524,Ġ1729,15,0
41525,Ġ1739,15,0
41526,Ġagendas,15,0
41530,ĠGrid,15,0
41532,Ġfreezes,15,0
41533,ĠScorsese,15,0
41534,ĠHerm,15,0
41536,ĠHercule,15,0
41540,ĠBlixey,15,0
41541,ĠGeology,15,0
41542,Ġpropensity,15,0
41544,ĠSegal,15,0
41545,omania,15,0
41547,Ġmarketable,15,0
41548,Ġoriginality,15,0
41549,Ġquestioner,15,0
41550,ĠGuar,15,0
41551,ĠParcel,15,0
41555,ĠBarrett,15,0
41556,Ġcapitalized,15,0
41559,ĠWarhol,15,0
41560,Ġtenets,15,0
41564,ĠCongo,15,0
41565,Ġbodyguard,15,0
41566,Ġwonderment,15,0
41568,ĠCanucks,15,0
41569,ĠCala,15,0
41571,ĠCongressman,15,0
41573,scenes,15,0
41576,ĠUSAT,15,0
41579,Ġdeadlines,15,0
41580,ĠNegev,15,0
41581,ĠSiraj,15,0
41582,Ġapes,15,0
41583,Ġcalle,15,0
41584,2021,15,0
41585,Ġsufficiency,15,0
41586,Ġsuffocating,15,0
41588,Ġdevoting,15,0
41589,ĠPeoria,15,0
41590,deer,15,0
41591,degree,15,0
41594,ĠMalia,15,0
41595,Ġcomplies,15,0
41599,Ġ139,15,0
41601,Ġledger,15,0
41602,Ġmodernist,15,0
41603,Ġsuperstar,15,0
41604,Ġencamped,15,0
41608,Ġdrooped,15,0
41610,Ġdrawled,15,0
41611,Ġdrawback,15,0
41612,Ġdrawbacks,15,0
41613,ĠMedea,15,0
41616,ĠCapitals,15,0
41617,ĠCalifornian,15,0
41620,Ġgentleness,15,0
41621,Ġcreditors,15,0
41622,officially,15,0
41623,Ġfauna,15,0
41624,Ġcivilizations,15,0
41625,ĠSmiley,15,0
41626,Ġdependents,15,0
41628,lovers,15,0
41630,Ġmisgivings,15,0
41631,ĠWilliamson,15,0
41632,ĠCompare,15,0
41633,ĠComparing,15,0
41634,Ġmasterful,15,0
41636,Ġversed,15,0
41637,ĠIrina,15,0
41638,Ġpenance,15,0
41639,Ġpenchant,15,0
41640,Ġ258,15,0
41641,Ġbloodthirsty,15,0
41642,ĠSerial,15,0
41643,Ġtrusty,15,0
41646,ĠMadness,15,0
41647,Ġmaternity,15,0
41648,ĠCriminal,15,0
41649,Ġ213,15,0
41651,Ġdamsel,15,0
41652,Ġdamsels,15,0
41654,Ġdoctoral,15,0
41655,ĠBerber,15,0
41656,ĠLaon,15,0
41659,ĠSchor,15,0
41660,ĠScholar,15,0
41662,ĠChechen,15,0
41663,ĠChekhov,15,0
41664,Ġchallenger,15,0
41666,Ġemptiness,15,0
41668,ĠGoodness,15,0
41669,Ġeyeballs,15,0
41670,109,15,0
41672,ĠRoads,15,0
41673,Ġappropriateness,15,0
41674,Ġrepeal,15,0
41675,ĠHereford,15,0
41679,Ġmeasly,15,0
41680,Ġstroking,15,0
41681,Ġbillable,15,0
41682,Ġdocumentaries,15,0
41683,ĠParisian,15,0
41684,Ġnamesake,15,0
41685,1791,15,0
41687,ĠMartigny,15,0
41688,ĠDanube,15,0
41689,Ġinjunction,15,0
41691,ĠFrancaise,15,0
41692,ĠFranconia,15,0
41693,ĠAntoine,15,0
41694,Ġreforming,15,0
41696,ĠMorant,15,0
41697,ĠMorales,15,0
41698,Ġtariff,15,0
41700,ĠJimmu,15,0
41701,ĠPriors,15,0
41703,Ġsplinters,15,0
41704,ĠKongyamba,15,0
41705,ĠKala,15,0
41706,ĠFreddy,15,0
41707,ĠSimmons,15,0
41710,ĠSaletan,15,0
41711,Ġsafaris,15,0
41712,ĠCups,15,0
41713,Ġalternately,15,0
41714,Ġadopts,15,0
41715,Ġ267,15,0
41717,ĠSamoa,15,0
41719,Ġawarding,15,0
41721,ĠDelight,15,0
41722,Ġ285,15,0
41723,Ġdeduced,15,0
41725,Ġautomotive,15,0
41727,ĠHumayun,15,0
41728,Street,15,0
41729,Ġproserous,15,0
41730,Ġunskilled,15,0
41731,Ġunspecified,15,0
41732,Ġbulwarks,15,0
41733,ĠGolding,15,0
41737,ĠJudging,15,0
41739,Ġoccasioned,15,0
41741,ĠProgramming,15,0
41742,ĠProgramme,15,0
41745,Ġmadly,15,0
41746,Ġmademoiselle,15,0
41748,ĠConsistent,15,0
41749,ĠConspiracy,15,0
41751,ĠCathy,15,0
41752,ĠHawk,15,0
41753,ĠCurzon,15,0
41754,Ġobservant,15,0
41755,Ġseventeenth,15,0
41757,ĠMcCool,15,0
41758,Ġdreading,15,0
41759,Ġcerebral,15,0
41760,Ġnurseries,15,0
41761,ĠSunni,15,0
41762,ĠJosef,15,0
41764,Ġdefends,15,0
41765,ĠNorquist,15,0
41766,Ġwasteful,15,0
41767,Ġunderstate,15,0
41768,Ġunderstated,15,0
41769,Ġwatershed,15,0
41770,Ġtimed,15,0
41771,ĠDOJ,15,0
41772,ĠDOL,15,0
41773,ĠTwilight,15,0
41775,ĠSquire,15,0
41776,ĠPanic,15,0
41779,Chief,15,0
41780,ĠMargie,15,0
41782,Ġsupplying,15,0
41783,Ġmercifully,15,0
41784,ĠLariviere,15,0
41785,131,15,0
41789,Ġcyclones,15,0
41790,ĠINAC,15,0
41792,ĠSelana,15,0
41795,ĠArchaic,15,0
41796,ĠBuddhas,15,0
41797,ĠFeature,15,0
41799,ĠCostume,15,0
41800,Ġdusted,15,0
41801,ĠMajorca,15,0
41803,ĠRobi,15,0
41805,ĠWasdale,15,0
41806,Ġsymbolizes,15,0
41808,ĠJoachim,15,0
41809,Arch,15,0
41810,ĠSupposing,15,0
41811,ĠSarro,15,0
41813,ĠMcGrath,15,0
41816,ĠHonors,15,0
41818,Ġwebbing,15,0
41819,Ġerrands,15,0
41820,ĠHalle,15,0
41821,ĠJacopo,15,0
41823,Alice,15,0
41824,Ġfabled,15,0
41825,Ġhastening,15,0
41826,Ġlobsters,15,0
41827,ĠFairmount,15,0
41828,ĠCriticism,15,0
41829,ĠForms,15,0
41830,ĠFormation,15,0
41832,Ġmorale,15,0
41834,Anne,15,0
41835,Ġmaximizing,15,0
41836,Ġincredulous,15,0
41837,Ġfalsely,15,0
41840,ĠLeonessa,15,0
41841,ĠOrganic,15,0
41842,Ġworshipers,15,0
41843,Ġelevate,15,0
41845,ĠRodney,15,0
41846,ĠInspection,15,0
41848,ĠPerformances,15,0
41849,Ġpersuading,15,0
41850,ĠBosch,15,0
41851,Ġsinful,15,0
41852,Ġsinners,15,0
41854,Ġfragmented,15,0
41856,ĠPayments,15,0
41857,ĠMaslin,15,0
41860,ĠMiracle,15,0
41862,Ġunwillingly,15,0
41863,Ġsimplify,15,0
41865,Ġretrofitting,15,0
41866,Ġtortures,15,0
41867,ĠDunlap,15,0
41868,ĠDiemen,15,0
41869,ĠAddison,15,0
41870,Ġodour,15,0
41872,Ġridiculed,15,0
41873,Ġhonourable,15,0
41874,ĠEndowment,15,0
41876,ĠLangkawi,15,0
41877,ĠLinden,15,0
41878,Ġspoilt,15,0
41879,Ġmalice,15,0
41880,Ġmalpractice,15,0
41883,1985,15,0
41886,ĠTaxonomy,15,0
41887,Ġsparkled,15,0
41888,Ġretreating,15,0
41889,ĠTesting,15,0
41891,Ġtransitioning,15,0
41892,Ġcasualty,15,0
41894,ĠTalca,15,0
41895,ĠVariety,15,0
41896,ĠTuesdays,15,0
41897,ĠMuizenberg,15,0
41899,ĠGranicus,15,0
41900,337,15,0
41901,Ġnesting,15,0
41902,Club,15,0
41903,Ġfacilitating,15,0
41905,Ġreactionary,15,0
41907,Ġmigrations,15,0
41908,Ġauthorship,15,0
41909,ĠSaba,15,0
41910,Ġ1797,15,0
41911,Ġ1798,15,0
41912,Seems,15,0
41913,Ġtolerable,15,0
41914,ĠLimitations,15,0
41916,Marie,15,0
41917,Marilla,15,0
41919,ĠCooperation,15,0
41920,ĠSnail,15,0
41921,ĠCochin,15,0
41923,Ġhelplessness,15,0
41925,ĠCosby,15,0
41926,ĠKingsley,15,0
41929,Ġdivergence,15,0
41930,ĠBridgerton,15,0
41931,Ġprematurely,15,0
41932,Ġascendency,15,0
41933,Ġascendancy,15,0
41934,Ġhindrance,15,0
41935,Ġbeamline,15,0
41937,ĠGameplay,15,0
41938,Ġsubtly,15,0
41939,ĠLambert,15,0
41940,Ġassaulted,15,0
41942,ĠKeeper,15,0
41943,Exit,15,0
41944,ĠInitiatives,15,0
41945,ĠBarcelos,15,0
41947,ĠFalmouth,15,0
41949,Ġsuperbly,15,0
41950,Ġfatalities,15,0
41951,towns,15,0
41952,Ġmastiff,15,0
41953,Ġhazel,15,0
41954,Ġbrushwood,15,0
41955,ĠWrite,15,0
41956,Ġtelegrams,15,0
41957,Ġaggregation,15,0
41959,ĠIllustrations,15,0
41960,ĠDEXTER,15,0
41961,Ġdefenceman,15,0
41963,ĠKidron,15,0
41965,ĠTheodora,15,0
41967,ĠSinclair,15,0
41969,ĠAlcazar,15,0
41970,Ġhydrofluoric,15,0
41971,ĠCortes,15,0
41972,ĠRowe,15,0
41975,Ġreassure,15,0
41976,ĠLogistics,15,0
41977,ĠRatings,15,0
41978,Ġirritable,15,0
41979,Ġmemorials,15,0
41980,ĠPadres,15,0
41981,ĠYamuna,15,0
41983,ĠHanover,15,0
41984,Ġmammary,15,0
41986,ĠDiscography,15,0
41988,slaves,15,0
41989,ĠPrimetime,15,0
41990,Ġmicroscopic,15,0
41991,ĠSicilian,15,0
41992,Ġpatriots,15,0
41993,ĠPrussians,15,0
41994,Ġreproof,15,0
41995,ĠBiddy,15,0
41996,ĠPublished,15,0
41999,Ġharassing,15,0
42000,Ġinkling,15,0
42002,ĠHorseback,15,0
42003,Ġfretful,15,0
42004,Ġkidnap,15,0
42006,Ġcaterpillars,15,0
42007,Ġextermin,15,0
42008,ĠMesa,15,0
42009,ĠDalai,15,0
42010,Ġinstitutionalize,15,0
42011,county,15,0
42012,ĠViceroy,15,0
42014,ĠClients,15,0
42015,ĠPinacoteca,15,0
42016,Ġsyndicate,15,0
42017,Ġilluminate,15,0
42018,Ġilluminating,15,0
42019,ĠTWENTY,15,0
42021,ĠEscorial,15,0
42022,ĠOdawa,15,0
42023,ĠGaia,15,0
42024,Ġcontradictions,15,0
42026,Ġthresholds,15,0
42027,ĠSadler,15,0
42028,Ġfeasibility,15,0
42029,Ġassigns,15,0
42030,ĠPlantation,15,0
42031,Ġnutrients,15,0
42032,ĠIronically,15,0
42033,Ġsmuggling,15,0
42034,ĠPlatoon,15,0
42035,ĠPlatinum,15,0
42036,Neither,15,0
42037,Ġsprawl,15,0
42038,ĠGreensburg,15,0
42039,Ġdiscriminating,15,0
42040,ĠRefuge,15,0
42041,ĠBanking,15,0
42042,ĠNAO,15,0
42044,Ġextremist,15,0
42046,Ġunmoved,15,0
42047,Ġriotous,15,0
42049,skiing,15,0
42050,ĠPomona,15,0
42051,ĠFitzpatrick,15,0
42053,ĠRothenberg,15,0
42054,ĠApalatch,15,0
42056,president,15,0
42057,Ġgarrisons,15,0
42059,Ġrallying,15,0
42060,operation,15,0
42061,ĠPowhatan,15,0
42063,ĠIRD,15,0
42065,ĠKelley,15,0
42066,ĠShelby,15,0
42067,Ġcommodities,15,0
42068,Ġaffiliate,15,0
42069,ĠAdvocate,15,0
42070,ĠPunjabi,15,0
42071,ĠTribal,15,0
42072,ĠPowerscourt,15,0
42074,ĠTRLA,15,0
42075,ĠPonce,15,0
42076,Ġacutely,15,0
42077,Ġhypocrite,15,0
42078,Ġhypocritical,15,0
42079,Benz,15,0
42081,ĠPrompt,15,0
42082,Ġ1778,15,0
42083,ĠJesuitical,15,0
42084,ĠMiyajima,15,0
42088,Ġmended,15,0
42089,Ġscalps,15,0
42090,ĠGunn,15,0
42091,Ġpopulism,15,0
42092,ĠPalladian,15,0
42093,ĠGrizedale,15,0
42094,ĠNeedless,15,0
42096,Colonel,15,0
42097,Ġchronology,15,0
42098,Ġchronological,15,0
42099,Ġcelestial,15,0
42100,ĠHilchester,15,0
42101,ĠJaipur,15,0
42102,ĠAlicia,15,0
42104,Ġfervor,15,0
42106,Ġmemoirs,15,0
42107,Ġhysteria,15,0
42110,ĠPositive,15,0
42111,Ġabolish,15,0
42112,ĠKindergarten,15,0
42113,Ġmethane,15,0
42114,ĠSurplus,15,0
42115,Ġyawned,15,0
42117,Ġmitigated,15,0
42120,ĠCockermouth,15,0
42121,ĠKinsey,15,0
42122,Ġdisparate,15,0
42123,ĠFlorentines,15,0
42124,ĠEcuadorian,15,0
42125,ĠImprovements,15,0
42126,Ġfrenzied,15,0
42127,Ġabdicated,15,0
42129,Ġsovereigns,15,0
42130,Ġreappear,15,0
42131,ĠThurston,15,0
42134,ĠYangtze,15,0
42135,Ġaggrieved,15,0
42137,Ġreload,15,0
42138,Ġanalogous,15,0
42139,Ġoverhauled,15,0
42140,ĠHawkshead,15,0
42141,Ġmuskets,15,0
42142,Ġpseudonym,15,0
42143,ĠMantegna,15,0
42144,ĠRAF,15,0
42145,Ġnoisily,15,0
42146,Ġdisseminate,15,0
42148,ĠSupplemental,15,0
42149,Ġreproachful,15,0
42150,ĠTulagi,15,0
42151,Ġconveys,15,0
42153,ĠFrisian,15,0
42155,Ġtransmitter,15,0
42156,ĠIdentification,15,0
42158,Ġshoemaker,15,0
42160,Ġsubstituted,15,0
42161,ĠCristo,15,0
42163,Ġbellowing,15,0
42164,ĠRibeiro,15,0
42165,Ġimplicitly,15,0
42166,Ġempowerment,15,0
42167,Antique,15,0
42168,Ġstipulated,15,0
42169,ĠPainters,15,0
42170,ĠLehman,15,0
42172,Ġnudity,15,0
42175,ĠUPN,15,0
42176,Ġunaccountable,15,0
42177,Ġrehearsal,15,0
42178,Ġtheorist,15,0
42179,Ġdissipation,15,0
42180,suffering,15,0
42183,ĠHeinrich,15,0
42184,Ġglaciers,15,0
42185,ĠWitness,15,0
42186,ĠVandals,15,0
42187,Ġparalegals,15,0
42188,ĠAfrikander,15,0
42189,ĠGladstone,15,0
42191,ĠMaterials,15,0
42193,ĠPinocchio,15,0
42194,ĠAxis,15,0
42195,ĠAchieving,15,0
42196,ĠCantons,15,0
42197,ĠMistress,15,0
42198,ĠAnzac,15,0
42199,Ġremodeled,15,0
42200,ĠRestaurants,15,0
42201,Ġscorched,15,0
42202,Ġdemolish,15,0
42203,ĠComparative,15,0
42204,Ġecosystem,15,0
42205,Ġooze,15,0
42206,ĠPtolemaic,15,0
42207,ĠJaisohn,15,0
42208,ĠUnicode,15,0
42209,ĠSchwarz,15,0
42210,Ġnourishing,15,0
42211,ĠEmanuel,15,0
42213,Ġcarbine,15,0
42217,Margry,15,0
42218,Ġroyalties,15,0
42220,ĠBeaune,15,0
42221,ĠRecognition,15,0
42222,ĠRecognizing,15,0
42223,Chapter,15,0
42225,Ġdungaree,15,0
42227,ĠPurchase,15,0
42228,ĠSofia,15,0
42230,ĠSurvivor,15,0
42231,Ġmarshes,15,0
42232,Ġmontane,15,0
42233,Ġgruffly,15,0
42234,Ġdisbursed,15,0
42235,Ġforeseeable,15,0
42236,Ġsorcerer,15,0
42238,Ġorthography,15,0
42239,Breaking,15,0
42240,Systems,15,0
42241,ĠRaffles,15,0
42242,ĠShrek,15,0
42243,ĠCarpenter,15,0
42245,Tyler,15,0
42246,ĠPagoda,15,0
42247,Ġalkali,15,0
42248,Ġworsened,15,0
42250,ĠManchuria,15,0
42251,Ġdeceitful,15,0
42252,Ġstipend,15,0
42253,ĠBettelheim,15,0
42255,ĠAlterman,15,0
42256,Ġretrospective,15,0
42257,ĠClooney,15,0
42258,Ġinfuriated,15,0
42260,Ġdivisors,15,0
42261,Ġapprehended,15,0
42266,ĠNouveau,15,0
42268,Ġshowcased,15,0
42269,ĠMysteries,15,0
42272,ĠSociology,15,0
42273,Ġchieftain,15,0
42274,ĠNijinsky,15,0
42275,ĠLonghorn,15,0
42277,Ġdisbelief,15,0
42278,ĠLydia,15,0
42279,Ġdecentralized,15,0
42280,Ġinconsistencies,15,0
42281,Ġlenient,15,0
42282,ĠKedah,15,0
42283,Ġimpregnable,15,0
42285,ĠCaldwell,15,0
42287,ĠGhiberti,15,0
42289,Ġgraphene,15,0
42290,ĠRequirements,15,0
42291,Ġsnubbed,15,0
42292,Chicago,15,0
42293,Ġchromosomes,15,0
42294,Ġpissed,15,0
42295,ĠCahill,15,0
42296,Ġliqueurs,15,0
42297,ĠRousseau,15,0
42299,associates,15,0
42301,Ġrevaluation,15,0
42302,ĠAmboina,15,0
42303,ĠBrodkey,15,0
42304,Ġtraumatic,15,0
42305,Ġineffectual,15,0
42306,ĠNegotiated,15,0
42307,Joseph,15,0
42308,Ġstateroom,15,0
42310,Ġwafted,15,0
42311,Ġaffidavit,15,0
42312,Ġlabourers,15,0
42313,ĠElsewhere,15,0
42314,ĠCoordinator,15,0
42317,ĠBulletin,15,0
42318,ĠLovatt,15,0
42319,ĠGarrison,15,0
42320,ĠJibJab,15,0
42321,ĠKavanagh,15,0
42322,Sunday,15,0
42324,ĠHylidae,15,0
42325,ĠPembroke,15,0
42326,ĠNicolette,15,0
42327,ĠRwanda,15,0
42329,ĠEritrea,15,0
42330,ĠChiodos,15,0
42331,ĠLeicester,15,0
42332,ĠKerensky,15,0
42333,ĠAshkenazi,15,0
42334,Ġinseparable,15,0
42335,Ġsteroids,15,0
42337,ĠStakeholders,15,0
42338,Ġaccosted,15,0
42339,Ġoppressors,15,0
42340,ĠGuillermo,15,0
42341,ĠWillingness,15,0
42342,Ġundetected,15,0
42343,Ġindescribable,15,0
42344,Ġoscill,15,0
42345,ĠThesiger,15,0
42347,ĠVettriano,15,0
42349,ĠGladiators,15,0
42350,ĠArtemis,15,0
42351,ĠLongabaugh,15,0
42355,Ġinhospitable,15,0
42356,Probably,15,0
42357,ĠSrinagar,15,0
42358,Ġsemblance,15,0
42360,Ġcommensurate,15,0
42361,ĠRehnquist,15,0
42362,Ġparochial,15,0
42363,ĠParallel,15,0
42364,ĠSchoelcher,15,0
42365,Ġwintry,15,0
42366,ĠTrianon,15,0
42367,ĠSoubise,15,0
42369,ĠBroye,15,0
42371,ĠHimeji,15,0
42373,ĠDordogne,15,0
42374,ĠYiddish,15,0
42375,Ġunforeseen,15,0
42377,ĠShrewsbury,15,0
42378,ĠHerculaneum,15,0
42379,ĠXuanwu,15,0
42380,Ġantibiotic,15,0
42381,ĠAngelenos,15,0
42382,ĠSkiddaw,15,0
42383,ĠThanjavur,15,0
945,reet,14,0
972,Ġsy,14,0
1504,ither,14,0
2030,aught,14,0
2324,ruction,14,0
2790,Ġviol,14,0
2791,chie,14,0
2994,Ġmur,14,0
3370,stit,14,0
3919,issions,14,0
3932,idents,14,0
4399,onse,14,0
4677,Ġreve,14,0
4694,Ġemb,14,0
5043,hens,14,0
5061,este,14,0
5190,icted,14,0
5304,ĠEmp,14,0
5399,pir,14,0
5426,osure,14,0
5628,ension,14,0
5736,Ġanaly,14,0
5947,icial,14,0
5988,Ġ188,14,0
6353,Ġconver,14,0
6743,anche,14,0
7152,ario,14,0
7309,azar,14,0
7415,ĠWent,14,0
7712,Ġsulf,14,0
8157,estone,14,0
8266,ouses,14,0
8281,fare,14,0
8282,ulatory,14,0
8306,ternal,14,0
8331,ĠSud,14,0
8854,Ġregist,14,0
9025,arse,14,0
9109,ople,14,0
9309,bec,14,0
9792,enny,14,0
9862,Ġutil,14,0
9873,orus,14,0
9977,oline,14,0
9981,ĠGand,14,0
10422,ĠConserv,14,0
10509,quis,14,0
10782,Ġuncon,14,0
10849,isy,14,0
10887,rage,14,0
10933,Ġcorp,14,0
11261,ĠHav,14,0
11499,umer,14,0
11599,oven,14,0
12447,ĠGau,14,0
12617,struct,14,0
12688,ĠAgr,14,0
13089,eur,14,0
13168,itating,14,0
13175,Ġreun,14,0
13257,angled,14,0
14061,nia,14,0
14537,alan,14,0
14547,Ġshri,14,0
14638,Ġling,14,0
14748,qual,14,0
15266,ushima,14,0
15549,bish,14,0
15553,rating,14,0
15564,omiya,14,0
15574,urring,14,0
15767,nings,14,0
16520,ĠLod,14,0
16778,Ġquint,14,0
16804,ĠProm,14,0
16904,ĠHapp,14,0
16923,Ġpersec,14,0
17416,ĠPul,14,0
17537,uper,14,0
17874,andel,14,0
18058,uckle,14,0
18159,imed,14,0
18298,Cap,14,0
18328,andro,14,0
18475,ingo,14,0
18574,ĠRecon,14,0
18707,icals,14,0
18858,ĠJur,14,0
19094,ĠMeh,14,0
19647,ĠDy,14,0
19742,ĠImprove,14,0
19801,atism,14,0
19828,ĠDL,14,0
20228,ĠJod,14,0
20349,Ġfantas,14,0
20631,rers,14,0
20876,ĠDust,14,0
20879,ĠLaf,14,0
20883,ĠRis,14,0
20886,outed,14,0
20925,atsu,14,0
21077,ĠTiber,14,0
21182,ĠProof,14,0
21395,ocated,14,0
21604,enes,14,0
21686,ricted,14,0
21830,PO,14,0
22081,Bet,14,0
22125,Ġbellow,14,0
22570,ĠCorinth,14,0
22580,ĠArchitect,14,0
22753,elin,14,0
23025,imates,14,0
23222,Ġmultipl,14,0
23333,ĠHir,14,0
23603,Ġtant,14,0
23694,obia,14,0
23918,Sat,14,0
23927,oj,14,0
23968,ĠCi,14,0
24027,angan,14,0
24512,ĠMahar,14,0
24644,vara,14,0
24791,ugu,14,0
25101,ryn,14,0
25398,mere,14,0
25453,Ġdeft,14,0
25466,ĠRig,14,0
25518,atchi,14,0
25551,Ġvehement,14,0
25901,enders,14,0
26168,cad,14,0
26311,Ġcommend,14,0
26332,rews,14,0
26592,inous,14,0
26728,ĠWein,14,0
27063,ĠIw,14,0
27088,ĠHamm,14,0
27097,ĠFet,14,0
27114,istle,14,0
27135,epa,14,0
27247,Ġgoldsmith,14,0
27825,ĠDoubt,14,0
28122,ĠNove,14,0
28127,ĠLak,14,0
28542,Sy,14,0
28544,XV,14,0
28594,Ġnu,14,0
28679,ĠRaff,14,0
28735,Ġindec,14,0
29193,emar,14,0
29807,ĠGaines,14,0
29875,ĠWhis,14,0
30937,Ap,14,0
30961,eval,14,0
30992,anu,14,0
31058,ĠHof,14,0
31067,ĠPav,14,0
31232,ĠCler,14,0
31270,Ġsunburn,14,0
31335,Ġdares,14,0
31682,tu,14,0
31748,ĠMole,14,0
31753,ĠBee,14,0
31798,ĠLaut,14,0
31802,ĠGav,14,0
32488,Ġfust,14,0
32547,ĠCogn,14,0
32582,ĠFill,14,0
33345,league,14,0
33479,plates,14,0
34047,Ġintuitive,14,0
34142,Mal,14,0
34151,Ven,14,0
34156,aways,14,0
34159,cu,14,0
34277,ĠSew,14,0
34296,ĠMadd,14,0
34611,ĠSlovak,14,0
34784,Ġfulfil,14,0
35070,Ur,14,0
35073,bomb,14,0
35135,Ġinhuman,14,0
35176,ĠCoy,14,0
35373,Ġregener,14,0
35407,Ġdiscord,14,0
35466,Ġinsol,14,0
35473,ĠCarb,14,0
35621,ĠHelm,14,0
35659,ĠDuval,14,0
35923,Queen,14,0
35975,Ġpinafore,14,0
36062,informed,14,0
36145,verts,14,0
36247,ieux,14,0
37080,adjusted,14,0
42384,"'""",14,0
42386,-?,14,0
42389,Based,14,0
42390,Barth,14,0
42391,Ca,14,0
42396,Duc,14,0
42397,Door,14,0
42398,Emer,14,0
42400,Fred,14,0
42403,Hard,14,0
42404,Hang,14,0
42405,Holl,14,0
42407,Joe,14,0
42410,Know,14,0
42411,Lo,14,0
42413,Law,14,0
42414,Lincoln,14,0
42415,Men,14,0
42417,Many,14,0
42424,Po,14,0
42429,Rev,14,0
42431,Rua,14,0
42435,Sur,14,0
42436,Same,14,0
42437,Times,14,0
42439,Via,14,0
42441,Yet,14,0
42442,_),14,0
42444,ahem,14,0
42445,bol,14,0
42451,dll,14,0
42454,fun,14,0
42457,fund,14,0
42458,fledged,14,0
42459,gay,14,0
42461,gutenberg,14,0
42463,hai,14,0
42465,having,14,0
42466,hoff,14,0
42471,kamp,14,0
42481,nom,14,0
42482,none,14,0
42483,nau,14,0
42486,ranger,14,0
42487,sister,14,0
42488,tm,14,0
42491,total,14,0
42492,today,14,0
42497,yne,14,0
42499,zai,14,0
42500,Ġtust,14,0
42501,Ġtamed,14,0
42502,Ġtanning,14,0
42504,Ġtester,14,0
42505,Ġtints,14,0
42506,Ġtouted,14,0
42507,heng,14,0
42508,Ġaha,14,0
42521,Ġbanged,14,0
42522,Ġbidden,14,0
42524,Ġbanyan,14,0
42528,Ġcreeks,14,0
42529,Ġcrave,14,0
42536,Ġfals,14,0
42537,Ġfumble,14,0
42543,Ġpry,14,0
42548,Ġhordes,14,0
42549,Ġhttps,14,0
42553,Ġdads,14,0
42559,Ġoft,14,0
42560,ĠTj,14,0
42561,ĠTens,14,0
42563,ĠTock,14,0
42565,ĠTully,14,0
42566,ĠTenth,14,0
42571,Ġthrees,14,0
42572,Ġthumping,14,0
42574,Ġnip,14,0
42575,Ġnull,14,0
42582,Ġlair,14,0
42583,Ġlbs,14,0
42588,Ġgerm,14,0
42589,Ġgenders,14,0
42591,ĠIJ,14,0
42592,ĠIso,14,0
42593,ĠTheft,14,0
42599,ĠAibak,14,0
42600,ĠAuckland,14,0
42604,Ġbefall,14,0
42610,sten,14,0
42611,Ġree,14,0
42614,Ġrethink,14,0
42616,Ġyore,14,0
42617,Ġyanked,14,0
42618,Ġhemp,14,0
42619,Ġhectic,14,0
42630,rode,14,0
42633,ĠSint,14,0
42634,ĠSling,14,0
42635,ĠSample,14,0
42637,ĠSysigambis,14,0
42639,iras,14,0
42641,Ġforaging,14,0
42642,Ġforums,14,0
42648,urra,14,0
42649,urious,14,0
42652,ĠCreed,14,0
42653,ĠCoos,14,0
42656,ĠCatedral,14,0
42657,ĠMere,14,0
42658,ĠMek,14,0
42660,ĠMention,14,0
42663,ĠMental,14,0
42664,ĠMEL,14,0
42665,ĠMAP,14,0
42667,ĠMHz,14,0
42668,ĠMinsk,14,0
42669,ĠMVP,14,0
42671,Ġwhore,14,0
42672,ĠBars,14,0
42673,ĠBates,14,0
42674,ĠBio,14,0
42677,ĠBitch,14,0
42680,ĠBiel,14,0
42681,ĠBibi,14,0
42682,ĠBucks,14,0
42683,ĠBibles,14,0
42684,ĠBeware,14,0
42685,Ġhails,14,0
42688,ĠHain,14,0
42690,ĠHole,14,0
42692,ĠHora,14,0
42704,ĠPubs,14,0
42706,ĠPigs,14,0
42707,ĠPLO,14,0
42708,ĠPenguin,14,0
42709,Ġkt,14,0
42710,Ġrk,14,0
42712,Ġire,14,0
42715,ĠWight,14,0
42719,ĠWatts,14,0
42720,ĠWJC,14,0
42724,Ġshun,14,0
42725,Ġshamed,14,0
42726,Ġshocks,14,0
42727,Ġshuts,14,0
42730,thank,14,0
42734,ĠFees,14,0
42736,ĠFester,14,0
42739,ĠDress,14,0
42740,ĠDee,14,0
42742,ĠDeng,14,0
42750,eminent,14,0
42751,Ġchanted,14,0
42757,Ġplotted,14,0
42759,ĠLately,14,0
42760,ĠLipp,14,0
42761,ĠLara,14,0
42763,ĠLinn,14,0
42765,ĠLasso,14,0
42766,ĠLORD,14,0
42767,ĠGink,14,0
42771,ĠGreed,14,0
42772,ĠGGD,14,0
42773,ĠGamble,14,0
42774,ĠGoku,14,0
42775,ĠGospels,14,0
42776,ĠGrouser,14,0
42781,ĠRani,14,0
42782,ĠRutter,14,0
42784,abo,14,0
42787,ĠJal,14,0
42790,ĠJai,14,0
42791,ĠJilk,14,0
42793,Ġexodus,14,0
42794,Ġsoils,14,0
42795,Ġsojourn,14,0
42796,Ġlez,14,0
42801,ĠEazy,14,0
42802,ĠEternal,14,0
42803,ĠEighty,14,0
42804,ĠEtymology,14,0
42806,Ġsages,14,0
42808,ĠIto,14,0
42809,Ġoutset,14,0
42810,Ġallude,14,0
42813,ĠHeph,14,0
42814,ĠHeaviside,14,0
42818,Ġtrite,14,0
42821,Ġtruer,14,0
42827,ocations,14,0
42828,Ġinteger,14,0
42834,ĠYuen,14,0
42835,Ġdidst,14,0
42837,Ġ208,14,0
42838,Ġ2035,14,0
42841,ĠKung,14,0
42842,ĠKING,14,0
42843,ĠKinder,14,0
42844,ĠKensington,14,0
42846,rae,14,0
42851,Ġenroll,14,0
42853,Ġtimekeeper,14,0
42862,Ġoverstated,14,0
42864,Ġadherence,14,0
42865,Ġquoth,14,0
42867,Ġquilts,14,0
42868,Ġquilting,14,0
42869,Ġaromatic,14,0
42871,Ġworkable,14,0
42872,Ġspades,14,0
42873,Ġspurt,14,0
42875,ĠChums,14,0
42879,Ġthanking,14,0
42880,Ġgraded,14,0
42882,Ġdiseng,14,0
42884,Ġdisarray,14,0
42889,ĠVoices,14,0
42892,ĠViscusi,14,0
42896,Ġresidency,14,0
42899,Ġcontender,14,0
42900,Ġdownpour,14,0
42901,Ġscour,14,0
42903,ends,14,0
42905,aille,14,0
42906,orden,14,0
42907,ĠShepherds,14,0
42913,Ġpreclude,14,0
42914,Ġpreformed,14,0
42915,Ġpretext,14,0
42916,Ġimparted,14,0
42917,Ġimpudent,14,0
42919,Ġbrag,14,0
42920,ervant,14,0
42921,Ġflattering,14,0
42925,Ġstandstill,14,0
42926,Ġolden,14,0
42929,Ġundercover,14,0
42934,Ġdesolation,14,0
42935,Ġwherewith,14,0
42937,Ġhandouts,14,0
42940,Ġrepose,14,0
42941,Ġheretics,14,0
42945,ĠWharf,14,0
42948,ĠUnc,14,0
42949,ĠUnorganized,14,0
42954,ĠAsking,14,0
42956,mannered,14,0
42958,Ġslum,14,0
42960,Ġslums,14,0
42963,ĠAlma,14,0
42964,ĠAlpes,14,0
42965,ĠAltea,14,0
42966,Ġentice,14,0
42970,Ġpresorting,14,0
42971,Ġplacebo,14,0
42974,Ġskips,14,0
42976,Ġsycamore,14,0
42978,Ġstrangling,14,0
42979,Ġheadland,14,0
42982,Ġevoked,14,0
42983,Ġswirling,14,0
42984,Ġconserve,14,0
42985,Ġconsciously,14,0
42990,Ġdistortion,14,0
42991,Ġdistressing,14,0
42992,Ġsubdue,14,0
42993,Ġfrieze,14,0
42996,ĠLeone,14,0
42998,Ġmeanness,14,0
43000,ĠMarid,14,0
43002,ĠMarijuana,14,0
43004,Ġexpire,14,0
43006,Ġexpensed,14,0
43009,anything,14,0
43011,Ġairmen,14,0
43013,Ġpayout,14,0
43014,Ġpayouts,14,0
43015,Ġfriendless,14,0
43017,shan,14,0
43019,ĠShankar,14,0
43021,Ġcurators,14,0
43022,Ġlawless,14,0
43024,Ġminuscule,14,0
43026,ĠReason,14,0
43027,ĠRequest,14,0
43028,ĠRebel,14,0
43029,ĠReuters,14,0
43035,Ġrupees,14,0
43037,Ġmarred,14,0
43038,Ġmodelling,14,0
43040,Ġmatured,14,0
43041,Ġ2025,14,0
43044,Ġdeposed,14,0
43047,Ġmilestone,14,0
43048,Ġspecifying,14,0
43050,Ġformulas,14,0
43051,Ġbehaves,14,0
43052,ĠJohnston,14,0
43054,Ġcommunion,14,0
43055,ĠBeaches,14,0
43056,Ġlandowners,14,0
43057,Ġ6000,14,0
43058,Ġ660,14,0
43059,ĠAllison,14,0
43060,Ġbreaches,14,0
43061,Ġreportable,14,0
43064,ĠDepp,14,0
43066,ĠDeleg,14,0
43067,ĠDevi,14,0
43068,owska,14,0
43069,Ġmoire,14,0
43070,ĠEngines,14,0
43071,Ġbasalt,14,0
43075,Ġwindward,14,0
43076,Ġwindfall,14,0
43078,appers,14,0
43079,appointed,14,0
43080,okay,14,0
43084,Ġrevoked,14,0
43085,Ġloveliness,14,0
43087,Ġorganizer,14,0
43088,Ġconstrued,14,0
43089,Ġhotlines,14,0
43090,Ġveal,14,0
43091,Ġveiled,14,0
43092,Ġinflection,14,0
43095,Ġhumankind,14,0
43096,ĠCarole,14,0
43097,ĠCaravan,14,0
43099,Ġpeck,14,0
43104,Ġaudacity,14,0
43108,Ġsunscreen,14,0
43112,Ġtestosterone,14,0
43115,ĠColbert,14,0
43116,ĠColmar,14,0
43117,ĠZw,14,0
43118,ĠZach,14,0
43119,ĠZola,14,0
43120,Ġ174,14,0
43121,Ġ176,14,0
43122,Ġ1780,14,0
43123,Ġ1775,14,0
43124,Ġ1748,14,0
43125,ĠMayer,14,0
43130,ĠGraduate,14,0
43132,Ġgenerational,14,0
43134,Ġ1066,14,0
43137,Ġorienteering,14,0
43138,ĠPlath,14,0
43140,1946,14,0
43142,ĠScal,14,0
43144,ĠHerne,14,0
43146,Ġmajoring,14,0
43149,Ġ153,14,0
43150,Ġ155,14,0
43151,Ġ1566,14,0
43152,Ġorderlies,14,0
43154,ĠBlighty,14,0
43155,ĠGerhard,14,0
43156,ĠSeasons,14,0
43161,ĠExeter,14,0
43164,ĠGuillaume,14,0
43166,Ġclearances,14,0
43167,Ġ1699,14,0
43173,Ġcompetency,14,0
43174,Ġquickest,14,0
43175,coast,14,0
43176,ĠActuarial,14,0
43177,Ġsonny,14,0
43178,Ġsonnets,14,0
43181,ĠPerl,14,0
43185,ĠTHOR,14,0
43186,ĠPresumably,14,0
43188,ĠTeens,14,0
43191,ĠCalc,14,0
43194,ĠDavie,14,0
43195,ĠDavies,14,0
43196,Ġfacets,14,0
43197,Ġcrossly,14,0
43200,Ġattackers,14,0
43201,ĠAmmonia,14,0
43204,Ġresponsiveness,14,0
43205,Ġmissive,14,0
43208,Ġinflows,14,0
43209,ĠGodfrey,14,0
43210,ĠGodwinson,14,0
43211,ĠMech,14,0
43212,ĠMcA,14,0
43214,ĠMcTeer,14,0
43215,Ġsandstorm,14,0
43217,Ġsettler,14,0
43218,Ġnonprofits,14,0
43219,ĠGenome,14,0
43220,ĠCityof,14,0
43222,Ġsufferer,14,0
43223,ĠPelee,14,0
43224,ĠTomas,14,0
43226,death,14,0
43229,Ġsoften,14,0
43232,ĠWestin,14,0
43233,ĠWestwood,14,0
43234,ĠWestchester,14,0
43236,ĠElmer,14,0
43238,ĠNorthampton,14,0
43239,Ġclaimants,14,0
43243,Ġcoasting,14,0
43244,Ġmodernizing,14,0
43245,ĠWhitehall,14,0
43246,ĠAfraid,14,0
43247,Ġaccesses,14,0
43249,Ġfasting,14,0
43251,ĠParticles,14,0
43252,ĠFinnegan,14,0
43254,ĠPalheiro,14,0
43256,ĠEmancipation,14,0
43257,ĠResidence,14,0
43258,ĠCapone,14,0
43260,goin,14,0
43262,ĠRomani,14,0
43263,ĠFranks,14,0
43264,Ġcredentials,14,0
43265,ĠDemosthenes,14,0
43266,ĠJewell,14,0
43267,ĠJulio,14,0
43269,Ġresearching,14,0
43270,loft,14,0
43271,Ġsurfaced,14,0
43273,Ġmisguided,14,0
43276,Ġregulator,14,0
43279,Ġemeritus,14,0
43280,Ġdaunted,14,0
43281,Ġdaunting,14,0
43282,address,14,0
43284,Ġchecklist,14,0
43285,ĠCoen,14,0
43287,ĠMadden,14,0
43289,strings,14,0
43292,ĠCrackston,14,0
43293,Ġforcefully,14,0
43294,Ġhallowed,14,0
43295,ĠValerie,14,0
43296,Ġdams,14,0
43298,Hearkening,14,0
43300,iformes,14,0
43301,Ġdespises,14,0
43302,Ġimmun,14,0
43303,ĠBohemia,14,0
43304,Ġrapists,14,0
43306,ĠLaGuardia,14,0
43309,Ġrecommending,14,0
43310,Ġfleas,14,0
43311,Ġprimer,14,0
43312,Ġprimacy,14,0
43313,ĠSchm,14,0
43314,ĠSchwitz,14,0
43316,Ġforeigner,14,0
43317,Ġconvulsive,14,0
43318,Ġtitular,14,0
43319,ĠDesirade,14,0
43324,Ġpredatory,14,0
43325,ANNA,14,0
43326,ĠRoque,14,0
43327,Ġrepelled,14,0
43329,Ġcollectors,14,0
43330,Ġsensuality,14,0
43333,Ġtrickling,14,0
43334,Ġcoffins,14,0
43340,Ġpreventive,14,0
43343,Ġsharper,14,0
43344,Ġinitiating,14,0
43345,Ġ237,14,0
43346,ĠBayou,14,0
43347,ĠBayern,14,0
43348,Ġmagnified,14,0
43351,ĠImpeachment,14,0
43353,180,14,0
43354,ĠMorro,14,0
43358,ĠAnnapolis,14,0
43360,Ġliterate,14,0
43361,Ġbombarded,14,0
43362,Ġ275,14,0
43363,Ġ278,14,0
43364,ĠMerdeka,14,0
43365,Ġroughing,14,0
43366,Ġprogressing,14,0
43369,Ġmortified,14,0
43375,Ġcheerily,14,0
43378,Story,14,0
43379,ĠDayak,14,0
43381,Ġfoolproof,14,0
43383,Ġprairies,14,0
43385,Ġwetland,14,0
43386,ĠWhoever,14,0
43391,ĠCommunion,14,0
43394,Ġarrests,14,0
43395,ĠProvisions,14,0
43396,ĠHillabi,14,0
43397,Ġappreciating,14,0
43399,ĠGreenville,14,0
43400,ĠWilton,14,0
43401,ĠHawkes,14,0
43402,Ġinforms,14,0
43404,"!'""",14,0
43406,Ġduet,14,0
43407,Ġadvantageous,14,0
43408,ĠRamon,14,0
43411,ĠKennewick,14,0
43412,ĠDOS,14,0
43417,ĠEstablished,14,0
43418,Ġminimizing,14,0
43419,ĠVisits,14,0
43421,ĠSubject,14,0
43422,Ġconcentrates,14,0
43425,111,14,0
43426,Ġthinned,14,0
43427,generation,14,0
43429,ĠMausoleum,14,0
43430,ĠIntroduction,14,0
43431,Income,14,0
43433,Ġaimlessly,14,0
43434,ĠINFORMATION,14,0
43437,ĠTrajan,14,0
43438,ĠSelangor,14,0
43440,ĠWoodford,14,0
43441,Ġugliest,14,0
43443,Ġweaponry,14,0
43444,Ġbronzed,14,0
43445,ĠZealots,14,0
43446,ĠTransl,14,0
43448,Ġdemocracies,14,0
43451,ĠBellagio,14,0
43452,ĠBooker,14,0
43454,Ġsouqs,14,0
43455,ĠDefender,14,0
43456,Ġinterprets,14,0
43457,ĠJoanna,14,0
43458,ĠHaynes,14,0
43459,Ġconceit,14,0
43460,ĠCorpus,14,0
43461,trade,14,0
43462,Ġgodly,14,0
43463,ĠMcGovern,14,0
43465,Ġunhurt,14,0
43468,ĠProjections,14,0
43469,Ġvacationing,14,0
43470,ĠVillar,14,0
43471,ĠVillena,14,0
43474,ĠHumanitarian,14,0
43475,ĠFounding,14,0
43477,Ġwrithed,14,0
43478,Ġspiteful,14,0
43481,Ġbidder,14,0
43482,Ġbustled,14,0
43485,Ġdarlings,14,0
43486,ĠDenby,14,0
43488,Ġdimensional,14,0
43489,Ġrecyclable,14,0
43490,ĠHyp,14,0
43491,Ġsteeply,14,0
43492,Ġidealistic,14,0
43493,ĠHondas,14,0
43495,Ġswiftness,14,0
43496,Ġhalftime,14,0
43497,ĠNatchez,14,0
43498,Ġ355,14,0
43500,Ġhomogeneous,14,0
43502,Ġtooling,14,0
43503,Ġrumours,14,0
43505,ĠVerd,14,0
43506,ĠTitans,14,0
43510,sports,14,0
43512,Ġanticipates,14,0
43513,ĠRushiti,14,0
43514,remember,14,0
43515,Ġcomedians,14,0
43516,ĠCallipers,14,0
43517,ĠReviewing,14,0
43518,Ġhoax,14,0
43520,ĠBordens,14,0
43521,Ġpartnering,14,0
43522,ĠPaella,14,0
43523,Ġtremulous,14,0
43524,smart,14,0
43527,Ġselects,14,0
43531,Ġcannibals,14,0
43534,Ġscheming,14,0
43535,Ġskillfully,14,0
43537,ĠAffect,14,0
43538,Ġcontexts,14,0
43540,Ġtapas,14,0
43542,Ġenclose,14,0
43543,ĠDowney,14,0
43544,Ġ1806,14,0
43545,Ġmoderated,14,0
43546,Ġvictimized,14,0
43547,ĠCabo,14,0
43548,ĠCabral,14,0
43549,ĠBhag,14,0
43550,Ġmalign,14,0
43552,ĠLiberia,14,0
43554,Ġpeculiarities,14,0
43555,ĠReforms,14,0
43556,Ġgrandmothers,14,0
43559,Ġpardoned,14,0
43560,ĠJeanette,14,0
43563,ĠMontevideo,14,0
43564,ĠHurt,14,0
43565,ĠHurghada,14,0
43566,ĠEmeritus,14,0
43567,Ġinducing,14,0
43568,ĠTalah,14,0
43569,ĠIdiot,14,0
43572,Ġmilder,14,0
43573,332,14,0
43574,Ġoverwhelm,14,0
43576,ĠRossini,14,0
43578,Ġmobster,14,0
43580,ĠCasinos,14,0
43582,ĠCreoles,14,0
43583,ĠBronchitis,14,0
43584,Ġimperialism,14,0
43585,ĠCroats,14,0
43587,Ġsubscribed,14,0
43588,Ġthirteenth,14,0
43589,Leave,14,0
43591,Ġprecedence,14,0
43592,ĠGilmore,14,0
43593,ĠDevine,14,0
43594,ĠAnimated,14,0
43595,balanced,14,0
43596,Ġcollaborated,14,0
43598,Ġgiggling,14,0
43599,Ġsanctity,14,0
43600,Ġpriestess,14,0
43601,Ġinefficiency,14,0
43602,Ġenacting,14,0
43603,Ġmourners,14,0
43605,ĠGhalib,14,0
43606,Ġbuttresses,14,0
43607,ĠKaty,14,0
43608,ĠKatie,14,0
43609,ĠBeatrice,14,0
43610,ĠCatalina,14,0
43611,ĠCatalonian,14,0
43612,ĠRao,14,0
43613,ĠSafed,14,0
43614,ĠFalse,14,0
43615,ĠFaludi,14,0
43616,ĠProposition,14,0
43617,ĠHornets,14,0
43618,ĠLessons,14,0
43619,ĠHeavenly,14,0
43620,Ġtransmitting,14,0
43621,Ġneutron,14,0
43622,Ġexempted,14,0
43625,ĠFatih,14,0
43627,Ġscrubbed,14,0
43629,Ġiconic,14,0
43630,ĠAlcoholism,14,0
43631,Ġsummarizing,14,0
43632,ĠWriter,14,0
43633,Ġviceroy,14,0
43634,Ġnominally,14,0
43635,Ġnominating,14,0
43636,ĠCrypt,14,0
43637,Ġaggregated,14,0
43640,ĠBurney,14,0
43641,Ġcondemning,14,0
43642,ĠMcKenzie,14,0
43643,ĠWestermarsch,14,0
43644,Ġunconsciousness,14,0
43646,ĠMortimer,14,0
43647,ĠFallin,14,0
43648,ĠRowland,14,0
43649,1977,14,0
43650,ĠTradition,14,0
43654,ĠTombs,14,0
43655,Ġfearsome,14,0
43656,Ġdormitories,14,0
43658,ĠPadilla,14,0
43659,ĠAdviser,14,0
43660,Ġbarbecuing,14,0
43661,ĠTanah,14,0
43662,ĠHoldings,14,0
43663,Ġreclaim,14,0
43664,ĠBodies,14,0
43665,ĠBodrum,14,0
43667,Ġprototyping,14,0
43670,Ġpatriarch,14,0
43671,ĠTrois,14,0
43673,ĠViziers,14,0
43674,Ġbankruptcies,14,0
43675,Ġlyrical,14,0
43676,Ġgranary,14,0
43677,Before,14,0
43678,ĠMagazines,14,0
43680,ĠKanagawa,14,0
43681,Ġselfishness,14,0
43682,Ġfranchises,14,0
43684,ĠOpposition,14,0
43686,Ġblossomed,14,0
43687,Ġpleasanter,14,0
43688,ĠMagnolia,14,0
43689,ĠCFOs,14,0
43690,ĠImmigrant,14,0
43691,ĠImmigrants,14,0
43692,defined,14,0
43693,ĠAbsent,14,0
43694,Ġvexation,14,0
43695,Ġboroughs,14,0
43696,ĠClarion,14,0
43697,ĠOrientalism,14,0
43699,Ġlentil,14,0
43700,ĠSadie,14,0
43701,ĠBuffy,14,0
43702,Ġapplauding,14,0
43704,ĠKaplan,14,0
43706,ĠKeszr,14,0
43707,ĠFrancesca,14,0
43708,Ġdiscriminatory,14,0
43709,ĠMangrove,14,0
43710,ĠMauricio,14,0
43711,ĠMauritius,14,0
43713,ĠNAFTA,14,0
43716,ĠFunctions,14,0
43717,ĠYardley,14,0
43718,ĠBotanic,14,0
43720,Ġcoincide,14,0
43721,Ġcoincided,14,0
43722,Provence,14,0
43723,drops,14,0
43725,Ġqueerest,14,0
43726,Ġnarcotics,14,0
43728,ĠApplications,14,0
43729,Ġendorsements,14,0
43730,Ġhemmed,14,0
43731,ĠPieter,14,0
43732,Ġguerrillas,14,0
43734,ĠVashem,14,0
43737,Ġfractures,14,0
43738,ĠHerodian,14,0
43739,Ġquintile,14,0
43742,ĠCambio,14,0
43743,ĠViews,14,0
43744,rille,14,0
43745,ĠHabana,14,0
43747,Without,14,0
43749,Ġanthropologist,14,0
43750,Ġplacidly,14,0
43753,ĠALGER,14,0
43754,ĠJeong,14,0
43756,ĠIgnore,14,0
43757,ĠJardim,14,0
43758,ĠUlm,14,0
43761,Ġbloomed,14,0
43762,ĠAnalytical,14,0
43764,ĠMongolia,14,0
43765,ĠTango,14,0
43767,ĠMcLaren,14,0
43768,ĠReconquest,14,0
43769,Ġauger,14,0
43770,ĠPosner,14,0
43771,Ġendorsing,14,0
43772,ĠImplementing,14,0
43773,ĠCoffin,14,0
43774,Ġplasterwork,14,0
43775,ĠLombards,14,0
43776,Ġprophets,14,0
43777,ĠSchwartzkopf,14,0
43778,ĠKleinman,14,0
43779,Ġannexation,14,0
43781,Ġreagents,14,0
43783,ĠSoufriyre,14,0
43784,Ġexulted,14,0
43787,Ġpersistence,14,0
43789,ĠCeracz,14,0
43792,processing,14,0
43795,Ġportfolios,14,0
43797,ĠJodhpur,14,0
43798,ĠAlpaugh,14,0
43799,ĠPandit,14,0
43800,Ġlivelihood,14,0
43803,Ġreloading,14,0
43804,ĠEnsign,14,0
43806,Ġwoollen,14,0
43809,Ġruthlessly,14,0
43810,ĠGustave,14,0
43811,Ġoverhauling,14,0
43812,Ġmeteorite,14,0
43813,Ġfrolicking,14,0
43814,Ġdeployed,14,0
43815,ĠRisorgimento,14,0
43816,Ġredeeming,14,0
43817,protection,14,0
43819,Ġloosen,14,0
43820,ĠToulon,14,0
43823,ĠMaidan,14,0
43825,ĠBoche,14,0
43826,Ġspontaneously,14,0
43827,ĠShimoda,14,0
43828,Ġmesmer,14,0
43830,Ġjewellers,14,0
43831,CMWS,14,0
43833,Ġreverted,14,0
43834,Ġwhimpering,14,0
43835,ĠKrai,14,0
43836,ĠChalecoo,14,0
43838,Ġastronauts,14,0
43839,Antoinette,14,0
43842,ĠDjawadi,14,0
43843,Ġstabilize,14,0
43844,ĠBreton,14,0
43848,Ġwizards,14,0
43851,ĠPhotography,14,0
43853,Ġlooted,14,0
43855,Ġcontends,14,0
43856,Ġvetoed,14,0
43857,ĠDahmer,14,0
43861,Ġconsonant,14,0
43862,ĠShooting,14,0
43863,ĠAthenians,14,0
43864,ĠReservations,14,0
43865,ĠFellowship,14,0
43866,honored,14,0
43867,Ġnerds,14,0
43870,Ġvomit,14,0
43871,ĠOgden,14,0
43872,ĠVandegrift,14,0
43873,Ġhumiliated,14,0
43874,Ġdeteriorated,14,0
43876,ĠLiberties,14,0
43877,ĠLGBTQ,14,0
43879,subt,14,0
43880,Ġwhizzing,14,0
43881,Ġcypresses,14,0
43882,Ġabolitionist,14,0
43883,Ġfostering,14,0
43885,ĠHagia,14,0
43886,ĠWashburn,14,0
43887,Ġvideotape,14,0
43888,ĠGloucestershire,14,0
43889,ĠCandidate,14,0
43890,Ġvindictive,14,0
43891,effectiveness,14,0
43892,Ġmaxed,14,0
43893,Ġpivotal,14,0
43894,ĠExpectations,14,0
43895,President,14,0
43896,fifth,14,0
43898,ĠSailors,14,0
43899,Ġalighted,14,0
43900,Ġcommendable,14,0
43901,ĠEvolutionary,14,0
43902,ĠMadeirans,14,0
43903,Margaret,14,0
43904,ĠFontainebleau,14,0
43906,ĠTesuque,14,0
43908,Ġconglomerates,14,0
43909,Ġredistribution,14,0
43911,ĠMcIntyre,14,0
43912,ĠGiacomo,14,0
43913,ĠSilesian,14,0
43916,Ġstrangest,14,0
43917,ĠIDAs,14,0
43919,Ġexemplary,14,0
43920,Ġincessant,14,0
43921,Ġbeseech,14,0
43923,ĠEuston,14,0
43925,Ġrevisited,14,0
43927,Ġexcerpts,14,0
43928,ĠRetrofit,14,0
43930,ĠTohoku,14,0
43931,Ġlilacs,14,0
43933,ĠShreveport,14,0
43934,ĠMysore,14,0
43935,ĠHittite,14,0
43938,Ġlevied,14,0
43939,ĠThreats,14,0
43940,Remember,14,0
43944,Ġspawned,14,0
43946,ĠAnswer,14,0
43947,Ġrelativism,14,0
43949,Ġencryption,14,0
43950,ĠHasegawa,14,0
43951,ĠPendleton,14,0
43952,ĠStamford,14,0
43954,ĠWorcester,14,0
43955,Ġreimbursed,14,0
43957,ĠRialto,14,0
43958,Ġtrudged,14,0
43959,Ġglobally,14,0
43960,Ġredskins,14,0
43962,ĠOpinion,14,0
43963,ĠIglesia,14,0
43964,ĠMoody,14,0
43965,ĠBukit,14,0
43966,Ġfrancs,14,0
43967,ĠDumbarton,14,0
43968,Ġsagacity,14,0
43969,Ġunabashed,14,0
43970,Ġmisdeeds,14,0
43971,directed,14,0
43972,ĠSuffolk,14,0
43973,ĠCicero,14,0
43974,ĠGifu,14,0
43975,Ġvultures,14,0
43977,Ġreprimanded,14,0
43978,ĠZapruder,14,0
43979,ĠGujarat,14,0
43980,Family,14,0
43981,Mirror,14,0
43982,Ġinadvertently,14,0
43983,ĠHathor,14,0
43984,ĠGleason,14,0
43985,ĠGuevara,14,0
43987,ĠVindolanda,14,0
43990,ĠADVENTURE,14,0
43991,ĠFreemasonry,14,0
43992,ĠCLOs,14,0
43993,ĠWSJ,14,0
43995,Ġprostaglandin,14,0
43996,ĠKuching,14,0
43998,Ġsandalwood,14,0
43999,ĠVallejo,14,0
44000,COPD,14,0
44002,ĠSterling,14,0
44003,ĠLethal,14,0
44005,Ġministries,14,0
44006,Ġinfrequent,14,0
44007,ĠSanctuary,14,0
44008,ĠMeasurement,14,0
44009,ĠNeuenhaus,14,0
44010,Ġmisbehavior,14,0
44011,ĠMiddlesex,14,0
44012,Ġwigwam,14,0
44013,ĠTanzania,14,0
44015,ĠCervantes,14,0
44016,Ġscrawled,14,0
44018,ĠAdequate,14,0
44019,Ġcodenamed,14,0
44020,Bridgerton,14,0
44022,ĠMFN,14,0
44023,ĠNawab,14,0
44025,ĠSamudragupta,14,0
44026,ĠSaarland,14,0
44027,Frontispiece,14,0
44030,ĠHiyang,14,0
44032,ĠBratislava,14,0
44033,ĠTurkmenistan,14,0
44034,ĠPrivilege,14,0
44035,ĠKimberly,14,0
44036,Ġtorpedoes,14,0
44037,Ukrainian,14,0
44038,Ġygapo,14,0
44039,Ġshorthand,14,0
44040,ĠNielsen,14,0
44041,ĠEhrlich,14,0
44042,Ġplethora,14,0
44043,ĠMinangkabau,14,0
44044,ĠByrne,14,0
44046,Ġfiduciary,14,0
44048,ĠBassenthwaite,14,0
44049,ĠEuphrates,14,0
44050,Ġimpenetrable,14,0
44051,Frisco,14,0
44053,Ġausterity,14,0
44054,Ġnarthex,14,0
44055,ĠAeneas,14,0
44056,Ġugliness,14,0
44057,ĠSutherland,14,0
44059,ĠNuremberg,14,0
44060,ĠGraupner,14,0
44061,ĠParmigianino,14,0
44062,ĠTomochichi,14,0
44063,ĠEmlichheim,14,0
44065,ĠMacroeconomics,14,0
44066,Ġunfaithful,14,0
44067,ĠRethymnon,14,0
44068,ĠAlbemarle,14,0
44069,ĠDiaghilev,14,0
44070,ĠChernomyrdin,14,0
44071,ĠBartholomew,14,0
1264,ield,13,0
1376,Ġcommun,13,0
1470,alth,13,0
1471,Ġple,13,0
1853,ctor,13,0
2026,oint,13,0
2082,ĠBomb,13,0
2197,Ġ195,13,0
2237,oci,13,0
2798,Ġexcl,13,0
2835,ĠMuse,13,0
3773,iction,13,0
3891,olid,13,0
4009,Ġinj,13,0
4191,egr,13,0
4808,Ġcrimin,13,0
5018,Ġ187,13,0
5064,ĠProv,13,0
5202,gged,13,0
5844,ĠRog,13,0
6354,ĠInst,13,0
6663,ression,13,0
7037,Ġinhabit,13,0
7683,itate,13,0
7919,uration,13,0
8771,oxide,13,0
8850,uis,13,0
8953,igation,13,0
9030,keys,13,0
9356,chest,13,0
9462,ĠEmer,13,0
9948,ĠIsa,13,0
10060,onym,13,0
10209,ĠBalt,13,0
10262,ĠConnect,13,0
10392,olve,13,0
10451,ĠShr,13,0
10462,Ġsanct,13,0
10761,ĠConc,13,0
11088,uber,13,0
11242,ĠExam,13,0
11654,mind,13,0
11993,ĠBale,13,0
12388,Ġvib,13,0
12488,Ġmamm,13,0
13292,ĠApoll,13,0
13393,anese,13,0
13847,teenth,13,0
13996,ĠGing,13,0
14122,Gen,13,0
14224,omot,13,0
14340,Ġinfer,13,0
14472,lington,13,0
14648,ĠBuff,13,0
14939,ĠKum,13,0
15093,ĠStephan,13,0
15136,ĠMaur,13,0
15329,Ġaver,13,0
15957,ĠTrin,13,0
16008,mamma,13,0
16046,arek,13,0
16705,Ġethn,13,0
16917,ĠUlt,13,0
16927,Ġamph,13,0
17005,appropriate,13,0
17019,pent,13,0
17031,arial,13,0
17407,ayan,13,0
17548,Ġgamb,13,0
17581,ressive,13,0
17714,ĠPars,13,0
17995,cond,13,0
18088,Ġlitig,13,0
18326,ilant,13,0
18497,chaft,13,0
18509,ĠRaven,13,0
18636,daughter,13,0
19009,iore,13,0
19175,BT,13,0
19278,iffs,13,0
19296,ophry,13,0
19459,ĠStre,13,0
19628,stal,13,0
19714,ĠChev,13,0
19766,ĠCelebr,13,0
19788,hoe,13,0
20260,ĠAlp,13,0
20287,ĠHerz,13,0
20390,benef,13,0
20451,ĠLag,13,0
20493,unga,13,0
20554,Christ,13,0
20573,ĠHunger,13,0
20868,ĠPis,13,0
21220,masters,13,0
21468,iscus,13,0
21841,requ,13,0
21906,ĠYak,13,0
22196,ĠShak,13,0
22306,worked,13,0
22389,Ġcogn,13,0
22706,stat,13,0
22852,Ġrapt,13,0
23008,icia,13,0
23087,ĠShen,13,0
23373,Ġdisrupt,13,0
23477,ĠKhor,13,0
23657,ĠDah,13,0
23697,Ġentreat,13,0
23955,ĠTuk,13,0
23995,ĠLoyal,13,0
24005,Ġallev,13,0
24226,governmental,13,0
24353,akpa,13,0
24377,integr,13,0
24480,Ġundes,13,0
24666,Ġlith,13,0
24720,iez,13,0
24734,places,13,0
25060,ĠMuk,13,0
25087,Ġvag,13,0
25322,question,13,0
25454,ĠFug,13,0
25569,ĠGuin,13,0
25799,icas,13,0
25833,olt,13,0
25951,Ġtrill,13,0
26133,Ġaggrav,13,0
26264,ĠGott,13,0
26576,Que,13,0
26591,yk,13,0
26663,thin,13,0
26719,ĠChuk,13,0
27086,ĠMoul,13,0
27163,soon,13,0
27280,ĠBerk,13,0
27520,lasting,13,0
27575,Ġgust,13,0
27694,Ġrecount,13,0
28077,ayana,13,0
28089,ĠMold,13,0
28091,ĠBair,13,0
28118,ĠDraw,13,0
28379,Ġsanction,13,0
28413,ĠCornwall,13,0
28485,Ġapprentices,13,0
28646,ĠHos,13,0
28651,ĠPec,13,0
28731,Ġremar,13,0
29011,ĠRefer,13,0
29181,ĠPag,13,0
29449,baum,13,0
29453,Arab,13,0
29521,Ġdeceit,13,0
29647,Rem,13,0
29655,ipl,13,0
29707,ĠAri,13,0
29866,fellow,13,0
29917,Ġmilitar,13,0
30188,product,13,0
30286,Act,13,0
30332,eses,13,0
30478,Ġdisintegr,13,0
30494,ullah,13,0
30546,venting,13,0
30566,Ġdemure,13,0
31071,andi,13,0
31078,Ġneu,13,0
31110,ĠRough,13,0
31153,ĠUrs,13,0
31563,Ġmisunderstand,13,0
31721,Ġlard,13,0
31792,ardom,13,0
31939,ĠBey,13,0
32185,ĠTalmud,13,0
32437,camp,13,0
32520,ĠAux,13,0
32563,changing,13,0
32631,ifi,13,0
32797,ĠToxic,13,0
33089,ĠOccup,13,0
33253,Water,13,0
33288,tos,13,0
33319,onte,13,0
33322,ouche,13,0
33397,chamber,13,0
33407,ĠWither,13,0
33645,ĠPercent,13,0
33839,played,13,0
33879,osaurs,13,0
34176,mist,13,0
34281,Ġsto,13,0
34623,Ġquarrels,13,0
34642,ĠRosen,13,0
34683,picious,13,0
34947,Ġmimic,13,0
35022,Ġearthen,13,0
35071,Ye,13,0
35142,ĠTEST,13,0
35168,ĠSuk,13,0
35173,amus,13,0
35174,ĠCust,13,0
35181,ĠMit,13,0
35182,ĠMell,13,0
35189,ĠBaj,13,0
35290,ivism,13,0
35956,ĠBuckingham,13,0
35996,Bur,13,0
36017,Ton,13,0
36031,gall,13,0
36040,mic,13,0
36064,Ġscept,13,0
36090,aros,13,0
36120,idia,13,0
36143,imet,13,0
36230,ĠNig,13,0
36246,quered,13,0
36355,issue,13,0
36436,ĠReine,13,0
36520,Ġimprovis,13,0
36544,ĠMegh,13,0
36550,205,13,0
36727,ĠSidd,13,0
37028,Ġoutweigh,13,0
37039,disciplinary,13,0
37056,ĠSiegel,13,0
37165,kow,13,0
37169,lov,13,0
37171,match,13,0
37395,oura,13,0
44072,240,13,0
44073,AIDS,13,0
44075,Bart,13,0
44076,Brave,13,0
44079,Cut,13,0
44081,Cross,13,0
44082,Cha,13,0
44083,Dolly,13,0
44084,Diesel,13,0
44086,Dendropsophus,13,0
44087,Etoile,13,0
44092,Hill,13,0
44094,Jumbo,13,0
44095,Kan,13,0
44098,Live,13,0
44100,Money,13,0
44101,NP,13,0
44103,Nye,13,0
44104,Oro,13,0
44106,Ra,13,0
44107,Ro,13,0
44108,Rue,13,0
44109,Requ,13,0
44110,Sant,13,0
44111,SON,13,0
44112,Southern,13,0
44113,SPAN,13,0
44114,Tim,13,0
44121,Want,13,0
44123,"_),",13,0
44124,_.--,13,0
44125,_.],13,0
44126,aunt,13,0
44129,bos,13,0
44132,bright,13,0
44133,binary,13,0
44135,cit,13,0
44136,came,13,0
44141,dan,13,0
44151,hos,13,0
44159,mot,13,0
44162,mell,13,0
44163,nu,13,0
44167,nominated,13,0
44168,oiled,13,0
44172,poly,13,0
44173,penny,13,0
44178,sin,13,0
44180,till,13,0
44182,tank,13,0
44193,"Ġ,""",13,0
44196,Ġtally,13,0
44197,Ġtics,13,0
44198,Ġtensed,13,0
44203,Ġaura,13,0
44206,rex,13,0
44208,reys,13,0
44209,Ġsow,13,0
44210,Ġsown,13,0
44211,Ġsizable,13,0
44214,Ġwry,13,0
44215,Ġwove,13,0
44216,Ġwimp,13,0
44220,Ġomit,13,0
44221,ndra,13,0
44225,Ġbinge,13,0
44228,Ġcog,13,0
44230,Ġcaved,13,0
44231,Ġceded,13,0
44240,animated,13,0
44243,Ġfable,13,0
44244,Ġfairs,13,0
44245,Ġfanning,13,0
44246,Ġfowls,13,0
44250,orously,13,0
44254,Ġmumbling,13,0
44256,Ġmpg,13,0
44260,Ġplying,13,0
44263,Ġhacking,13,0
44264,Ġhubs,13,0
44268,Ġdint,13,0
44269,arp,13,0
44277,ĠTand,13,0
44279,ĠTests,13,0
44282,ĠTunku,13,0
44283,leaves,13,0
44287,Ġngel,13,0
44289,icist,13,0
44296,Ġgipsy,13,0
44298,ĠIlla,13,0
44299,ĠIgor,13,0
44301,Ġislet,13,0
44303,ĠAO,13,0
44306,ĠAquarium,13,0
44307,ĠAARP,13,0
44308,ĠAuschwitz,13,0
44310,Ġbegs,13,0
44314,Ġeunuchs,13,0
44317,sting,13,0
44319,Ġreh,13,0
44321,Ġreest,13,0
44322,Ġreuse,13,0
44323,Ġreiterated,13,0
44328,adze,13,0
44335,ĠSort,13,0
44336,ĠSog,13,0
44341,imen,13,0
44342,Ġstunted,13,0
44344,Ġstanza,13,0
44354,ĠConey,13,0
44357,ĠMab,13,0
44358,ĠMour,13,0
44359,ĠMog,13,0
44360,ĠMurch,13,0
44367,ĠMBA,13,0
44369,ĠMatching,13,0
44370,ĠMHC,13,0
44374,ĠBJP,13,0
44376,ĠHier,13,0
44379,ĠHanging,13,0
44381,ĠHomo,13,0
44382,ĠHaji,13,0
44383,ĠHaitian,13,0
44384,ĠHIPAA,13,0
44385,Ġasunder,13,0
44388,Ġnotation,13,0
44390,iland,13,0
44396,ĠPace,13,0
44397,ĠPach,13,0
44401,ĠPFA,13,0
44405,ande,13,0
44408,Ġrard,13,0
44412,Ġdost,13,0
44414,Ġseams,13,0
44417,ĠWorthy,13,0
44420,ĠWerner,13,0
44421,Ġhisses,13,0
44425,Ġshined,13,0
44426,Ġshattering,13,0
44427,ersch,13,0
44430,Ġdepleted,13,0
44431,Ġfricative,13,0
44433,ĠFK,13,0
44434,ĠFM,13,0
44435,ĠFi,13,0
44437,ĠFul,13,0
44440,ĠFool,13,0
44442,ĠFey,13,0
44443,ĠFolly,13,0
44444,ĠFatal,13,0
44445,ĠFords,13,0
44446,ĠFEC,13,0
44447,ĠFiore,13,0
44449,ĠFarewell,13,0
44450,ĠFuca,13,0
44451,ĠFleece,13,0
44456,ĠDaughter,13,0
44457,ĠDuma,13,0
44458,Ġbygone,13,0
44460,ĠNK,13,0
44462,ĠNim,13,0
44463,ĠNur,13,0
44464,ĠNun,13,0
44466,ĠNanny,13,0
44467,ĠNiro,13,0
44468,Ġprostate,13,0
44470,Ġconcedes,13,0
44473,ĠLover,13,0
44474,ĠLoop,13,0
44476,ĠLLC,13,0
44477,ĠLeningrad,13,0
44478,ĠLutterfield,13,0
44479,ĠGanges,13,0
44484,ĠRage,13,0
44487,ĠRaim,13,0
44490,ĠRuddy,13,0
44491,ĠRAPS,13,0
44492,ĠRoutes,13,0
44494,abiding,13,0
44496,ĠJab,13,0
44497,ĠJail,13,0
44501,Ġknack,13,0
44502,Ġorita,13,0
44507,Ġvying,13,0
44509,Ġexhum,13,0
44510,Ġexcelled,13,0
44516,Ġjingle,13,0
44519,Ġalias,13,0
44523,ĠEira,13,0
44524,ĠEwing,13,0
44525,ĠEste,13,0
44526,ĠEdson,13,0
44533,Ġallergy,13,0
44534,Ġmead,13,0
44537,ĠHeidi,13,0
44538,ĠOise,13,0
44539,ĠObe,13,0
44540,ĠOden,13,0
44541,ĠOIG,13,0
44546,Ġnozzles,13,0
44551,Ġthereon,13,0
44554,odont,13,0
44556,ichu,13,0
44559,ĠThrace,13,0
44562,ilde,13,0
44564,Ġclammy,13,0
44566,ĠInstitutional,13,0
44567,ĠInverness,13,0
44569,ĠYue,13,0
44574,ĠKanto,13,0
44575,Ġwomb,13,0
44577,Ġroars,13,0
44579,Ġblah,13,0
44581,Ġblames,13,0
44584,ĠUll,13,0
44586,ĠUFO,13,0
44588,ĠUeno,13,0
44589,ĠUelsen,13,0
44594,Ġunle,13,0
44597,Ġunruly,13,0
44598,Ġunorthodox,13,0
44599,Ġoverarching,13,0
44600,Ġoffenses,13,0
44601,Ġpervasive,13,0
44602,Ġspires,13,0
44603,Ġsputtering,13,0
44611,Ġthinkers,13,0
44625,Ġresh,13,0
44627,Ġresolves,13,0
44628,Ġresurgence,13,0
44630,Ġcontended,13,0
44632,Ġpartridges,13,0
44637,Ġgoodliness,13,0
44640,Ġappellation,13,0
44642,Ġprecept,13,0
44644,Ġbackwoods,13,0
44647,Ġflickered,13,0
44648,Ġhowls,13,0
44649,Ġwanton,13,0
44650,Ġguise,13,0
44655,awan,13,0
44656,Ġunderpin,13,0
44657,oby,13,0
44659,Ġcronies,13,0
44661,Ġattested,13,0
44662,needed,13,0
44663,neutral,13,0
44664,ĠWharton,13,0
44665,Ġaccreditation,13,0
44666,Ġaccolades,13,0
44667,Ġpersonification,13,0
44671,Ġrematch,13,0
44674,ĠUncommon,13,0
44675,Ġ'_,13,0
44678,ĠAspen,13,0
44680,Ġeminence,13,0
44681,manager,13,0
44683,Ġslated,13,0
44687,ĠAlvin,13,0
44689,ĠAlvarez,13,0
44690,Ġbelated,13,0
44694,Ġentangled,13,0
44696,Ġincriminating,13,0
44698,Ġ340,13,0
44700,Ġdecisively,13,0
44701,Ġobesity,13,0
44702,Ġglitz,13,0
44703,Ġbusied,13,0
44704,Ġendpoint,13,0
44706,Ġretake,13,0
44708,Ġretrace,13,0
44712,Ġmonsoons,13,0
44714,Ġprovocation,13,0
44715,Ġproviso,13,0
44716,Ġsubgen,13,0
44717,Ġsubtext,13,0
44719,ĠArrest,13,0
44721,Ġdrone,13,0
44722,ĠLeen,13,0
44724,ĠLevant,13,0
44725,Ġaddictions,13,0
44726,Ġadditives,13,0
44727,Ġrequisite,13,0
44728,Ġcheats,13,0
44730,Ġturnip,13,0
44733,ĠMarathi,13,0
44735,Ġ181,13,0
44736,Ġ1818,13,0
44737,Ġdiscus,13,0
44740,ĠCluster,13,0
44741,ĠClimb,13,0
44744,ĠSharm,13,0
44745,Ġsystemic,13,0
44746,Ġbooksellers,13,0
44748,nery,13,0
44751,ĠAthe,13,0
44752,ĠAtomic,13,0
44755,Ġchariots,13,0
44757,Ġ590,13,0
44758,exactly,13,0
44759,Ġsignalled,13,0
44760,Ġworldclass,13,0
44763,Ġsnoring,13,0
44765,Ġruse,13,0
44766,Ġclew,13,0
44767,Ġelude,13,0
44770,Ġpublicize,13,0
44771,Ġdeportment,13,0
44772,Ġformulation,13,0
44774,Ġtopography,13,0
44775,Ġlandfall,13,0
44776,Ġ650,13,0
44779,Ġvaliantly,13,0
44780,Ġvaluables,13,0
44783,ĠProb,13,0
44784,ĠProceed,13,0
44789,Ġcreed,13,0
44790,Ġconferees,13,0
44791,Ġedict,13,0
44794,brac,13,0
44797,ĠEditors,13,0
44799,ĠEdnoth,13,0
44801,ikas,13,0
44804,Ġforeclosure,13,0
44805,Ġforesaw,13,0
44806,Ġrevising,13,0
44810,Ġinsensible,13,0
44815,Ġweekday,13,0
44816,Ġ711,13,0
44817,Ġveered,13,0
44823,ĠPratt,13,0
44824,ĠPrinted,13,0
44825,ĠPriscus,13,0
44827,Ġfireplaces,13,0
44828,Ġtriggers,13,0
44829,Ġwinnings,13,0
44830,Ġloam,13,0
44831,Ġloathe,13,0
44832,ĠFlam,13,0
44833,Ġparry,13,0
44834,Ġparaded,13,0
44835,Ġshorten,13,0
44836,ĠChristensen,13,0
44838,Ġbarons,13,0
44839,Ġbarrow,13,0
44842,ĠReproduction,13,0
44845,Ġshopkeepers,13,0
44846,Ġstoryline,13,0
44847,Ġtechnologist,13,0
44848,Ġcrowing,13,0
44849,Ġfunders,13,0
44850,ĠColors,13,0
44851,ĠZa,13,0
44853,ĠZay,13,0
44854,ĠZell,13,0
44856,Ġ172,13,0
44857,Ġ1735,13,0
44858,Ġ1723,13,0
44859,ĠMaya,13,0
44861,Ġvisitation,13,0
44862,Ġunderstandably,13,0
44864,Ġbedstead,13,0
44866,ĠPhonetic,13,0
44867,Ġreplicated,13,0
44868,Ġreplacements,13,0
44871,ĠOrb,13,0
44872,ĠOrville,13,0
44874,1961,13,0
44877,Ġpostmaster,13,0
44879,Ġpostgraduate,13,0
44883,Ġ1598,13,0
44884,ĠGeological,13,0
44886,ĠGerm,13,0
44888,ĠSeinfeld,13,0
44893,Ġquestioningly,13,0
44895,ĠExisting,13,0
44896,Ġlayoffs,13,0
44899,Ġfilings,13,0
44901,Ġmagpies,13,0
44903,Ġburgh,13,0
44904,ĠBarro,13,0
44905,Ġrulings,13,0
44910,Ġcomputed,13,0
44911,ĠWarwick,13,0
44914,ĠPermanent,13,0
44915,Ġhatched,13,0
44917,Anderson,13,0
44918,ĠCanico,13,0
44919,ĠTeaching,13,0
44920,Ġsolves,13,0
44923,ĠCharleville,13,0
44924,Ġcults,13,0
44926,Ġceases,13,0
44927,ĠAmirs,13,0
44929,Ġharms,13,0
44930,Ġharming,13,0
44931,ĠSecession,13,0
44933,Ġlaboring,13,0
44934,ĠMegan,13,0
44935,ĠXena,13,0
44936,Ġnonstop,13,0
44937,Ġnonpartisan,13,0
44939,ĠPolite,13,0
44941,Ġfurlough,13,0
44942,ĠGenovese,13,0
44943,ĠCityHall,13,0
44944,Ġpaled,13,0
44947,Ġpalazzi,13,0
44948,Ġpalheiro,13,0
44949,Ġsufficed,13,0
44954,Ġcomplicate,13,0
44957,Ġfortification,13,0
44959,ĠEligible,13,0
44960,Ġ131,13,0
44961,Ġordnance,13,0
44964,Ġsuperintend,13,0
44965,Ġsuperabundant,13,0
44966,ĠSwitch,13,0
44967,Ġfastening,13,0
44968,Ġantelopes,13,0
44971,ĠFinney,13,0
44972,ĠPalo,13,0
44973,ĠEmile,13,0
44974,Ġsightless,13,0
44975,Ġchairperson,13,0
44977,ĠPortable,13,0
44978,ĠPortela,13,0
44980,ĠCapture,13,0
44981,Ġ305,13,0
44984,ĠAssumptions,13,0
44985,Ġmultinational,13,0
44988,Ġrouted,13,0
44989,Ġcredence,13,0
44990,ĠDemographics,13,0
44991,Ġimpacting,13,0
44992,Ġexpressways,13,0
44993,ĠQuad,13,0
44996,ĠNobunaga,13,0
44997,Ġlaughable,13,0
44998,Ġwaitin,13,0
45003,ĠEngel,13,0
45006,ĠIrvine,13,0
45007,ĠAirports,13,0
45008,Ġ259,13,0
45009,ĠAga,13,0
45010,Ġbloodstream,13,0
45011,ĠSerie,13,0
45012,ĠCoordination,13,0
45014,ĠCourthouse,13,0
45015,Ġcombating,13,0
45017,Ġhospice,13,0
45018,Ġradically,13,0
45019,ĠCriminals,13,0
45020,Ġthrash,13,0
45022,Ġ216,13,0
45024,Ġfreaks,13,0
45025,ĠValuable,13,0
45026,Ġconversions,13,0
45027,Ġearthworks,13,0
45028,Ġimagines,13,0
45029,Ġimaginations,13,0
45030,Ġbenchmarking,13,0
45031,humor,13,0
45032,ĠGlitter,13,0
45035,Ġannounces,13,0
45038,ĠComart,13,0
45039,ĠCompleted,13,0
45042,Ġcorrecting,13,0
45044,Ġcookbooks,13,0
45045,Ġcollimated,13,0
45046,Ġdisprove,13,0
45047,Ġpredetermined,13,0
45048,Ġgasps,13,0
45051,Ġuncouth,13,0
45052,Ġtrooped,13,0
45053,Ġlaurels,13,0
45054,Ġtrickled,13,0
45055,Ġcoffers,13,0
45056,Ġensuing,13,0
45058,Ġcowards,13,0
45060,Ġhospitalization,13,0
45062,ĠMartins,13,0
45063,Ġundaunted,13,0
45064,Ġcitation,13,0
45065,ĠMidtown,13,0
45066,ĠPreventing,13,0
45067,ĠWindsurfing,13,0
45068,Ġ231,13,0
45069,Ġ232,13,0
45070,Ġ236,13,0
45071,ĠBayonne,13,0
45072,Ġteleconferencing,13,0
45073,ĠSuwak,13,0
45075,ĠTIer,13,0
45076,ĠBoyne,13,0
45077,ĠDisclosure,13,0
45078,ĠImus,13,0
45080,ĠMori,13,0
45083,ĠBlackie,13,0
45084,Ġdecorum,13,0
45085,Ġdomains,13,0
45086,ĠPrizes,13,0
45088,Ġ221,13,0
45089,Ġ223,13,0
45091,Ġ226,13,0
45092,121,13,0
45095,Ġimpressively,13,0
45097,Ġ271,13,0
45098,ĠSalazar,13,0
45099,ĠSaladin,13,0
45100,ĠMerwin,13,0
45102,ĠSamantha,13,0
45103,Ġentertainments,13,0
45109,Ġapprehensive,13,0
45110,ĠLittleton,13,0
45114,Ġvacated,13,0
45115,Ġpetrified,13,0
45116,Ġrenounce,13,0
45119,Ġproserity,13,0
45120,Ġunsur,13,0
45121,Ġunsettled,13,0
45122,Ġunspoken,13,0
45123,ĠUnderwater,13,0
45125,ĠGoldwater,13,0
45126,ĠSkip,13,0
45128,Ġunfolding,13,0
45129,Ġcongressmen,13,0
45133,Ġcashmere,13,0
45134,ĠOverseas,13,0
45135,Ġmadame,13,0
45136,Ġsmokeless,13,0
45142,Ġdismally,13,0
45143,Ġdismount,13,0
45144,ĠMagi,13,0
45146,Ġcriticizes,13,0
45147,Ġmutilated,13,0
45148,ĠCarolinas,13,0
45149,Ġsubmarines,13,0
45151,Ġcasement,13,0
45154,ĠWorkforce,13,0
45159,Ġcontainment,13,0
45161,Ġconflagration,13,0
45162,Ġobliging,13,0
45163,Ġathwart,13,0
45164,ĠNorse,13,0
45168,Ġinterventionist,13,0
45169,ĠTerms,13,0
45175,Ġthinly,13,0
45176,ĠMaoris,13,0
45177,Ġquantifying,13,0
45178,Ġquantitatively,13,0
45180,Ġlifetimes,13,0
45181,ĠBasu,13,0
45182,ĠUsher,13,0
45183,Ġdissolving,13,0
45184,ĠWinfrey,13,0
45186,ĠPerspectives,13,0
45188,barrel,13,0
45189,ĠTravis,13,0
45191,Ġdescends,13,0
45192,falling,13,0
45194,ĠWoodstock,13,0
45196,Ġtorii,13,0
45197,Ġastute,13,0
45198,ĠInterface,13,0
45199,ĠArchdiocese,13,0
45201,ĠLatinos,13,0
45202,ĠTrieste,13,0
45204,Ġrevolutions,13,0
45206,Ġtoughness,13,0
45208,Ġsatisfactorily,13,0
45210,ĠInstalling,13,0
45211,ĠInstallation,13,0
45213,Ġclockwork,13,0
45214,ĠRobins,13,0
45216,hoek,13,0
45217,ĠDubliners,13,0
45218,Ġsymbolized,13,0
45219,ĠDeficit,13,0
45220,ĠDefinition,13,0
45222,ĠTyrol,13,0
45223,ĠConferees,13,0
45224,Ġcroak,13,0
45226,ĠSarrazin,13,0
45227,ĠGalland,13,0
45228,ĠKristen,13,0
45229,Ġmelts,13,0
45230,Ġsequential,13,0
45233,ĠCivilian,13,0
45235,Ġabsorbs,13,0
45236,ĠMillar,13,0
45237,Ġcounselor,13,0
45238,Ġreckoning,13,0
45239,Ġunhooked,13,0
45240,ĠPacers,13,0
45241,ĠPacino,13,0
45243,ĠStatutory,13,0
45246,ĠFarwell,13,0
45247,ĠNorma,13,0
45248,Also,13,0
45250,Ġbattalions,13,0
45251,ĠPuyo,13,0
45252,ĠFairies,13,0
45253,Ġ702,13,0
45254,Ġdeterminations,13,0
45255,Ġsacrificial,13,0
45258,ĠLoches,13,0
45259,ĠDanielle,13,0
45262,ĠNortherners,13,0
45263,Anjou,13,0
45264,ĠPotomac,13,0
45265,Ġpedoph,13,0
45267,ĠPointCast,13,0
45271,Ġsampled,13,0
45272,Ġgleaned,13,0
45273,Ġidealism,13,0
45274,ĠSCRs,13,0
45275,ĠRenault,13,0
45277,Ġvestiges,13,0
45278,ĠAshikaga,13,0
45280,Ġkilow,13,0
45282,ĠJeffords,13,0
45283,ĠVerde,13,0
45285,Ġtacked,13,0
45286,ĠSECRET,13,0
45287,Ġjewelers,13,0
45290,Ġpiloting,13,0
45291,Ġwounding,13,0
45293,Ġcompensatory,13,0
45294,Ġexpedient,13,0
45295,Ġinstituting,13,0
45296,Ġdismissing,13,0
45297,ĠPoems,13,0
45298,Ġdelightedly,13,0
45299,Ġessentials,13,0
45301,ĠBourges,13,0
45302,Ġaerospace,13,0
45303,Ġinventors,13,0
45307,Ġvocation,13,0
45308,Ġmonarchies,13,0
45309,smelling,13,0
45310,ĠMandel,13,0
45311,ĠMandeville,13,0
45312,Ġdrunkard,13,0
45314,ĠLibre,13,0
45318,ĠDiwan,13,0
45319,Ġbreastplate,13,0
45320,Ġdepositing,13,0
45321,ĠFirebug,13,0
45324,ĠOlson,13,0
45326,ĠInvesting,13,0
45328,Ġacademia,13,0
45330,Ġpaddocks,13,0
45331,ĠJordanian,13,0
45332,ĠCabaret,13,0
45334,ĠBhosle,13,0
45335,Ġmalaria,13,0
45336,Ġgrossly,13,0
45337,Ġsighing,13,0
45339,Ġblazes,13,0
45340,ĠTaxis,13,0
45341,ĠLovell,13,0
45344,Ġtrashy,13,0
45345,ĠSharma,13,0
45346,ĠSobek,13,0
45347,Ġballooning,13,0
45348,ĠNonprofit,13,0
45350,Ġmoody,13,0
45352,ĠEmery,13,0
45353,Ġdilated,13,0
45354,ĠTalent,13,0
45355,Ġoutlining,13,0
45356,Ġspectacularly,13,0
45360,ĠMultimedia,13,0
45361,ĠAdvice,13,0
45362,Ġmobsters,13,0
45363,ĠMercer,13,0
45365,ĠWWF,13,0
45366,Ġclarifying,13,0
45368,Ġrending,13,0
45370,ĠNetworks,13,0
45371,Ġbeastly,13,0
45375,Ġgiggled,13,0
45376,ĠKashmiri,13,0
45377,ĠFarmworkers,13,0
45378,ĠSemple,13,0
45380,ĠDCs,13,0
45381,Ġconjure,13,0
45382,Ġconjuring,13,0
45383,ĠHeadquarters,13,0
45384,ĠNavigator,13,0
45386,Ġwithdrawals,13,0
45388,Ġhindsight,13,0
45390,ĠFriendship,13,0
45391,Ġunfairness,13,0
45393,ĠVenezia,13,0
45394,Ġstallions,13,0
45396,Ġ496,13,0
45399,ĠAdministrators,13,0
45400,Ġequivalence,13,0
45402,ĠDesigns,13,0
45403,Ġaerobic,13,0
45404,Whatever,13,0
45406,Ġallegation,13,0
45408,Ġtransmittal,13,0
45409,ĠHalfway,13,0
45410,Ġ1787,13,0
45411,Ġ1788,13,0
45412,Ready,13,0
45414,Ġabsurdity,13,0
45416,Ġaccumulating,13,0
45417,Ġadaption,13,0
45419,Ġsobering,13,0
45420,Ġindulgence,13,0
45421,United,13,0
45422,Ġsolicitude,13,0
45424,Ġfussed,13,0
45425,ĠTelecommunications,13,0
45427,ĠAbdullah,13,0
45428,ĠFallen,13,0
45429,Ġluxuriously,13,0
45430,ĠPetersfield,13,0
45431,Ġchateaux,13,0
45432,believe,13,0
45433,ĠEveridge,13,0
45434,Ġ1701,13,0
45435,Ġirritably,13,0
45436,ĠMarinella,13,0
45437,ĠJeffersons,13,0
45438,Ġvibration,13,0
45439,Ġstimulation,13,0
45440,ĠDiscrimination,13,0
45441,ĠBodh,13,0
45442,ĠBahadur,13,0
45443,ĠExtended,13,0
45444,ĠHORATIO,13,0
45445,Ġgeniuses,13,0
45446,slate,13,0
45448,Ġreproving,13,0
45449,ĠBernardino,13,0
45450,Ġdistinguishable,13,0
45451,ĠBiddle,13,0
45454,Ġworshipping,13,0
45456,ĠSweat,13,0
45457,ĠSpacey,13,0
45458,Ġcherish,13,0
45459,Ġascribed,13,0
45460,ĠKazimierz,13,0
45461,Ġsurrendering,13,0
45462,ĠKanazawa,13,0
45463,ĠHoag,13,0
45464,ĠPearinsky,13,0
45467,Ġappoints,13,0
45469,ĠConditions,13,0
45471,ĠClippers,13,0
45472,ĠPolycrates,13,0
45473,ĠEscort,13,0
45474,Ġwiggle,13,0
45476,Ġcomprehended,13,0
45477,Ġtranquillity,13,0
45478,Ġzei,13,0
45479,ĠCreatures,13,0
45480,ĠDowit,13,0
45482,Ġcontradicted,13,0
45483,ĠBergamo,13,0
45485,Ġgauging,13,0
45486,ĠCombining,13,0
45489,Ġthrongs,13,0
45490,Ġexhaustive,13,0
45493,ĠNAACP,13,0
45494,Ġcrippling,13,0
45495,ĠTuttle,13,0
45496,Ġgossiping,13,0
45497,ĠSagar,13,0
45498,ĠDocuments,13,0
45499,ĠSpaniard,13,0
45500,ĠGlassware,13,0
45502,didn,13,0
45503,ĠBotany,13,0
45504,Ġcreepers,13,0
45505,negative,13,0
45506,Ġcrestfallen,13,0
45509,Ġcurtly,13,0
45510,Ġpromenades,13,0
45512,ĠAbbott,13,0
45516,Ġmolest,13,0
45518,Ġlurked,13,0
45519,ĠIRT,13,0
45520,ĠIRCA,13,0
45521,ĠWhistler,13,0
45522,Ġinconsequential,13,0
45524,Ġseminal,13,0
45527,ĠSophy,13,0
45528,ĠSoprano,13,0
45529,ĠPoniatowski,13,0
45531,Ġsqq,13,0
45532,ĠSuccession,13,0
45534,Ġethnography,13,0
45536,ĠSardis,13,0
45537,ĠBessette,13,0
45538,ĠBathurst,13,0
45539,Ġsnapshot,13,0
45542,ĠPsychology,13,0
45543,ĠProcessing,13,0
45544,Ġsulky,13,0
45545,Ġcroseng,13,0
45546,Ġserenely,13,0
45547,Ġdistributions,13,0
45548,Ġaforementioned,13,0
45549,Ġlustily,13,0
45550,ĠParsis,13,0
45551,Ġtsar,13,0
45552,Ġslaughtering,13,0
45553,Ġsteerage,13,0
45554,Ġpromotions,13,0
45555,Ġphilanthropy,13,0
45557,ĠAlphabet,13,0
45558,ĠFormerly,13,0
45559,Ġtaverns,13,0
45560,ĠCetel,13,0
45562,Doesn,13,0
45563,Ġhustling,13,0
45564,ĠJedi,13,0
45565,Ġstrongholds,13,0
45567,Ġclamoring,13,0
45568,Turkish,13,0
45569,Ġbobbing,13,0
45571,Ġinserts,13,0
45572,ĠMcCarthyism,13,0
45573,Ġintimidate,13,0
45575,Ġcraze,13,0
45576,Ġdefectors,13,0
45577,ĠBROTHERS,13,0
45578,ĠDobrava,13,0
45579,ĠJudean,13,0
45580,Ġmathematicians,13,0
45581,Ġalgorithms,13,0
45583,ĠAppropriate,13,0
45584,Ġlangues,13,0
45586,ĠXXVIII,13,0
45587,Ġencompass,13,0
45589,ĠFolketing,13,0
45590,ĠEssert,13,0
45591,ĠArriaga,13,0
45592,ĠPandorica,13,0
45593,Ġunintended,13,0
45594,Ġfluctuations,13,0
45595,ĠClaiborne,13,0
45596,ĠObjects,13,0
45597,ĠTotoro,13,0
45598,ĠCoxwell,13,0
45599,ĠJarrah,13,0
45600,Ġmeteorology,13,0
45601,Ġbesiegers,13,0
45602,Ġgrievous,13,0
45603,Ġgrievously,13,0
45605,ĠRawlings,13,0
45606,Ġoverflowed,13,0
45607,Ġdeprive,13,0
45608,Ġvirgins,13,0
45609,Ġdisseminating,13,0
45610,Ġshreds,13,0
45612,Ġoutnumber,13,0
45613,ĠFrisia,13,0
45614,Ġreconcile,13,0
45615,Ġforfeiture,13,0
45616,Ġmelodic,13,0
45617,sighted,13,0
45618,ĠCummings,13,0
45619,Ġdraughts,13,0
45620,ĠSantorum,13,0
45621,ĠTihipko,13,0
45622,Ġmantelpiece,13,0
45623,ĠGazu,13,0
45624,Ġstipulation,13,0
45625,ĠNabors,13,0
45626,Ġmanifestations,13,0
45627,Ġhogs,13,0
45628,Ġthroes,13,0
45629,ĠBotticelli,13,0
45632,grandfather,13,0
45633,Ġslamming,13,0
45634,Ġrapturous,13,0
45635,ĠWelchman,13,0
45636,ĠMoira,13,0
45637,ĠFSF,13,0
45638,Ġorthodoxy,13,0
45639,Ġjaboty,13,0
45640,Ġdigestive,13,0
45641,breeding,13,0
45644,Ġtheorists,13,0
45645,Ġdueling,13,0
45647,Ġcongestion,13,0
45648,ĠGertis,13,0
45649,ĠVaclav,13,0
45650,Ġscoundrels,13,0
45651,Histoire,13,0
45653,Ġholler,13,0
45654,ĠScheduled,13,0
45655,Ġintuition,13,0
45656,Ġentreaties,13,0
45658,ĠAthenian,13,0
45659,ĠRequests,13,0
45660,Ġpenalize,13,0
45661,Fellows,13,0
45662,ĠBRADLEY,13,0
45663,Ġchromium,13,0
45664,Ġsentinel,13,0
45666,ĠBraunfels,13,0
45668,Ġomnibus,13,0
45669,Ġsterling,13,0
45670,ĠMaterial,13,0
45672,ĠSensitive,13,0
45673,ĠHogarth,13,0
45674,ĠPKK,13,0
45675,Ġremodeling,13,0
45676,Ġrelinquished,13,0
45677,Ġsnugly,13,0
45678,Ġissuers,13,0
45679,Charles,13,0
45680,ĠApalachicola,13,0
45682,Ġillumined,13,0
45683,ĠComparison,13,0
45684,mainly,13,0
45685,ĠPtolemy,13,0
45686,Ġoverruled,13,0
45687,Ġdelirious,13,0
45688,ĠLiggett,13,0
45689,ĠVariations,13,0
45690,ĠCAFR,13,0
45691,ĠGymnasium,13,0
45692,Ġfiendish,13,0
45695,Ġintrigue,13,0
45696,ĠWeaknesses,13,0
45697,ĠSuzanne,13,0
45698,ĠMillionaire,13,0
45699,Ġwithholding,13,0
45701,ĠKwanzaa,13,0
45702,Ġroyals,13,0
45703,Ġpreviews,13,0
45704,ĠBeaumont,13,0
45705,ĠMaccabi,13,0
45706,Ġblotting,13,0
45707,Ġimbib,13,0
45708,Ġunimpressed,13,0
45709,reviewed,13,0
45710,ĠChernobyl,13,0
45711,ĠMateo,13,0
45712,ĠPattens,13,0
45713,ĠRSSI,13,0
45714,Ġheralded,13,0
45716,Ġgrappling,13,0
45717,ĠFarmington,13,0
45719,ĠGimignano,13,0
45722,Ġrevisit,13,0
45723,Ġaesthetically,13,0
45724,African,13,0
45725,Ġlibretto,13,0
45726,ĠHeathen,13,0
45727,Ġnarcotic,13,0
45728,Ġtoxins,13,0
45729,ĠMnuchin,13,0
45732,ĠTonsil,13,0
45733,ĠPompidou,13,0
45734,ĠGainesville,13,0
45735,ĠEminem,13,0
45736,Ġrecapture,13,0
45737,ĠWhiskey,13,0
45738,ĠPlateau,13,0
45740,Ġimpertinent,13,0
45741,Actually,13,0
45742,ĠPureiromba,13,0
45744,ĠOmnibus,13,0
45745,Ġdemurely,13,0
45746,Ġinflammation,13,0
45747,Ġembryos,13,0
45748,Ġquadruple,13,0
45749,Panthoibi,13,0
45750,Schoolcraft,13,0
45753,ĠAeronautics,13,0
45755,ĠLoyola,13,0
45756,Ġsnobbish,13,0
45757,Ġcaptivating,13,0
45758,Ġspreadsheets,13,0
45759,ĠLedfords,13,0
45760,Financial,13,0
45761,Museo,13,0
45762,ĠCumulative,13,0
45763,ĠBILLY,13,0
45764,ĠLaxman,13,0
45765,Ġunquestionably,13,0
45766,ĠBricktop,13,0
45767,Ġbenevolent,13,0
45768,Ġconjugation,13,0
45769,ĠBrahmins,13,0
45770,ĠRespondents,13,0
45772,Ġpiteously,13,0
45774,Ġexasperated,13,0
45775,ĠKansai,13,0
45776,ĠShivaji,13,0
45777,Ġtreasured,13,0
45779,Ġapocalyptic,13,0
45780,Ġinexplicable,13,0
45781,ĠScandinavian,13,0
45782,Ġchimpanzee,13,0
45783,ĠPappu,13,0
45784,ĠFosco,13,0
45786,ĠROBERT,13,0
45787,ĠChoctaw,13,0
45788,ĠAdmissions,13,0
45790,Ġobsessive,13,0
45791,CBN,13,0
45792,George,13,0
45794,ĠBumpass,13,0
45795,ĠWaverley,13,0
45796,Ġunseemly,13,0
45797,Ġunclaimed,13,0
45799,ĠBroderick,13,0
45800,Ġambivalence,13,0
45801,Ġjuxtaposition,13,0
45802,ĠStaffordshire,13,0
45805,Ġbrazen,13,0
45807,Ġmenhirs,13,0
45808,ĠArauco,13,0
45809,Ġpainstakingly,13,0
45810,Ġapprehensively,13,0
45811,ĠMagdalene,13,0
45812,ĠHadesarchaea,13,0
45814,Ġrhinos,13,0
45815,ĠRunaway,13,0
45816,ĠOtho,13,0
45817,Ġhygiene,13,0
45818,Ġschizophrenia,13,0
45819,Ġinanimate,13,0
45820,ĠSatellite,13,0
45821,ĠCurnin,13,0
45824,ĠAndalusia,13,0
45825,ĠLeinster,13,0
45826,Ġelicited,13,0
45827,Ġfaaade,13,0
45829,Honganji,13,0
45831,Ġeconometric,13,0
45832,Ġasymmetrical,13,0
45834,ĠKhamlangba,13,0
45835,Ġsmouldering,13,0
45836,ĠAluminium,13,0
45837,ĠDoctrine,13,0
45838,ĠConestoga,13,0
45839,Ġparlors,13,0
45842,ĠCorbett,13,0
45843,ĠProfessionals,13,0
45844,warrior,13,0
45845,ĠGhazni,13,0
45846,ĠWyandotte,13,0
45847,ĠTuscaloosa,13,0
45848,Ġcrustaceans,13,0
45849,Ġstupefied,13,0
45850,ĠLauderdale,13,0
45851,soccer,13,0
45852,Ġcessation,13,0
45854,Ġguttural,13,0
45855,ĠMitterrand,13,0
45856,ĠPotsdam,13,0
45857,ĠWiltshire,13,0
45858,ĠDomenico,13,0
45860,ĠUnexpected,13,0
45861,Ġunadorned,13,0
45862,ĠUnabomber,13,0
45863,ĠAlthea,13,0
45864,ĠArapaho,13,0
45866,ĠUpdike,13,0
45867,Ġtrajectory,13,0
45869,Ġintrinsic,13,0
45870,ĠSagittarius,13,0
45871,ĠDolomites,13,0
45872,Ġpampered,13,0
45873,ĠTarrant,13,0
45874,Ġbefriended,13,0
45876,ĠLulie,13,0
45877,ĠJyoti,13,0
45878,ĠHefner,13,0
45879,ĠKildare,13,0
45881,ĠTragedy,13,0
45882,ĠPergamum,13,0
45883,ĠMemorandum,13,0
45884,ĠGalileo,13,0
45885,ĠLSNJ,13,0
45886,ĠMahabharata,13,0
45887,ĠSwayambhunath,13,0
45888,Daily,13,0
45889,Microsoft,13,0
45890,Ġsikhara,13,0
45891,Ġmonsieur,13,0
45892,ĠMitzpe,13,0
45895,Ġchoicest,13,0
45897,Ġunethical,13,0
45898,Ġunparalleled,13,0
45900,ĠLeipzig,13,0
45902,ĠLairembi,13,0
45903,Ġbelligerent,13,0
45904,ĠApplebome,13,0
45905,ĠVoivodeship,13,0
45907,hectare,13,0
45908,Ġpiazzas,13,0
45909,Ġthiosulfate,13,0
45910,ĠMamsie,13,0
45911,ĠPumori,13,0
45912,Ġraiment,13,0
45913,ĠWrynose,13,0
45914,ĠNiihau,13,0
45915,ĠRautela,13,0
45916,Ġviolets,13,0
45917,Ġclumsily,13,0
45918,Ġunnerved,13,0
45919,ĠAranjuez,13,0
45920,ĠEddington,13,0
45921,Ġvehemence,13,0
45922,ĠPortinatx,13,0
45923,ĠIrrigation,13,0
45924,ĠSavonarola,13,0
45925,ĠVerrocchio,13,0
45927,ĠThernstroms,13,0
45928,ĠQinhuangdao,13,0
1440,Ġconf,12,0
1538,Ġhist,12,0
1617,ission,12,0
1966,urity,12,0
2091,raft,12,0
2330,Ġ194,12,0
3588,raz,12,0
3667,ĠCharl,12,0
4842,yal,12,0
4882,itty,12,0
5256,pered,12,0
5363,ĠFam,12,0
5465,ĠKenn,12,0
5542,burgh,12,0
5644,adium,12,0
6160,eyer,12,0
6216,ĠBraz,12,0
6470,itated,12,0
6598,Ġconce,12,0
6701,Ġmyst,12,0
7175,ĠCrit,12,0
7344,alysis,12,0
7371,fits,12,0
7494,unning,12,0
7902,uations,12,0
7987,ropol,12,0
8053,olph,12,0
8129,stan,12,0
8137,ults,12,0
8153,yers,12,0
8436,gery,12,0
8445,Ġsympath,12,0
8604,ĠNatal,12,0
8678,oyal,12,0
8906,uality,12,0
8931,ĠPip,12,0
8954,ensions,12,0
9018,rary,12,0
9079,ammed,12,0
9196,struction,12,0
9228,cery,12,0
9351,amped,12,0
9362,Ġinex,12,0
9425,ilton,12,0
9510,ĠPrin,12,0
9601,usse,12,0
9700,owning,12,0
9932,inations,12,0
10532,Ġtid,12,0
10705,onder,12,0
11260,ĠCustom,12,0
11344,ĠBourg,12,0
11464,ĠKell,12,0
11500,ĠDyn,12,0
11551,apore,12,0
11556,asso,12,0
12198,uously,12,0
12620,lden,12,0
12768,llers,12,0
13182,ulars,12,0
13316,SL,12,0
13327,ilies,12,0
13523,itations,12,0
13764,ousing,12,0
13812,hang,12,0
13938,ĠArn,12,0
13943,rington,12,0
13987,ĠBry,12,0
14126,yon,12,0
14141,Ġintim,12,0
14317,imming,12,0
14458,ĠStu,12,0
14747,ĠGon,12,0
14755,Ġperpet,12,0
14849,ĠKes,12,0
14902,ĠAstron,12,0
14926,ĠCau,12,0
15007,Ġtum,12,0
15611,lette,12,0
15912,ĠBever,12,0
16026,ooh,12,0
16573,design,12,0
16604,inals,12,0
16615,stad,12,0
16718,Ġfluor,12,0
16883,Ġfel,12,0
17150,riages,12,0
17170,Ġexh,12,0
17172,ĠOc,12,0
17300,unting,12,0
17336,arned,12,0
17398,loo,12,0
17461,banded,12,0
17481,ĠChem,12,0
17722,essed,12,0
17858,ĠIgn,12,0
17907,ĠAlber,12,0
18165,olit,12,0
18274,Ġfertil,12,0
18313,arus,12,0
18323,ĠCert,12,0
18341,akia,12,0
18367,iera,12,0
18658,sept,12,0
18695,iani,12,0
18700,orman,12,0
18715,Ġmeth,12,0
19037,imeter,12,0
19055,ĠLah,12,0
19110,ĠAppro,12,0
19112,ĠImag,12,0
19187,mons,12,0
19261,ĠDecl,12,0
19386,Bay,12,0
19426,urated,12,0
19819,Ġstagn,12,0
20046,ĠAlz,12,0
20204,ĠSpect,12,0
20446,unity,12,0
20530,ĠEns,12,0
20548,Ġembro,12,0
20618,CR,12,0
20628,viv,12,0
20860,uto,12,0
20898,iality,12,0
20928,Ġmusk,12,0
21053,gence,12,0
21071,Ġpseud,12,0
21152,avi,12,0
21839,yu,12,0
21890,apur,12,0
21919,issy,12,0
21939,eka,12,0
22088,Ke,12,0
22108,ativ,12,0
22111,inges,12,0
22120,ĠTrou,12,0
22307,Ġcrystall,12,0
22800,ribes,12,0
23027,Ġstagger,12,0
23048,Ġlia,12,0
23125,ĠClint,12,0
23139,Ġmedi,12,0
23586,Hist,12,0
23636,sever,12,0
23662,ĠLud,12,0
24138,Ġdispro,12,0
24298,Ġgast,12,0
24542,waite,12,0
24661,Ġdrib,12,0
24672,entious,12,0
24781,ĠShal,12,0
24809,prise,12,0
24825,icultural,12,0
24839,afar,12,0
25174,annie,12,0
25647,Ġdramat,12,0
25769,gang,12,0
25774,uji,12,0
25871,ackers,12,0
25874,ouss,12,0
26134,educated,12,0
26314,Ġboomer,12,0
26350,Ġdelinqu,12,0
26463,spoken,12,0
26613,ĠTes,12,0
26625,stage,12,0
26656,olent,12,0
27129,agawa,12,0
27198,erential,12,0
27200,ĠShir,12,0
27530,sal,12,0
27536,ym,12,0
27580,idian,12,0
27589,ĠMate,12,0
27621,ĠDW,12,0
27954,ĠPrincip,12,0
28013,RATION,12,0
28084,separ,12,0
28161,ĠKw,12,0
28233,ĠShik,12,0
28566,hele,12,0
28580,Ġmish,12,0
28602,ĠIst,12,0
28652,Ġketch,12,0
28794,Ġpostc,12,0
28813,ĠTej,12,0
28949,ĠPoet,12,0
29210,ĠJah,12,0
29247,Ġunman,12,0
29263,ancers,12,0
29730,Ġsti,12,0
29750,ĠBett,12,0
29830,urer,12,0
29848,avour,12,0
29851,ĠVor,12,0
29884,ĠAlter,12,0
29908,ĠClo,12,0
29952,Ġvolt,12,0
30038,Ġapprehend,12,0
30340,aline,12,0
30637,ĠCran,12,0
30650,aea,12,0
30951,Pan,12,0
30953,School,12,0
30960,dist,12,0
30995,enko,12,0
31024,start,12,0
31101,ĠLoy,12,0
31244,Ġsnob,12,0
31533,ĠLedford,12,0
31666,iak,12,0
31732,stay,12,0
31764,Ġdol,12,0
31818,osi,12,0
31825,ĠOpt,12,0
31992,ĠMinim,12,0
32011,beds,12,0
32451,phe,12,0
32504,ĠTah,12,0
32616,ĠEg,12,0
32807,ĠBarge,12,0
32850,ĠEmil,12,0
33109,ĠJohannes,12,0
33144,ĠOwners,12,0
33285,rakia,12,0
33340,arina,12,0
33381,ĠMent,12,0
33439,ieved,12,0
33485,actic,12,0
33570,ĠShu,12,0
33639,Ġburrow,12,0
33750,Step,12,0
33883,Conf,12,0
34161,cuts,12,0
34228,enary,12,0
34229,enia,12,0
34387,udy,12,0
34392,ivo,12,0
34400,ĠKub,12,0
35068,Trans,12,0
35106,Ġwither,12,0
35222,ĠFix,12,0
35224,ĠFasc,12,0
35384,Ġdeciview,12,0
35443,ĠAdop,12,0
35445,ĠBeg,12,0
35453,Ġconfisc,12,0
35873,Ġtempest,12,0
36020,WF,12,0
36036,jam,12,0
36186,ĠPanch,12,0
36218,ĠDag,12,0
36312,ĠStream,12,0
36440,attack,12,0
36597,ĠAgu,12,0
36828,eteers,12,0
37115,Aw,12,0
37116,Avenue,12,0
37196,inv,12,0
37234,icke,12,0
37257,ĠSper,12,0
37273,amachi,12,0
37300,ĠBibli,12,0
37328,usz,12,0
37332,ĠFond,12,0
37336,ĠDing,12,0
37374,Ġville,12,0
37437,Ġperme,12,0
37462,Ġbrat,12,0
37613,ĠBlow,12,0
37723,INC,12,0
38301,kas,12,0
38320,uj,12,0
38594,issi,12,0
38819,haven,12,0
39348,violent,12,0
45929,"""&",12,0
45930,038,12,0
45931,3000,12,0
45933,330,12,0
45935,:=,12,0
45938,Born,12,0
45940,Corn,12,0
45942,Coming,12,0
45943,Dark,12,0
45944,Dead,12,0
45947,Fi,12,0
45948,Fall,12,0
45949,Fant,12,0
45950,Find,12,0
45955,Hy,12,0
45956,Hank,12,0
45957,Hell,12,0
45958,Half,12,0
45959,Hurrah,12,0
45960,Im,12,0
45962,Jon,12,0
45963,Jones,12,0
45964,Kill,12,0
45966,Los,12,0
45967,Lost,12,0
45969,Lola,12,0
45972,Magn,12,0
45973,Ok,12,0
45974,Ooh,12,0
45975,Pen,12,0
45976,Pray,12,0
45978,Rather,12,0
45979,Rec,12,0
45980,Rosa,12,0
45982,Sin,12,0
45983,Sing,12,0
45984,Sun,12,0
45985,Saving,12,0
45987,Smith,12,0
45988,Suffer,12,0
45989,Twas,12,0
45990,Var,12,0
45992,"_!""",12,0
46000,civil,12,0
46001,cuses,12,0
46004,czy,12,0
46005,cups,12,0
46008,ei,12,0
46011,fen,12,0
46012,fool,12,0
46014,flying,12,0
46015,gos,12,0
46017,given,12,0
46025,lost,12,0
46029,links,12,0
46030,mut,12,0
46031,mai,12,0
46032,miles,12,0
46033,mailed,12,0
46037,nost,12,0
46039,nath,12,0
46045,racing,12,0
46048,sq,12,0
46050,sav,12,0
46054,snake,12,0
46057,tia,12,0
46064,tested,12,0
46065,tackle,12,0
46068,vir,12,0
46070,vres,12,0
46072,vili,12,0
46075,wala,12,0
46079,zero,12,0
46080,Ġtter,12,0
46087,Ġtinder,12,0
46090,inam,12,0
46092,initi,12,0
46096,release,12,0
46099,Ġtheological,12,0
46100,Ġsher,12,0
46104,Ġsipped,12,0
46109,Ġwert,12,0
46110,Ġogre,12,0
46111,eri,12,0
46115,island,12,0
46126,Ġcud,12,0
46128,Ġcache,12,0
46129,Ġcenotaph,12,0
46131,itters,12,0
46135,edged,12,0
46136,editor,12,0
46138,Ġfated,12,0
46139,Ġfaking,12,0
46140,Ġfief,12,0
46141,Ġfathered,12,0
46146,Ġmie,12,0
46148,Ġmares,12,0
46149,Ġmammy,12,0
46156,Ġppen,12,0
46157,Ġhating,12,0
46160,Ġtome,12,0
46161,Ġtolls,12,0
46165,Ġdashes,12,0
46166,Ġinept,12,0
46167,Ġinpatient,12,0
46172,almost,12,0
46173,alism,12,0
46174,alik,12,0
46177,ĠTD,12,0
46179,ĠTome,12,0
46180,ĠTired,12,0
46183,ĠTama,12,0
46191,Ġthrones,12,0
46194,Ġnause,12,0
46196,Ġlapping,12,0
46197,Ġgist,12,0
46201,ĠIain,12,0
46204,ĠTheban,12,0
46205,ĠAes,12,0
46212,vez,12,0
46216,stamp,12,0
46218,stitch,12,0
46219,Ġrenal,12,0
46220,Ġreeled,12,0
46221,Ġrewritten,12,0
46223,Ġhew,12,0
46225,Ġhearers,12,0
46228,utor,12,0
46237,etics,12,0
46238,ĠSore,12,0
46239,ĠSour,12,0
46242,ĠShing,12,0
46244,ĠSense,12,0
46245,ĠSize,12,0
46246,ĠSays,12,0
46249,ĠSIM,12,0
46250,ĠSIDS,12,0
46256,Ġstave,12,0
46257,Ġstumped,12,0
46259,seeded,12,0
46262,amatsu,12,0
46270,ĠCoss,12,0
46275,ĠCaye,12,0
46276,ĠMW,12,0
46279,ĠMasons,12,0
46281,ĠMola,12,0
46283,ĠMih,12,0
46284,ĠMCI,12,0
46285,ĠMixed,12,0
46286,ĠMBE,12,0
46287,ĠMebbe,12,0
46289,Ġanest,12,0
46290,Ġwhined,12,0
46291,ĠBate,12,0
46292,ĠBres,12,0
46295,ĠBossy,12,0
46297,ĠBOLD,12,0
46298,ĠBenson,12,0
46299,ĠBaggot,12,0
46305,ĠHines,12,0
46307,ĠHRC,12,0
46308,ĠHazard,12,0
46310,channel,12,0
46313,kei,12,0
46314,ilized,12,0
46315,"Ġ""-",12,0
46316,ĠPest,12,0
46318,ĠPact,12,0
46319,ĠPages,12,0
46320,ĠParent,12,0
46321,ĠPSC,12,0
46322,ĠPunch,12,0
46323,ĠPoe,12,0
46324,ĠPension,12,0
46325,ĠPulse,12,0
46327,ĠPenguins,12,0
46328,ĠPueblo,12,0
46329,ĠProust,12,0
46330,ĠPangkor,12,0
46331,Ġky,12,0
46332,Ġkan,12,0
46334,Ġkap,12,0
46335,Ġkahar,12,0
46339,Ġramb,12,0
46340,Ġrapping,12,0
46341,Ġranches,12,0
46345,Ġsealing,12,0
46347,ĠWB,12,0
46349,ĠWences,12,0
46353,Ġneur,12,0
46354,Ġneoclassical,12,0
46358,Ġfraught,12,0
46359,Ġfriction,12,0
46360,Ġfractions,12,0
46364,ĠFas,12,0
46365,ĠFiss,12,0
46367,ĠFarrow,12,0
46369,ĠFacts,12,0
46370,ĠFRC,12,0
46372,estra,12,0
46376,ĠDang,12,0
46377,ĠDalt,12,0
46380,ĠDumas,12,0
46386,Ġchock,12,0
46387,Ġchants,12,0
46388,Ġcharted,12,0
46389,Ġchurned,12,0
46392,ĠNW,12,0
46393,ĠNani,12,0
46394,ĠNandi,12,0
46395,ĠNirvana,12,0
46396,arden,12,0
46397,Ġproactive,12,0
46398,Ġplagues,12,0
46399,Ġploughed,12,0
46402,ĠLuch,12,0
46403,ĠLacking,12,0
46404,ĠLRI,12,0
46405,ĠLoretta,12,0
46406,ĠLTCM,12,0
46407,ĠGB,12,0
46409,ĠGad,12,0
46411,ĠGok,12,0
46416,ĠGyles,12,0
46417,ĠGazi,12,0
46418,ĠGensh,12,0
46419,quick,12,0
46422,ĠRs,12,0
46424,ĠRag,12,0
46426,ĠRapp,12,0
46427,ĠRhy,12,0
46428,ĠRai,12,0
46430,ĠRohan,12,0
46434,ĠJi,12,0
46435,ĠJest,12,0
46436,ĠJame,12,0
46437,ĠJains,12,0
46438,ĠJha,12,0
46440,ĠJaws,12,0
46448,Ġsuing,12,0
46450,Ġsuicides,12,0
46451,Ġjeopardy,12,0
46452,ĠEre,12,0
46453,ĠErin,12,0
46455,ĠEarned,12,0
46456,ĠEclipse,12,0
46457,ĠEunuchs,12,0
46458,ĠEzra,12,0
46459,ositions,12,0
46462,kings,12,0
46463,Ġoutpatient,12,0
46464,Ġmerest,12,0
46465,Ġmegaron,12,0
46466,Ġmebbe,12,0
46467,ĠHeald,12,0
46469,ourg,12,0
46472,Ġupkeep,12,0
46473,udo,12,0
46475,Ġtrappings,12,0
46476,Ġ(/,12,0
46478,Ġhimmy,12,0
46482,ivist,12,0
46484,occ,12,0
46485,Ġwouldst,12,0
46488,Ġusur,12,0
46492,ĠInez,12,0
46493,ĠYi,12,0
46497,Ġ2030,12,0
46500,ĠKou,12,0
46502,ĠKail,12,0
46504,ĠKoli,12,0
46505,ĠKNOW,12,0
46507,pla,12,0
46508,plums,12,0
46509,planned,12,0
46513,Ġrogues,12,0
46515,Ġblanks,12,0
46516,Ġplayback,12,0
46517,Ġplaythings,12,0
46520,ĠdiGenova,12,0
46523,ĠURS,12,0
46524,assisted,12,0
46525,Ġwhatnot,12,0
46527,ĠStrom,12,0
46530,ĠStoughton,12,0
46531,Ġenl,12,0
46532,".""[",12,0
46533,ishments,12,0
46534,Ġimitated,12,0
46535,Ġimitations,12,0
46536,izo,12,0
46537,Ġunch,12,0
46541,Ġunguarded,12,0
46546,Ġcompounded,12,0
46550,ondi,12,0
46551,Ġarbutus,12,0
46552,Ġoffhand,12,0
46554,Ġperceptible,12,0
46555,Ġworkplaces,12,0
46558,ĠChances,12,0
46560,ĠChamb,12,0
46561,ĠChanged,12,0
46564,achin,12,0
46568,Ġgritted,12,0
46571,ĠVF,12,0
46572,ĠVain,12,0
46573,ĠVoc,12,0
46574,ĠVince,12,0
46575,ĠVote,12,0
46576,ĠVital,12,0
46578,ĠVault,12,0
46581,Ġresumes,12,0
46586,Ġamide,12,0
46587,Ġamply,12,0
46588,Ġamput,12,0
46589,Ġpartnered,12,0
46591,Ġscents,12,0
46593,Ġscoops,12,0
46594,Ġscrawl,12,0
46595,Ġscathing,12,0
46600,ĠSheikh,12,0
46601,ĠWeber,12,0
46603,Ġmuse,12,0
46605,erems,12,0
46606,Ġprecepts,12,0
46607,Ġimpudence,12,0
46613,Ġflitted,12,0
46616,Ġflirting,12,0
46618,Ġwayward,12,0
46619,ometrics,12,0
46620,feat,12,0
46623,Ġstandoff,12,0
46624,Ġunderdog,12,0
46625,Ġlongingly,12,0
46626,Ġlongstanding,12,0
46628,Ġwhereon,12,0
46630,Ġreplete,12,0
46633,ĠWhoop,12,0
46634,Ġaccrue,12,0
46635,Ġaccrued,12,0
46636,itsch,12,0
46639,Ġcommended,12,0
46640,Ġremade,12,0
46641,Ġremix,12,0
46646,ĠUnity,12,0
46648,Ġcolouring,12,0
46649,Ġkefir,12,0
46650,Ġemigration,12,0
46652,mani,12,0
46653,Ġslits,12,0
46654,Ġslavers,12,0
46655,Ġbooted,12,0
46656,Ġboomed,12,0
46657,ĠAlison,12,0
46658,atingly,12,0
46659,Ġrunoff,12,0
46660,Ġenticing,12,0
46661,Ġentailed,12,0
46662,Ġentertains,12,0
46667,Ġincurring,12,0
46669,Ġacne,12,0
46670,Ġacademies,12,0
46675,Ġ335,12,0
46676,Ġ326,12,0
46677,ĠBrack,12,0
46680,Ġcentred,12,0
46682,Ġcentrist,12,0
46685,Ġmusty,12,0
46686,ĠNewgrange,12,0
46687,rosis,12,0
46689,Ġstraying,12,0
46693,Ġheadwaters,12,0
46694,Ġevaded,12,0
46695,Ġswum,12,0
46696,Ġswamped,12,0
46697,Ġconspired,12,0
46698,Ġcourting,12,0
46702,Ġmonoxide,12,0
46703,Ġsuborder,12,0
46705,ĠAnde,12,0
46706,ĠAndres,12,0
46707,ĠArp,12,0
46710,Ġmightn,12,0
46712,Ġturnaround,12,0
46713,Ġgoverns,12,0
46714,ĠMargo,12,0
46716,ĠMaruyama,12,0
46717,ĠMarginal,12,0
46720,upa,12,0
46722,Ġphony,12,0
46724,Ġairspace,12,0
46725,ĠOnes,12,0
46726,ĠOnam,12,0
46727,ĠOnardo,12,0
46728,Ġuntold,12,0
46730,ĠIfill,12,0
46731,Ġproducibility,12,0
46733,shape,12,0
46734,Ġschoolhouse,12,0
46735,ĠShales,12,0
46736,ĠSharks,12,0
46737,Ġmetre,12,0
46738,Ġmettle,12,0
46739,Ġcurrants,12,0
46740,Ġlawfully,12,0
46741,Ġminiseries,12,0
46744,ĠRepe,12,0
46751,Ġsignifying,12,0
46752,Ġrefine,12,0
46755,Ġelation,12,0
46758,Ġmarital,12,0
46760,Ġmusado,12,0
46763,Ġmaturing,12,0
46764,"----,",12,0
46766,ieta,12,0
46769,Ġsimulator,12,0
46770,Ġdressmaker,12,0
46771,ĠAdultery,12,0
46773,ĠBeppu,12,0
46774,ĠAllergy,12,0
46776,beyond,12,0
46778,Ġextramarital,12,0
46779,Ġaffright,12,0
46780,Ġaffront,12,0
46781,ĠSpur,12,0
46783,ĠDeG,12,0
46785,ĠHowell,12,0
46788,Ġtwitch,12,0
46789,Ġtwinge,12,0
46791,Ġeffecting,12,0
46792,ĠEngagement,12,0
46794,Their,12,0
46800,Ġstatistically,12,0
46802,Ġforego,12,0
46803,Ġforefinger,12,0
46805,Ġreceivable,12,0
46806,Ġrevises,12,0
46807,Ġbrood,12,0
46808,Ġinsiders,12,0
46809,Ġlightness,12,0
46811,Ġorganizes,12,0
46815,Ġlegalized,12,0
46817,Ġinfilt,12,0
46818,Ġinfernal,12,0
46819,Ġdemurred,12,0
46820,Ġhumbug,12,0
46821,ĠCarla,12,0
46822,Ġ850,12,0
46825,media,12,0
46827,ĠPrithvi,12,0
46828,ĠManet,12,0
46829,Ġprofiling,12,0
46830,ĠConv,12,0
46837,Ġesoteric,12,0
46838,Ġparable,12,0
46839,Ġpurty,12,0
46840,Ġmainstay,12,0
46841,Ġshortfalls,12,0
46842,Ġpresentable,12,0
46846,ĠRepl,12,0
46847,Ġpastime,12,0
46848,prim,12,0
46850,Ġcaress,12,0
46851,Ġsentient,12,0
46852,Ġconducive,12,0
46853,Ġelecting,12,0
46854,Ġpracticable,12,0
46855,Ġtempers,12,0
46857,ĠColonna,12,0
46858,ĠZhu,12,0
46859,Ġ1740,12,0
46860,Ġ1724,12,0
46861,Ġ1738,12,0
46862,Ġ1768,12,0
46863,Ġ1756,12,0
46864,ĠMayfair,12,0
46865,Ġsixpence,12,0
46866,ĠAfternoon,12,0
46867,Ġgrowls,12,0
46868,ĠHarp,12,0
46869,ĠHarald,12,0
46870,ĠHarriet,12,0
46871,porting,12,0
46872,ĠSoissons,12,0
46873,Ġcloseout,12,0
46874,ĠGris,12,0
46875,ĠGrit,12,0
46876,ĠGrannis,12,0
46877,Ġbedroll,12,0
46878,Ġbedrock,12,0
46879,Ġlowincome,12,0
46881,ĠOrwell,12,0
46882,1962,12,0
46883,ĠScene,12,0
46884,ĠScafel,12,0
46889,Ġsilvertip,12,0
46893,ĠBening,12,0
46894,ĠBenigni,12,0
46896,Ġ1540,12,0
46897,Ġ1591,12,0
46901,Ġprophetic,12,0
46904,ĠSeek,12,0
46905,ĠSejm,12,0
46906,Ġannuity,12,0
46907,Ġlaig,12,0
46908,ĠTram,12,0
46909,Ġlegions,12,0
46912,Ġ162,12,0
46913,Ġ1633,12,0
46915,ĠBarracks,12,0
46918,Ġgrassroots,12,0
46919,ĠDonetsk,12,0
46920,ĠWillow,12,0
46923,Ġpopularized,12,0
46924,Ġsquab,12,0
46925,ĠWorlds,12,0
46926,ĠTHere,12,0
46927,ĠMinas,12,0
46928,Ġbreakout,12,0
46929,Ġdivan,12,0
46931,Ġsolace,12,0
46932,ĠCongressmen,12,0
46933,ĠDavol,12,0
46935,Ġoutdone,12,0
46936,ĠĠĠĠĠĠĠĠĠĠĠĠĠĠĠĠĠĠĠĠĠĠĠĠĠĠĠĠĠĠĠĠĠĠĠĠĠĠĠĠ,12,0
46937,Ġlanguid,12,0
46941,ĠByblos,12,0
46942,ĠAmir,12,0
46944,ĠAmalfi,12,0
46945,ĠAmaterasu,12,0
46947,ĠCauses,12,0
46948,Ġresponsibly,12,0
46949,compl,12,0
46950,ĠUSS,12,0
46951,ĠUSACE,12,0
46953,ĠMcEver,12,0
46955,ĠAbigail,12,0
46956,Ġestimator,12,0
46959,2023,12,0
46961,Ġ1453,12,0
46962,Ġperfected,12,0
46963,Ġchancellor,12,0
46964,ĠPeking,12,0
46965,ĠPerennial,12,0
46966,dev,12,0
46968,ischen,12,0
46969,ĠMalacca,12,0
46970,Ġgeneralized,12,0
46973,Ġsoftening,12,0
46974,Ġwronged,12,0
46976,Ġexacting,12,0
46977,ĠPosts,12,0
46978,Ġcourtiers,12,0
46982,Ġcastes,12,0
46985,ĠMonck,12,0
46986,Ġstatesmen,12,0
46987,Ġviolates,12,0
46989,ĠMedina,12,0
46990,ĠMedvedev,12,0
46992,ĠPalos,12,0
46994,ĠEmmet,12,0
46995,Ġafield,12,0
46996,Ġtotaled,12,0
46998,ĠResidency,12,0
46999,Ġnetworking,12,0
47001,whom,12,0
47003,Ġcleanup,12,0
47004,Ġmultimillion,12,0
47005,Ġgentry,12,0
47009,Ġbespoke,12,0
47010,Ġutopian,12,0
47012,ĠQuagmire,12,0
47013,ĠQuindlen,12,0
47015,Ġpeacekeeping,12,0
47016,ĠIIHF,12,0
47017,Ġagreeably,12,0
47021,ĠEnclosed,12,0
47022,ĠEncyclopedia,12,0
47023,Ġbroaden,12,0
47025,ĠComputing,12,0
47026,ĠBillington,12,0
47027,Ġdauntless,12,0
47028,Ġwintertime,12,0
47029,ĠOldenburg,12,0
47030,Ġfearlessly,12,0
47032,ĠSerger,12,0
47033,Ġtrustees,12,0
47035,ĠCoaching,12,0
47036,ĠSantoval,12,0
47038,ĠSeneca,12,0
47039,ĠPataki,12,0
47040,Ġgrebe,12,0
47042,ĠAcad,12,0
47043,ĠAcute,12,0
47044,ascal,12,0
47045,Ġreachable,12,0
47046,Ġcontractual,12,0
47048,Ġsexism,12,0
47050,ĠCracker,12,0
47051,Ġphysiology,12,0
47052,ĠNewspaper,12,0
47053,ĠEaston,12,0
47054,Ġindividualism,12,0
47056,Ġshootin,12,0
47059,Ġimmaterial,12,0
47060,ĠLavery,12,0
47061,Ġepa,12,0
47063,ĠHallo,12,0
47064,ĠRosso,12,0
47065,ĠRosenthal,12,0
47066,ĠSchiff,12,0
47067,ĠSchultz,12,0
47068,ĠSchwinn,12,0
47071,Ġcorrectness,12,0
47072,Ġfreshies,12,0
47075,Ġbattleground,12,0
47078,Ġhurtled,12,0
47079,Ġhurtling,12,0
47080,ĠGoodrum,12,0
47082,Ġdispensed,12,0
47083,ĠDisturbed,12,0
47084,ĠDistinguished,12,0
47085,Ġcarted,12,0
47087,ĠRoany,12,0
47088,ĠRocha,12,0
47089,Ġverifying,12,0
47090,ĠLoved,12,0
47091,ĠLojack,12,0
47092,Ġuncond,12,0
47094,Ġoceanic,12,0
47095,Ġlaboriously,12,0
47096,collection,12,0
47098,Ġensconced,12,0
47099,ĠOlympias,12,0
47100,Ġcowered,12,0
47102,Ġurgency,12,0
47103,ĠDoria,12,0
47104,Ġdenounce,12,0
47105,Ġcabaret,12,0
47107,Ġ245,12,0
47109,Ġconsummate,12,0
47110,Ġcelluloid,12,0
47111,179,12,0
47112,ĠDanie,12,0
47113,systems,12,0
47114,Ġundocumented,12,0
47115,Ġundivided,12,0
47116,ĠQueer,12,0
47117,Ġcitations,12,0
47119,Ġanxieties,12,0
47120,ĠAntiqu,12,0
47121,ĠAntiques,12,0
47122,Through,12,0
47123,Thierry,12,0
47124,Ġlieve,12,0
47125,ĠSometime,12,0
47126,Ġpreferably,12,0
47127,Ġtelecom,12,0
47128,Ġbanter,12,0
47129,ĠHighly,12,0
47130,ĠHighlights,12,0
47132,1800,12,0
47134,ĠBela,12,0
47135,Ġ227,12,0
47138,Ġshutdown,12,0
47139,Ġskinning,12,0
47142,Ġ264,12,0
47143,ĠSami,12,0
47144,ĠSamples,12,0
47145,ĠGregg,12,0
47146,ĠSatanic,12,0
47147,ĠBrownell,12,0
47148,Ġfaiths,12,0
47149,ITIES,12,0
47150,ĠRecovery,12,0
47153,Ġthickets,12,0
47156,Ġgroove,12,0
47157,ĠDelacroix,12,0
47158,Ġlogistics,12,0
47160,Ġdiggings,12,0
47161,ĠArturo,12,0
47163,ĠMacArthur,12,0
47164,ĠMacNeil,12,0
47165,Ġmillennia,12,0
47166,ĠUnderstand,12,0
47168,Ġ290,12,0
47169,utchi,12,0
47170,ĠSketch,12,0
47171,ĠSingha,12,0
47173,Ġbonfires,12,0
47174,ĠEvita,12,0
47175,Ġartistically,12,0
47176,ĠSpelling,12,0
47178,Donnell,12,0
47180,ĠAldithely,12,0
47181,Ġbottomless,12,0
47182,Ġtextures,12,0
47183,ĠGarrett,12,0
47184,Ġgeom,12,0
47185,Ġfrightfully,12,0
47187,ĠMurillo,12,0
47188,ĠMurphys,12,0
47190,secret,12,0
47191,ĠOutlet,12,0
47192,ĠOutram,12,0
47193,Ġfilly,12,0
47197,Ġaccomplice,12,0
47198,Ġunclean,12,0
47199,ĠKhushi,12,0
47200,ĠKhajuraho,12,0
47203,Ġconstructor,12,0
47204,Ġvanishing,12,0
47205,ĠZeit,12,0
47208,140,12,0
47209,149,12,0
47210,Ġimplausible,12,0
47211,Ġsatisfies,12,0
47212,ĠDOE,12,0
47213,However,12,0
47214,Ġpointedly,12,0
47215,Ġracists,12,0
47217,Ġcontentment,12,0
47219,Ġconclusive,12,0
47222,Ġminimally,12,0
47223,ĠSubsc,12,0
47224,China,12,0
47225,ĠStonewall,12,0
47226,ĠPenelope,12,0
47229,ĠSuruga,12,0
47231,Ġempress,12,0
47232,Ġanalyzes,12,0
47233,doctor,12,0
47234,Ġneatness,12,0
47235,Ġmercantile,12,0
47237,Ġcounterculture,12,0
47238,Ġflowerbeds,12,0
47239,Ġobtains,12,0
47240,ĠRocket,12,0
47241,ĠMahendra,12,0
47243,ĠMelvin,12,0
47245,134,12,0
47246,135,12,0
47247,Inf,12,0
47248,Inter,12,0
47249,ĠWatertown,12,0
47250,ĠTechnological,12,0
47251,ĠLandry,12,0
47252,Ġexcitable,12,0
47254,Ġcoalitions,12,0
47255,Ġcreamery,12,0
47256,Ġconsultations,12,0
47257,ĠSelcuk,12,0
47258,ĠBonnard,12,0
47259,ĠSultanate,12,0
47260,222,12,0
47261,ĠHamon,12,0
47262,ĠHamill,12,0
47263,ĠSCSI,12,0
47264,ĠLikely,12,0
47265,Ġbursts,12,0
47267,ĠPenny,12,0
47268,ĠMichener,12,0
47269,ĠPlayboy,12,0
47270,Ġfascism,12,0
47272,Ġuniverses,12,0
47274,ĠFilming,12,0
47275,Ġimperious,12,0
47277,ĠMassif,12,0
47278,Ġterrors,12,0
47280,Ġconverter,12,0
47282,ĠTopeka,12,0
47283,ĠOsmin,12,0
47284,ĠOsiris,12,0
47285,ĠRobot,12,0
47287,gaard,12,0
47289,ĠClearwater,12,0
47291,Ġcrooks,12,0
47295,Ġsemantics,12,0
47297,Ġconceivable,12,0
47298,Ġstupor,12,0
47299,Ġpitfall,12,0
47300,Ġpitfalls,12,0
47301,husband,12,0
47304,train,12,0
47305,Ġfiercest,12,0
47306,ĠMcGregor,12,0
47308,Ġcommissioning,12,0
47309,Ġcommissioners,12,0
47310,Ġwiden,12,0
47311,Ġwidower,12,0
47312,ĠMillville,12,0
47313,ĠHonour,12,0
47314,Ġtranslations,12,0
47316,Ġbirthdays,12,0
47318,ĠHorrors,12,0
47319,ĠAttila,12,0
47320,Ġhabitual,12,0
47324,ĠSecondly,12,0
47326,ĠLowering,12,0
47327,ĠProjects,12,0
47328,ĠSolomons,12,0
47329,ĠVillajoyosa,12,0
47330,ĠPublications,12,0
47331,ĠRutha,12,0
47332,702,12,0
47333,ĠAmongst,12,0
47334,ĠRyerson,12,0
47335,ĠRydal,12,0
47336,Ġconveniences,12,0
47338,ĠFerrer,12,0
47339,Ġoversaw,12,0
47341,Ġbrilliance,12,0
47342,Ġmorph,12,0
47343,ĠEduard,12,0
47344,Ġscorer,12,0
47345,ĠPottinger,12,0
47348,ĠRemnick,12,0
47349,Ġincredulity,12,0
47350,ĠDenezy,12,0
47351,ĠGalicia,12,0
47352,ĠRajmund,12,0
47353,ĠLucca,12,0
47354,Ġsteeped,12,0
47355,Ġbolder,12,0
47356,Ġnoblemen,12,0
47357,ĠMeaning,12,0
47358,Ġincorporation,12,0
47361,Ġhomogenous,12,0
47362,ĠPassage,12,0
47363,ĠPassover,12,0
47367,ĠNapolean,12,0
47369,Ġskeletal,12,0
47370,Ġrabbis,12,0
47374,Ġalienated,12,0
47375,ĠAstros,12,0
47376,ĠPaynes,12,0
47377,ĠMirage,12,0
47378,Ġcreationists,12,0
47379,Ġcontroversies,12,0
47380,Ġnarrating,12,0
47382,ĠOxide,12,0
47383,ĠOxnard,12,0
47385,ĠĠĠĠĠĠĠĠĠĠĠĠĠĠĠĠĠĠĠĠĠĠĠĠĠĠĠĠĠĠĠĠĠĠĠĠĠĠĠ,12,0
47389,Ġhoi,12,0
47391,Ġhoatzin,12,0
47392,Ġtortuous,12,0
47393,ĠBorders,12,0
47395,ĠDunstan,12,0
47400,Ġtremor,12,0
47403,Ġadmirably,12,0
47405,Ġ362,12,0
47407,ĠRadical,12,0
47410,ĠDiaries,12,0
47411,ĠExpressway,12,0
47412,ĠDetermine,12,0
47413,ĠCirque,12,0
47416,ĠLindbergh,12,0
47417,ĠLiechtenstein,12,0
47418,Ġproofs,12,0
47420,Ġtcha,12,0
47422,Ġenclosures,12,0
47424,Ġ1804,12,0
47426,Ġnervousness,12,0
47428,Ġunlock,12,0
47429,ĠBhai,12,0
47431,Ġgrossed,12,0
47432,ĠDevelopers,12,0
47433,ĠHartleys,12,0
47435,Ġconfessing,12,0
47437,Ġbreezy,12,0
47438,662,12,0
47439,ĠTaipa,12,0
47440,ĠSharpton,12,0
47441,Ġapologizing,12,0
47443,Ġtoxicant,12,0
47444,ĠNazareth,12,0
47445,ĠExploring,12,0
47446,Ġplotting,12,0
47449,ĠOceania,12,0
47450,Ġsync,12,0
47451,ĠDecreasing,12,0
47452,Ġdiluted,12,0
47453,ĠTalai,12,0
47454,ĠIdun,12,0
47455,Ġoutlived,12,0
47456,Ġanchorage,12,0
47457,ĠEfficiency,12,0
47458,ĠNichols,12,0
47459,Ġimproperly,12,0
47460,Forbes,12,0
47462,Ġentitlements,12,0
47463,Ġlectured,12,0
47466,ĠJudgement,12,0
47467,ĠCreated,12,0
47468,ĠPicardy,12,0
47469,Ġinstinctive,12,0
47470,ĠGuardie,12,0
47471,ĠSabina,12,0
47472,Ġchampioned,12,0
47473,Ġunpleasantly,12,0
47474,ĠTsushima,12,0
47476,ĠWalesa,12,0
47477,ĠNHLs,12,0
47478,385,12,0
47479,ĠCooperative,12,0
47480,Ġspellbound,12,0
47481,Ġprecedes,12,0
47482,wedlock,12,0
47484,ĠCochrane,12,0
47485,ĠMarshal,12,0
47486,ĠUniversit,12,0
47487,ĠConservatory,12,0
47488,ĠDriggs,12,0
47489,ĠShrum,12,0
47491,ĠSaying,12,0
47492,ĠSemitic,12,0
47494,ĠNavona,12,0
47495,Ġjuggernaut,12,0
47496,Ġlinemen,12,0
47498,Ġrationalize,12,0
47499,ĠLamont,12,0
47500,Ġretainers,12,0
47501,ĠAuthorization,12,0
47502,Ġprovisional,12,0
47503,ĠKeepers,12,0
47505,Ġtherapists,12,0
47506,Ġlends,12,0
47507,Ġenterprising,12,0
47509,While,12,0
47510,Whose,12,0
47511,Ġallegorical,12,0
47512,ĠRuy,12,0
47513,Ġcleric,12,0
47514,ĠExamining,12,0
47515,ĠSheridan,12,0
47516,ĠNanking,12,0
47517,Ġbreeders,12,0
47518,Ġ1782,12,0
47519,Ġ1784,12,0
47520,Ġhollows,12,0
47522,hunter,12,0
47523,Ġsaintly,12,0
47524,Ġaccumulates,12,0
47527,modification,12,0
47528,ĠEngineer,12,0
47529,ĠCarrara,12,0
47530,Ġviciously,12,0
47531,Ġrecreated,12,0
47532,ĠMajestic,12,0
47533,ĠEthics,12,0
47536,ĠDEATH,12,0
47537,Ġdividend,12,0
47539,ĠBurning,12,0
47540,ĠFuturobot,12,0
47541,ĠTheodor,12,0
47542,ĠTelecom,12,0
47543,ĠEpstein,12,0
47544,ĠExperiences,12,0
47546,ĠHigashi,12,0
47547,Ġaccelerating,12,0
47548,Ġaccelerators,12,0
47551,Ġfictitious,12,0
47552,Ġstimuli,12,0
47553,ĠGauguin,12,0
47554,ĠGrave,12,0
47556,ĠAlexandre,12,0
47558,Ġencouragingly,12,0
47560,Ġbowsprit,12,0
47562,ĠBahrain,12,0
47563,ĠDigger,12,0
47564,Ġpursuer,12,0
47565,Ġperturbed,12,0
47566,ĠPittsburg,12,0
47568,ĠEcology,12,0
47570,Ġcynic,12,0
47571,Ġaptly,12,0
47573,ĠRabin,12,0
47574,ĠRabbi,12,0
47575,ĠExposition,12,0
47576,Ġfundamentalist,12,0
47578,Ġneglects,12,0
47579,Ġneglecting,12,0
47581,ĠDurga,12,0
47582,ATIONS,12,0
47583,ĠWaas,12,0
47584,ĠLoraine,12,0
47585,Ġpapering,12,0
47586,ĠPokhara,12,0
47587,ĠKurashiki,12,0
47590,Ġappointees,12,0
47591,Ġspokeswoman,12,0
47592,ĠCandia,12,0
47593,Ġornamentation,12,0
47594,ĠMagnus,12,0
47595,ĠMagnum,12,0
47597,ĠMesquite,12,0
47598,ĠArmenians,12,0
47599,ĠLevinson,12,0
47600,Ġboosting,12,0
47601,deficit,12,0
47602,Ġexaggeration,12,0
47603,ĠTWA,12,0
47605,ĠErnestine,12,0
47606,ĠClarinet,12,0
47607,Ġoxidized,12,0
47609,ĠPurbeck,12,0
47610,UTION,12,0
47612,ĠCartmel,12,0
47613,ĠKochanowski,12,0
47614,Ġassigning,12,0
47615,ĠBrahma,12,0
47616,Ġsqueamish,12,0
47617,ĠTubbs,12,0
47618,Ġperpetually,12,0
47620,ĠAltman,12,0
47621,Ġepicenter,12,0
47622,ĠCombined,12,0
47623,Ġrecollected,12,0
47624,ĠAmazonas,12,0
47625,ĠPiero,12,0
47626,ĠShinano,12,0
47627,ĠTagus,12,0
47629,ĠNarc,12,0
47631,Ġundergraduates,12,0
47632,Ġinsightful,12,0
47635,ĠHaley,12,0
47636,Ġvacuuming,12,0
47637,Ġlibertarians,12,0
47639,Ġcoinage,12,0
47640,Ġ1609,12,0
47641,ĠNathaniel,12,0
47642,ĠRotterdam,12,0
47643,Ġdwells,12,0
47645,ĠBarkin,12,0
47646,Ġramifications,12,0
47647,Ġbountiful,12,0
47648,Ġgerms,12,0
47649,Ġgeriatric,12,0
47650,Ġhemlock,12,0
47653,Ġparasites,12,0
47654,Ġunwillingness,12,0
47655,ĠIRFA,12,0
47656,ĠKorchnoi,12,0
47657,ĠViollet,12,0
47658,ĠZionist,12,0
47661,ĠLotso,12,0
47662,Ġoverthrew,12,0
47663,Ġundermines,12,0
47664,Ġcomplimentary,12,0
47665,ĠPonzi,12,0
47666,ĠFontana,12,0
47668,ĠAzerbaijani,12,0
47669,Ġhubris,12,0
47670,Ġmanipulation,12,0
47671,ĠBathsheba,12,0
47672,ĠBrosnan,12,0
47673,Ġ1772,12,0
47674,Ġfelonies,12,0
47675,ĠGrozny,12,0
47676,Ġunkindness,12,0
47677,Ġmemorize,12,0
47678,Ġbunkhouse,12,0
47679,ĠIDPA,12,0
47681,Ġtrekkers,12,0
47682,ĠMontanaire,12,0
47683,"Ġ----,",12,0
47685,Ġniha,12,0
47688,Ġdevotees,12,0
47690,Ġbrewing,12,0
47692,Ġsentimentality,12,0
47693,Ġdeducted,12,0
47694,ĠManners,12,0
47695,Wouldn,12,0
47697,ĠCetello,12,0
47698,ĠLicata,12,0
47699,ĠLicchavi,12,0
47700,ĠZuckerman,12,0
47701,ĠContracts,12,0
47702,ĠAnglia,12,0
47703,ĠSexual,12,0
47704,ĠDhaka,12,0
47705,ĠNuova,12,0
47707,couldn,12,0
47709,Ġperceiving,12,0
47710,ĠMontgomerie,12,0
47711,Ġintimidation,12,0
47712,Ġintimidated,12,0
47715,Ġloyalties,12,0
47716,ĠJudeo,12,0
47717,ĠConnaught,12,0
47719,Ġdispersion,12,0
47720,ĠRelationships,12,0
47722,Ġpompous,12,0
47723,ĠCockpit,12,0
47724,Ġimpetuously,12,0
47725,Ġimpartial,12,0
47726,Ġsubdivision,12,0
47727,ĠParalympic,12,0
47728,ĠHemisphere,12,0
47729,Ġupsets,12,0
47731,Ġcranky,12,0
47733,ĠXXVI,12,0
47734,ĠXXVII,12,0
47735,Ġominously,12,0
47736,ĠEisner,12,0
47737,ĠAdriaanse,12,0
47738,Ġidolatry,12,0
47740,ĠTatuc,12,0
47741,ĠIllegal,12,0
47742,ĠAjax,12,0
47743,ĠAjami,12,0
47746,ĠFreshwater,12,0
47747,ĠArriving,12,0
47748,ĠAllahabad,12,0
47749,ĠLagos,12,0
47750,ĠLaguna,12,0
47751,Ġanalogies,12,0
47752,ĠEnsuring,12,0
47753,Christmas,12,0
47754,ĠReturns,12,0
47755,Ġbounces,12,0
47757,ĠBakaly,12,0
47758,Ġungracious,12,0
47762,Ġbracken,12,0
47764,Ġredeemed,12,0
47765,ĠTiberius,12,0
47767,ĠCordova,12,0
47768,ĠPondicherry,12,0
47769,ĠWynette,12,0
47770,ĠCommentary,12,0
47771,Ġreproachfully,12,0
47772,Ġturbochargers,12,0
47773,Ġrehabilitate,12,0
47775,ĠTamara,12,0
47776,Ġarcheological,12,0
47777,ĠClifford,12,0
47779,ĠBoches,12,0
47781,ĠGrowers,12,0
47782,Ġacrosefrom,12,0
47783,Ġpentameter,12,0
47784,ĠBingi,12,0
47785,delivered,12,0
47787,ĠJANE,12,0
47788,Ġresurrection,12,0
47790,ĠTouchstone,12,0
47795,ĠClinic,12,0
47797,ĠKarnataka,12,0
47799,ĠIndigent,12,0
47800,Ġinterchangeable,12,0
47801,Ġburglary,12,0
47802,ĠHorseshoe,12,0
47803,Ġmangled,12,0
47804,Ġcongestive,12,0
47806,Ġdisrupted,12,0
47808,ĠVacation,12,0
47809,Ġmarauding,12,0
47811,Ġspruces,12,0
47813,Ġslyly,12,0
47816,ĠRiddle,12,0
47817,Ġalarmingly,12,0
47818,Ġenchantment,12,0
47821,Ġpleadings,12,0
47822,ĠAfrikanders,12,0
47825,ĠRancho,12,0
47826,ĠECAC,12,0
47827,ĠScenarios,12,0
47828,Twenty,12,0
47829,Ġmockingly,12,0
47831,ĠShalit,12,0
47832,Ġelectroly,12,0
47833,ĠFrequently,12,0
47834,Topham,12,0
47836,ĠHodge,12,0
47839,ĠScrolls,12,0
47840,cultural,12,0
47841,Ġhaughtily,12,0
47842,ĠLinkin,12,0
47844,technology,12,0
47846,ĠMcNally,12,0
47847,ĠSchneiderman,12,0
47848,Ġpivot,12,0
47849,ĠIchiki,12,0
47850,Ġheterogeneous,12,0
47852,ĠHazel,12,0
47853,ĠInjun,12,0
47854,ĠInjins,12,0
47855,ĠAlbums,12,0
47857,fifths,12,0
47858,Ġmunitions,12,0
47859,ĠMeadow,12,0
47860,ĠHannibal,12,0
47861,ĠDAVE,12,0
47862,Ġfiberglass,12,0
47863,Ġpeddlers,12,0
47866,ĠChopra,12,0
47867,ĠMcIntire,12,0
47868,ĠCovenanters,12,0
47869,Ġhesitatingly,12,0
47870,ĠIwate,12,0
47872,ĠFawzi,12,0
47873,ĠFawcett,12,0
47874,Ġplodded,12,0
47875,Ġundoing,12,0
47876,Ġsteadfastly,12,0
47877,Ġgusts,12,0
47879,Ġatheist,12,0
47880,ĠStoddard,12,0
47881,Ġdisbursing,12,0
47882,Ġdisrespectful,12,0
47884,ĠMeasles,12,0
47885,Ġfastenings,12,0
47886,Murder,12,0
47888,ĠHoover,12,0
47889,ĠDolphin,12,0
47890,Ġproffer,12,0
47891,Ġproffered,12,0
47892,ĠGwadar,12,0
47893,ĠMarmara,12,0
47894,ĠSparkes,12,0
47895,Ġunsuspecting,12,0
47896,ĠRetrofits,12,0
47897,ĠConstituent,12,0
47900,Ġserenity,12,0
47901,Ġreplenished,12,0
47902,Ġsemifinals,12,0
47903,Ġlandslides,12,0
47904,Ġducal,12,0
47905,ĠSplash,12,0
47906,ĠBungo,12,0
47907,Ġresonance,12,0
47908,ĠSalamanca,12,0
47909,ĠSFWA,12,0
47910,ĠCCLS,12,0
47911,Ġrecaptured,12,0
47912,Ġcampgrounds,12,0
47913,Ġloathsome,12,0
47914,ĠAntipater,12,0
47915,Ġdissuade,12,0
47916,Ġdissuaded,12,0
47918,ĠBecoming,12,0
47919,ĠPrelude,12,0
47920,ĠPreliminary,12,0
47921,Ġrudeness,12,0
47922,ĠLumet,12,0
47923,Ġretaliated,12,0
47924,Ġfairer,12,0
47927,ĠCeramics,12,0
47928,Ġneurological,12,0
47929,ĠRoughly,12,0
47930,Ġablaze,12,0
47931,ĠUrsula,12,0
47934,Ġeradicated,12,0
47936,ĠPiccolo,12,0
47937,ĠPiccolomini,12,0
47938,Ġmisunderstandings,12,0
47940,Ġexpatriate,12,0
47941,ĠMinimum,12,0
47942,Hindus,12,0
47943,Ġwokli,12,0
47944,Ġanonymously,12,0
47945,Ġteetotal,12,0
47946,Ġperseverance,12,0
47947,Ġheliport,12,0
47949,ĠMurdock,12,0
47950,ĠProtocols,12,0
47951,Ġunexplored,12,0
47952,Ġsneezed,12,0
47953,ĠBodhisattvas,12,0
47954,ĠOASDI,12,0
47955,Julien,12,0
47957,ĠCezary,12,0
47958,ĠBoundary,12,0
47959,ĠBreath,12,0
47960,ĠNeyruz,12,0
47961,Ġmegahertz,12,0
47962,ĠKiyomizu,12,0
47963,ĠAscension,12,0
47965,ĠArsenal,12,0
47967,Ġpenitent,12,0
47968,Ġdespondent,12,0
47970,ĠFeinstein,12,0
47971,ĠFAIRY,12,0
47972,Ġnymphs,12,0
47973,Disney,12,0
47974,Girls,12,0
47975,Ġtiptoe,12,0
47976,Ġolympics,12,0
47977,Ġgerbil,12,0
47978,ĠCategory,12,0
47980,ĠPeyres,12,0
47981,ĠDwight,12,0
47982,Ġboycotting,12,0
47983,Ġdecadence,12,0
47984,Ġinfidelity,12,0
47985,ANCES,12,0
47986,Ġenslaved,12,0
47987,Ġcinematographer,12,0
47988,ĠBoilermakers,12,0
47989,ĠOrphanage,12,0
47990,Ġancients,12,0
47991,ĠWeasel,12,0
47992,Ġcovenant,12,0
47993,Ġdistasteful,12,0
47994,ĠLebuh,12,0
47995,Ġmethylmercury,12,0
47996,Ġcouncillor,12,0
47997,Ġlacquerware,12,0
47999,ĠUzbekistan,12,0
48000,Ġtuberculosis,12,0
48002,ĠCatechist,12,0
48003,ĠDravidians,12,0
48004,ĠRauch,12,0
48005,ĠYukon,12,0
48006,ĠChaldean,12,0
48007,ĠEnthroned,12,0
48008,Ġtribunal,12,0
48009,International,12,0
48010,Ġsabotaged,12,0
48011,ĠDatabase,12,0
48012,Possens,12,0
48013,Solomon,12,0
48015,Ġcongenial,12,0
48016,ĠGearbox,12,0
48017,ĠGaelic,12,0
48018,Ġtrundle,12,0
48019,Ġinvigorating,12,0
48020,ĠLeastways,12,0
48021,Ġprophesied,12,0
48022,Ġsoliloquized,12,0
48023,ĠGoumoens,12,0
48024,Ġlengthened,12,0
48025,Ġgroping,12,0
48026,ĠHuey,12,0
48027,ĠOaxaca,12,0
48028,ĠThierrens,12,0
48029,Ġpreoccupation,12,0
48030,ĠMayakovsky,12,0
48031,ĠArchduke,12,0
48032,ĠVolturi,12,0
48033,ĠMachiavelli,12,0
48034,Ġincomprehensible,12,0
48035,Claude,12,0
48038,Ġdansband,12,0
48039,Ġealdorman,12,0
48040,Ġitalics,12,0
48041,ĠBreeding,12,0
48042,ĠHannington,12,0
48043,Ġrusset,12,0
48044,ĠDunkan,12,0
48045,ĠDASHAWAY,12,0
48046,ĠJeeves,12,0
48047,ĠAnswers,12,0
48048,ĠAnalyses,12,0
48049,Ġdiscredit,12,0
48050,Ġprofusely,12,0
48052,ĠCaucasus,12,0
48053,Ġunceremoniously,12,0
48054,Henry,12,0
48055,Ġwacky,12,0
48056,ĠBallsbridge,12,0
48058,ĠPitchfork,12,0
48060,Ġconfigurations,12,0
48061,Ġvarmints,12,0
48062,ĠMaltese,12,0
48063,ĠMartherenges,12,0
48064,ĠSalzillo,12,0
48065,ĠCamargue,12,0
48066,Ġambiguity,12,0
48067,Ġarchetypal,12,0
48068,ĠGiacometti,12,0
48069,ĠSnorkeling,12,0
48072,ĠTuvia,12,0
48073,Ġthwarted,12,0
48075,ĠAiguille,12,0
48076,ĠWimbledon,12,0
48078,ĠScanlon,12,0
48080,ĠBurroughs,12,0
48081,Ġcedars,12,0
48082,Ġpitiable,12,0
48084,ĠDioxide,12,0
48085,ĠChianti,12,0
48088,ĠManjushri,12,0
48089,ĠWestmoreland,12,0
48090,Ġvanquished,12,0
48091,ĠMallorcan,12,0
48092,ĠRenesmee,12,0
48093,Ġdiscomfiture,12,0
48094,ĠShetimasha,12,0
48095,Cierges,12,0
48096,Georges,12,0
48097,Ġfiestas,12,0
48099,Ġhubbub,12,0
48100,ĠTbilisi,12,0
48101,ĠIthaca,12,0
48102,ĠAjaccio,12,0
48103,ĠMiquel,12,0
48104,Ġruckus,12,0
48105,ĠWanniski,12,0
48106,ĠDaresby,12,0
48107,ĠLumbini,12,0
48108,ĠOglethorpe,12,0
48109,ĠKivitoo,12,0
48110,ĠStrecker,12,0
48111,Ġunhelpful,12,0
48112,Ġdisingenuous,12,0
48113,ĠVivero,12,0
48114,Ġfloresiensis,12,0
48115,Ġcentigrade,12,0
48116,Ġuntrustworthy,12,0
48117,ĠJonofi,12,0
48118,ĠMcVeigh,12,0
48119,Ġmisfortunes,12,0
48120,ĠMontpellier,12,0
48121,ĠCorrevon,12,0
48122,Ġcounterproductive,12,0
48123,ĠTorrevieja,12,0
48124,ĠMojacar,12,0
48125,Ġvocabularies,12,0
385,ould,11,0
1650,artment,11,0
1842,rought,11,0
1925,Ġbeaut,11,0
2235,Ġoutd,11,0
2263,Ġlangu,11,0
2487,Ġadm,11,0
2490,gress,11,0
2619,Ġord,11,0
2662,Ġdefin,11,0
2776,ĠGovern,11,0
2929,ĠSoc,11,0
2943,Ġcred,11,0
2966,itely,11,0
3252,cean,11,0
3433,Ġign,11,0
3524,rael,11,0
3670,note,11,0
4008,gency,11,0
4766,vere,11,0
4974,istics,11,0
5520,uba,11,0
5544,enge,11,0
5677,elly,11,0
5731,lah,11,0
5864,Ġquant,11,0
6082,onna,11,0
6321,Ġdemocr,11,0
6336,bits,11,0
6720,onents,11,0
7219,iciency,11,0
7493,ĠWhe,11,0
7560,comes,11,0
7616,Ġundert,11,0
7739,Ġkil,11,0
7939,ĠEduc,11,0
8159,Ġcompens,11,0
8451,rost,11,0
8476,ĠOper,11,0
8497,ushes,11,0
8637,cript,11,0
8901,ĠHou,11,0
9198,ĠBuch,11,0
9384,ĠPriv,11,0
9407,aughters,11,0
10107,ĠWol,11,0
10158,ifferent,11,0
10160,Ġauthent,11,0
10354,estation,11,0
11169,mand,11,0
11366,Ġdece,11,0
11924,cers,11,0
12318,ĠTay,11,0
12409,Ġlegit,11,0
12424,avering,11,0
12499,Ġchlor,11,0
12704,Ġaccus,11,0
12854,oval,11,0
12900,oub,11,0
12986,Ġrepro,11,0
12989,Ġconspir,11,0
13049,ĠObs,11,0
13180,ĠBenn,11,0
13265,Ġinterven,11,0
13465,Ġenfor,11,0
13538,Ġabst,11,0
13681,ĠPear,11,0
13984,uther,11,0
14318,amount,11,0
14449,ĠBapt,11,0
14525,produ,11,0
14720,div,11,0
15460,rix,11,0
15562,ĠTud,11,0
15808,ĠOcc,11,0
16010,vol,11,0
16151,ĠNong,11,0
16276,Ġcommod,11,0
16359,arl,11,0
16513,ĠFact,11,0
16697,flu,11,0
16887,Ġinadequ,11,0
17045,ĠHass,11,0
17166,ĠNets,11,0
17273,inis,11,0
17318,avan,11,0
17361,ĠGiov,11,0
17476,helm,11,0
17534,rine,11,0
17561,Ġrans,11,0
17749,phorus,11,0
18010,alus,11,0
18134,Ġsnorke,11,0
18214,ĠSev,11,0
18303,hire,11,0
18310,atization,11,0
18832,ĠCors,11,0
18834,ĠCraw,11,0
19012,poles,11,0
19041,urous,11,0
19058,ieve,11,0
19210,ĠHoff,11,0
19397,lich,11,0
19490,uga,11,0
19529,Ġunderest,11,0
19659,ourt,11,0
19820,amine,11,0
20011,imps,11,0
20028,ĠEis,11,0
20049,Ġsurpass,11,0
20116,Ġfurnishing,11,0
20331,heimer,11,0
20402,Lou,11,0
20646,ĠTot,11,0
20837,yre,11,0
21127,ĠRus,11,0
21181,Ġaffl,11,0
21753,ĠBuen,11,0
21832,dad,11,0
21838,wara,11,0
21896,peak,11,0
22265,ĠHumph,11,0
22420,ĠMaint,11,0
22425,ĠPain,11,0
22428,Ġranc,11,0
22540,official,11,0
23094,ensible,11,0
23116,ĠBran,11,0
23164,loading,11,0
23303,itism,11,0
23358,ĠEch,11,0
23631,aciously,11,0
23638,amous,11,0
23676,ĠHein,11,0
23786,Ġvacc,11,0
24000,ĠRid,11,0
24014,inders,11,0
24028,ĠVand,11,0
24308,ĠMater,11,0
24368,reng,11,0
24564,hardt,11,0
24714,ĠLief,11,0
25019,tower,11,0
25031,Ġsombre,11,0
25080,ĠNum,11,0
25100,ĠInstit,11,0
25393,fal,11,0
25401,rion,11,0
25436,ĠSyl,11,0
25483,aceous,11,0
25515,Ġremed,11,0
25677,ĠAutom,11,0
25759,Mus,11,0
25764,banks,11,0
25843,ĠDF,11,0
25860,eligible,11,0
26021,ariat,11,0
26310,ools,11,0
26338,ĠDeg,11,0
26639,ĠMie,11,0
26648,rient,11,0
26738,alsa,11,0
27255,Ġantit,11,0
27504,Cast,11,0
27563,aris,11,0
27607,ĠPatt,11,0
27614,Ġneb,11,0
27631,ĠGren,11,0
27797,ographs,11,0
28007,Mur,11,0
28028,rice,11,0
28083,seek,11,0
28087,ĠCron,11,0
28167,assing,11,0
28319,Ġdais,11,0
28627,ĠCull,11,0
28793,ropics,11,0
29101,WC,11,0
29286,Ġintersect,11,0
29330,ĠOrch,11,0
29406,ĠTemper,11,0
29782,ĠFPA,11,0
29785,ĠDere,11,0
29994,ĠDrunk,11,0
30312,mu,11,0
30374,ĠMild,11,0
30500,henberg,11,0
30572,ĠConce,11,0
30658,utsu,11,0
30671,imento,11,0
30945,JC,11,0
30952,Sil,11,0
30967,kov,11,0
31008,arra,11,0
31035,imating,11,0
31056,ĠHase,11,0
31111,ĠRash,11,0
31646,Fin,11,0
31679,saw,11,0
31744,ĠCum,11,0
31858,Ġunquestion,11,0
31927,nesses,11,0
32198,Ġconjug,11,0
32508,legal,11,0
32529,adar,11,0
32562,chus,11,0
32628,agency,11,0
33492,Ġoverpower,11,0
33505,ĠVine,11,0
33855,ĠFundament,11,0
33933,Ġlegitim,11,0
34173,lake,11,0
34278,ĠSeng,11,0
34312,ĠPush,11,0
34316,ĠPett,11,0
34351,ĠRin,11,0
34354,ĠRhin,11,0
34436,ickness,11,0
34510,ĠIsid,11,0
34606,ĠPhilips,11,0
35087,north,11,0
35090,sure,11,0
35100,Ġaper,11,0
35183,ĠMoll,11,0
35188,ĠBland,11,0
35242,ĠLoth,11,0
35277,ĠOde,11,0
35422,expl,11,0
35685,ĠNOEC,11,0
35767,UNT,11,0
36119,idation,11,0
36170,ĠHoy,11,0
36233,ĠNih,11,0
36238,ĠLough,11,0
36433,ĠShogun,11,0
36525,Ġcoron,11,0
36778,Ġhypnot,11,0
36801,Ġreinvent,11,0
37119,Cor,11,0
37134,NBA,11,0
37154,federal,11,0
37271,seller,11,0
37279,ĠCary,11,0
37310,ĠPai,11,0
37364,abb,11,0
37377,Ġexacerb,11,0
37389,Ġoutcast,11,0
37441,achable,11,0
37467,ometry,11,0
37725,Ġphysi,11,0
37808,Ġwavelength,11,0
37942,ĠFriendless,11,0
38276,Sports,11,0
38300,kit,11,0
38311,pull,11,0
38465,ĠFell,11,0
38486,ĠGow,11,0
38545,Ġfeign,11,0
38551,Ġblunder,11,0
38574,Ġgruel,11,0
38577,ĠVander,11,0
38616,grant,11,0
38713,Ġrevital,11,0
38749,Ġcondescend,11,0
38754,ĠZor,11,0
38805,ĠCanaan,11,0
38924,ega,11,0
38973,Ġimploring,11,0
38978,evil,11,0
39342,ĠYakut,11,0
39704,verted,11,0
39877,ounts,11,0
40055,ugn,11,0
40557,broken,11,0
48126,"!,",11,0
48127,"""--""",11,0
48128,++,11,0
48129,",&",11,0
48130,"._,",11,0
48132,319,11,0
48133,323,11,0
48134,480,11,0
48135,Aut,11,0
48136,Aud,11,0
48137,Aichi,11,0
48138,Bon,11,0
48139,Boys,11,0
48140,Bourgeois,11,0
48141,Buffalo,11,0
48145,Dave,11,0
48148,Eh,11,0
48149,End,11,0
48150,Ent,11,0
48153,Fore,11,0
48154,Fox,11,0
48156,Fairy,11,0
48157,Gore,11,0
48158,Ghost,11,0
48159,Glad,11,0
48160,HD,11,0
48162,Hope,11,0
48166,Ka,11,0
48169,Koning,11,0
48170,Low,11,0
48172,Mas,11,0
48173,Mid,11,0
48177,MENTS,11,0
48180,NII,11,0
48181,Number,11,0
48183,OH,11,0
48184,Oy,11,0
48186,Pin,11,0
48187,Pay,11,0
48188,Pass,11,0
48189,Pins,11,0
48192,Ros,11,0
48193,River,11,0
48194,Ragged,11,0
48196,Rolling,11,0
48199,Su,11,0
48200,Sac,11,0
48201,Set,11,0
48202,Sour,11,0
48206,SEC,11,0
48210,Tr,11,0
48211,Toy,11,0
48213,Us,11,0
48217,VIII,11,0
48218,Way,11,0
48219,Watch,11,0
48220,Women,11,0
48221,Whew,11,0
48223,Yam,11,0
48224,Yea,11,0
48226,average,11,0
48227,bri,11,0
48230,basket,11,0
48233,cong,11,0
48237,dat,11,0
48239,done,11,0
48242,dropping,11,0
48243,dwelling,11,0
48246,each,11,0
48250,fights,11,0
48258,hur,11,0
48262,iard,11,0
48265,jake,11,0
48269,labor,11,0
48271,mult,11,0
48283,punk,11,0
48287,rone,11,0
48288,rhy,11,0
48289,rades,11,0
48290,sum,11,0
48292,sound,11,0
48293,sick,11,0
48295,sburg,11,0
48297,sounding,11,0
48298,sylum,11,0
48299,suppose,11,0
48301,times,11,0
48314,zk,11,0
48316,Ġtes,11,0
48318,Ġtico,11,0
48320,Ġtienne,11,0
48321,Ġtingling,11,0
48323,hewn,11,0
48324,Ġaugust,11,0
48325,instead,11,0
48328,reality,11,0
48331,Ġwaked,11,0
48334,Ġwesterly,11,0
48335,Ġober,11,0
48336,Ġoui,11,0
48340,atu,11,0
48341,isman,11,0
48345,Ġbanish,11,0
48346,Ġbudding,11,0
48348,Ġcaj,11,0
48350,Ġcowering,11,0
48351,Ġcouture,11,0
48364,Ġfiasco,11,0
48371,Ġmoths,11,0
48375,Ġpunt,11,0
48377,Ġpsyche,11,0
48380,Ġhives,11,0
48382,Ġhanja,11,0
48389,Ġdangled,11,0
48390,Ġinferences,11,0
48391,Ġinversely,11,0
48392,Ġinasmuch,11,0
48393,Ġinappropriately,11,0
48395,arched,11,0
48397,alm,11,0
48401,asagi,11,0
48402,ĠTet,11,0
48403,ĠTir,11,0
48406,ĠTars,11,0
48407,ĠTough,11,0
48410,ĠTeng,11,0
48412,ĠTEM,11,0
48413,ĠTamba,11,0
48414,ĠTammy,11,0
48415,ĠTaksim,11,0
48421,Ġnis,11,0
48423,Ġnipped,11,0
48424,Ġnchez,11,0
48425,Ġnimble,11,0
48430,Ġlongevity,11,0
48432,Ġgland,11,0
48434,Ġglands,11,0
48435,ĠIo,11,0
48437,ĠThebans,11,0
48439,ĠAgh,11,0
48441,ĠAmin,11,0
48444,ĠAJK,11,0
48447,Ġbemo,11,0
48448,owell,11,0
48457,steps,11,0
48459,stitching,11,0
48460,storied,11,0
48462,Ġreused,11,0
48463,Ġrework,11,0
48464,Ġreelection,11,0
48465,Ġreeval,11,0
48467,Ġyon,11,0
48468,Ġyaks,11,0
48470,Ġonstage,11,0
48473,utz,11,0
48474,utations,11,0
48484,ĠSamb,11,0
48485,ĠSorrow,11,0
48487,ĠSufferin,11,0
48491,Ġstances,11,0
48493,Ġstardom,11,0
48494,Ġsteely,11,0
48495,Ġforay,11,0
48497,Ġforays,11,0
48503,ĠCops,11,0
48504,ĠCasc,11,0
48505,ĠCube,11,0
48506,ĠCFC,11,0
48508,ĠCuster,11,0
48509,ĠCologne,11,0
48510,ĠCUNY,11,0
48513,ĠMoc,11,0
48514,ĠMous,11,0
48515,ĠMish,11,0
48516,ĠMiz,11,0
48517,ĠMenc,11,0
48518,ĠMels,11,0
48519,ĠMato,11,0
48522,Ġanon,11,0
48524,Ġwhoso,11,0
48526,ĠBant,11,0
48527,ĠBone,11,0
48529,ĠBering,11,0
48532,ĠBones,11,0
48533,ĠBaux,11,0
48534,ĠBoca,11,0
48536,ĠBadu,11,0
48537,ĠBCE,11,0
48540,ĠBoulder,11,0
48541,Ġhain,11,0
48542,ĠHail,11,0
48549,ĠHIC,11,0
48551,ĠHogan,11,0
48552,ĠHaines,11,0
48555,Ġaspiration,11,0
48556,chap,11,0
48558,changes,11,0
48559,ilic,11,0
48560,ilate,11,0
48561,"Ġ"".",11,0
48567,ĠPts,11,0
48569,ĠPicking,11,0
48570,ĠPaste,11,0
48571,ĠPima,11,0
48573,ĠPaddy,11,0
48574,ĠPuri,11,0
48575,ĠPimas,11,0
48576,ĠPussy,11,0
48577,ĠPinyin,11,0
48578,Ġkl,11,0
48582,Ġron,11,0
48584,Ġrants,11,0
48585,Ġraves,11,0
48586,Ġrima,11,0
48587,Ġrumbled,11,0
48588,Ġrammed,11,0
48590,Ġrarity,11,0
48591,illan,11,0
48598,ĠWage,11,0
48599,ĠWarn,11,0
48600,ĠWann,11,0
48601,ĠWiley,11,0
48602,ĠWCHA,11,0
48604,ĠWillem,11,0
48609,thirty,11,0
48611,Ġmantles,11,0
48612,Ġmantra,11,0
48622,ĠFus,11,0
48623,ĠFong,11,0
48628,ĠFrio,11,0
48630,ĠFonda,11,0
48632,ĠFremont,11,0
48642,ĠDhar,11,0
48643,ĠDREAM,11,0
48648,Ġchaff,11,0
48651,ĠNP,11,0
48652,ĠNod,11,0
48653,ĠNail,11,0
48656,ĠNippur,11,0
48659,resistant,11,0
48664,ĠLoh,11,0
48665,ĠLets,11,0
48666,ĠLula,11,0
48667,ĠLAN,11,0
48668,ĠLira,11,0
48669,ĠLooper,11,0
48676,ĠGonna,11,0
48681,ĠRent,11,0
48682,ĠRav,11,0
48683,ĠRank,11,0
48684,ĠRama,11,0
48685,ĠRaging,11,0
48687,ĠRavi,11,0
48693,ĠJit,11,0
48694,ĠJum,11,0
48696,ĠJans,11,0
48699,ĠJunto,11,0
48705,Ġvanish,11,0
48706,Ġvarsity,11,0
48708,Ġexiles,11,0
48710,Ġsobered,11,0
48711,Ġsuicidal,11,0
48713,Ġhernia,11,0
48714,Ġjin,11,0
48715,Ġjett,11,0
48716,Ġjjigae,11,0
48717,Ġjiffy,11,0
48719,Ġaltering,11,0
48720,Ġalarms,11,0
48721,Ġalighting,11,0
48723,ĠEero,11,0
48725,ĠEtch,11,0
48727,Ġsavers,11,0
48728,igen,11,0
48731,Ġoutwitted,11,0
48732,Ġoutbreaks,11,0
48733,Ġalll,11,0
48734,Ġallers,11,0
48736,Ġworsen,11,0
48737,Ġgov,11,0
48738,Ġknowest,11,0
48741,ĠOIM,11,0
48742,ĠOdin,11,0
48743,ongba,11,0
48744,astes,11,0
48745,Ġupshot,11,0
48747,Ġtrice,11,0
48749,Ġnoh,11,0
48750,Ġsheathed,11,0
48752,independent,11,0
48753,Ġthemself,11,0
48755,odge,11,0
48757,oyama,11,0
48764,Ġclatter,11,0
48767,ĠInch,11,0
48768,ĠInca,11,0
48769,ĠYin,11,0
48771,ĠYuri,11,0
48772,ĠYOu,11,0
48775,Ġfeuds,11,0
48778,ĠKorn,11,0
48780,ĠKling,11,0
48782,ĠKael,11,0
48783,ĠKita,11,0
48784,ĠKadem,11,0
48787,ĠKrillin,11,0
48789,Ġroly,11,0
48790,Ġbled,11,0
48791,Ġblasts,11,0
48792,Ġblisters,11,0
48793,Ġbluster,11,0
48794,Ġblunders,11,0
48796,Ġdiaries,11,0
48797,Ġdiablo,11,0
48799,ĠUng,11,0
48800,ĠUgo,11,0
48801,assa,11,0
48803,assment,11,0
48807,ĠStorage,11,0
48808,ĠStresa,11,0
48813,Ġunborn,11,0
48816,Ġunbl,11,0
48817,Ġunaided,11,0
48819,Ġoverre,11,0
48821,Ġoverbearing,11,0
48822,Ġado,11,0
48823,Ġadoring,11,0
48825,Ġquirt,11,0
48826,Ġquell,11,0
48827,Ġquagmire,11,0
48828,Ġprank,11,0
48829,Ġpristinus,11,0
48830,Ġarb,11,0
48832,Ġarrondissements,11,0
48833,iae,11,0
48834,Ġperverse,11,0
48835,Ġworkday,11,0
48836,Ġspas,11,0
48839,Ġspoof,11,0
48840,Ġspinoff,11,0
48842,ĠChip,11,0
48845,achy,11,0
48850,Ġgrams,11,0
48851,Ġgrubs,11,0
48854,Ġdisreputable,11,0
48855,Ġrift,11,0
48856,ĠVive,11,0
48857,ĠVish,11,0
48864,period,11,0
48865,Ġamending,11,0
48866,Ġpartaken,11,0
48867,Ġdownloads,11,0
48870,Ġscaled,11,0
48871,endra,11,0
48875,Ġwelled,11,0
48876,ĠWeir,11,0
48877,0000,11,0
48882,Ġpreaches,11,0
48883,Ġimpeded,11,0
48885,Ġchildlike,11,0
48894,Ġnewt,11,0
48896,Ġbetook,11,0
48897,Ġbetided,11,0
48898,Ġunderwhelming,11,0
48899,Ġcraps,11,0
48900,Ġcrony,11,0
48901,Ġcrumble,11,0
48903,ulla,11,0
48907,Ġhandguns,11,0
48908,Ġreplying,11,0
48909,Ġreparations,11,0
48910,Ġcargoes,11,0
48911,Ġrecited,11,0
48912,nec,11,0
48913,neither,11,0
48915,ĠWhom,11,0
48916,ĠWhales,11,0
48918,Ġaccretion,11,0
48919,Ġaccredited,11,0
48920,itsa,11,0
48922,ĠAnwar,11,0
48923,Ġcommences,11,0
48924,Ġdogma,11,0
48926,ĠUnions,11,0
48928,ovych,11,0
48932,Ġindel,11,0
48933,Ġindomitable,11,0
48934,ĠAsylum,11,0
48935,ĠAsahi,11,0
48936,Ġtakeovers,11,0
48939,Ġboils,11,0
48942,Ġbelvedere,11,0
48945,Ġreliably,11,0
48946,Ġregroup,11,0
48947,Ġregimes,11,0
48948,Ġregression,11,0
48949,Ġshowcases,11,0
48951,Ġassiduously,11,0
48956,Ġsurgeries,11,0
48957,Ġinvocation,11,0
48958,Ġfinery,11,0
48959,ĠFranti,11,0
48960,ixing,11,0
48961,ĠBray,11,0
48966,Ġdecently,11,0
48967,Ġmustangers,11,0
48970,ĠNewari,11,0
48971,Ġstrident,11,0
48974,Ġglen,11,0
48976,Ġswapped,11,0
48978,Ġswooped,11,0
48979,Ġseceded,11,0
48982,Ġhousemaid,11,0
48984,Ġdistort,11,0
48985,Ġsubvert,11,0
48986,Ġsubstitution,11,0
48990,Ġkindling,11,0
48992,ĠArles,11,0
48993,ĠArches,11,0
48994,Ġmightily,11,0
48995,ĠLeap,11,0
48996,ĠLeach,11,0
48997,Ġadditive,11,0
49000,Ġhighness,11,0
49001,Ġhighbrow,11,0
49003,cession,11,0
49004,Ġtownships,11,0
49007,Ġwarily,11,0
49009,Ġexpel,11,0
49010,Ġdiscol,11,0
49011,anya,11,0
49012,Ġphial,11,0
49021,Ġuntruth,11,0
49023,Ġpayed,11,0
49024,Ġpayable,11,0
49025,Ġpaychecks,11,0
49028,Ġartful,11,0
49034,Ġfeelin,11,0
49035,ĠAtaterk,11,0
49036,ĠReck,11,0
49037,ĠReale,11,0
49038,ĠReina,11,0
49039,ĠReims,11,0
49040,ĠReggie,11,0
49041,Ġriddle,11,0
49043,Ġcouched,11,0
49044,Ġ420,11,0
49045,Ġ440,11,0
49047,Ġdeficient,11,0
49048,ashas,11,0
49051,earned,11,0
49052,Ġrefute,11,0
49054,Ġsnuck,11,0
49055,Ġsnatching,11,0
49056,Ġsnorting,11,0
49057,Ġelicit,11,0
49058,Ġmusing,11,0
49059,ĠIsola,11,0
49060,tenant,11,0
49061,Ġmotherless,11,0
49066,Ġimporting,11,0
49068,Ġspeculating,11,0
49070,Ġcompletes,11,0
49071,Ġtreeless,11,0
49074,ĠAdler,11,0
49075,ĠAdolphe,11,0
49076,ĠJohnsen,11,0
49077,Ġteamster,11,0
49078,Ġcommunicates,11,0
49079,Ġwaive,11,0
49080,Ġwaif,11,0
49084,ĠBellow,11,0
49086,ĠBeyea,11,0
49087,Ġlandowner,11,0
49088,Ġlandmass,11,0
49090,Ġ670,11,0
49092,Ġideologies,11,0
49093,Ġextrap,11,0
49094,Ġaffording,11,0
49097,ĠSpock,11,0
49099,ĠSpaniel,11,0
49100,ĠDeion,11,0
49101,ĠDealing,11,0
49102,ĠHowe,11,0
49103,Ġdetested,11,0
49104,ĠEngagements,11,0
49105,Ġavatars,11,0
49106,Ġpretender,11,0
49107,racting,11,0
49108,bride,11,0
49109,brunn,11,0
49111,ĠEddy,11,0
49112,ĠEdfu,11,0
49115,byes,11,0
49117,Ġforeseen,11,0
49118,Ġforerunner,11,0
49119,Ġstopover,11,0
49120,Ġrevamped,11,0
49125,aida,11,0
49127,Ġmeditate,11,0
49128,Ġsleepers,11,0
49129,Ġsleepily,11,0
49130,Ġseverability,11,0
49132,Ġdoorkeeper,11,0
49134,Ġdemoted,11,0
49135,Ġhumbled,11,0
49137,ĠCarrier,11,0
49138,Ġsteeds,11,0
49140,Ġpegged,11,0
49142,Ġgroundbreaking,11,0
49143,Ġballots,11,0
49144,orps,11,0
49146,Ġoftener,11,0
49148,ĠManacor,11,0
49149,Ġdesignbuild,11,0
49150,Ġtripled,11,0
49151,aima,11,0
49153,ĠConley,11,0
49154,ĠConversation,11,0
49155,Ġprotons,11,0
49157,Ġloathing,11,0
49159,Ġparishes,11,0
49163,Ġpurported,11,0
49167,Ġdeluxe,11,0
49171,Ġnewsroom,11,0
49172,Ġelects,11,0
49173,Ġsoundness,11,0
49174,Ġexpectantly,11,0
49175,Ġdeathly,11,0
49176,ounter,11,0
49178,Ġtemplate,11,0
49179,Ġcutbacks,11,0
49180,ĠZu,11,0
49181,ĠQumran,11,0
49182,Ġ1720,11,0
49183,Ġ1733,11,0
49184,Ġ1745,11,0
49186,ĠCommune,11,0
49192,ĠGrab,11,0
49193,ĠGrimes,11,0
49196,Ġwoodlands,11,0
49198,ĠPhilly,11,0
49199,Ġfederalism,11,0
49200,Ġreplicate,11,0
49202,Ġrisings,11,0
49203,ĠOrs,11,0
49204,ĠOrson,11,0
49205,ĠOrhan,11,0
49206,1930,11,0
49207,1965,11,0
49210,Ġsilken,11,0
49212,Ġpostmark,11,0
49213,ĠBene,11,0
49215,ĠBenito,11,0
49216,ĠBengals,11,0
49217,ĠBennington,11,0
49218,Ġ1513,11,0
49219,Ġ1565,11,0
49220,Ġ1564,11,0
49223,Ġshallop,11,0
49224,Ġvoluy,11,0
49225,ĠBlois,11,0
49226,ĠGeass,11,0
49227,ĠGeveden,11,0
49228,ĠNotices,11,0
49229,meeting,11,0
49233,ĠSeizing,11,0
49234,ĠToads,11,0
49236,ĠTrace,11,0
49238,Ġoriginating,11,0
49239,Ġoriginator,11,0
49241,Ġprivations,11,0
49242,ĠExcess,11,0
49243,Ġreasonableness,11,0
49244,Ġhurrah,11,0
49245,ĠGuave,11,0
49246,ĠParose,11,0
49247,Ġmagically,11,0
49248,ĠBartlemy,11,0
49249,Ġ1622,11,0
49250,Ġ1642,11,0
49255,ĠDonovan,11,0
49256,ĠWills,11,0
49257,leri,11,0
49259,Ġcapitalists,11,0
49263,Ġcomputational,11,0
49264,ĠLSCA,11,0
49265,Ġtenured,11,0
49266,Ġtenacious,11,0
49268,Ġsquaws,11,0
49271,ĠFrenchmen,11,0
49274,ĠMineral,11,0
49275,ĠTeapot,11,0
49278,Ġdivisive,11,0
49279,Italy,11,0
49280,Ġsolids,11,0
49281,ĠDavison,11,0
49283,Ġauthorizations,11,0
49284,Ġgrandly,11,0
49285,ĠAmman,11,0
49286,Ġstepfather,11,0
49289,Ġaskin,11,0
49290,Ġshipmates,11,0
49291,Ġshipbuilding,11,0
49293,comer,11,0
49295,complete,11,0
49299,ĠMehta,11,0
49301,Ġresell,11,0
49304,Ġgunning,11,0
49305,Ġ1493,11,0
49307,Ġcommonwealth,11,0
49309,Ġsufferers,11,0
49311,Ġdevotional,11,0
49313,ĠPearson,11,0
49314,ĠTHEY,11,0
49315,Ġparentage,11,0
49316,Ġgoldfields,11,0
49317,forgotten,11,0
49318,ĠMali,11,0
49319,Ġgeneralizations,11,0
49320,Ġnecessitate,11,0
49322,Ġcamshaft,11,0
49323,Ġfortitude,11,0
49324,linear,11,0
49325,ĠElm,11,0
49327,ĠNorthumbria,11,0
49331,Ġcharacterizes,11,0
49332,ĠSlaughter,11,0
49333,ĠSlawek,11,0
49334,Ġencrusted,11,0
49335,ĠSwenson,11,0
49336,ĠAccords,11,0
49337,Ġaccessibility,11,0
49338,religious,11,0
49339,Ġfastidious,11,0
49340,Ġsignification,11,0
49344,Ġwilder,11,0
49345,Ġeastwards,11,0
49346,ĠPalau,11,0
49347,ĠEmmanuel,11,0
49348,ĠEmrold,11,0
49349,Ġcircuses,11,0
49351,ĠCapcom,11,0
49352,Ġ307,11,0
49353,Ġeschew,11,0
49354,whis,11,0
49355,Ġfavoring,11,0
49358,Ġhillbilly,11,0
49359,ĠRomana,11,0
49360,Ġexcepting,11,0
49362,uddin,11,0
49366,ĠTurbay,11,0
49367,Ġfawn,11,0
49371,Ġbalmy,11,0
49372,Ġrainforests,11,0
49373,ĠQuote,11,0
49374,ĠDragons,11,0
49376,Ġmismanagement,11,0
49378,ĠAlexis,11,0
49380,Ġpathogens,11,0
49382,ĠEnid,11,0
49383,Ġbroadest,11,0
49386,Ġmistaking,11,0
49387,Ġacquit,11,0
49390,Ġ253,11,0
49391,Ġ2500,11,0
49392,ĠAgde,11,0
49393,ĠAgreements,11,0
49394,ĠSerpent,11,0
49396,ĠCoimbra,11,0
49397,ĠMichal,11,0
49399,ĠSenhora,11,0
49400,ĠPatent,11,0
49401,ĠPatrol,11,0
49402,ĠCours,11,0
49403,ĠCourage,11,0
49404,Ġheavyweight,11,0
49406,Ġthrice,11,0
49407,Ġfreights,11,0
49408,ĠValve,11,0
49410,Ġfilmmaking,11,0
49411,ĠParkson,11,0
49412,Ġnaturalized,11,0
49413,Ġnaturalistic,11,0
49414,Ġconversed,11,0
49416,humans,11,0
49419,domed,11,0
49420,ĠBozena,11,0
49421,ĠLaHaye,11,0
49422,Ġjeers,11,0
49423,regulation,11,0
49424,regulatory,11,0
49426,Ġfleec,11,0
49427,ĠRosario,11,0
49428,ĠComple,11,0
49429,ĠCompton,11,0
49430,ĠSchippers,11,0
49432,Ġfarmworker,11,0
49434,Ġgrading,11,0
49435,Ġcruelties,11,0
49436,ophobic,11,0
49438,Ġdispense,11,0
49439,Ġpolicing,11,0
49441,flat,11,0
49442,Ġcollectibles,11,0
49443,Ġvertebrates,11,0
49444,Ġsensibly,11,0
49445,ĠSchoolcraft,11,0
49446,Ġstandardize,11,0
49447,Ġtrod,11,0
49448,Ġtrolls,11,0
49449,Ġlackluster,11,0
49450,Ġ501,11,0
49452,Ġgripes,11,0
49453,Ġlaborious,11,0
49454,Ġsweetened,11,0
49455,Ġpurchaser,11,0
49457,Ġbilly,11,0
49460,Ġensign,11,0
49461,ĠOlympia,11,0
49462,Ġcolonized,11,0
49465,Ġbrokenly,11,0
49466,aean,11,0
49467,Ġcommentaries,11,0
49469,1775,11,0
49470,ĠDanville,11,0
49471,ĠDanzig,11,0
49472,Ġunduly,11,0
49473,Ġundeniable,11,0
49474,Ġintroductions,11,0
49475,Ġpurposefully,11,0
49476,ĠFrancs,11,0
49478,ĠAntone,11,0
49480,Thought,11,0
49481,ĠMidget,11,0
49482,ĠPrefect,11,0
49483,ĠPreminger,11,0
49486,ĠBayer,11,0
49487,ĠBayeux,11,0
49488,Ġtelegrap,11,0
49489,ĠDistricts,11,0
49490,Ġbanal,11,0
49491,ĠSuicide,11,0
49492,Ġcomplexities,11,0
49493,Ġmagnates,11,0
49494,Ġmagnanim,11,0
49495,Ġgallantly,11,0
49496,Ġsearchable,11,0
49499,ĠMora,11,0
49500,ĠMorass,11,0
49502,ĠTemporary,11,0
49503,ĠDidier,11,0
49504,Ġlitre,11,0
49505,Ġdomineering,11,0
49506,ĠBelfast,11,0
49508,Ġprincipled,11,0
49509,ĠKalinga,11,0
49511,ĠVenues,11,0
49512,Ġbullies,11,0
49513,Ġcools,11,0
49514,ĠMontessori,11,0
49516,Ġannualized,11,0
49518,ĠMerman,11,0
49519,Ġ263,11,0
49520,Ġ268,11,0
49522,Ġprogressively,11,0
49527,ĠContra,11,0
49528,ĠDelay,11,0
49530,Ġloggias,11,0
49532,Ġwoodshed,11,0
49534,Ġbriefed,11,0
49537,efficient,11,0
49540,ĠHuma,11,0
49541,Ġrenounced,11,0
49542,Ġadvertises,11,0
49543,Ġunsightly,11,0
49544,Ġticks,11,0
49545,ĠDaytime,11,0
49547,Ġ292,11,0
49548,Ġ295,11,0
49549,Ġ297,11,0
49552,ĠSkala,11,0
49555,ĠEvangel,11,0
49556,Ġartistry,11,0
49557,ĠRoyalty,11,0
49558,ĠAudio,11,0
49559,Ġcongressionally,11,0
49560,wingers,11,0
49564,iyeh,11,0
49565,ĠGarment,11,0
49566,ĠGarry,11,0
49567,Ġgeologist,11,0
49568,Ġgelding,11,0
49569,Ġgeothermal,11,0
49571,Ġethos,11,0
49572,ĠMurat,11,0
49573,security,11,0
49575,Ġironically,11,0
49576,Ġironwork,11,0
49577,ĠGreenwood,11,0
49579,ĠApocalypse,11,0
49580,164,11,0
49583,Ġtentative,11,0
49585,Ġshelved,11,0
49589,ĠKhartoum,11,0
49590,Illustrated,11,0
49591,Ġduplex,11,0
49592,Ġderided,11,0
49594,ĠCorrespond,11,0
49595,ĠRamseys,11,0
49596,Ġsplendour,11,0
49598,ĠNorplant,11,0
49599,ĠCartery,11,0
49602,Ġcalculates,11,0
49604,ĠTwitch,11,0
49605,SAB,11,0
49607,Ġconclusively,11,0
49608,ĠEsthonia,11,0
49609,Ġdeliverables,11,0
49610,lawyer,11,0
49612,Ġsteelworkers,11,0
49614,ĠSubsequently,11,0
49615,Ġporphyry,11,0
49617,ĠSurowiecki,11,0
49618,Ġanalytic,11,0
49620,ĠDuvall,11,0
49621,Ġmercies,11,0
49623,Ġtightening,11,0
49624,ĠRogan,11,0
49625,ĠIntake,11,0
49626,Ġenvironmentalist,11,0
49627,Ġdissertation,11,0
49628,ĠMemoir,11,0
49629,ĠPershing,11,0
49630,Ġthanksgiving,11,0
49631,ĠRomulus,11,0
49632,ĠIncident,11,0
49634,Ġambulatory,11,0
49635,Ġambassadors,11,0
49636,ĠThorne,11,0
49637,ĠProfessors,11,0
49638,ĠPetro,11,0
49639,Ġfalter,11,0
49640,Ġfaltering,11,0
49641,ĠWebb,11,0
49642,Ġfondled,11,0
49644,ĠWoodrow,11,0
49645,ĠWoodburn,11,0
49646,Ġastir,11,0
49650,ĠInterpret,11,0
49654,ĠFearing,11,0
49655,ĠHadassah,11,0
49656,ĠDivisi,11,0
49657,Ġadvancements,11,0
49658,Ġrevolting,11,0
49659,ĠStrand,11,0
49660,ĠStrategy,11,0
49661,Ġstrictest,11,0
49663,warming,11,0
49664,ĠBernardo,11,0
49665,ĠProtector,11,0
49666,ĠRoby,11,0
49668,Ġtechnicalities,11,0
49669,hosted,11,0
49672,ĠSupporters,11,0
49673,ĠSargon,11,0
49674,ĠGallup,11,0
49675,Ġratified,11,0
49679,ĠTOWN,11,0
49680,ĠRepresentation,11,0
49681,ĠEdmond,11,0
49682,true,11,0
49684,Ġfiercer,11,0
49685,Ġmysticism,11,0
49686,ĠCivilization,11,0
49687,ĠMahomet,11,0
49688,ĠMahathir,11,0
49689,Ġsheepish,11,0
49690,Ġsheepishly,11,0
49691,Ġvisionaries,11,0
49692,Ġrescues,11,0
49696,ĠYeo,11,0
49697,Ġcyst,11,0
49698,ĠHorwitz,11,0
49702,Ġpinpoint,11,0
49703,Ġpromptness,11,0
49706,Ġrampart,11,0
49707,ĠAvon,11,0
49708,Ġindustrialization,11,0
49709,Ġcrackdown,11,0
49711,Albert,11,0
49715,ĠForman,11,0
49717,ĠBarnett,11,0
49718,Ġunpublished,11,0
49719,ĠGatehouse,11,0
49720,Annie,11,0
49721,ĠRemus,11,0
49723,ĠOpium,11,0
49725,Ġrecycles,11,0
49726,ĠRajiv,11,0
49728,ĠXXIX,11,0
49729,ĠHypostyle,11,0
49730,ĠAzis,11,0
49731,ĠAziz,11,0
49732,ĠOrganized,11,0
49733,ĠTimna,11,0
49734,Ġthyroid,11,0
49735,Ġworships,11,0
49736,Ġvestibule,11,0
49737,ĠAshurst,11,0
49738,Ġstupidity,11,0
49739,Ġsternness,11,0
49740,Ġelevating,11,0
49741,ĠNatasha,11,0
49742,Ġ354,11,0
49743,Ġhomicide,11,0
49744,ĠElector,11,0
49745,ĠUtilities,11,0
49747,ĠVerdes,11,0
49749,ĠBalbina,11,0
49751,ĠMoines,11,0
49752,ĠPopolo,11,0
49753,Ġscientifically,11,0
49754,Ġdoubting,11,0
49759,Ġ1843,11,0
49762,ĠBOSTON,11,0
49763,parties,11,0
49768,Ġunwonted,11,0
49769,Ġvalidated,11,0
49770,Ġuncertainly,11,0
49771,Ġfluids,11,0
49772,Ġborrows,11,0
49773,Ġexpedite,11,0
49774,ĠClassified,11,0
49775,Ġinnermost,11,0
49776,ĠDunleavy,11,0
49778,ĠPaxton,11,0
49779,Ġimpressionist,11,0
49780,ĠKeno,11,0
49781,ĠKenzo,11,0
49783,Ġknighted,11,0
49784,Ġhookup,11,0
49785,Ġsympathies,11,0
49786,Ġassassinations,11,0
49787,Ġblanketed,11,0
49789,Ġprospectus,11,0
49791,Ġdisciplinary,11,0
49792,ĠAddiction,11,0
49793,ĠAddressing,11,0
49794,Ġodors,11,0
49797,Ġregretting,11,0
49799,ĠOlathe,11,0
49800,Ġ3310,11,0
49801,ĠATIRCM,11,0
49802,ĠHunstanton,11,0
49803,Ġcontextual,11,0
49804,ĠEquity,11,0
49805,Ġsolemnity,11,0
49806,Ġhorny,11,0
49807,ĠPollitt,11,0
49808,ĠCabin,11,0
49809,ĠCabbage,11,0
49810,ĠCornish,11,0
49812,Ġpitying,11,0
49813,Ġbarrio,11,0
49814,ĠJacobson,11,0
49815,ĠAutry,11,0
49816,ĠParticipation,11,0
49818,ĠTestimony,11,0
49820,ĠSharpe,11,0
49821,Ġhuntin,11,0
49823,Ġdawning,11,0
49824,Ġdisturbs,11,0
49826,ĠExplain,11,0
49827,ĠIndependents,11,0
49828,ĠDecisions,11,0
49829,Ġdilute,11,0
49830,ĠVarner,11,0
49831,ĠLabs,11,0
49832,ĠBallarat,11,0
49834,Ġpregnancies,11,0
49835,ĠGranth,11,0
49837,Ġfacilitators,11,0
49838,iatrics,11,0
49840,ĠNagorno,11,0
49841,Ġlecturing,11,0
49842,Ġfeverishly,11,0
49843,Ġcolonialism,11,0
49844,ĠAlgerian,11,0
49845,Ġmobility,11,0
49846,ĠCasanova,11,0
49847,Ġmigratory,11,0
49849,Ġknockout,11,0
49850,ĠBronstein,11,0
49852,ĠSabine,11,0
49853,ĠIsaiah,11,0
49854,ĠMaurer,11,0
49855,Ġ1795,11,0
49856,ĠWWI,11,0
49857,Ġtolerably,11,0
49858,absor,11,0
49860,Ġsarcasm,11,0
49861,Ġdignitaries,11,0
49862,Ġplanetarium,11,0
49863,Ġauthentication,11,0
49864,Ġnicknames,11,0
49866,ĠLitigation,11,0
49867,ĠBrandt,11,0
49868,ĠSnap,11,0
49869,Ġspellings,11,0
49870,ĠConnector,11,0
49871,Ġtubers,11,0
49873,ĠBaton,11,0
49874,ĠAkko,11,0
49875,Ġdiagnose,11,0
49876,ĠUniversidad,11,0
49877,Ġswitchboard,11,0
49878,Ġencountering,11,0
49880,ĠCyril,11,0
49881,ĠCyrillic,11,0
49882,ĠDrivers,11,0
49883,ĠCDC,11,0
49884,ĠCDU,11,0
49887,Ġdiverge,11,0
49889,Ġjuggle,11,0
49890,Ġwithdraws,11,0
49891,Ġwithdrawing,11,0
49892,ĠTolbooth,11,0
49893,Ġbeamlines,11,0
49895,Ġgaiety,11,0
49896,Ġrationality,11,0
49897,Classical,11,0
49899,ĠMegatron,11,0
49901,ĠKatamari,11,0
49904,ĠViagra,11,0
49905,Ġfundamentals,11,0
49906,Ġdealerships,11,0
49907,ĠPutnam,11,0
49908,runners,11,0
49909,ĠSportsZone,11,0
49910,purpose,11,0
49911,Ġsedentary,11,0
49912,ĠSafari,11,0
49913,Ġallegory,11,0
49914,Ġintrude,11,0
49915,Ġintruders,11,0
49916,ĠSheryl,11,0
49917,ĠNanak,11,0
49918,Ġ1781,11,0
49919,592,11,0
49920,Ġalleging,11,0
49921,Ġeditorials,11,0
49922,ĠDynamic,11,0
49923,Ġadaptive,11,0
49924,ĠHollander,11,0
49925,Ġrecreate,11,0
49926,Ġirreverent,11,0
49927,ĠTobey,11,0
49928,ĠTobago,11,0
49929,Unfortunately,11,0
49930,Ġsoliciting,11,0
49933,ĠKidder,11,0
49934,Ġverdure,11,0
49935,ĠSinise,11,0
49936,ĠBaleira,11,0
49937,ĠEpid,11,0
49939,Ġthreaded,11,0
49941,ĠHigo,11,0
49942,Ġhydrochloric,11,0
49943,Ġhydrocarbons,11,0
49945,ĠCadets,11,0
49946,ĠMortgage,11,0
49948,ĠNaturalization,11,0
49949,Ġdungeons,11,0
49950,ĠTombigbee,11,0
49952,Ġrevengeful,11,0
49955,Ġdubiously,11,0
49956,Ġdubbing,11,0
49957,ĠYamamoto,11,0
49958,Ġstimulus,11,0
49959,ĠAdvisers,11,0
49960,ĠTanner,11,0
49961,ĠTanenhaus,11,0
49962,ĠDiscussion,11,0
49963,Ġornith,11,0
49965,ĠLucasfilm,11,0
49966,historical,11,0
49967,ĠNickles,11,0
49968,Guy,11,0
49970,Ġappendixes,11,0
49971,Ġprelude,11,0
49972,ĠGenerating,11,0
49974,Ġscrewing,11,0
49975,Ġaptitude,11,0
49976,ĠTrova,11,0
49978,Ġtimidity,11,0
49980,Ġcodified,11,0
49981,Ġreproached,11,0
49982,ĠExpansion,11,0
49984,ĠPublisher,11,0
49985,ĠFedge,11,0
49987,ĠLiu,11,0
49989,Ġcalendars,11,0
49990,ĠSilverado,11,0
49991,Ġnavigates,11,0
49992,ĠBennet,11,0
49993,Ġascribe,11,0
49994,Ġcoupon,11,0
49995,Ġvoiceless,11,0
49997,Ġwanderings,11,0
49999,Ġculprits,11,0
50000,Ġabstain,11,0
50001,Ġalphabetical,11,0
50002,ĠHoek,11,0
50003,Ġdevastation,11,0
50005,Ġejaculation,11,0
50006,ĠLynne,11,0
50008,Ġcosmetic,11,0
50010,Ġpodcast,11,0
50014,ĠIssus,11,0
50015,Ġpanoramas,11,0
50016,ĠBentley,11,0
50017,Ġconventionally,11,0
50018,consciously,11,0
50019,storey,11,0
50020,Ġboosted,11,0
50021,Ġprettily,11,0
50022,Ġburdened,11,0
50024,ĠPickens,11,0
50025,Ġsuccour,11,0
50027,Somebody,11,0
50028,ĠJosiah,11,0
50029,Ġunrestrained,11,0
50030,ĠChallenger,11,0
50031,ĠBrahms,11,0
50032,Ġsmuggle,11,0
50034,Ġpropagand,11,0
50036,Ġmerchandising,11,0
50037,ĠCauquenes,11,0
50038,ĠBrewer,11,0
50040,ĠIznik,11,0
50041,Ġwhirlwind,11,0
50042,Ġdelegated,11,0
50043,ĠLaden,11,0
50044,ĠCompanion,11,0
50045,ĠHenrietta,11,0
50046,ĠUmayyad,11,0
50047,ĠUmizoomi,11,0
50048,Ġhomosexuals,11,0
50049,limits,11,0
50050,Ġrecklessness,11,0
50051,ĠBundy,11,0
50052,ĠFuneral,11,0
50053,Ġlesbians,11,0
50054,ĠBoggs,11,0
50055,ĠKerouac,11,0
50056,Ġunmolested,11,0
50057,Ġardently,11,0
50058,ĠLegends,11,0
50059,ĠFlatliners,11,0
50060,Ġdishonesty,11,0
50061,Ġcrested,11,0
50063,Ġcongregating,11,0
50064,presidential,11,0
50065,Ġdwarves,11,0
50066,ĠSakur,11,0
50067,ĠMutant,11,0
50068,ĠPraia,11,0
50070,Ġradicals,11,0
50071,Ġpandemonium,11,0
50072,Ġclergymen,11,0
50073,Ġmarshland,11,0
50074,Ġramming,11,0
50075,ĠDolores,11,0
50076,ĠDeltora,11,0
50077,Ġcorrelate,11,0
50078,Plants,11,0
50079,caliber,11,0
50080,ĠElfhelm,11,0
50082,ĠLithium,11,0
50083,ĠHeavyweight,11,0
50084,ĠGreyfeather,11,0
50085,Ġdentures,11,0
50086,ĠTribes,11,0
50087,ĠVasco,11,0
50088,Ġincomparable,11,0
50091,ĠTRUE,11,0
50092,ĠWatling,11,0
50093,Ġabstraction,11,0
50094,Ġpagodas,11,0
50097,Ġfluorine,11,0
50098,ĠTonica,11,0
50100,ĠLiteracy,11,0
50101,ĠGrosso,11,0
50103,Price,11,0
50104,Ġfederation,11,0
50105,ĠPaull,11,0
50106,Ġexhort,11,0
50107,Ġpornography,11,0
50108,Ġpawed,11,0
50109,ĠSynopsis,11,0
50111,ĠBuckley,11,0
50112,ĠMonasterio,11,0
50113,Adventure,11,0
50116,ĠVelha,11,0
50117,OCG,11,0
50119,ĠUlrich,11,0
50121,ĠAlbertson,11,0
50122,ĠQualified,11,0
50123,conduct,11,0
50124,electron,11,0
50125,ĠRafik,11,0
50126,Ġphilanthropic,11,0
50127,Ġcatalogs,11,0
50129,ĠNCPL,11,0
50130,Ġsuperstars,11,0
50131,ĠPiedmontese,11,0
50132,ĠCannistota,11,0
50133,ĠNuovo,11,0
50134,ĠRavenglass,11,0
50135,Ġunbelievably,11,0
50136,Ġclamor,11,0
50137,ĠKindlings,11,0
50138,Ġpunctuated,11,0
50140,ĠJuarez,11,0
50141,ĠVieja,11,0
50143,Ġscrutinizing,11,0
50144,population,11,0
50145,temper,11,0
50146,Ġtheoretically,11,0
50147,Ġcraved,11,0
50148,ĠAlmayer,11,0
50149,Ġrefinanced,11,0
50150,Johnny,11,0
50151,Ġpelted,11,0
50152,Ġexultant,11,0
50153,ĠRelationship,11,0
50154,Ġsaddened,11,0
50155,Ġpomposity,11,0
50157,ĠLukacs,11,0
50158,Ġmultiply,11,0
50160,ĠPaleologus,11,0
50161,Ġencircle,11,0
50163,news,11,0
50164,testing,11,0
50165,ĠGascoigne,11,0
50166,ĠInvolving,11,0
50167,ĠHeroism,11,0
50168,Ġreinforcing,11,0
50169,Ġbaffling,11,0
50170,Ġproprietary,11,0
50171,ĠGillis,11,0
50172,ĠButterfield,11,0
50173,Ġsurpassing,11,0
50174,ĠTatar,11,0
50177,Ġtouchdowns,11,0
50180,Ġapparition,11,0
50182,ĠTotem,11,0
50183,ĠCodification,11,0
50184,ĠCoxe,11,0
50185,ĠKiller,11,0
50186,Ġphosphorus,11,0
50187,Ġcurricula,11,0
50188,ĠHEI,11,0
50189,ĠROY,11,0
50190,Ġunjustly,11,0
50191,Ġreferencing,11,0
50192,ĠSigmund,11,0
50193,ĠRAV,11,0
50194,ĠRuspak,11,0
50195,Ġdissemination,11,0
50196,Ġdisseminated,11,0
50197,Ġespied,11,0
50200,ĠKohler,11,0
50201,Ġintercepted,11,0
50203,ĠGrassmarket,11,0
50204,ĠSlovene,11,0
50205,Ġmischievously,11,0
50206,Ġphysicists,11,0
50207,ĠDaytona,11,0
50208,ĠApostle,11,0
50209,Ġmelodramatic,11,0
50210,ĠMendoza,11,0
50212,Ġedifices,11,0
50213,ĠScandal,11,0
50214,ĠLandsburg,11,0
50215,Ġidiots,11,0
50216,Ġauberges,11,0
50217,ĠTioman,11,0
50218,ĠPereira,11,0
50219,ĠChandler,11,0
50223,Ġeyelid,11,0
50225,Ġstabilizing,11,0
50226,ĠHippocrates,11,0
50227,ĠEyep,11,0
50228,Ġuncontrolled,11,0
50229,Ġoblivion,11,0
50230,ĠTigris,11,0
50231,ĠIleana,11,0
50232,ĠCellini,11,0
50233,ĠRecommended,11,0
50234,WWF,11,0
50236,ĠEchigo,11,0
50237,ĠVacaville,11,0
50238,Ġglorified,11,0
50239,ĠArcheologists,11,0
50241,Ġhomesickness,11,0
50243,ĠWakasa,11,0
50244,ĠDiseases,11,0
50245,Ġchirped,11,0
50248,ĠRESPA,11,0
50249,ĠOASIS,11,0
50250,Ġglacial,11,0
50251,Ġgrizzled,11,0
50252,ĠResponsibilities,11,0
50253,Ġhormone,11,0
50254,Ġdsho,11,0
50255,ĠToumanova,11,0
50257,ĠCuomo,11,0
50258,ĠLoyalakpa,11,0
50259,Ġvomited,11,0
50260,Ġvomiting,11,0
50261,Ġimprudent,11,0
50262,Ġbromides,11,0
50264,ĠAdolfo,11,0
50265,ĠAfrikaner,11,0
50266,Ġdeterioration,11,0
50267,ĠFerraro,11,0
50270,Ġwhizzed,11,0
50271,ĠNebbishes,11,0
50272,ĠAdjustment,11,0
50273,Ġexplorations,11,0
50274,ĠPolynesia,11,0
50275,ĠSebastopol,11,0
50276,California,11,0
50277,ĠAchievement,11,0
50279,Ġindiscretion,11,0
50280,Ġcomplementary,11,0
50281,Ġelectrode,11,0
50282,ĠMaoist,11,0
50283,Steve,11,0
50284,Ġdyeing,11,0
50285,Ġgorges,11,0
50286,ĠConcerts,11,0
50287,Ġtorpedoed,11,0
50288,Central,11,0
50289,positive,11,0
50290,Ġsultry,11,0
50292,Ġmummified,11,0
50293,ĠCimabue,11,0
50295,ĠChartres,11,0
50296,Ġcohorts,11,0
50297,ĠUnicron,11,0
50299,Ġquarrelling,11,0
50302,ĠBugis,11,0
50303,ĠKadare,11,0
50305,Ġaggravated,11,0
50306,Ġaggravating,11,0
50307,Ġloophole,11,0
50308,southwest,11,0
50309,ĠIdea,11,0
50310,Ġseizures,11,0
50311,ĠLivesey,11,0
50312,Ġalmighty,11,0
50313,ĠInfluences,11,0
50314,ĠStupid,11,0
50315,Ġcoefficient,11,0
50316,ĠMonthly,11,0
50317,ĠMurrurundi,11,0
50320,Ġconglomerate,11,0
50321,ĠChamplain,11,0
50323,discipline,11,0
50324,Ġinvertebrates,11,0
50326,Ġimbued,11,0
50327,ĠGrimhaggard,11,0
50329,Ġblockbusters,11,0
50330,Ġventuresome,11,0
50331,ĠIGs,11,0
50332,Ġnotoriety,11,0
50333,Ġrecounts,11,0
50334,ĠUSDOL,11,0
50335,ĠIbicencos,11,0
50337,ĠCronkite,11,0
50339,Ġvitamins,11,0
50340,ĠKakching,11,0
50341,ĠKakutani,11,0
50342,Ġdrowsy,11,0
50344,Ġmorbidity,11,0
50346,Ġpestilence,11,0
50347,ĠTaleju,11,0
50349,ĠCagney,11,0
50350,ĠFilegate,11,0
50351,Ġreplenish,11,0
50353,Ġtoxin,11,0
50355,ĠWangfujing,11,0
50356,ĠChuzenji,11,0
50358,ĠAlgonkin,11,0
50359,Ġsignposted,11,0
50360,ĠDeMille,11,0
50361,ĠSergei,11,0
50362,Ġdisproportion,11,0
50363,Ġdowry,11,0
50365,ĠAryans,11,0
50366,ĠSearles,11,0
50367,ĠCorey,11,0
50368,ĠWenatchee,11,0
50369,ĠAccepted,11,0
50370,ĠAuditorium,11,0
50371,Ġthrifty,11,0
50372,ĠPesaro,11,0
50373,Ġperceptions,11,0
50375,Ġencrypted,11,0
50376,Ġresurrected,11,0
50378,Ġoverestimated,11,0
50379,ĠHernando,11,0
50380,ĠHofstadter,11,0
50381,ĠPavarotti,11,0
50382,ĠWINZ,11,0
50383,Ġflorid,11,0
50384,ĠClerk,11,0
50386,ĠSculptures,11,0
50387,ĠWorcestershire,11,0
50388,Ġhuskily,11,0
50389,Ġdaresay,11,0
50390,Ġlarder,11,0
50391,ĠANNUAL,11,0
50392,ĠMORNING,11,0
50393,ĠWireless,11,0
50394,ĠGraphene,11,0
50395,Ġdisbursements,11,0
50396,Ġexpatriates,11,0
50399,ĠTalmudic,11,0
50400,Ġdepreciated,11,0
50404,Ġanonymity,11,0
50406,ĠEgoyan,11,0
50408,Ġsprouted,11,0
50409,Ġparakeets,11,0
50410,ĠBargello,11,0
50411,ĠEmilio,11,0
50412,ĠMadhav,11,0
50413,ĠMadhubani,11,0
50414,ĠModerates,11,0
50415,ĠProtocol,11,0
50416,Ġsneezing,11,0
50417,ĠInnovation,11,0
50418,competitive,11,0
50420,ĠOwnership,11,0
50421,ĠOASDHI,11,0
50422,Ġmaharajas,11,0
50424,Ġunequal,11,0
50425,Ġoverpowering,11,0
50426,ĠVineyard,11,0
50427,ĠSlavic,11,0
50428,ĠFundamental,11,0
50429,Ġlegitimacy,11,0
50430,Ġwobbly,11,0
50432,Ġelliptical,11,0
50433,ĠCoulter,11,0
50434,Ġchivalrous,11,0
50436,Ġtruncated,11,0
50437,Ġenzymes,11,0
50438,Ġscoffed,11,0
50439,ĠFranaois,11,0
50441,ĠProcurement,11,0
50442,Ġdetractors,11,0
50443,ĠSoderstrom,11,0
50444,Ġjeopardize,11,0
50445,Aryans,11,0
50447,ĠELM,11,0
50448,Ġtracery,11,0
50450,Ġblatantly,11,0
50451,ĠVALUE,11,0
50452,Ġremonstrated,11,0
50454,Ġforetold,11,0
50455,ĠMcPhee,11,0
50456,Ġtelenovela,11,0
50457,ĠTaanos,11,0
50459,ĠSaitama,11,0
50460,ĠSplendid,11,0
50461,ĠSkeptics,11,0
50462,ĠDuluth,11,0
50464,ĠKangla,11,0
50465,Ġpragmatism,11,0
50466,Ġdisillusioned,11,0
50467,Ġsubversive,11,0
50468,Ġdisconsolate,11,0
50469,Ġdispensary,11,0
50470,Ġdenominations,11,0
50471,Ġtraversing,11,0
50472,ĠMolinari,11,0
50473,Ġindiscriminately,11,0
50474,ĠILLUSTRATIONS,11,0
50475,Hamilton,11,0
50479,Ġdharm,11,0
50480,ĠTREAS,11,0
50483,ĠGennifer,11,0
50484,ĠESOP,11,0
50485,Ġscruples,11,0
50486,Ġobituary,11,0
50487,Ġminstrel,11,0
50488,Ġmidshipmen,11,0
50489,reliefs,11,0
50490,ĠCapitoline,11,0
50491,Ġunspeakable,11,0
50492,Ġcrocheting,11,0
50493,Ġoversimplified,11,0
50494,ĠNeighbouring,11,0
50496,Ġeuros,11,0
50497,ĠSunka,11,0
50498,Ġdehydration,11,0
50499,ĠGainsborough,11,0
50500,Ġupheaval,11,0
50501,Ġunresolved,11,0
50503,Ġbrusquely,11,0
50504,Ġmetabolism,11,0
50505,Ġinfringement,11,0
50506,ĠGALs,11,0
50507,ĠTelevisi,11,0
50508,ĠCrispin,11,0
50509,ĠIntellectual,11,0
50510,ĠMatteo,11,0
50511,ĠTaxpayer,11,0
50512,Gentlemen,11,0
50513,nephew,11,0
50514,Ġmolesters,11,0
50516,ĠCRAMP,11,0
50518,ĠDessalines,11,0
50520,ĠChikugo,11,0
50523,Ġzenith,11,0
50524,ĠMeteorological,11,0
50525,ĠBabylonian,11,0
50526,ĠTOXICITY,11,0
50527,ĠRyukyu,11,0
50528,Ġcelibacy,11,0
50529,Ġblueprint,11,0
50530,Ġparametrization,11,0
50531,Bradley,11,0
50533,ĠTindall,11,0
50534,ĠMieszko,11,0
50535,ĠMeryl,11,0
50536,Ġanaconda,11,0
50537,ĠHirohito,11,0
50538,ĠPancras,11,0
50540,ĠGatsby,11,0
50542,Ġintrepid,11,0
50543,Ġquizzical,11,0
50544,ĠChantilly,11,0
50545,ĠAlessandro,11,0
50546,ĠAtaturk,11,0
50547,Ġharpsichord,11,0
50548,Ġversatile,11,0
50549,Ġcaseload,11,0
50551,Ġhedgerows,11,0
50552,ĠEscalante,11,0
50554,Kirby,11,0
50555,Nyctimystes,11,0
50556,museum,11,0
50557,Ġsizzling,11,0
50558,Ġinundated,11,0
50559,Ġreengineering,11,0
50560,ĠPikachu,11,0
50561,ĠWorshippers,11,0
50562,ĠDiaspora,11,0
50563,ĠJigoku,11,0
50564,Ġabrasive,11,0
50565,Ġunearthly,11,0
50566,Ġrieure,11,0
50567,Ġremotest,11,0
50568,ĠLeelah,11,0
50570,ĠDromore,11,0
50571,Ġmisinterpreted,11,0
50572,ĠMadrilellos,11,0
50574,Ġtabernacle,11,0
50576,Ġillegitimate,11,0
50577,ĠHedgehog,11,0
50578,Ġdegradation,11,0
50580,Things,11,0
50581,Ġiterative,11,0
50582,Ġrhododendrons,11,0
50583,ĠFyodor,11,0
50585,Ġintoxicating,11,0
50586,Ġdisheartened,11,0
50587,ĠVechte,11,0
50588,Ġpolynomial,11,0
50589,Ġretinue,11,0
50590,ĠLeacraft,11,0
50591,Ġinterdiction,11,0
50592,Ġcurvature,11,0
50593,ĠQuercia,11,0
50594,Ġmisogynist,11,0
50595,ĠImplications,11,0
50596,ĠKhansah,11,0
50597,ĠMoskoquis,11,0
50599,Ġtoothpicks,11,0
50600,ĠBiloxi,11,0
50603,Ġsordid,11,0
50605,ĠIldefonso,11,0
50606,ĠAikman,11,0
50607,ĠMumtaz,11,0
50608,ĠWENTWORTH,11,0
50609,ĠGorrynation,11,0
50613,Ġconfidant,11,0
50614,ĠPhouoibi,11,0
50615,ĠAmelio,11,0
50616,ĠGlossary,11,0
50617,Ġconvulsions,11,0
50618,Ġdispirited,11,0
50619,ĠRemembrance,11,0
50620,Ġmasseuse,11,0
50622,Ġecclesiastical,11,0
50623,ĠSigismund,11,0
50625,Florence,11,0
50626,Nicolas,11,0
50627,Ġbureaus,11,0
50629,Ġharsher,11,0
50631,ĠMATHEWS,11,0
50632,ĠMapplethorpe,11,0
50633,ĠBletchley,11,0
50634,ĠBrennan,11,0
50635,ĠHuxley,11,0
50636,ĠHENRY,11,0
50637,ĠHTML,11,0
50638,ĠFoshan,11,0
50639,ĠLONDON,11,0
50640,ĠGielgud,11,0
50641,ĠGwyneth,11,0
50642,ĠGulbenkian,11,0
50643,ĠJavea,11,0
50645,Ġdiphtheria,11,0
50646,Ġunwholesome,11,0
50647,ĠVantablack,11,0
50648,ĠAlberghetti,11,0
50649,ĠAndromeda,11,0
50650,Ġphlogiston,11,0
50651,ĠClermont,11,0
50652,ĠShimbun,11,0
50653,ĠTrastevere,11,0
50654,Ġpalazzos,11,0
50655,ĠKalymnos,11,0
50656,ĠRobespierre,11,0
50657,Ġidyllic,11,0
50658,ĠGalbraith,11,0
50659,ĠBhubaneshwar,11,0
50660,ĠCrevillente,11,0
50661,ĠLamborghini,11,0
779,rough,10,0
1093,Ġrequ,10,0
1465,rict,10,0
1515,Ġexpl,10,0
1527,Ġpartic,10,0
1655,Ġeconom,10,0
1865,selves,10,0
2038,Ġtrad,10,0
2205,ead,10,0
2339,Ġrespons,10,0
2421,rible,10,0
2503,Ġsuff,10,0
2582,Ġcompl,10,0
2732,ĠAust,10,0
3179,Ġvers,10,0
3303,apers,10,0
3608,ptions,10,0
3728,Ġprec,10,0
3777,Ġsens,10,0
4002,sequ,10,0
4036,amma,10,0
4197,ĠTem,10,0
4241,anton,10,0
4984,ĠCommun,10,0
5321,Ġconserv,10,0
5423,Ġheav,10,0
5454,Ġath,10,0
5483,rawn,10,0
5577,andem,10,0
6264,Ġcert,10,0
6403,ĠColumb,10,0
6569,ĠSupp,10,0
6654,ĠRepresent,10,0
6885,ferences,10,0
6914,Ġintellig,10,0
7133,Ġlob,10,0
7146,Ġdetermin,10,0
7264,Ġhyp,10,0
7290,acco,10,0
7512,achus,10,0
7847,ĠOtt,10,0
7900,bors,10,0
8414,ĠJord,10,0
8449,omed,10,0
8589,Ġacquaint,10,0
8754,epend,10,0
8982,ĠEnv,10,0
9111,ĠWed,10,0
9177,umbling,10,0
10042,ĠDak,10,0
10346,alous,10,0
10405,ĠUnivers,10,0
10480,iven,10,0
10522,uddy,10,0
10528,Ġceremon,10,0
11004,Ġequival,10,0
11239,Ġtransm,10,0
11423,otto,10,0
11451,leton,10,0
11493,orrect,10,0
11571,elson,10,0
11583,ASA,10,0
11647,ĠProtest,10,0
11762,ĠIllust,10,0
11870,orient,10,0
11942,Ġfrust,10,0
12150,riel,10,0
12235,ĠErn,10,0
12348,Ġtransp,10,0
12961,vings,10,0
13106,ĠJenn,10,0
13190,Ġadmin,10,0
13239,omic,10,0
13333,ampa,10,0
13403,gered,10,0
13453,acon,10,0
13648,ĠContin,10,0
13668,uum,10,0
13684,ĠOpp,10,0
13760,ĠLore,10,0
14237,ĠGib,10,0
14319,ĠCit,10,0
14542,ĠCreat,10,0
14730,omers,10,0
14764,econom,10,0
14838,ĠFortun,10,0
14852,Ġunhe,10,0
15323,FP,10,0
15809,agm,10,0
16149,uming,10,0
16235,Ġpenn,10,0
16349,iated,10,0
16488,rue,10,0
16632,abouts,10,0
16750,etty,10,0
16793,Ġmonot,10,0
16899,ĠCamb,10,0
16961,regular,10,0
17044,rift,10,0
17162,unciation,10,0
17268,gard,10,0
17739,ignan,10,0
17863,utant,10,0
18025,ĠRaf,10,0
18059,ields,10,0
18111,ĠHyd,10,0
18119,Ġsubscrib,10,0
18329,ĠWik,10,0
18439,ĠAngl,10,0
18472,try,10,0
18978,Ġscrutin,10,0
19035,Ġrehab,10,0
19191,vice,10,0
19194,Ġhilar,10,0
19415,ĠAub,10,0
19685,ĠDeL,10,0
19703,deal,10,0
19909,process,10,0
20180,rend,10,0
20184,atches,10,0
20500,Ġinsur,10,0
20651,ĠSod,10,0
20658,ĠHub,10,0
20685,uder,10,0
20695,ishi,10,0
20795,Ġunreason,10,0
20809,ĠCinem,10,0
20892,inde,10,0
20931,ĠAdvert,10,0
21142,ĠKag,10,0
21166,ohan,10,0
21292,ĠNeighbor,10,0
21311,Eng,10,0
21323,lash,10,0
21413,ĠVirt,10,0
21424,osses,10,0
21427,ibus,10,0
21517,Ġreconc,10,0
21633,oled,10,0
21649,mental,10,0
21661,Ġdisd,10,0
21787,ĠIdent,10,0
22092,cot,10,0
22107,atro,10,0
22127,Ġrever,10,0
22157,owners,10,0
22176,Ġscow,10,0
22369,fus,10,0
22374,leness,10,0
22413,sell,10,0
22470,Ġarbit,10,0
22523,Ġimprov,10,0
22726,ĠHipp,10,0
23028,ampton,10,0
23123,Ġinterrog,10,0
23327,imir,10,0
23393,ovsky,10,0
23483,Ġdissip,10,0
23600,suff,10,0
23779,Ġirres,10,0
23878,ĠRespons,10,0
23911,Aust,10,0
24165,doing,10,0
24414,ĠSpy,10,0
24439,Ġcorro,10,0
25155,earance,10,0
25160,uger,10,0
25169,appro,10,0
25170,ikk,10,0
25184,ĠScript,10,0
25440,ĠCim,10,0
25523,ĠBrant,10,0
25557,prom,10,0
25844,Ġchast,10,0
25846,ĠNin,10,0
25935,Ġrefurb,10,0
25963,ĠOrd,10,0
26095,ĠCAF,10,0
26190,reb,10,0
26218,ĠSett,10,0
26248,thought,10,0
26587,,10,0
26847,Ġreverent,10,0
27184,Ġstrang,10,0
27205,ajima,10,0
27287,ographically,10,0
27537,Ġtt,10,0
27576,ĠIG,10,0
27624,ĠDais,10,0
27746,ĠOrt,10,0
28140,Ġvit,10,0
28299,Ġencamp,10,0
28510,ĠCHRIST,10,0
28620,ĠSiege,10,0
28645,ĠHes,10,0
28649,chuk,10,0
28702,raised,10,0
28713,avian,10,0
29045,protected,10,0
29201,ĠGop,10,0
29204,ĠGior,10,0
29232,ittal,10,0
29250,ĠChu,10,0
29270,ĠAnch,10,0
29341,coal,10,0
29362,liney,10,0
29546,Ġsynthes,10,0
29583,ĠEurop,10,0
29837,assic,10,0
29855,ogu,10,0
29861,Ġimpass,10,0
30214,Ġplagiar,10,0
30287,Acc,10,0
30372,ĠChes,10,0
30473,avid,10,0
30590,ĠGuer,10,0
30679,iyama,10,0
30792,ĠFemin,10,0
30969,mount,10,0
30972,pine,10,0
30994,enio,10,0
31032,ĠSoci,10,0
31095,ĠNij,10,0
31096,ĠNSA,10,0
31156,Ġunfast,10,0
31175,Ġdisbel,10,0
31476,Ġdecentral,10,0
31655,Works,10,0
31669,jee,10,0
31686,Ġtarn,10,0
31765,oling,10,0
31787,ĠDiss,10,0
31804,ĠRial,10,0
31901,Ġdecomp,10,0
31910,ribing,10,0
31929,insk,10,0
32532,acements,10,0
32554,ĠBere,10,0
32586,ĠDai,10,0
32612,Ġexasper,10,0
32619,iges,10,0
32637,ĠKans,10,0
32667,ordered,10,0
32695,ibel,10,0
32737,ĠShiv,10,0
32757,ĠAdi,10,0
33244,Jul,10,0
33350,enta,10,0
33359,Ġuk,10,0
33386,ĠBreat,10,0
33426,ĠNey,10,0
33459,Ġmega,10,0
33470,areth,10,0
33478,ĠKiy,10,0
33532,ĠAsc,10,0
33618,ĠZak,10,0
33627,rones,10,0
33688,Ġpenit,10,0
33705,Ġdespond,10,0
33793,ĠFein,10,0
33806,Arthur,10,0
34021,ĠFAIR,10,0
34079,Ġnymph,10,0
34199,zko,10,0
34209,Ġwob,10,0
34214,Ġoat,10,0
34290,ĠCoul,10,0
34376,igl,10,0
34440,Ġscoff,10,0
34530,Ġdetract,10,0
34968,approved,10,0
35131,Ġhove,10,0
35236,emi,10,0
35243,ĠLup,10,0
35461,Ġforeb,10,0
35658,Israel,10,0
35688,uminous,10,0
35944,ĠREPORT,10,0
36055,zia,10,0
36075,itiveness,10,0
36077,analysis,10,0
36099,lean,10,0
36107,Ġlyn,10,0
36130,acons,10,0
36137,ĠSok,10,0
36216,ĠDed,10,0
36421,Ġcheet,10,0
36637,system,10,0
37143,Whe,10,0
37176,rides,10,0
37308,tera,10,0
37333,ĠFarn,10,0
37379,Ġleth,10,0
37413,ploid,10,0
37444,Ġdisin,10,0
37614,ĠGeoff,10,0
37656,ĠNegr,10,0
37711,ĠCompost,10,0
37813,tti,10,0
37943,ĠConcern,10,0
38183,Angelo,10,0
38230,ĠHabsburg,10,0
38238,Ġmerciless,10,0
38280,Ver,10,0
38287,agh,10,0
38292,dome,10,0
38297,hak,10,0
38313,rade,10,0
38351,enay,10,0
38372,arro,10,0
38408,ĠeBook,10,0
38424,ĠCed,10,0
38482,ĠLik,10,0
38538,odies,10,0
38572,Ġgram,10,0
38590,Ġsmother,10,0
38638,roses,10,0
38729,ĠManz,10,0
38855,goat,10,0
38883,ĠScha,10,0
39054,marriage,10,0
39237,ĠKonthou,10,0
39291,ĠPastor,10,0
39339,Ġredoubt,10,0
39396,Secret,10,0
39405,Ġbeseeching,10,0
39499,610,10,0
39515,GRA,10,0
39534,Ret,10,0
39535,Tour,10,0
39567,nigh,10,0
39575,tour,10,0
39584,zier,10,0
39785,ĠDX,10,0
39798,ĠNT,10,0
39815,ĠGass,10,0
39871,ĠKann,10,0
39914,avas,10,0
39925,ĠVy,10,0
39932,perate,10,0
40052,ussed,10,0
40054,boom,10,0
40068,ĠSpart,10,0
40109,ĠZam,10,0
40172,Ġfacet,10,0
40332,ĠCurt,10,0
40355,write,10,0
40395,ĠRobb,10,0
40450,carat,10,0
40541,William,10,0
40722,Music,10,0
40730,ĠCulver,10,0
40884,GB,10,0
40949,lamp,10,0
40951,luck,10,0
40958,pond,10,0
41296,plays,10,0
41303,activity,10,0
42385,**,10,0
50662,'!,10,0
50663,"'!""",10,0
50664,",)",10,0
50666,/),10,0
50667,015,10,0
50668,119,10,0
50670,220,10,0
50671,375,10,0
50672,470,10,0
50673,?!,10,0
50675,Bi,10,0
50676,Bah,10,0
50678,Bern,10,0
50680,Bomb,10,0
50681,Braz,10,0
50682,Brie,10,0
50683,Boom,10,0
50685,Cry,10,0
50686,Count,10,0
50688,Cars,10,0
50689,Case,10,0
50691,Cons,10,0
50692,Cities,10,0
50693,Chat,10,0
50694,Cham,10,0
50696,Croix,10,0
50697,DU,10,0
50699,Dor,10,0
50700,Dig,10,0
50701,Dance,10,0
50702,Dana,10,0
50704,Est,10,0
50706,Easy,10,0
50708,FM,10,0
50710,Flying,10,0
50712,Faith,10,0
50714,Gall,10,0
50715,Gate,10,0
50716,Guts,10,0
50718,Garter,10,0
50719,Hay,10,0
50720,Hullo,10,0
50721,Id,10,0
50722,Ile,10,0
50723,Iron,10,0
50725,Ky,10,0
50728,Kitty,10,0
50730,Late,10,0
50731,Lie,10,0
50733,Lots,10,0
50734,Main,10,0
50735,Must,10,0
50736,Might,10,0
50737,Mine,10,0
50738,Max,10,0
50739,Matt,10,0
50740,Mean,10,0
50741,Mitsubishi,10,0
50742,NZ,10,0
50745,Next,10,0
50746,NESS,10,0
50747,Ol,10,0
50748,Other,10,0
50749,Pur,10,0
50752,Parson,10,0
50753,Prot,10,0
50755,Ref,10,0
50756,Sar,10,0
50759,Sounds,10,0
50760,Serb,10,0
50761,Speak,10,0
50763,Talk,10,0
50764,Taint,10,0
50765,Tech,10,0
50770,Vee,10,0
50772,WU,10,0
50775,WELL,10,0
50777,ahead,10,0
50778,bun,10,0
50780,bold,10,0
50784,creation,10,0
50788,dominated,10,0
50789,determination,10,0
50794,follow,10,0
50795,fresh,10,0
50796,figure,10,0
50797,fontaine,10,0
50800,gat,10,0
50801,gens,10,0
50803,gson,10,0
50804,golf,10,0
50809,hate,10,0
50812,hunt,10,0
50815,housing,10,0
50822,judge,10,0
50824,jjigae,10,0
50826,kum,10,0
50829,keth,10,0
50831,lust,10,0
50832,lick,10,0
50833,lover,10,0
50834,lilies,10,0
50839,nice,10,0
50842,nosed,10,0
50849,poll,10,0
50858,says,10,0
50860,tre,10,0
50863,uet,10,0
50870,worship,10,0
50873,zies,10,0
50878,Ġtion,10,0
50879,Ġtak,10,0
50881,Ġtainted,10,0
50882,heavy,10,0
50884,Ġailing,10,0
50885,Ġavert,10,0
50888,injury,10,0
50890,rearing,10,0
50893,Ġsores,10,0
50894,Ġssa,10,0
50895,Ġwik,10,0
50898,Ġwarts,10,0
50899,Ġwuz,10,0
50902,ndale,10,0
50903,atan,10,0
50908,atov,10,0
50911,Ġbode,10,0
50912,Ġbibli,10,0
50913,Ġcures,10,0
50915,Ġcada,10,0
50918,Ġcingulate,10,0
50922,itans,10,0
50927,edly,10,0
50933,Ġmace,10,0
50935,Ġmocks,10,0
50936,Ġmopping,10,0
50939,eschi,10,0
50941,Ġpept,10,0
50943,Ġpangs,10,0
50945,Ġpankah,10,0
50946,Ġhuff,10,0
50949,Ġhacker,10,0
50950,Ġhoku,10,0
50955,Ġdah,10,0
50956,Ġdully,10,0
50957,Ġduchies,10,0
50966,ĠTic,10,0
50967,ĠTent,10,0
50970,ĠTau,10,0
50973,ĠTung,10,0
50974,ĠTann,10,0
50976,ĠTobe,10,0
50977,ĠTrost,10,0
50980,ĠTNT,10,0
50983,Ġlum,10,0
50984,Ġlows,10,0
50987,Ġlahar,10,0
50988,Ġlaminated,10,0
50990,Ġgore,10,0
50993,Ġgushed,10,0
50996,ĠIggy,10,0
50997,ĠIonian,10,0
50998,ĠIUCN,10,0
50999,ĠIkeda,10,0
51000,ĠTheres,10,0
51002,ĠAim,10,0
51003,ĠAks,10,0
51007,otism,10,0
51009,Ġbef,10,0
51012,Ġbequest,10,0
51013,Ġbethought,10,0
51015,entered,10,0
51017,stations,10,0
51018,strap,10,0
51019,stuff,10,0
51024,adre,10,0
51025,adir,10,0
51027,utors,10,0
51028,acqu,10,0
51031,etas,10,0
51032,etter,10,0
51034,ĠSap,10,0
51036,ĠSards,10,0
51038,ĠSpend,10,0
51039,ĠSOR,10,0
51040,ĠSAC,10,0
51042,ĠSoria,10,0
51043,ĠSacre,10,0
51045,ĠSelling,10,0
51047,ĠSickness,10,0
51048,ĠSANTA,10,0
51049,imag,10,0
51051,Ġstor,10,0
51053,Ġstinks,10,0
51054,Ġstench,10,0
51056,Ġstanzas,10,0
51060,Ġforging,10,0
51063,ghorn,10,0
51064,Ġweaver,10,0
51067,ĠCoo,10,0
51068,ĠCone,10,0
51069,ĠCough,10,0
51070,ĠCanc,10,0
51071,ĠCaw,10,0
51072,ĠCoh,10,0
51073,ĠCane,10,0
51074,ĠCuc,10,0
51076,ĠCanche,10,0
51077,ĠCousins,10,0
51078,ĠCITY,10,0
51079,ĠCNBC,10,0
51081,ĠCairns,10,0
51084,ĠMith,10,0
51086,ĠMue,10,0
51087,ĠMorn,10,0
51088,ĠMire,10,0
51089,ĠMerv,10,0
51090,ĠMme,10,0
51091,ĠMai,10,0
51092,ĠMode,10,0
51093,ĠMigration,10,0
51098,Ġanhydrous,10,0
51100,ĠBore,10,0
51101,ĠBors,10,0
51103,ĠBower,10,0
51105,ĠBrought,10,0
51107,ĠBannon,10,0
51108,ĠBizen,10,0
51110,ĠBreeze,10,0
51111,ĠBusey,10,0
51115,ĠHin,10,0
51116,ĠHate,10,0
51117,ĠHage,10,0
51121,ĠHaj,10,0
51122,ĠHai,10,0
51130,ĠHizen,10,0
51132,ĠHSUS,10,0
51133,ĠHitchens,10,0
51136,oog,10,0
51145,opod,10,0
51148,ĠPing,10,0
51150,ĠPoo,10,0
51151,ĠPelt,10,0
51152,ĠPipp,10,0
51154,ĠPune,10,0
51155,ĠPills,10,0
51160,ĠPIM,10,0
51162,ĠPavia,10,0
51163,ĠPanyam,10,0
51165,Ġkastro,10,0
51168,Ġrallies,10,0
51172,Ġseething,10,0
51173,ĠWC,10,0
51174,ĠWish,10,0
51175,ĠWett,10,0
51176,ĠWTA,10,0
51177,ĠWadi,10,0
51178,ĠWescott,10,0
51181,Ġshatter,10,0
51182,Ġshambles,10,0
51183,Ġneural,10,0
51186,Ġdeified,10,0
51187,Ġdearer,10,0
51189,Ġdejection,10,0
51190,tham,10,0
51191,thieves,10,0
51193,oren,10,0
51198,ĠFalk,10,0
51199,ĠFert,10,0
51200,ĠFury,10,0
51203,ĠFaster,10,0
51207,ĠFagles,10,0
51208,ĠFISA,10,0
51215,ĠDating,10,0
51216,ĠDash,10,0
51217,ĠDuh,10,0
51218,ĠDiver,10,0
51220,ĠDiverse,10,0
51221,ĠDali,10,0
51222,Ġbygones,10,0
51223,emed,10,0
51224,emph,10,0
51225,Ġchit,10,0
51227,Ġchoral,10,0
51228,Ġchaste,10,0
51231,ĠNg,10,0
51232,ĠNude,10,0
51233,ĠNelly,10,0
51234,ĠNossa,10,0
51236,Ġplied,10,0
51239,Ġplazas,10,0
51240,Ġconferencing,10,0
51241,Ġconnotations,10,0
51242,ĠLB,10,0
51243,ĠLer,10,0
51244,ĠLop,10,0
51246,ĠLest,10,0
51247,ĠLose,10,0
51248,ĠLung,10,0
51250,ĠLima,10,0
51251,ĠLRS,10,0
51254,ĠLBO,10,0
51255,ĠLosses,10,0
51256,ĠLolita,10,0
51258,ĠGn,10,0
51259,ĠGare,10,0
51260,ĠGift,10,0
51261,ĠGosh,10,0
51262,ĠGaming,10,0
51264,ĠGhetto,10,0
51265,ĠGandaa,10,0
51267,ĠRak,10,0
51269,ĠRach,10,0
51272,ĠRien,10,0
51275,ĠRicks,10,0
51277,ĠRSI,10,0
51278,ĠRaron,10,0
51279,ĠRWC,10,0
51280,ĠRoussillon,10,0
51281,ĠRAAF,10,0
51286,abh,10,0
51290,ĠJad,10,0
51296,ĠJaye,10,0
51297,ĠJinja,10,0
51300,Ġoratory,10,0
51302,arty,10,0
51303,Ġcomatose,10,0
51306,Ġsoggy,10,0
51308,Ġleav,10,0
51309,Ġjaded,10,0
51313,elman,10,0
51317,ĠErie,10,0
51319,Ġsaga,10,0
51324,Ġoutrun,10,0
51325,Ġoutlier,10,0
51326,Ġallure,10,0
51327,Ġalludes,10,0
51328,Ġmegal,10,0
51333,pearl,10,0
51336,ĠHeading,10,0
51338,ĠOption,10,0
51339,ĠOwing,10,0
51341,ĠOGame,10,0
51346,Ġuptight,10,0
51348,Ġtrav,10,0
51349,Ġtrapper,10,0
51350,Ġ(*,10,0
51354,Ġshepherds,10,0
51360,Ġintimately,10,0
51361,wold,10,0
51362,Ġthereabouts,10,0
51364,odar,10,0
51366,Ġwillful,10,0
51368,ĠThi,10,0
51369,ĠThane,10,0
51370,ĠThroat,10,0
51371,ĠThoibi,10,0
51375,ifted,10,0
51377,Ġclod,10,0
51378,Ġclashed,10,0
51379,Ġclashes,10,0
51380,ĠInna,10,0
51381,ĠInuit,10,0
51382,ĠInput,10,0
51383,ĠYar,10,0
51384,ĠYur,10,0
51385,ĠYun,10,0
51387,ĠYves,10,0
51388,ĠYuc,10,0
51390,ĠYaman,10,0
51391,ĠYogi,10,0
51393,Ġ2075,10,0
51396,Ġfeigning,10,0
51397,inee,10,0
51400,Ġagora,10,0
51401,ĠKul,10,0
51404,ĠKoly,10,0
51406,plat,10,0
51407,Ġroving,10,0
51408,Ġroamed,10,0
51414,Ġbloc,10,0
51416,Ġblubber,10,0
51417,Ġplayable,10,0
51421,pte,10,0
51422,Ġifs,10,0
51427,ĠStine,10,0
51429,ĠStross,10,0
51430,ĠString,10,0
51431,ĠStroll,10,0
51433,ĠStreng,10,0
51434,ĠStruggle,10,0
51435,Ġgetaway,10,0
51436,Ġenamel,10,0
51439,Ġimpelled,10,0
51443,Ġunwritten,10,0
51444,Ġunseason,10,0
51445,Ġunchanging,10,0
51447,Ġunregulated,10,0
51448,Ġoverworked,10,0
51449,Ġoverzealous,10,0
51450,Ġadores,10,0
51451,Ġqui,10,0
51454,Ġquays,10,0
51461,blende,10,0
51463,Ġjustifies,10,0
51465,Ġperks,10,0
51466,Ġperforce,10,0
51467,Ġpersevered,10,0
51468,Ġworkforces,10,0
51469,Ġspate,10,0
51470,Ġsparing,10,0
51471,Ġspank,10,0
51472,Ġspinal,10,0
51473,ansen,10,0
51474,ĠChor,10,0
51475,ĠChum,10,0
51477,ĠChikuzen,10,0
51478,ahy,10,0
51479,ahara,10,0
51487,ĠVO,10,0
51490,ĠVere,10,0
51491,ĠVera,10,0
51492,ĠVAT,10,0
51493,ĠViper,10,0
51494,ĠVathi,10,0
51495,ĠVomero,10,0
51498,Ġresuming,10,0
51499,reatment,10,0
51500,Ġscum,10,0
51501,Ġscooped,10,0
51502,endorf,10,0
51505,wehr,10,0
51507,issaries,10,0
51509,soaked,10,0
51511,erected,10,0
51513,Ġbric,10,0
51514,Ġbray,10,0
51515,Ġbackstage,10,0
51518,Ġflak,10,0
51520,Ġguile,10,0
51523,Ġwayside,10,0
51526,object,10,0
51527,Ġmenstru,10,0
51528,Ġmeningitis,10,0
51529,Ġattics,10,0
51530,Ġattaching,10,0
51531,teacher,10,0
51534,Ġhandout,10,0
51535,Ġhandmaid,10,0
51536,Ġrepressed,10,0
51538,Ġcoars,10,0
51539,Ġcoasters,10,0
51540,Ġrecur,10,0
51541,Ġrecurred,10,0
51542,Ġrecitations,10,0
51543,Ġrecieved,10,0
51547,Ġaccords,10,0
51551,Ġfoiled,10,0
51553,ĠUnaddressed,10,0
51555,Ġ'.,10,0
51559,Ġindie,10,0
51560,Ġdiffuse,10,0
51561,ganj,10,0
51562,Ġempor,10,0
51564,managed,10,0
51565,Ġslates,10,0
51567,Ġslaps,10,0
51568,Ġslaying,10,0
51569,Ġslumbers,10,0
51572,Ġgotta,10,0
51573,ĠAlg,10,0
51576,ĠAlonso,10,0
51580,Ġregal,10,0
51581,Ġregaining,10,0
51583,Ġregatta,10,0
51584,Ġshowgirls,10,0
51586,Ġinvoking,10,0
51587,Ġgroupings,10,0
51588,Ġpresumes,10,0
51590,ellan,10,0
51592,Ġsuppressing,10,0
51595,Ġ310,10,0
51596,ĠBranc,10,0
51599,Ġskimmed,10,0
51600,Ġcentimeter,10,0
51601,Ġdecayed,10,0
51602,Ġdeciduous,10,0
51605,Ġstrayed,10,0
51608,Ġglib,10,0
51609,Ġswathed,10,0
51610,Ġswitches,10,0
51611,Ġendlessly,10,0
51612,Ġendowment,10,0
51613,Ġreticence,10,0
51617,azione,10,0
51618,Ġhouseboats,10,0
51619,Ġhousewives,10,0
51620,Ġprovidence,10,0
51621,Ġsubjug,10,0
51622,Ġinstigated,10,0
51625,ĠAndes,10,0
51626,ĠArag,10,0
51627,ĠAransas,10,0
51628,Ġrestitution,10,0
51629,Ġrestarted,10,0
51631,Ġdroning,10,0
51634,ĠLeela,10,0
51635,ĠLearned,10,0
51637,ĠMarcy,10,0
51638,ĠMarathas,10,0
51640,Ġ1810,10,0
51646,Ġinteracts,10,0
51648,ĠOnward,10,0
51649,Ġuntimely,10,0
51650,Ġnumbing,10,0
51651,shod,10,0
51652,shopping,10,0
51653,Ġroomy,10,0
51655,ĠSho,10,0
51656,ĠShit,10,0
51657,ĠShri,10,0
51658,ĠShary,10,0
51661,Ġrealms,10,0
51662,Ġwatchdog,10,0
51663,ĠAmericana,10,0
51666,Ġcurate,10,0
51667,Ġcurator,10,0
51672,ĠReham,10,0
51673,ĠReleased,10,0
51675,existing,10,0
51678,Ġ490,10,0
51679,inspection,10,0
51682,Ġsnappy,10,0
51683,Ġcleverest,10,0
51685,ĠIske,10,0
51686,ĠIsla,10,0
51688,boiled,10,0
51691,Ġspecifies,10,0
51692,Ġformulating,10,0
51696,ĠAdige,10,0
51697,ĠAdhelm,10,0
51698,ĠAdele,10,0
51700,italics,10,0
51701,iente,10,0
51702,ombi,10,0
51705,Ġ614,10,0
51707,ĠAlligator,10,0
51708,ĠMissing,10,0
51709,Ġtalkative,10,0
51712,bearers,10,0
51714,Ġaffirmed,10,0
51715,Ġaffirming,10,0
51717,ĠSpar,10,0
51719,ĠDeux,10,0
51720,Ġvaluations,10,0
51721,ĠProzac,10,0
51722,Ġdetaining,10,0
51725,Ġconfiding,10,0
51726,Ġedits,10,0
51727,okan,10,0
51728,ractions,10,0
51730,ĠEdouard,10,0
51733,arno,10,0
51734,Ġpolitic,10,0
51735,Ġlistless,10,0
51737,Ġbroached,10,0
51740,Ġtransverse,10,0
51741,Ġtransplanted,10,0
51744,annies,10,0
51745,Ġmeddled,10,0
51747,Ġ722,10,0
51748,Ġvets,10,0
51749,Ġseconded,10,0
51750,Ġsecondhand,10,0
51752,Ġdemos,10,0
51754,ĠCara,10,0
51757,ĠPrada,10,0
51758,ĠPratz,10,0
51759,ĠManner,10,0
51760,Ġdesignates,10,0
51761,Ġsumi,10,0
51764,Ġcontinu,10,0
51766,ĠConcerning,10,0
51767,Ġloathed,10,0
51768,Ġlozenges,10,0
51770,ĠFlushing,10,0
51771,ĠFlagellation,10,0
51772,ĠFlutie,10,0
51773,ĠFlaubert,10,0
51775,Ġparity,10,0
51776,Ġparrying,10,0
51777,Ġparlance,10,0
51778,Ġprobes,10,0
51779,Ġmindful,10,0
51780,Ġmindset,10,0
51781,Ġbarring,10,0
51783,Ġheartland,10,0
51784,Ġheartbeat,10,0
51785,ĠRepair,10,0
51787,Ġpastels,10,0
51788,Ġcaustic,10,0
51789,Ġstorytelling,10,0
51790,Ġsunsets,10,0
51791,Ġnewsletter,10,0
51792,isoned,10,0
51796,ĠZhou,10,0
51797,ĠQwest,10,0
51798,ĠQuran,10,0
51800,Ġ1718,10,0
51801,Ġ1766,10,0
51802,Ġ1752,10,0
51803,Ġawry,10,0
51804,Ġsaturation,10,0
51805,Ġbeneficent,10,0
51806,Ġbenefactors,10,0
51809,ĠHarmony,10,0
51810,portrait,10,0
51811,Ġvariances,10,0
51815,ĠGram,10,0
51818,ĠPhos,10,0
51819,ĠPhaba,10,0
51821,ĠPlatt,10,0
51822,ĠPlattsburgh,10,0
51823,ĠOrion,10,0
51824,ĠOrne,10,0
51825,ĠOrsay,10,0
51826,190,10,0
51827,1940,10,0
51828,1933,10,0
51829,1943,10,0
51830,1951,10,0
51831,1941,10,0
51832,ĠScope,10,0
51833,ĠHera,10,0
51834,ĠHerr,10,0
51836,ropos,10,0
51839,Ġ1519,10,0
51840,Ġ1517,10,0
51841,Ġ1543,10,0
51843,Ġvoluminous,10,0
51844,ĠBlatter,10,0
51845,ĠBlanche,10,0
51848,ĠSeo,10,0
51850,ĠTrichy,10,0
51852,ĠExpected,10,0
51853,ĠExede,10,0
51855,Ġfiltering,10,0
51856,Ġfiligree,10,0
51857,ĠGuido,10,0
51858,ĠParr,10,0
51859,ĠParos,10,0
51860,ĠParagraph,10,0
51861,ĠParadis,10,0
51862,ĠWorf,10,0
51863,Ġ12988,10,0
51865,Ġ1630,10,0
51866,Ġ1655,10,0
51867,Ġ1682,10,0
51869,ĠBarrio,10,0
51870,Ġmails,10,0
51871,ĠDona,10,0
51872,ĠNationalists,10,0
51873,ĠWillum,10,0
51874,ĠJanata,10,0
51875,Ġstrongman,10,0
51877,Ġbandidos,10,0
51878,Ġportent,10,0
51879,Ġclimatic,10,0
51881,Ġdestabil,10,0
51882,value,10,0
51883,ĠMining,10,0
51884,ĠMiners,10,0
51885,ĠMinaj,10,0
51886,ĠPresley,10,0
51888,ĠTeutonic,10,0
51889,ĠCalv,10,0
51890,ĠCalendar,10,0
51891,Ġabsences,10,0
51892,Ġabsolut,10,0
51893,Ġ.--,10,0
51894,Ġfailings,10,0
51895,Ġsolvent,10,0
51896,Ġsalutes,10,0
51897,ĠSanford,10,0
51900,Ġgrander,10,0
51902,Ġgrandmaster,10,0
51906,Ġhumanities,10,0
51907,Ġstrikers,10,0
51908,Ġshipments,10,0
51910,Ġinflate,10,0
51911,Ġlabouring,10,0
51913,ĠXu,10,0
51916,Ġspeciality,10,0
51918,Ġ1440,10,0
51919,Ġ1480,10,0
51921,Ġdevotes,10,0
51922,ĠPei,10,0
51924,Ġparenting,10,0
51925,ĠPhilistines,10,0
51926,dearest,10,0
51929,Ġsubjecting,10,0
51930,Ġjudicious,10,0
51931,psych,10,0
51932,PAL,10,0
51933,ĠNorthumberland,10,0
51934,Ġ1320,10,0
51935,Ġillogical,10,0
51936,Ġwrongful,10,0
51938,Ġpooled,10,0
51939,Ġcourtrooms,10,0
51941,Ġencore,10,0
51942,ĠSwallows,10,0
51943,Ġtypographical,10,0
51944,Ġenvoy,10,0
51947,ĠAustro,10,0
51949,ĠMoniz,10,0
51950,ĠLawler,10,0
51951,ĠFinances,10,0
51953,arranged,10,0
51955,ĠWellstone,10,0
51958,ĠResurrection,10,0
51959,ĠCapra,10,0
51960,ĠCapitan,10,0
51961,Ġ304,10,0
51962,Ġnatures,10,0
51963,Ġnettles,10,0
51964,Ġweathers,10,0
51966,ĠFederalist,10,0
51967,Ġmultilingual,10,0
51969,Ġmultisite,10,0
51971,Ġgenteel,10,0
51972,Ġbesought,10,0
51973,Ġkidneys,10,0
51974,ĠRedemption,10,0
51976,ĠTurtmann,10,0
51978,Ġmassed,10,0
51979,Ġmassif,10,0
51980,Ġcampaigner,10,0
51981,ĠQuai,10,0
51982,ĠQuixote,10,0
51985,Ġstructuring,10,0
51986,hela,10,0
51987,ĠSmithers,10,0
51988,ĠDrag,10,0
51991,Ġstarlings,10,0
51992,Ġpeaceable,10,0
51993,Ġpeaceably,10,0
51994,walkers,10,0
51996,Ġmisgiving,10,0
51997,Ġmisrepresented,10,0
51998,Ġmisplaced,10,0
52000,Ġregulars,10,0
52003,ĠBillions,10,0
52005,Ġzest,10,0
52006,Ġzoning,10,0
52009,ĠAgony,10,0
52011,ĠSerhiy,10,0
52012,ĠSerrado,10,0
52018,ĠMadhya,10,0
52020,ĠAcceler,10,0
52021,Ġcontraction,10,0
52022,Ġhyar,10,0
52023,Ġhyped,10,0
52024,Ġthrashed,10,0
52025,"....""",10,0
52027,ĠValery,10,0
52028,ĠValera,10,0
52029,ĠValeria,10,0
52030,ĠRegistration,10,0
52031,Ġconversational,10,0
52032,Ġignited,10,0
52033,Ġbenchmarks,10,0
52035,Ġindividualist,10,0
52036,Ġindividuality,10,0
52037,Heaven,10,0
52039,Ġdespicable,10,0
52042,Ġsirrah,10,0
52043,Ġrapist,10,0
52046,Ġjealously,10,0
52047,Ġepics,10,0
52048,ĠRosie,10,0
52049,Ġtendered,10,0
52052,ĠSchl,10,0
52056,ĠMoree,10,0
52057,Ġscarab,10,0
52058,Ġcollies,10,0
52059,Ġcollateral,10,0
52060,ĠGoodenough,10,0
52061,Ġdisposing,10,0
52062,Ġpredation,10,0
52063,Ġassesses,10,0
52064,102,10,0
52067,ĠLoch,10,0
52068,Ġuncomp,10,0
52069,Ġtrodden,10,0
52071,Ġspringy,10,0
52072,ĠGovernmentwide,10,0
52073,Ġurgently,10,0
52075,ĠBroker,10,0
52076,Ġ241,10,0
52079,Ġconsumes,10,0
52080,Ġsculptured,10,0
52081,ĠDanner,10,0
52083,Ġundulator,10,0
52086,ĠFranciosa,10,0
52087,Ġpollsters,10,0
52089,Thunder,10,0
52090,ĠMidhurst,10,0
52091,ĠMidosuji,10,0
52094,Ġlegislator,10,0
52095,ĠSuazo,10,0
52097,Ġfirmness,10,0
52099,184,10,0
52100,Ġforgettable,10,0
52101,Ġpersists,10,0
52103,Ġgarnered,10,0
52105,ISON,10,0
52107,Ġlitters,10,0
52109,ĠMilken,10,0
52110,ĠMilhouse,10,0
52111,ĠBelief,10,0
52113,Ġopinionated,10,0
52114,127,10,0
52116,ĠMontel,10,0
52117,ĠSimons,10,0
52118,ĠSimla,10,0
52119,ĠSimbel,10,0
52120,worthiness,10,0
52121,proper,10,0
52124,Ġboundless,10,0
52126,ĠSalute,10,0
52129,Ġprintout,10,0
52131,ĠContents,10,0
52133,ĠSumner,10,0
52134,Ġcontraband,10,0
52136,Ġtouchy,10,0
52137,Ġ286,10,0
52138,ĠAlfa,10,0
52139,ĠAlfama,10,0
52140,Ġcircumvent,10,0
52141,Ġfitful,10,0
52142,Ġworsted,10,0
52143,Ġreactive,10,0
52145,Ġdebacle,10,0
52146,ĠArtaud,10,0
52147,oress,10,0
52148,Ġvacancy,10,0
52149,Ġdropship,10,0
52150,Ġvegetarians,10,0
52152,Ġembassadors,10,0
52154,ĠLucifer,10,0
52156,Str,10,0
52157,Statement,10,0
52158,Ġticked,10,0
52159,Ġjoyously,10,0
52161,Ġsprinting,10,0
52162,Ġbirdie,10,0
52163,ĠUndertaker,10,0
52164,Ġfoolhardy,10,0
52166,Ġfunctioned,10,0
52167,Ġfunctionality,10,0
52168,ĠSkau,10,0
52169,Ġunfettered,10,0
52170,Ġcommercialized,10,0
52172,ĠSpec,10,0
52173,ĠColleen,10,0
52174,Ġbatik,10,0
52175,ĠTownhouse,10,0
52176,Ġtextual,10,0
52177,Ġfrightens,10,0
52179,ĠConsol,10,0
52180,Ġsummarily,10,0
52183,Ġtomboy,10,0
52185,Ġconcertos,10,0
52187,Ġappreciatively,10,0
52188,Ġironclad,10,0
52189,ĠApes,10,0
52190,166,10,0
52192,ĠAnywhere,10,0
52193,ĠMagritte,10,0
52196,ĠCurse,10,0
52197,Ġpoetical,10,0
52198,Ġobservance,10,0
52199,Ġmutineers,10,0
52201,ĠMetz,10,0
52204,ĠModigliani,10,0
52205,Ġderision,10,0
52206,ĠSununu,10,0
52207,ĠTreasures,10,0
52208,ĠCorcelles,10,0
52210,Ġconflicted,10,0
52211,Ġinterpolation,10,0
52212,ĠVictorians,10,0
52215,Ġimplore,10,0
52217,Ġhideout,10,0
52221,Ġfatality,10,0
52222,ĠEstoril,10,0
52225,ĠCamacho,10,0
52226,ĠRevision,10,0
52227,handkerchief,10,0
52229,ĠVisayas,10,0
52232,ĠSubdivision,10,0
52233,ĠSubmarine,10,0
52234,Ġporous,10,0
52235,Ġcopypaste,10,0
52238,ĠSurprise,10,0
52239,ĠSurveys,10,0
52240,Ġprotestors,10,0
52241,Ġpillaged,10,0
52243,Ġinhabiting,10,0
52244,Ġblindness,10,0
52245,impaired,10,0
52246,ĠOklahomans,10,0
52248,ĠMaX,10,0
52249,ĠMaastricht,10,0
52251,clockwise,10,0
52252,Ġenvironmentalism,10,0
52253,ĠCatarina,10,0
52254,Ġdissident,10,0
52255,Ġaimless,10,0
52256,ĠIncorporated,10,0
52258,Ġsubsistence,10,0
52260,Ġexplanatory,10,0
52261,ĠBonham,10,0
52262,ĠSultanahmet,10,0
52263,228,10,0
52265,Ġcliffside,10,0
52266,Ġacidification,10,0
52267,ĠErving,10,0
52268,ĠErwin,10,0
52269,Ġventil,10,0
52270,ĠArchipelago,10,0
52271,ĠArchibald,10,0
52272,ĠFeather,10,0
52273,ĠDivide,10,0
52274,ĠPlayed,10,0
52275,ĠTriv,10,0
52276,ĠTrials,10,0
52277,ĠTrips,10,0
52278,ĠSilent,10,0
52279,ĠSilwan,10,0
52280,Ġimpervious,10,0
52283,Ġconverging,10,0
52284,Ġconvergence,10,0
52285,ĠTopics,10,0
52286,ĠOsama,10,0
52288,ĠMalaysians,10,0
52290,Ġmarkedly,10,0
52292,Ġinstantaneous,10,0
52293,Ġsymbolizing,10,0
52294,ĠEspa,10,0
52295,Ġtravertine,10,0
52296,ĠConfidential,10,0
52297,ĠOrienteering,10,0
52298,Ġcroaked,10,0
52299,Ġromances,10,0
52300,ĠStanis,10,0
52301,Ġetcetera,10,0
52302,ĠSupposedly,10,0
52303,ĠGallipoli,10,0
52304,ĠHayward,10,0
52305,Ġpitiless,10,0
52306,ĠHaunted,10,0
52307,ĠJosephus,10,0
52308,ĠMahayana,10,0
52309,ĠMahavira,10,0
52310,Ġurbanization,10,0
52313,Ġjerks,10,0
52314,ĠListening,10,0
52316,ĠCEMS,10,0
52317,ĠHorowitz,10,0
52318,ĠAttacks,10,0
52319,Ġqueerly,10,0
52320,Ġsaltwater,10,0
52321,Ġsanity,10,0
52322,ĠAvgeropoulos,10,0
52323,Aloud,10,0
52324,ĠHumanities,10,0
52325,ĠPuccini,10,0
52327,ĠCynics,10,0
52328,ĠFormal,10,0
52330,ĠKnicks,10,0
52331,ĠFerber,10,0
52333,Ġreconno,10,0
52334,Mayenne,10,0
52336,Ġfingerprints,10,0
52338,Ġhypostyle,10,0
52341,ĠBesan,10,0
52342,ĠDewa,10,0
52343,Ġunpacking,10,0
52344,Ġunpunished,10,0
52345,ĠVolumes,10,0
52347,Animal,10,0
52349,ĠLesley,10,0
52350,ĠRemington,10,0
52351,ĠDenison,10,0
52352,ĠDenham,10,0
52353,ĠGalen,10,0
52355,ĠElias,10,0
52356,Ġforbearance,10,0
52357,ĠLuw,10,0
52358,ĠHarrisburg,10,0
52359,ĠRevolutionaries,10,0
52360,Ġnitrite,10,0
52361,Ġidealist,10,0
52362,Ġidealists,10,0
52364,ĠHonduran,10,0
52365,Ġ352,10,0
52366,Ġreadership,10,0
52367,ĠPassword,10,0
52368,ĠObvious,10,0
52369,ĠRetention,10,0
52370,ĠJefferys,10,0
52371,ĠElections,10,0
52372,ĠInsane,10,0
52373,ĠInsurers,10,0
52374,ĠUtrecht,10,0
52375,ĠAlfredo,10,0
52376,357,10,0
52378,Ġenforceable,10,0
52379,ĠAngers,10,0
52382,ĠAngola,10,0
52383,ĠBalancing,10,0
52384,ĠBallets,10,0
52385,ĠKathryn,10,0
52386,Ġmythological,10,0
52387,Ġsinner,10,0
52388,Ġsinuous,10,0
52389,Ġsneaky,10,0
52390,ĠMasch,10,0
52391,ĠMasaccio,10,0
52392,carved,10,0
52394,ĠArgentinian,10,0
52396,ĠNepalis,10,0
52397,ĠMiracles,10,0
52399,Ġsimplifying,10,0
52401,Ġrepairman,10,0
52402,Ġreinstated,10,0
52403,Ġconstitutions,10,0
52404,Ġborrowers,10,0
52405,Ġpiston,10,0
52406,Ġenormity,10,0
52407,Ġoverseen,10,0
52411,ĠRubidium,10,0
52413,Should,10,0
52414,Shima,10,0
52415,ĠMandela,10,0
52416,Ġcharting,10,0
52417,Ġsympathizers,10,0
52418,Ġdrunkards,10,0
52419,Ġresearches,10,0
52420,ĠOperators,10,0
52421,Ġbubbled,10,0
52422,Ġstiffen,10,0
52423,Ġstiffness,10,0
52424,999,10,0
52425,ĠTenji,10,0
52428,ĠKosher,10,0
52429,Ġridicule,10,0
52430,Ġsustenance,10,0
52433,ĠFirestar,10,0
52434,ĠDetailed,10,0
52435,ĠCopa,10,0
52436,Ġshamefully,10,0
52437,ĠOlga,10,0
52438,ĠOlimbos,10,0
52439,Ġ331,10,0
52440,Ġincidental,10,0
52441,ĠHuntsville,10,0
52442,Ġprosecuting,10,0
52447,special,10,0
52448,Ġrotate,10,0
52449,Ġsighs,10,0
52450,ĠRenew,10,0
52451,Ġconfessor,10,0
52453,ĠJacobites,10,0
52454,ĠTavern,10,0
52455,ĠTaiping,10,0
52456,ĠTaormina,10,0
52457,ĠBucharest,10,0
52458,Whoever,10,0
52460,Ġauntie,10,0
52461,Ġnaughtiness,10,0
52463,Ġkeenest,10,0
52464,Ġcorresponded,10,0
52465,Ġtoxicology,10,0
52466,ĠAmbrose,10,0
52467,ĠLowndes,10,0
52470,Ġinexorably,10,0
52471,Ġtransitioned,10,0
52473,Ġwarders,10,0
52474,ĠCruises,10,0
52475,Ġcompounding,10,0
52476,ĠPowerful,10,0
52477,ĠDecatur,10,0
52478,Ġinduces,10,0
52479,ĠIdiots,10,0
52480,ĠVargas,10,0
52481,ĠVaradero,10,0
52483,ĠBallard,10,0
52484,Ġchronicled,10,0
52487,ĠAleinikoff,10,0
52488,ĠRossa,10,0
52489,ĠRossi,10,0
52490,ĠEmployer,10,0
52491,Ġgainsay,10,0
52493,Ġbattleships,10,0
52494,ĠMercato,10,0
52496,ĠGuardia,10,0
52498,Ġdumbfounded,10,0
52499,ĠCroesus,10,0
52500,Justice,10,0
52502,Seine,10,0
52503,ĠLimoges,10,0
52504,ĠRhys,10,0
52507,ĠFelicia,10,0
52508,Lei,10,0
52509,ĠBrandy,10,0
52510,ĠArmory,10,0
52514,ĠDevaney,10,0
52515,Ġrebellions,10,0
52518,Government,10,0
52519,ĠRaines,10,0
52520,Ġcollaborations,10,0
52521,Ġcollaborating,10,0
52523,ĠRealizing,10,0
52528,posted,10,0
52529,Ġdivergent,10,0
52530,ĠNavarre,10,0
52534,Ġsubtracted,10,0
52535,UNE,10,0
52536,ĠFriendly,10,0
52537,Ġwaistcoat,10,0
52540,Ġproclaims,10,0
52541,Ġmarveled,10,0
52542,Ġhomelessness,10,0
52543,riminatory,10,0
52544,ĠKipling,10,0
52545,Ġastronomers,10,0
52546,Ġsupervising,10,0
52547,Whole,10,0
52548,Ġpatronizing,10,0
52549,Ġ1204,10,0
52550,ĠBandar,10,0
52552,Ġintruded,10,0
52553,Ġconsolidating,10,0
52554,ĠSherlock,10,0
52556,Ġexempts,10,0
52557,591,10,0
52558,593,10,0
52560,Ġbewitched,10,0
52561,Ġfeasting,10,0
52564,ĠHistorique,10,0
52565,Ġaggregating,10,0
52566,personal,10,0
52567,Ġunimpeded,10,0
52568,ĠChinon,10,0
52569,ĠChinook,10,0
52570,ĠTobias,10,0
52571,ĠHankyu,10,0
52572,ĠDominica,10,0
52574,Ġindulgent,10,0
52575,Ġinfrastructures,10,0
52576,ĠLinz,10,0
52578,Ġprecipitate,10,0
52579,Ġprecipitous,10,0
52581,ĠMessage,10,0
52583,Ġexplosions,10,0
52584,ĠBrignoles,10,0
52585,ĠCortez,10,0
52589,ĠAmazons,10,0
52590,ĠNaturalistic,10,0
52591,ĠRicord,10,0
52592,ĠForestry,10,0
52594,ĠRatcliffe,10,0
52595,ĠRatzenberger,10,0
52596,Ġ1702,10,0
52598,ĠBolton,10,0
52599,Ġswingset,10,0
52600,ĠPentium,10,0
52601,Blood,10,0
52603,Ġstimul,10,0
52604,Ġfrankness,10,0
52606,ĠMarsden,10,0
52607,Ġberths,10,0
52609,Ġrecluse,10,0
52610,Ġreclamation,10,0
52611,ĠExtension,10,0
52612,Ġpreliminaries,10,0
52613,589,10,0
52614,ĠPyre,10,0
52615,ĠPython,10,0
52618,ĠDiners,10,0
52619,ĠDinard,10,0
52620,Ġavenged,10,0
52621,Ġavenging,10,0
52622,Ġreorganize,10,0
52623,ĠObservation,10,0
52626,Ġlasers,10,0
52627,ĠPriorities,10,0
52628,Ġreunification,10,0
52629,Ġringside,10,0
52630,Ġneutrality,10,0
52631,Ġneutralize,10,0
52632,ĠPleistocene,10,0
52634,ĠRudman,10,0
52637,Ġsustainability,10,0
52640,ĠPearse,10,0
52641,ĠHellois,10,0
52644,Ġsurveillance,10,0
52645,ĠCandida,10,0
52647,Ġforecastle,10,0
52650,ĠDudamel,10,0
52651,ĠRivoli,10,0
52652,Ġupgrading,10,0
52653,ĠVicar,10,0
52654,Ġextracting,10,0
52655,Ġextraction,10,0
52656,recogn,10,0
52657,Ġexaggerating,10,0
52658,Ġilluminations,10,0
52659,Ġcircuitry,10,0
52660,Ġhawthorn,10,0
52663,Ġskeptics,10,0
52664,ĠBowie,10,0
52665,Ġvillainy,10,0
52666,ĠPurpose,10,0
52667,ĠGoten,10,0
52669,Ġduplicated,10,0
52670,ĠSoftly,10,0
52672,Ġsturdily,10,0
52673,Ġtrifles,10,0
52674,divisions,10,0
52678,Ġperpetuated,10,0
52679,ĠAltogether,10,0
52680,Ġverbally,10,0
52681,Ġrecruiters,10,0
52682,goods,10,0
52683,ĠFortunes,10,0
52684,Ġconsecration,10,0
52685,ĠRacism,10,0
52686,Ġhypertext,10,0
52687,ĠCircumstances,10,0
52689,ĠMoment,10,0
52690,ĠNakamura,10,0
52691,ĠKumari,10,0
52692,Ġbarbarous,10,0
52693,Ġtumors,10,0
52696,Ġsourcing,10,0
52697,ĠSahiba,10,0
52698,Ġextremists,10,0
52699,Ġhench,10,0
52700,Ġabandonment,10,0
52701,Ġaveraging,10,0
52702,ĠCraven,10,0
52703,ĠHalevy,10,0
52705,ĠMolotov,10,0
52706,ĠBotanico,10,0
52707,Ġardour,10,0
52708,ĠCommandant,10,0
52709,Ġpuppeteer,10,0
52713,ĠAllowing,10,0
52714,ĠRotunda,10,0
52715,Ġconvincingly,10,0
52716,operating,10,0
52717,Ġcoaxingly,10,0
52718,ĠAbbaye,10,0
52719,Ġmarshal,10,0
52720,ĠDolorose,10,0
52721,Ġflavoured,10,0
52722,Ġrefrigerants,10,0
52723,Ġcorrelations,10,0
52725,Ġparasitic,10,0
52726,ĠSorrento,10,0
52733,Ġdisappointments,10,0
52734,precious,10,0
52737,Ġquartile,10,0
52738,ĠShaikh,10,0
52739,Ġcatalogue,10,0
52740,ĠQuintana,10,0
52741,Ġmonothe,10,0
52742,eighth,10,0
52743,ĠViewers,10,0
52746,Ġcavalier,10,0
52748,Ġalrighty,10,0
52749,ĠCinderellas,10,0
52751,Ġappraised,10,0
52753,Ġlinguist,10,0
52755,ĠLeno,10,0
52756,Ġpopulists,10,0
52758,ĠSpiritual,10,0
52759,ĠMinds,10,0
52760,ĠLockhart,10,0
52761,ĠQuantum,10,0
52762,Adapted,10,0
52764,Ġscamper,10,0
52765,Ġcleansing,10,0
52766,Ġperplexing,10,0
52768,ĠSzarzy,10,0
52769,Ġanteced,10,0
52771,ĠSteely,10,0
52772,Everyone,10,0
52773,Everybody,10,0
52774,Ġtradespeople,10,0
52777,Ġfertilized,10,0
52778,Ġtavernas,10,0
52779,ĠIncreasingly,10,0
52780,Harper,10,0
52781,Ġhierarch,10,0
52783,ĠMasterson,10,0
52784,Ġheedless,10,0
52785,Ġplundering,10,0
52786,Ġspurts,10,0
52787,Anyhow,10,0
52789,ĠLombard,10,0
52790,ĠJuris,10,0
52791,ĠViejo,10,0
52792,Ġinsertion,10,0
52794,CHAPTER,10,0
52795,Ġpelting,10,0
52796,ĠSindre,10,0
52798,ĠGorges,10,0
52799,ĠGiulia,10,0
52800,ĠBriefing,10,0
52802,Ġsaddest,10,0
52803,ĠTrujillo,10,0
52804,Ġlumbering,10,0
52808,ĠPrisoner,10,0
52809,Ġmultiplying,10,0
52810,Ġphilosophies,10,0
52811,ĠSugarcane,10,0
52812,ĠGretna,10,0
52813,Ġpartitioned,10,0
52814,Ġmetaphorically,10,0
52815,Ġeloquently,10,0
52816,Ġimperfectly,10,0
52817,Ġimperfections,10,0
52818,Ġreinforces,10,0
52819,Ġhulls,10,0
52820,Ġnucleic,10,0
52821,ĠMatsuri,10,0
52822,Ġschematic,10,0
52823,Ġtrivia,10,0
52824,Ġencompassing,10,0
52825,ĠPartnerships,10,0
52826,builder,10,0
52827,Greatest,10,0
52829,Ġpallor,10,0
52830,ĠHoneydew,10,0
52831,ĠBabylonians,10,0
52833,ĠPandey,10,0
52834,Ġskilfully,10,0
52835,Ġinsurmountable,10,0
52836,Ġembodiment,10,0
52837,ĠHubble,10,0
52838,ĠGustavia,10,0
52840,Ġmeteorological,10,0
52841,Ġparadigm,10,0
52842,Ġinterpreters,10,0
52843,Edna,10,0
52844,Ġinhale,10,0
52845,Ġinhaled,10,0
52846,ĠLutheran,10,0
52848,Ġevacuate,10,0
52849,ĠObservations,10,0
52851,ĠMikasuki,10,0
52853,ĠKoko,10,0
52855,Ġdismantle,10,0
52856,Ġtransepts,10,0
52857,somethingth,10,0
52858,Brown,10,0
52859,ĠSeychelles,10,0
52860,ĠEuler,10,0
52862,Ġcapacitor,10,0
52863,Ġcapacitance,10,0
52864,ĠColumns,10,0
52865,Ġsubscriber,10,0
52867,Ġpianos,10,0
52869,ĠBattista,10,0
52870,Ġacrosea,10,0
52871,ĠReadiness,10,0
52872,ĠGrasshopper,10,0
52873,ĠSlovenian,10,0
52874,Ġmelodrama,10,0
52875,Ġpioneering,10,0
52876,ĠBoog,10,0
52877,ĠEtruscans,10,0
52878,ĠYakuts,10,0
52879,ĠTextile,10,0
52882,Ġtoppling,10,0
52883,Ġlattices,10,0
52884,ĠKrauthammer,10,0
52888,ĠPerez,10,0
52889,Ġadversaries,10,0
52890,Ġdisconcerting,10,0
52891,Ġstabilized,10,0
52892,Ġnudist,10,0
52894,Ġhaggling,10,0
52895,ĠDaley,10,0
52896,ĠNipponbashi,10,0
52897,Ġconformity,10,0
52898,ĠVittoria,10,0
52899,Ġtetanus,10,0
52900,Ġwizened,10,0
52901,ĠSulawesi,10,0
52902,ĠCAPTAIN,10,0
52903,Ġinterrogation,10,0
52904,Ġburglars,10,0
52905,Ġrehearsing,10,0
52906,Ġrehearsals,10,0
52907,Ġreceptacles,10,0
52909,Ġbrokerage,10,0
52910,ĠMuhammadanism,10,0
52911,Deco,10,0
52912,ĠWakayama,10,0
52913,ĠGolmaal,10,0
52914,Ġreddened,10,0
52915,ĠRequiring,10,0
52916,Ġfathoms,10,0
52917,Ġpeev,10,0
52918,Ġdsha,10,0
52919,ĠCiut,10,0
52922,Ġapostasy,10,0
52923,ĠSmokey,10,0
52924,Ġcolonnades,10,0
52925,Ġbogus,10,0
52927,Ġgastronomy,10,0
52928,Ġchagrined,10,0
52929,ĠNebula,10,0
52932,Ġuninspiring,10,0
52933,Ġradiotelephone,10,0
52934,Mexico,10,0
52935,Semite,10,0
52936,Semitic,10,0
52937,political,10,0
52938,ĠSensitivity,10,0
52939,ĠSmythe,10,0
52941,ĠMarlborough,10,0
52942,Ġvideotapes,10,0
52943,Ġcollapses,10,0
52945,Ġpessimism,10,0
52947,ĠGiancarlo,10,0
52949,ĠAnastasia,10,0
52950,Ġturbulence,10,0
52951,Century,10,0
52952,Ġstolidly,10,0
52953,Ġvivacious,10,0
52954,Ġoverruns,10,0
52955,ĠVanceboro,10,0
52957,Ġsolicitations,10,0
52958,Ġsuffixes,10,0
52959,Ġquarrelled,10,0
52960,Ġpaternity,10,0
52961,ĠPixie,10,0
52962,Ġromanized,10,0
52963,Ġchastised,10,0
52965,ĠGuidance,10,0
52966,Ġundisguised,10,0
52967,html,10,0
52968,Ġfiends,10,0
52969,Ġfungi,10,0
52970,ĠIdeally,10,0
52971,ĠCavalier,10,0
52972,ĠMeadows,10,0
52973,ĠInfluence,10,0
52974,ĠAssyrians,10,0
52976,straight,10,0
52977,Ġuncovering,10,0
52978,ĠWeinsteins,10,0
52979,ĠSeleymaniye,10,0
52980,Ġsafeguarding,10,0
52981,Ġverandas,10,0
52982,Chapelle,10,0
52983,Ġunmistakably,10,0
52984,Second,10,0
52985,discrimination,10,0
52986,advertising,10,0
52987,ĠPurchasing,10,0
52989,shouldered,10,0
52990,sergeant,10,0
52992,ĠIGN,10,0
52993,ĠHustler,10,0
52994,Ġplastered,10,0
52995,ĠVouziers,10,0
52996,ĠCzechoslovak,10,0
52997,ĠCadillacs,10,0
52999,ĠMoldovan,10,0
53000,ĠBairnsdale,10,0
53001,ĠNovel,10,0
53002,ĠLanier,10,0
53003,ĠGinza,10,0
53004,ĠKwakpa,10,0
53006,Ġdemoralized,10,0
53007,ĠMobilians,10,0
53008,ĠRecommendation,10,0
53010,ĠMarecchia,10,0
53011,Ġanatomy,10,0
53012,ĠHosie,10,0
53013,ĠPecina,10,0
53014,Ġserenade,10,0
53015,Ġicebergs,10,0
53016,ĠDownsizing,10,0
53017,Ġwriggle,10,0
53018,Ġoughter,10,0
53019,Ġduchess,10,0
53020,ĠSplit,10,0
53021,ĠBungie,10,0
53022,Ġbuoyancy,10,0
53023,Ġevaporated,10,0
53025,Ġwondrously,10,0
53026,ĠSegura,10,0
53027,ĠTemperance,10,0
53028,Ġsynthesized,10,0
53029,ĠTCQ,10,0
53030,Ġeateries,10,0
53031,Ġacroseto,10,0
53032,Ġretrospect,10,0
53033,Ġpharaohs,10,0
53034,Ġenvisioned,10,0
53035,ĠSkinner,10,0
53036,ĠTornado,10,0
53037,ĠTennyson,10,0
53039,Ġdisqualifications,10,0
53042,Ġmiraculously,10,0
53043,ĠKristensen,10,0
53044,ĠMamelukes,10,0
53045,Lucy,10,0
53046,Ġnooks,10,0
53048,Ġchieftains,10,0
53049,Ġprodigal,10,0
53050,ĠElders,10,0
53051,Ġdeportation,10,0
53052,ĠMechanical,10,0
53053,Ġeradicate,10,0
53054,Ġcontraceptives,10,0
53055,ĠMauryan,10,0
53056,ĠACCOUNT,10,0
53057,Romagna,10,0
53058,Ġpikemen,10,0
53059,ĠMolecular,10,0
53061,ĠLauterpacht,10,0
53062,ĠGavin,10,0
53063,Ġtransgression,10,0
53064,ĠNeuilly,10,0
53066,ĠOpinions,10,0
53067,ĠInnocent,10,0
53069,campus,10,0
53070,possession,10,0
53071,Ġpiteous,10,0
53072,ĠAuxon,10,0
53073,ĠEurasia,10,0
53074,ĠOjeda,10,0
53077,Ġinsinuating,10,0
53078,ĠCaracalla,10,0
53079,ĠToxicity,10,0
53081,Ġapocalypse,10,0
53082,Champvent,10,0
53083,Ġinexplicably,10,0
53084,ĠOccupation,10,0
53085,Ġchimpanzees,10,0
53086,Irish,10,0
53087,ĠMentadent,10,0
53088,ĠGautam,10,0
53089,ĠGautama,10,0
53091,Ġtruest,10,0
53092,Ġimpotence,10,0
53093,ĠShulevitz,10,0
53094,Ġburrowed,10,0
53095,Ġpalisade,10,0
53096,Ġdroplet,10,0
53097,Ġirradiation,10,0
53098,Stephen,10,0
53099,Confederate,10,0
53101,ĠSengakuji,10,0
53102,ĠPushkin,10,0
53103,ĠPursuant,10,0
53104,ĠPettigrew,10,0
53106,Ġchivalry,10,0
53107,ĠRinnoji,10,0
53108,ĠRhineland,10,0
53110,Ġintensified,10,0
53111,Ġenzyme,10,0
53112,ĠFranaaise,10,0
53113,ĠIsidro,10,0
53114,ĠPhilipsburg,10,0
53115,Ġamphibian,10,0
53117,Ġdaintily,10,0
53119,ĠLupin,10,0
53120,ĠRCED,10,0
53121,Ġskirmishes,10,0
53122,Ġforeboding,10,0
53123,ĠExpenditures,10,0
53124,Ġescapade,10,0
53125,Israeli,10,0
53126,ĠHorizon,10,0
53127,Ġepitomizes,10,0
53128,ĠREPORTING,10,0
53129,Kawasaki,10,0
53130,Ġoligarchs,10,0
53131,ĠBoutros,10,0
53132,ĠHashimoto,10,0
53133,Ġkibbutz,10,0
53134,ĠFossils,10,0
53135,ĠFeeding,10,0
53136,ĠProdigy,10,0
53137,Ġtransistors,10,0
53138,Ġengulfed,10,0
53139,Ġderailment,10,0
53140,Ġmetaphysical,10,0
53141,ĠMascot,10,0
53143,Ġkernels,10,0
53145,Ġexonerated,10,0
53146,ĠEFFLUENT,10,0
53147,ĠKishida,10,0
53151,ĠAtkinson,10,0
53152,ĠSeventeen,10,0
53153,ĠSupervisors,10,0
53154,Ġrummaging,10,0
53155,Ġquadrangle,10,0
53156,ĠNikolai,10,0
53157,Ġintolerance,10,0
53158,ĠINDIANS,10,0
53159,Hawkins,10,0
53161,authored,10,0
53162,smoking,10,0
53163,Ġbawled,10,0
53164,ĠAuthors,10,0
53165,ĠHousenlager,10,0
53166,ĠHussain,10,0
53167,ĠEarnhardt,10,0
53168,Ġclambering,10,0
53169,ĠKickapoo,10,0
53170,ĠBayogoulas,10,0
53171,ĠEstablishment,10,0
53172,generally,10,0
53173,ĠKarpov,10,0
53175,highest,10,0
53176,hungry,10,0
53178,ĠPuducherry,10,0
53179,Ġconnoisseur,10,0
53180,ĠRansome,10,0
53181,ĠKanchipuram,10,0
53183,Ġadjunct,10,0
53185,Ġdrudgery,10,0
53186,Ġdrizzling,10,0
53187,Heartbeat,10,0
53188,ĠDirecPC,10,0
53190,ĠEditorialists,10,0
53191,Ġostracized,10,0
53192,GPRA,10,0
53195,grossing,10,0
53196,Ġfulness,10,0
53198,Ġstokehold,10,0
53199,Ġwhittled,10,0
53200,ĠLuhansk,10,0
53201,ĠJasie,10,0
53202,Ġenamored,10,0
53203,ĠAnasazi,10,0
53204,Ġinterstellar,10,0
53205,ĠPalatine,10,0
53206,ĠSchuylkill,10,0
53207,Ġsocioeconomic,10,0
53208,Ġaltruistic,10,0
53210,ĠProposals,10,0
53211,Columbian,10,0
53212,ĠConcepci,10,0
53213,Ġwaltz,10,0
53214,Ġgopuram,10,0
53215,ĠAtherton,10,0
53217,ĠBienville,10,0
53218,ĠGampel,10,0
53219,ĠHexham,10,0
53220,ĠInnsbruck,10,0
53221,Ġunproven,10,0
53224,Ġexponentially,10,0
53225,ĠScuderia,10,0
53226,ĠControversy,10,0
53227,Ġsoutherly,10,0
53228,Communist,10,0
53229,ĠJeremiah,10,0
53230,Ġunceasingly,10,0
53231,Ġblasphemy,10,0
53232,ĠTERRIBLE,10,0
53234,influenced,10,0
53235,Ġointment,10,0
53236,Ġandroids,10,0
53237,ĠMazarin,10,0
53238,ĠHochschild,10,0
53239,ĠPensacola,10,0
53240,ĠStauffenberg,10,0
53241,ĠBenetton,10,0
53242,Ġsensitivities,10,0
53244,ĠSamothrakia,10,0
53245,ĠHeliport,10,0
53246,Ġgalleons,10,0
53247,ĠTimberlake,10,0
53248,ĠGauntlets,10,0
53249,ĠCinematography,10,0
53250,Gazette,10,0
53251,Gloria,10,0
53252,Ġbicameral,10,0
53253,Ġbernouse,10,0
53254,ĠAetna,10,0
53255,ĠCzesiek,10,0
53256,ĠHossain,10,0
53257,ĠGdansk,10,0
53258,Ġcompendium,10,0
53260,Ġdioramas,10,0
53262,Ġunrelenting,10,0
53263,Ġguesthouse,10,0
53265,Ġsupercilious,10,0
53266,ĠPalembang,10,0
53268,ĠSilvio,10,0
53269,Ġrejoicings,10,0
53270,Ġirreparable,10,0
53273,Ġfissures,10,0
53274,Ġpectoral,10,0
53275,Ġdopamine,10,0
53276,ĠBakhshali,10,0
53277,ĠHennig,10,0
53278,ĠHaddonfield,10,0
53279,Ġselves,10,0
53281,ĠKondracke,10,0
53282,ĠKrikke,10,0
53283,ĠVogt,10,0
53284,ĠVervins,10,0
53285,Ġsubcommittees,10,0
53286,ĠPrzekosniak,10,0
53287,Ġparalysed,10,0
53288,ĠGrunwald,10,0
53289,ĠGARDEN,10,0
53290,ĠDemerara,10,0
53291,ĠArendt,10,0
53292,ĠTemmangu,10,0
53294,ĠArtifacts,10,0
53295,ĠKrueger,10,0
53296,ĠLiemers,10,0
53297,ĠUNEXPECTED,10,0
53298,ĠOjibwe,10,0
53299,Ġmolluscs,10,0
53300,Ġsupranational,10,0
53301,ĠVaishnavism,10,0
53302,Barthelemy,10,0
53303,Drosophila,10,0
53304,Erdre,10,0
53306,Travels,10,0
53307,demented,10,0
53309,ĠSukkur,10,0
53310,ĠCeylon,10,0
53311,ĠMimasaka,10,0
53312,ĠBancroft,10,0
53313,ĠBagmati,10,0
53314,ĠHanyu,10,0
53315,ĠHipsi,10,0
53317,ĠHirsch,10,0
53320,ĠFiellin,10,0
53321,ĠJhelum,10,0
53322,ĠOcasek,10,0
53323,ĠKaczynski,10,0
53324,Ġunbeatable,10,0
53325,Ġquavered,10,0
53326,ĠAlappuzha,10,0
53327,ĠAlentejo,10,0
53328,ĠFrideswide,10,0
53329,ĠRezzonico,10,0
53330,ĠJohnswort,10,0
53331,Ġtympanum,10,0
53332,ĠZechariah,10,0
53333,Ġlaissez,10,0
53335,ĠExcalibur,10,0
53336,ĠMcBeal,10,0
53337,Ġdinnertime,10,0
53339,Ġmultitasking,10,0
53340,ĠBerdahl,10,0
53341,Ġundeniably,10,0
53342,ĠDispatches,10,0
53343,ĠHelvellyn,10,0
53344,ĠHonfleur,10,0
53345,ĠDiCaprio,10,0
53346,ĠPytlasinski,10,0
53347,ĠNyatapola,10,0
53348,ĠRawalpindi,10,0
53349,ĠNebuchadnezzar,10,0
53350,ĠSanssouci,10,0
1561,oice,9,0
1601,joy,9,0
1682,Ġmem,9,0
2181,icult,9,0
2747,Ġrecogn,9,0
2852,ĠRuss,9,0
2870,Ġparticip,9,0
3010,Ġsepar,9,0
3292,Ġforg,9,0
3308,aimed,9,0
3569,urance,9,0
3694,riage,9,0
3727,Ġsoci,9,0
4031,Ġcit,9,0
4132,cend,9,0
4263,Ġfest,9,0
4446,Ġqual,9,0
4479,stant,9,0
4621,Ġautom,9,0
4934,ctors,9,0
4949,ĠScot,9,0
5433,Ġinterp,9,0
5604,ibilities,9,0
5791,Ġmerc,9,0
5856,Ġdram,9,0
5877,orters,9,0
5929,Ġexcit,9,0
6018,ellig,9,0
6286,Ġsuppl,9,0
6347,ĠDesp,9,0
6625,stitution,9,0
6637,gment,9,0
6991,elines,9,0
7092,thur,9,0
7141,ensity,9,0
7195,cipl,9,0
7196,ribute,9,0
7205,thia,9,0
7355,rogen,9,0
7650,idering,9,0
7799,ĠLaur,9,0
7927,Ġphr,9,0
8085,Ġnarr,9,0
8674,entially,9,0
8768,Ġacadem,9,0
8824,Ġexec,9,0
9140,istical,9,0
9215,Ġapolog,9,0
9325,cluding,9,0
9529,Ġaggress,9,0
9707,raph,9,0
10037,Ġtoler,9,0
10212,olas,9,0
10417,Ġcollabor,9,0
10650,ders,9,0
10796,uela,9,0
10889,hend,9,0
10988,usively,9,0
11065,arents,9,0
11127,alay,9,0
11416,erton,9,0
11445,rome,9,0
11462,Ġalle,9,0
11502,apse,9,0
11563,ribed,9,0
11623,Ġrecre,9,0
11754,IPA,9,0
11823,ĠYan,9,0
11936,ĠTheod,9,0
12222,pending,9,0
12357,attering,9,0
12520,ĠAlexand,9,0
12845,arten,9,0
12856,vernment,9,0
12958,oving,9,0
12969,Ġinher,9,0
13039,rors,9,0
13092,rals,9,0
13183,ĠDaw,9,0
13278,Ġharass,9,0
13709,Ġkidn,9,0
13835,Ġmanif,9,0
14013,ĠAlban,9,0
14091,ajo,9,0
14140,Ġexagger,9,0
14240,Ġsucc,9,0
14437,atra,9,0
14536,aration,9,0
14558,ĠVerm,9,0
14602,bourne,9,0
14751,ĠKau,9,0
14840,Ġconsec,9,0
14945,nex,9,0
15195,reprene,9,0
15388,ĠGuang,9,0
15662,vable,9,0
15683,ĠJaff,9,0
15910,urable,9,0
16011,inqu,9,0
16022,ĠSug,9,0
16025,ĠBark,9,0
16052,Ġprefect,9,0
16074,ischer,9,0
16231,Ġwist,9,0
16373,ĠCz,9,0
16616,eters,9,0
16692,chester,9,0
16802,anni,9,0
16817,cheon,9,0
17180,ahar,9,0
17185,Ġappra,9,0
17292,ooses,9,0
17308,apor,9,0
17424,ĠLiver,9,0
17539,inence,9,0
17596,Ġdistribut,9,0
17734,Ġoverhe,9,0
17882,unge,9,0
17931,Ġpostp,9,0
17938,justice,9,0
18153,Ġdazz,9,0
18327,ĠPund,9,0
18425,represent,9,0
18471,math,9,0
18659,urrent,9,0
18666,ationally,9,0
18846,Ġdoct,9,0
18874,ĠVie,9,0
19184,fri,9,0
19298,Ġdispers,9,0
19391,bot,9,0
19454,iances,9,0
19464,Ġdispar,9,0
19481,ĠBritt,9,0
19611,wright,9,0
19623,ĠTres,9,0
19658,pelling,9,0
19672,eca,9,0
19830,ĠNEP,9,0
20007,vered,9,0
20038,angling,9,0
20052,jected,9,0
20193,Ġdens,9,0
20201,ĠAj,9,0
20244,izens,9,0
20278,Ġpeac,9,0
20412,wait,9,0
20633,Ġswo,9,0
20696,Ġungr,9,0
20904,former,9,0
21024,ĠObserv,9,0
21092,Ġitiner,9,0
21115,essa,9,0
21435,orks,9,0
21478,ĠAcadem,9,0
21693,Ġparaly,9,0
21756,ĠApost,9,0
21805,qualified,9,0
21860,ĠCott,9,0
21868,riad,9,0
21901,aue,9,0
21909,ĠKins,9,0
22062,ĠBundes,9,0
22100,norm,9,0
22113,orate,9,0
22167,ĠStef,9,0
22183,onton,9,0
22213,aiming,9,0
22386,eration,9,0
22388,atories,9,0
22410,Ġstip,9,0
22644,olithic,9,0
22778,ĠShet,9,0
22799,phal,9,0
23106,Ġcoloss,9,0
23112,Ġrelent,9,0
23149,ĠSche,9,0
23280,Pal,9,0
23284,cul,9,0
23286,dem,9,0
23413,leyman,9,0
23629,adoes,9,0
23982,Ġseap,9,0
24015,ĠYaz,9,0
24639,knot,9,0
24651,anity,9,0
24889,eva,9,0
25078,umas,9,0
25088,Ġvind,9,0
25107,izu,9,0
25383,Pil,9,0
25388,bod,9,0
25399,pos,9,0
25427,ĠTyr,9,0
25471,abar,9,0
25482,ĠThir,9,0
25533,phin,9,0
25564,iterate,9,0
26174,jor,9,0
26239,olite,9,0
26581,iology,9,0
26623,Ġeb,9,0
26641,ĠMund,9,0
26706,asser,9,0
26740,Ġindict,9,0
27101,Ġchimp,9,0
27134,iferous,9,0
27143,Ġunve,9,0
27155,angba,9,0
27164,Ġimpair,9,0
27175,athi,9,0
27194,anyan,9,0
27213,Ġinfect,9,0
27524,oge,9,0
27534,wine,9,0
27546,atio,9,0
27582,adder,9,0
27584,ĠSettle,9,0
28067,ĠTher,9,0
28123,ĠNax,9,0
28129,ĠGw,9,0
28139,rouse,9,0
28165,vency,9,0
28186,ĠWeis,9,0
28198,aira,9,0
28344,Ġunsus,9,0
28556,sac,9,0
28589,ĠToh,9,0
28606,ĠAval,9,0
28650,opic,9,0
29061,Ġcorrobor,9,0
29102,cian,9,0
29113,pox,9,0
29123,Ġais,9,0
29172,riers,9,0
29203,ĠGond,9,0
29311,bron,9,0
29334,ĠSeren,9,0
29514,hui,9,0
29638,Chi,9,0
29735,ĠCC,9,0
29737,ĠCros,9,0
29781,ĠFres,9,0
29784,umont,9,0
29939,ĠZag,9,0
30004,ĠAccept,9,0
30137,Ġmobil,9,0
30367,ĠSans,9,0
30382,riv,9,0
30432,istence,9,0
30501,ossa,9,0
30512,jection,9,0
30833,holm,9,0
31073,ĠWiz,9,0
31147,ĠKass,9,0
31148,ĠKnot,9,0
31234,erno,9,0
31355,ographies,9,0
31400,ĠCamer,9,0
31452,ihara,9,0
31672,lords,9,0
31683,tim,9,0
31719,icially,9,0
31847,ĠKed,9,0
31953,Ġinfirm,9,0
31993,ĠCald,9,0
32458,qs,9,0
32484,ingham,9,0
32550,ĠMood,9,0
32555,ĠBuk,9,0
32587,ĠDumb,9,0
32609,apo,9,0
32626,ongo,9,0
32775,notes,9,0
33175,continental,9,0
33280,oji,9,0
33325,anking,9,0
33371,sellers,9,0
33400,ĠPapp,9,0
33415,ĠFos,9,0
33466,ocar,9,0
33574,ĠReh,9,0
33582,ĠAdm,9,0
33672,Ġobsess,9,0
33710,razy,9,0
34129,Dis,9,0
34130,Ever,9,0
34134,Girl,9,0
34183,oids,9,0
34309,opian,9,0
34311,ĠPash,9,0
34313,ĠPey,9,0
34333,ĠDw,9,0
34379,pell,9,0
34469,ĠFrag,9,0
34538,Ġinfidel,9,0
34583,Ġsalv,9,0
34674,guarded,9,0
35021,ĠOrphan,9,0
35107,Ġwagg,9,0
35124,oum,9,0
35361,grap,9,0
35363,Ġremonstr,9,0
35531,ĠMcP,9,0
36008,Kaw,9,0
36023,bang,9,0
36065,Ġolig,9,0
36078,enough,9,0
36165,ĠBout,9,0
36189,Ġkib,9,0
36214,ĠFeed,9,0
36517,Ġengulf,9,0
36716,Ġderail,9,0
37135,Ori,9,0
37250,aday,9,0
37386,ĠEid,9,0
37517,aley,9,0
37622,incourt,9,0
37745,ijn,9,0
37770,ĠOkm,9,0
37857,ĠAttempt,9,0
37900,Ġcannibal,9,0
38000,window,9,0
38028,ogenic,9,0
38151,ĠBolshev,9,0
38307,oing,9,0
38369,Ġdru,9,0
38425,ĠCLE,9,0
38470,ĠDuff,9,0
38559,Ġunravel,9,0
38624,Ġeman,9,0
38653,ĠMaran,9,0
38727,ĠPrint,9,0
38752,ĠColon,9,0
38867,addling,9,0
38926,ĠTempl,9,0
39049,ĠVolcan,9,0
39149,ĠSnoop,9,0
39191,ĠTallah,9,0
39245,nikov,9,0
39367,Ġroug,9,0
39512,Gh,9,0
39527,Nong,9,0
39538,UAR,9,0
39561,lund,9,0
39676,ĠIA,9,0
39749,ĠPare,9,0
39869,ĠKut,9,0
39879,ecting,9,0
39920,Ġdisf,9,0
39942,wei,9,0
39945,Ġimped,9,0
40222,ominal,9,0
40234,ĠDepos,9,0
40429,criminal,9,0
40574,safe,9,0
40720,ĠRECE,9,0
40786,Ġsubpoena,9,0
40872,360,9,0
40922,aque,9,0
40994,atize,9,0
41006,oros,9,0
41023,ĠTek,9,0
41042,Ġgly,9,0
41067,acular,9,0
41068,ayat,9,0
41100,ĠMey,9,0
41110,ĠBoon,9,0
41122,ĠHid,9,0
41178,ĠDZ,9,0
41218,ĠGreet,9,0
41250,elis,9,0
41285,ĠYash,9,0
41373,neb,9,0
41385,ieder,9,0
41440,ĠShand,9,0
41518,ĠColo,9,0
41597,ĠElk,9,0
41600,borg,9,0
41606,Ġantis,9,0
41807,ĠConfucian,9,0
41968,News,9,0
42064,ĠLOEC,9,0
42174,Ġjabber,9,0
42249,Ġdisembark,9,0
42469,jas,9,0
42473,loss,9,0
42728,ulia,9,0
42874,anson,9,0
42897,ruch,9,0
42975,jecting,9,0
43034,early,9,0
43101,issioned,9,0
53351,"""""",9,0
53352,""",""",9,0
53353,').,9,0
53354,"'),",9,0
53355,)-,9,0
53356,")"",",9,0
53357,-.,9,0
53358,.?,9,0
53359,"/,",9,0
53360,210,9,0
53361,270,9,0
53362,275,9,0
53364,380,9,0
53365,550,9,0
53366,590,9,0
53367,576,9,0
53368,6000,9,0
53369,850,9,0
53370,;.,9,0
53371,"=,",9,0
53372,"?,",9,0
53373,Aff,9,0
53375,Battle,9,0
53376,Been,9,0
53380,BESSIE,9,0
53382,Cat,9,0
53383,Cit,9,0
53384,Care,9,0
53385,Cold,9,0
53386,Cath,9,0
53388,Calle,9,0
53389,CFO,9,0
53393,DW,9,0
53394,Draw,9,0
53395,Disc,9,0
53396,Dallas,9,0
53397,DOD,9,0
53398,Daniel,9,0
53399,Eros,9,0
53400,Este,9,0
53401,Fer,9,0
53402,Fif,9,0
53403,Fenn,9,0
53405,FDA,9,0
53406,Fran,9,0
53407,Gre,9,0
53408,Games,9,0
53410,GDP,9,0
53411,Gandhi,9,0
53413,Hab,9,0
53415,Hip,9,0
53416,Hara,9,0
53418,Imp,9,0
53419,Jer,9,0
53420,Kh,9,0
53421,Kate,9,0
53423,Khuman,9,0
53424,Lat,9,0
53425,Lac,9,0
53426,Lead,9,0
53428,Mod,9,0
53432,Nat,9,0
53433,Norman,9,0
53434,NOx,9,0
53436,Ode,9,0
53438,OOM,9,0
53442,Prin,9,0
53443,Prim,9,0
53445,Pitre,9,0
53450,Son,9,0
53451,Sim,9,0
53452,Sup,9,0
53453,Sex,9,0
53455,Supp,9,0
53456,Sham,9,0
53457,Soul,9,0
53460,Safe,9,0
53461,Special,9,0
53463,Titanic,9,0
53465,Vennes,9,0
53466,Wake,9,0
53469,Wolf,9,0
53470,Year,9,0
53473,bong,9,0
53474,biz,9,0
53479,cre,9,0
53481,cum,9,0
53482,cust,9,0
53485,cash,9,0
53486,creek,9,0
53487,culated,9,0
53489,created,9,0
53490,cigarettes,9,0
53492,cigarette,9,0
53494,dine,9,0
53495,dial,9,0
53496,died,9,0
53497,during,9,0
53499,data,9,0
53500,diving,9,0
53502,eurs,9,0
53503,fac,9,0
53505,fowl,9,0
53506,gum,9,0
53507,gave,9,0
53510,hli,9,0
53511,hani,9,0
53516,kah,9,0
53518,lib,9,0
53519,laine,9,0
53522,map,9,0
53523,mak,9,0
53526,mails,9,0
53527,moral,9,0
53528,masted,9,0
53531,native,9,0
53533,naked,9,0
53537,oja,9,0
53543,pocket,9,0
53545,rud,9,0
53547,rase,9,0
53549,ramm,9,0
53550,rishna,9,0
53552,sill,9,0
53554,sson,9,0
53555,solid,9,0
53556,signed,9,0
53557,singer,9,0
53558,sweet,9,0
53561,trench,9,0
53562,turb,9,0
53563,tribe,9,0
53565,touched,9,0
53567,toothed,9,0
53571,voir,9,0
53574,wage,9,0
53579,zky,9,0
53580,zagging,9,0
53581,zanne,9,0
53585,Ġtakers,9,0
53587,Ġtardy,9,0
53589,heb,9,0
53590,hei,9,0
53594,Ġaque,9,0
53595,Ġaright,9,0
53596,Ġails,9,0
53597,inities,9,0
53599,injured,9,0
53600,rein,9,0
53601,reth,9,0
53603,Ġsant,9,0
53604,Ġsert,9,0
53605,Ġwince,9,0
53606,Ġwoken,9,0
53607,Ġoily,9,0
53608,Ġoste,9,0
53624,Ġcus,9,0
53626,Ġcrier,9,0
53627,Ġcayman,9,0
53632,anat,9,0
53634,anine,9,0
53637,enon,9,0
53638,enac,9,0
53639,energy,9,0
53643,Ġfag,9,0
53645,Ġfades,9,0
53647,orado,9,0
53650,Ġmaz,9,0
53651,Ġmains,9,0
53656,ĠpH,9,0
53658,Ġpak,9,0
53661,Ġhool,9,0
53662,Ġhacked,9,0
53663,Ġhombre,9,0
53667,Ġdainties,9,0
53668,Ġduchy,9,0
53670,Ġinlets,9,0
53671,Ġinorganic,9,0
53675,asw,9,0
53681,ĠTuck,9,0
53683,ĠTada,9,0
53684,ĠTolly,9,0
53686,ĠToro,9,0
53688,ĠTaft,9,0
53690,ĠTweed,9,0
53691,ĠTogo,9,0
53692,ĠTirana,9,0
53693,ĠTALE,9,0
53694,ĠTGV,9,0
53695,lege,9,0
53696,leaved,9,0
53699,Ġnil,9,0
53700,Ġnia,9,0
53702,Ġnudes,9,0
53703,Ġntch,9,0
53707,Ġlis,9,0
53711,Ġlisi,9,0
53718,ĠIh,9,0
53720,ĠIma,9,0
53722,ĠIMF,9,0
53724,Ġisti,9,0
53726,ĠAke,9,0
53729,ĠADA,9,0
53732,ĠAosta,9,0
53733,ĠAgincourt,9,0
53736,Ġbehest,9,0
53737,Ġbearers,9,0
53738,Ġbeacons,9,0
53743,study,9,0
53744,Ġreformation,9,0
53745,Ġreelected,9,0
53746,Ġreanalysis,9,0
53747,Ġreissued,9,0
53748,Ġyen,9,0
53749,lys,9,0
53751,adabra,9,0
53752,adventure,9,0
53753,utu,9,0
53754,utty,9,0
53755,Ġwast,9,0
53756,Ġuf,9,0
53758,ayi,9,0
53762,ĠSess,9,0
53763,ĠSchn,9,0
53764,ĠSann,9,0
53767,ĠSHe,9,0
53768,ĠSado,9,0
53769,ĠSolic,9,0
53772,ĠSella,9,0
53773,ĠSinn,9,0
53775,ĠSessions,9,0
53777,ĠSocrates,9,0
53778,ĠSQL,9,0
53779,imper,9,0
53784,Ġstrew,9,0
53785,Ġstaked,9,0
53786,Ġstalled,9,0
53791,irons,9,0
53794,Ġforgo,9,0
53797,Ġweber,9,0
53798,Ġweavers,9,0
53800,ĠCT,9,0
53801,ĠCure,9,0
53802,ĠCIT,9,0
53803,ĠCohn,9,0
53804,ĠCavour,9,0
53805,ĠCooley,9,0
53807,ĠMata,9,0
53808,ĠManger,9,0
53809,ĠMille,9,0
53810,ĠMamm,9,0
53812,ĠMalls,9,0
53814,ĠMester,9,0
53815,ĠMomo,9,0
53817,ĠMAST,9,0
53818,ĠMigrants,9,0
53819,ĠMemento,9,0
53821,Ġwhar,9,0
53822,Ġwhooped,9,0
53823,Ġwhomever,9,0
53825,ĠBain,9,0
53826,ĠBers,9,0
53828,ĠBully,9,0
53831,ĠBrest,9,0
53834,ĠBij,9,0
53836,ĠBias,9,0
53839,ĠBader,9,0
53840,ĠBala,9,0
53841,ĠBonds,9,0
53842,ĠBamboo,9,0
53844,ĠBENE,9,0
53845,ĠBattery,9,0
53853,ĠHz,9,0
53856,ĠHik,9,0
53857,ĠHana,9,0
53858,ĠHuel,9,0
53859,ĠHiring,9,0
53860,ĠHanks,9,0
53863,ĠHicks,9,0
53864,ĠHaze,9,0
53866,ĠHUNT,9,0
53867,ĠHaryana,9,0
53870,chon,9,0
53871,chain,9,0
53872,chip,9,0
53873,chino,9,0
53874,Ġatypical,9,0
53875,ilon,9,0
53880,"Ġ"""")",9,0
53881,opt,9,0
53882,opers,9,0
53885,ĠPs,9,0
53887,ĠPity,9,0
53888,ĠPian,9,0
53889,ĠPia,9,0
53890,ĠPorn,9,0
53892,ĠPits,9,0
53893,ĠPeral,9,0
53894,ĠPell,9,0
53895,ĠPines,9,0
53897,ĠProud,9,0
53899,ĠPBO,9,0
53900,ĠPardon,9,0
53901,ĠPaxon,9,0
53902,ĠPooley,9,0
53903,ĠPuppies,9,0
53904,ĠPuzzle,9,0
53906,Ġkita,9,0
53909,Ġraps,9,0
53911,Ġrangers,9,0
53912,Ġrotted,9,0
53917,Ġdozed,9,0
53919,olver,9,0
53924,ĠWm,9,0
53928,ĠWatt,9,0
53930,ĠWitz,9,0
53931,ĠWHL,9,0
53932,ĠWanyan,9,0
53934,ĠWylie,9,0
53937,Ġshoo,9,0
53939,Ġshale,9,0
53940,Ġshards,9,0
53941,Ġshales,9,0
53942,Ġshaman,9,0
53946,Ġdebit,9,0
53947,Ġdemented,9,0
53950,Ġmanfully,9,0
53957,Ġliars,9,0
53958,Ġlivin,9,0
53960,ĠFines,9,0
53962,ĠFitch,9,0
53964,ĠFira,9,0
53965,ĠFailing,9,0
53966,ĠFetch,9,0
53968,ĠFTC,9,0
53969,ĠFunker,9,0
53970,ĠFodder,9,0
53971,ĠFonte,9,0
53973,allo,9,0
53980,ĠDann,9,0
53984,ĠDocking,9,0
53986,ĠDuties,9,0
53987,ĠDendropsophus,9,0
53991,Ġchaw,9,0
53993,Ġchheim,9,0
53994,Ġchafed,9,0
53996,ĠNal,9,0
53998,ĠNess,9,0
54000,ĠNons,9,0
54002,ĠNoh,9,0
54003,ĠNex,9,0
54004,ĠNES,9,0
54005,ĠNaming,9,0
54009,ĠNonsense,9,0
54010,ĠNGO,9,0
54011,ĠNRT,9,0
54013,Ġprostrated,9,0
54014,Ġplut,9,0
54017,ĠLh,9,0
54019,ĠLid,9,0
54020,ĠLoo,9,0
54021,ĠLash,9,0
54024,ĠLiam,9,0
54025,ĠLively,9,0
54026,ĠLule,9,0
54027,ĠLimp,9,0
54028,ĠLippi,9,0
54030,ĠLanz,9,0
54031,ĠLotto,9,0
54032,ĠLonge,9,0
54033,ĠLopes,9,0
54035,ĠGF,9,0
54036,ĠGist,9,0
54037,ĠGong,9,0
54038,ĠGolly,9,0
54041,ĠGender,9,0
54042,ĠGoths,9,0
54044,ĠGilded,9,0
54045,ĠGilder,9,0
54048,ieva,9,0
54049,ĠRQ,9,0
54051,ĠRook,9,0
54052,ĠRational,9,0
54055,ĠRival,9,0
54056,ĠRada,9,0
54058,ĠRagged,9,0
54059,ĠRiga,9,0
54062,abbreviated,9,0
54063,ĠJong,9,0
54065,ĠJody,9,0
54069,ĠJFA,9,0
54071,apu,9,0
54075,Ġcomet,9,0
54076,Ġcomers,9,0
54078,Ġvices,9,0
54080,Ġvoodoo,9,0
54081,Ġsodden,9,0
54082,Ġjot,9,0
54083,Ġjist,9,0
54084,Ġjell,9,0
54085,Ġjoll,9,0
54086,Ġalway,9,0
54087,Ġalters,9,0
54088,ĠErs,9,0
54090,ĠELS,9,0
54091,ĠEFF,9,0
54095,igating,9,0
54096,Ġbuts,9,0
54100,Ġoutperform,9,0
54102,Ġallay,9,0
54104,Ġmecca,9,0
54105,Ġgoings,9,0
54106,pere,9,0
54107,ĠHealey,9,0
54108,Ġwhet,9,0
54110,ĠOakes,9,0
54112,ĠOki,9,0
54115,ĠOmsk,9,0
54120,Ġ(-,9,0
54122,agos,9,0
54123,agents,9,0
54124,Ġnoxious,9,0
54125,Ġsheaves,9,0
54126,indo,9,0
54127,indra,9,0
54130,Ġintents,9,0
54131,Ġtherefrom,9,0
54133,oder,9,0
54135,ĠThereafter,9,0
54136,Ġwilled,9,0
54138,akash,9,0
54140,ĠTha,9,0
54141,ĠThigh,9,0
54142,ĠThaxter,9,0
54143,ĠThijn,9,0
54144,ĠThrym,9,0
54146,Ġmyel,9,0
54147,Ġwhoa,9,0
54149,Ġclout,9,0
54150,Ġclade,9,0
54151,Ġclang,9,0
54153,Ġclattered,9,0
54154,Ġclawed,9,0
54156,Ġclandestine,9,0
54158,ĠIncluded,9,0
54160,ĠInbound,9,0
54161,ĠInjury,9,0
54163,ĠYell,9,0
54164,ĠYEAR,9,0
54173,ĠKays,9,0
54174,ĠKirst,9,0
54175,ĠKilling,9,0
54176,ĠKaus,9,0
54177,ĠKumble,9,0
54178,ĠKiki,9,0
54182,ĠKarel,9,0
54183,ĠKiso,9,0
54184,ĠKappa,9,0
54185,ĠKerem,9,0
54186,ĠKroger,9,0
54188,Ġrobs,9,0
54190,Ġrookie,9,0
54191,raj,9,0
54192,Ġplaymates,9,0
54193,Ġplaymate,9,0
54196,ĠUbit,9,0
54197,ĠUTC,9,0
54199,ĠStear,9,0
54200,ĠStamb,9,0
54201,ĠStokes,9,0
54202,ĠStoker,9,0
54203,ĠStidham,9,0
54205,".""--_",9,0
54209,Ġimbedded,9,0
54210,Ġimbalance,9,0
54211,Ġuniting,9,0
54212,Ġunwell,9,0
54213,Ġunoriginal,9,0
54214,Ġunpacked,9,0
54215,Ġunknowing,9,0
54219,Ġcompile,9,0
54220,Ġquai,9,0
54221,Ġquirk,9,0
54223,Ġquenching,9,0
54224,Ġquandary,9,0
54225,Ġprided,9,0
54226,Ġpruning,9,0
54227,aryn,9,0
54228,Ġarable,9,0
54230,Ġaromas,9,0
54231,Ġoffing,9,0
54232,Ġoffsets,9,0
54234,Ġjustifications,9,0
54236,Ġperishing,9,0
54237,Ġworkaday,9,0
54238,Ġspry,9,0
54245,ĠChalk,9,0
54248,ĠChica,9,0
54249,ĠChico,9,0
54250,ĠCharts,9,0
54251,ĠChorus,9,0
54253,ĠChoosing,9,0
54255,achas,9,0
54256,achos,9,0
54257,Ġthane,9,0
54258,angi,9,0
54261,Ġgrids,9,0
54262,Ġgraces,9,0
54265,Ġdisenfranchised,9,0
54266,Ġriv,9,0
54267,ĠVass,9,0
54268,ĠVign,9,0
54270,Ġreset,9,0
54273,Ġamok,9,0
54274,Ġamino,9,0
54275,Ġcontending,9,0
54276,Ġdownsized,9,0
54277,Ġdownplayed,9,0
54279,Ġscald,9,0
54280,Ġscams,9,0
54281,Ġscaly,9,0
54282,enda,9,0
54284,Ġsmelly,9,0
54286,ailer,9,0
54288,ĠSheik,9,0
54289,ĠSheila,9,0
54295,ĠWeaving,9,0
54296,ĠWealthy,9,0
54297,ĠWeenie,9,0
54300,issus,9,0
54301,issary,9,0
54302,issima,9,0
54303,sohn,9,0
54304,Ġimposition,9,0
54305,Ġafterthought,9,0
54306,Ġfirmer,9,0
54308,ancient,9,0
54311,Ġguzz,9,0
54312,Ġguineas,9,0
54315,Ġpoachers,9,0
54317,awara,9,0
54319,Ġunderclass,9,0
54320,obus,9,0
54329,Ġreposed,9,0
54330,Ġrepris,9,0
54331,Ġhereby,9,0
54335,ĠWhale,9,0
54336,ĠWhalers,9,0
54337,ĠWholesale,9,0
54338,Ġacclim,9,0
54339,Ġpersonages,9,0
54340,gris,9,0
54341,grace,9,0
54344,ĠAnime,9,0
54347,erta,9,0
54349,ĠUnique,9,0
54350,ĠUnseen,9,0
54351,ovy,9,0
54352,ovsk,9,0
54354,"?"",",9,0
54357,Ġindis,9,0
54358,ĠAsan,9,0
54359,ĠAsha,9,0
54361,ĠAskew,9,0
54362,Ġkep,9,0
54364,Ġemplacement,9,0
54365,manned,9,0
54366,Ġslur,9,0
54367,Ġslunk,9,0
54368,Ġslugs,9,0
54371,ĠAlias,9,0
54372,ĠAlvic,9,0
54374,Ġlotteries,9,0
54376,Ġreliqu,9,0
54377,Ġrelented,9,0
54378,Ġrelocate,9,0
54379,Ġentombed,9,0
54384,Ġincor,9,0
54386,Ġinclement,9,0
54387,Ġcomely,9,0
54388,Ġsurly,9,0
54389,Ġhomewards,9,0
54390,Ġhomecoming,9,0
54392,Ġstilled,9,0
54393,Ġthoughtlessness,9,0
54394,Ġlarboard,9,0
54395,ysm,9,0
54396,ysics,9,0
54399,ĠFranch,9,0
54403,ĠBrno,9,0
54406,Ġyearn,9,0
54408,Ġmustered,9,0
54409,ibley,9,0
54410,ĠNewhouse,9,0
54412,Ġstrata,9,0
54413,Ġcitywide,9,0
54414,Ġglut,9,0
54416,Ġevas,9,0
54417,Ġevangelist,9,0
54418,Ġswifter,9,0
54419,Ġconsoling,9,0
54420,Ġuseable,9,0
54424,Ġendangering,9,0
54426,Ġlastly,9,0
54427,Ġmonogamy,9,0
54428,Ġcapacious,9,0
54429,Ġcapstan,9,0
54431,Ġhousemaids,9,0
54432,Ġdistanced,9,0
54433,Ġstartups,9,0
54434,Ġsubpart,9,0
54435,Ġsubconscious,9,0
54436,Ġsubsystem,9,0
54437,Ġsubdistricts,9,0
54438,pha,9,0
54440,Ġearner,9,0
54443,ĠArco,9,0
54444,ĠArras,9,0
54445,ĠArbois,9,0
54446,ĠArjun,9,0
54447,Ġterriers,9,0
54449,ĠLearn,9,0
54450,gali,9,0
54452,Ġbuildup,9,0
54454,ĠMarlon,9,0
54455,lingual,9,0
54457,Ġgeniality,9,0
54460,Ġwarpath,9,0
54461,Ġwarclub,9,0
54463,Ġservers,9,0
54465,Ġdiscredited,9,0
54466,Ġredone,9,0
54467,Ġphoned,9,0
54468,Ġinterment,9,0
54469,Ġinterced,9,0
54470,Ġintermitt,9,0
54471,Ġvisc,9,0
54473,Ġuntie,9,0
54474,Ġunturned,9,0
54475,Ġbigoted,9,0
54476,Ġbiguine,9,0
54477,Ġbested,9,0
54479,Ġfriendlier,9,0
54480,Ġschooled,9,0
54481,ĠShang,9,0
54482,ĠShosh,9,0
54484,Ġmeted,9,0
54485,Ġrealign,9,0
54486,Ġwatchtower,9,0
54488,ĠAtch,9,0
54490,Ġministered,9,0
54491,ĠReve,9,0
54492,ĠReach,9,0
54493,ĠReader,9,0
54494,ĠReunion,9,0
54495,Ġrida,9,0
54496,Ġriddled,9,0
54497,exp,9,0
54498,exper,9,0
54499,Ġcourier,9,0
54500,Ġbetterment,9,0
54501,Ġ414,9,0
54502,Ġ411,9,0
54504,Ġ424,9,0
54505,Ġ426,9,0
54506,Ġ445,9,0
54507,Ġdefected,9,0
54511,rically,9,0
54514,Ġsnatches,9,0
54515,Ġsniper,9,0
54516,Ġsnetha,9,0
54518,Ġcleverness,9,0
54520,Ġeluded,9,0
54521,Ġmodelled,9,0
54524,iero,9,0
54526,Ġleaded,9,0
54529,----.,9,0
54532,Ġsinged,9,0
54533,Ġpriesthood,9,0
54535,ĠAdolph,9,0
54536,ĠAdlai,9,0
54538,beats,9,0
54540,Ġopenness,9,0
54542,Ġextortion,9,0
54543,Ġreportage,9,0
54545,ĠSpriggs,9,0
54546,ĠDeft,9,0
54547,ĠDepend,9,0
54548,ĠDeutsche,9,0
54549,ĠDeauville,9,0
54550,Ġdetonation,9,0
54551,Ġdetriment,9,0
54552,Ġeyesore,9,0
54553,Ġfootnotes,9,0
54554,Ġbasements,9,0
54556,Ġconfuses,9,0
54558,oky,9,0
54560,okpa,9,0
54561,ĠMyrina,9,0
54562,ractors,9,0
54564,Ġstatistician,9,0
54566,ikon,9,0
54569,Ġforetop,9,0
54570,Ġforemast,9,0
54572,Ġreceivers,9,0
54573,Ġreceivables,9,0
54574,rents,9,0
54577,Ġinsider,9,0
54578,Ġinsatiable,9,0
54580,Ġexplodes,9,0
54584,Ġcampy,9,0
54585,Ġ7000,9,0
54586,Ġ713,9,0
54587,Ġ740,9,0
54588,Ġ797,9,0
54591,Ġinfusion,9,0
54592,Ġdemesne,9,0
54593,Ġhummed,9,0
54594,ĠCaro,9,0
54595,ĠCarriage,9,0
54596,ĠCarvell,9,0
54597,ĠCarisbrooke,9,0
54599,ĠProto,9,0
54600,ĠPromot,9,0
54604,Ġtaxable,9,0
54605,Ġcontinuum,9,0
54606,Ġpowerhouse,9,0
54607,queen,9,0
54608,Ġlateral,9,0
54609,ĠConyers,9,0
54610,ĠConsole,9,0
54611,ĠConversion,9,0
54612,Ġloitering,9,0
54614,ĠFlav,9,0
54615,ĠFlash,9,0
54616,ĠFlodden,9,0
54618,Ġpatter,9,0
54619,Ġparliaments,9,0
54620,Ġshortness,9,0
54621,Ġrockers,9,0
54622,ĠRepulse,9,0
54623,prion,9,0
54627,Ġgreenhouses,9,0
54628,Ġsuns,9,0
54630,Ġsunfish,9,0
54632,Ġnewsworthy,9,0
54634,Ġpoorhouse,9,0
54635,Ġpromisc,9,0
54636,Ġchangeable,9,0
54637,Ġanimations,9,0
54638,Ġanimiles,9,0
54640,ounces,9,0
54641,Ġtestifies,9,0
54643,ĠColour,9,0
54647,ĠZy,9,0
54648,ĠZork,9,0
54649,ĠQur,9,0
54650,Ġ1714,9,0
54651,Ġ1734,9,0
54652,Ġ1732,9,0
54653,Ġ1767,9,0
54654,Ġ1742,9,0
54655,Ġ1769,9,0
54656,Ġsatanic,9,0
54658,ĠAftermath,9,0
54659,Ġpictorial,9,0
54660,ĠSoares,9,0
54661,ĠSojer,9,0
54662,unta,9,0
54664,ĠGrade,9,0
54665,ĠGrotte,9,0
54666,ĠGrimm,9,0
54667,ĠGrattan,9,0
54668,ĠGraduates,9,0
54669,ĠGrisham,9,0
54670,ĠGrissom,9,0
54671,Ġbedridden,9,0
54672,Ġbedchamber,9,0
54674,Ġbeachside,9,0
54675,Ġserviceable,9,0
54676,Ġfallout,9,0
54677,ĠPlates,9,0
54678,ĠPlimpton,9,0
54679,ĠOrkney,9,0
54680,1947,9,0
54681,1958,9,0
54682,ĠScared,9,0
54684,ĠHerzegovina,9,0
54685,Ġsilos,9,0
54686,Ġladylike,9,0
54687,Ġladyship,9,0
54688,Ġcatenary,9,0
54689,ĠBenyon,9,0
54690,Ġ1516,9,0
54691,Ġ1538,9,0
54692,Ġ1568,9,0
54693,Ġ1559,9,0
54694,aura,9,0
54695,ĠBlaine,9,0
54696,ĠBlinky,9,0
54697,Ġproponents,9,0
54698,ĠGermond,9,0
54700,ĠSeuss,9,0
54701,ĠToji,9,0
54702,ĠTrains,9,0
54704,Ġbabbling,9,0
54706,Ġlayoff,9,0
54709,Ġlegion,9,0
54710,Ġlegos,9,0
54712,ĠGucc,9,0
54713,ĠGuantanamo,9,0
54715,Ġspendthrift,9,0
54716,ĠParma,9,0
54717,Ġmagpie,9,0
54718,ĠBartoli,9,0
54719,Ġ1260,9,0
54720,Ġ1615,9,0
54721,Ġ1611,9,0
54722,Ġ1640,9,0
54723,Ġ1625,9,0
54727,ĠWilles,9,0
54728,Ġcompetitiveness,9,0
54730,covers,9,0
54731,Ġmerited,9,0
54732,ĠGoi,9,0
54736,Ġboatmen,9,0
54740,ĠMinute,9,0
54741,ĠMinami,9,0
54742,Andr,9,0
54743,Andre,9,0
54744,Ġtotems,9,0
54745,Ġstorehouse,9,0
54746,Ġstorehouses,9,0
54747,ĠTeerth,9,0
54748,ĠTeixeira,9,0
54749,ĠCalpe,9,0
54750,ĠCalif,9,0
54751,ĠCalais,9,0
54752,ĠCalvo,9,0
54753,ĠCalusa,9,0
54754,Ġcrossroads,9,0
54755,ĠĠĠĠĠĠĠĠĠĠĠĠĠĠĠĠĠĠĠĠĠĠĠĠĠĠĠĠĠĠĠĠĠĠĠĠĠĠĠĠĠĠĠ,9,0
54759,ocrats,9,0
54760,essieurs,9,0
54761,Ġharb,9,0
54762,Ġharrowing,9,0
54763,Ġshipyards,9,0
54764,Ġprotectorate,9,0
54767,ĠNeedy,9,0
54768,ĠNeoclassical,9,0
54770,ĠAbortion,9,0
54771,Ġnonroad,9,0
54772,Ġinternment,9,0
54773,ĠPoliez,9,0
54774,alda,9,0
54776,Ġpicky,9,0
54779,Ġpalpable,9,0
54780,iffed,9,0
54781,Ġdevising,9,0
54782,Ġdevouring,9,0
54783,Ġdevolving,9,0
54784,ĠPeer,9,0
54786,ĠPeabody,9,0
54787,ĠPeirce,9,0
54788,Ġ1180,9,0
54791,ritz,9,0
54794,Ġarchdeacon,9,0
54795,Ġcompliant,9,0
54797,Ġstationer,9,0
54799,Ġfortify,9,0
54800,ĠElon,9,0
54801,ĠElam,9,0
54803,ĠEligibility,9,0
54804,ĠElinor,9,0
54805,Ġordinal,9,0
54806,Ġquietest,9,0
54807,Ġwrongs,9,0
54808,Ġeducations,9,0
54809,Ġpooling,9,0
54810,Ġmethodical,9,0
54811,ĠAugustinian,9,0
54812,ĠSlater,9,0
54813,Ġencumbered,9,0
54814,ĠSwing,9,0
54815,ĠAccident,9,0
54817,ĠAccustomed,9,0
54818,ĠAccuracy,9,0
54819,Ġphotogenic,9,0
54820,ĠAfghans,9,0
54822,relations,9,0
54823,Ġcastanha,9,0
54824,Ġantiaircraft,9,0
54826,ĠAusten,9,0
54828,ĠMonuments,9,0
54829,ĠMonza,9,0
54830,Ġresultsoriented,9,0
54832,ĠParties,9,0
54833,Ġwildfire,9,0
54834,ukh,9,0
54835,ukl,9,0
54836,ukov,9,0
54837,ĠPalenquero,9,0
54839,ĠEmden,9,0
54840,ĠEmbr,9,0
54843,Ġafire,9,0
54844,Ġafoot,9,0
54846,Ġaficionados,9,0
54847,Ġmodelers,9,0
54848,Ġtotalitarian,9,0
54851,Ġstaffer,9,0
54852,",''",9,0
54853,Ġtreatise,9,0
54854,ĠAssass,9,0
54855,Ġfavoritism,9,0
54856,Ġmessiah,9,0
54857,Ġcleanly,9,0
54858,Ġmultitudes,9,0
54859,ĠBradlee,9,0
54861,Ġfixation,9,0
54864,Ġcreatively,9,0
54865,ĠTurow,9,0
54866,ĠTurista,9,0
54867,ĠItsukushima,9,0
54868,ĠLourenco,9,0
54869,ĠOffen,9,0
54870,ĠOffices,9,0
54871,Ġforwarding,9,0
54872,ĠNobility,9,0
54875,Ġmachin,9,0
54877,ĠSmokes,9,0
54878,ĠAfricana,9,0
54879,Ġstarters,9,0
54880,Ġstarlight,9,0
54881,Ġmisled,9,0
54882,Ġmisjud,9,0
54883,ĠEnka,9,0
54884,Ġbroadsword,9,0
54886,Ġmastermind,9,0
54887,",--_",9,0
54888,ĠMusique,9,0
54889,ĠIrons,9,0
54893,Ġzoos,9,0
54894,ĠAgreed,9,0
54895,ĠAgora,9,0
54898,ĠSeri,9,0
54899,Ġassociating,9,0
54900,Ġerrant,9,0
54901,Ġeroding,9,0
54902,ĠMicha,9,0
54904,ĠSeniors,9,0
54905,ĠSenegal,9,0
54907,ĠMadre,9,0
54909,strained,9,0
54910,ĠCourmayeur,9,0
54913,Ġprevails,9,0
54914,ĠCrimson,9,0
54915,ĠCramond,9,0
54916,Ġhallmark,9,0
54917,Ġfreighters,9,0
54918,Ġdammed,9,0
54919,ĠParkhurst,9,0
54921,Ġearthy,9,0
54923,ĠGlac,9,0
54925,ĠBoch,9,0
54926,ĠBoorman,9,0
54927,ĠLaRouche,9,0
54928,Ġnoticeably,9,0
54929,Ġjeering,9,0
54932,Ġmaterialize,9,0
54933,ĠRoscoe,9,0
54934,Ġtendons,9,0
54936,ĠSchumacher,9,0
54937,Ġconvulsion,9,0
54938,Ġfarmlands,9,0
54939,iquet,9,0
54940,ĠChet,9,0
54941,Ġtitanium,9,0
54942,ĠDesmond,9,0
54943,ĠDescriptions,9,0
54946,ĠGoodwill,9,0
54948,ĠDistillery,9,0
54950,ĠRoach,9,0
54951,Ġrepell,9,0
54952,Ġstrenuously,9,0
54953,Ġsizeable,9,0
54957,Ġprofessionalism,9,0
54958,ĠSteunenberg,9,0
54960,Ġopposites,9,0
54963,ĠAppearances,9,0
54965,Ġlaurel,9,0
54966,Ġlaureate,9,0
54967,Ġdesertion,9,0
54969,Ġurate,9,0
54970,ĠDoris,9,0
54971,ĠDorsey,9,0
54972,Ġdenote,9,0
54973,Ġdenomination,9,0
54975,Ġ249,9,0
54976,Ġpunitive,9,0
54978,seeking,9,0
54979,ĠSocialists,9,0
54980,Ġsculptural,9,0
54981,Ġcommentariat,9,0
54982,Ġeffortlessly,9,0
54983,171,9,0
54984,1799,9,0
54985,symbol,9,0
54986,Ġrosewindow,9,0
54988,Ġbeatings,9,0
54989,Ġbiases,9,0
54990,Ġbiologically,9,0
54991,ĠWindom,9,0
54992,Ġcupolas,9,0
54994,Ġweakling,9,0
54995,Ġ238,9,0
54996,Ġdemonic,9,0
54998,Ġbanquets,9,0
54999,Ġbika,9,0
55000,ĠBoyz,9,0
55001,ĠBoyle,9,0
55002,ĠDiscipl,9,0
55003,ĠHighlanders,9,0
55005,ĠImages,9,0
55007,1899,9,0
55008,1868,9,0
55009,Ġgarlands,9,0
55010,ĠMoriah,9,0
55011,Ġquarterfinals,9,0
55012,Ġtaro,9,0
55013,Ġliturgy,9,0
55014,ĠBlackman,9,0
55015,ĠChicano,9,0
55016,Ġdecorous,9,0
55017,ĠMilenio,9,0
55018,ĠBelmont,9,0
55019,Ġ228,9,0
55020,122,9,0
55021,"??),",9,0
55022,ĠFortresses,9,0
55024,Ġrebound,9,0
55025,Ġirises,9,0
55027,Ġoccupancy,9,0
55028,Ġimpressing,9,0
55030,ĠMerkel,9,0
55031,Ġsleet,9,0
55032,Ġsleazy,9,0
55033,Ġbraved,9,0
55035,Ġbrawny,9,0
55036,Ġbravado,9,0
55037,ĠGervais,9,0
55040,blower,9,0
55042,ĠHeliotrope,9,0
55043,ĠAssociations,9,0
55044,Ġpriori,9,0
55048,ĠSumitomo,9,0
55049,ĠSumatran,9,0
55050,Ġlogistical,9,0
55051,ĠOktch,9,0
55052,ĠBeforethewars,9,0
55053,Ġaltitudes,9,0
55054,boned,9,0
55055,Ġdebar,9,0
55056,Ġseniority,9,0
55058,ĠHumpty,9,0
55059,Ġembossed,9,0
55060,Ġrenters,9,0
55061,Ġgalvan,9,0
55062,ĠMacL,9,0
55064,ĠLucens,9,0
55065,ĠLucrezia,9,0
55066,Strap,9,0
55067,Ġpropositions,9,0
55069,Ġtickle,9,0
55070,ĠDaylight,9,0
55071,Ġclosings,9,0
55072,ĠWhereas,9,0
55073,ĠWherefore,9,0
55074,ĠUnderwood,9,0
55076,ĠUnderworld,9,0
55077,Ġwrestles,9,0
55078,Ġdecrees,9,0
55079,Ġliberating,9,0
55080,aksa,9,0
55081,Ġfurnaces,9,0
55082,Ġunfunny,9,0
55083,Ġremembrances,9,0
55084,ĠAuden,9,0
55086,ĠSpeier,9,0
55087,ĠColleoni,9,0
55089,stepping,9,0
55091,Ġ):,9,0
55092,Ġmaddening,9,0
55093,Ġharmlessly,9,0
55094,Ġgentlemanly,9,0
55095,ĠVictim,9,0
55099,Ġbuckskin,9,0
55100,Ġbuckshie,9,0
55101,Ġappreciates,9,0
55104,168,9,0
55105,ĠMagill,9,0
55107,Ġaccomplices,9,0
55109,Ġmutt,9,0
55110,Ġmuted,9,0
55111,Ġmutant,9,0
55112,Ġdiscounting,9,0
55113,ĠCarolana,9,0
55114,ĠReliable,9,0
55115,ĠMeta,9,0
55119,yeh,9,0
55122,Ġthrives,9,0
55123,ĠModule,9,0
55124,ĠSunshine,9,0
55127,ĠCorvette,9,0
55128,ĠCoronado,9,0
55129,Shea,9,0
55130,ĠVictorious,9,0
55131,Ġobligingly,9,0
55135,145,9,0
55136,1400,9,0
55139,Ġlimitless,9,0
55140,ĠSecretariat,9,0
55141,Ġmoonbeams,9,0
55142,ĠLaser,9,0
55143,IDA,9,0
55144,Ġgravelly,9,0
55145,Ġ311,9,0
55146,Ġcontentious,9,0
55147,ĠEstes,9,0
55150,ĠTerai,9,0
55152,ĠPeninsular,9,0
55153,ĠBabbitt,9,0
55155,ĠRockets,9,0
55156,ĠRogue,9,0
55157,ĠMaio,9,0
55159,137,9,0
55161,ĠBasis,9,0
55162,ĠLandow,9,0
55163,ĠMondrian,9,0
55164,Ġdissidents,9,0
55165,Ġdisservice,9,0
55166,ĠKingdoms,9,0
55167,ĠMemory,9,0
55168,ĠGarda,9,0
55171,Ġambushed,9,0
55172,ĠSummerSlam,9,0
55173,ĠSeljuk,9,0
55174,Ġtali,9,0
55175,ĠMoshe,9,0
55176,ĠMosqu,9,0
55177,ĠPetroleum,9,0
55178,224,9,0
55179,ĠSCENE,9,0
55181,ĠErnie,9,0
55183,ĠFellows,9,0
55186,Ġfanatical,9,0
55187,ĠDivisions,9,0
55188,ĠDivorce,9,0
55189,ĠTriglav,9,0
55190,ĠIbi,9,0
55192,Ġrevolve,9,0
55193,Ġrevolvers,9,0
55195,ĠSilently,9,0
55197,Ġthoroughness,9,0
55198,ĠForests,9,0
55200,Ġgangrene,9,0
55201,ĠProtests,9,0
55202,ĠBellies,9,0
55203,ĠHimachal,9,0
55204,ĠDeferred,9,0
55206,Ġfaulted,9,0
55208,Ġcrazed,9,0
55209,ĠJoanne,9,0
55211,Ard,9,0
55212,Archie,9,0
55214,ĠSupplies,9,0
55215,ĠSarge,9,0
55216,ĠGalleries,9,0
55218,Ġsemesters,9,0
55221,ĠKrusty,9,0
55223,Ġmelan,9,0
55224,ĠTOMMY,9,0
55225,Ġreputations,9,0
55226,ĠKiriyenko,9,0
55230,Ġmoralizing,9,0
55232,ĠMillard,9,0
55233,Ġjerky,9,0
55234,Ġtranslating,9,0
55238,ĠSeeor,9,0
55239,ĠImpolite,9,0
55242,Ġlockup,9,0
55243,Ġpredictably,9,0
55244,ĠHolan,9,0
55245,ĠFarrell,9,0
55246,ĠFarouk,9,0
55248,ĠHealthcare,9,0
55249,ĠHalo,9,0
55251,Alas,9,0
55252,Always,9,0
55253,ĠPublication,9,0
55254,Ġdevotedly,9,0
55255,charging,9,0
55256,ĠBorussia,9,0
55258,ĠSandstorm,9,0
55260,ĠFormat,9,0
55261,Ġstairways,9,0
55262,ĠBraille,9,0
55263,fronted,9,0
55264,ĠVolterra,9,0
55265,ĠVoluntary,9,0
55266,winner,9,0
55267,ĠAntonia,9,0
55268,Ancient,9,0
55269,Ġbelltower,9,0
55271,Ġmaximized,9,0
55272,Ġpediatric,9,0
55274,Ġrecyclables,9,0
55275,Ġterrify,9,0
55276,ĠBackpackers,9,0
55277,ĠLuz,9,0
55278,ĠLeonidas,9,0
55279,ĠLeonnatus,9,0
55280,ĠMarylanders,9,0
55282,ĠAzincourt,9,0
55283,ĠTimon,9,0
55284,Ġboldness,9,0
55285,Ġnitrates,9,0
55286,Ġhydration,9,0
55289,Ġmurmurs,9,0
55290,Ġhomily,9,0
55291,ĠPassion,9,0
55292,Ġkilograms,9,0
55293,Ġrumour,9,0
55294,ĠRethel,9,0
55296,Ġgraphically,9,0
55297,irostris,9,0
55299,ĠPoppins,9,0
55300,Ġpreparatory,9,0
55303,spot,9,0
55304,ĠMiriam,9,0
55305,ĠMirza,9,0
55306,Ġunwieldy,9,0
55307,Ġsimplification,9,0
55308,Ġvalidate,9,0
55310,ĠOxbellows,9,0
55312,ĠCallers,9,0
55313,ĠCallaghan,9,0
55314,Ġconstituting,9,0
55315,ĠParliamentary,9,0
55316,ĠPhilippians,9,0
55317,Ġretroactive,9,0
55318,Ġretrofitted,9,0
55319,ĠRocco,9,0
55320,ĠRocca,9,0
55321,Ġclinched,9,0
55323,ĠPoets,9,0
55324,ĠPozz,9,0
55325,ĠMotomachi,9,0
55326,Ġwanderers,9,0
55327,ĠBedesten,9,0
55328,Ġvocational,9,0
55329,Ġvociferous,9,0
55330,ĠKenyan,9,0
55331,Shar,9,0
55332,ĠMandate,9,0
55333,ĠMandatory,9,0
55334,ĠSaxons,9,0
55335,Ġmotivations,9,0
55336,Ġsympathized,9,0
55338,Ġ368,9,0
55340,Ġcannabis,9,0
55341,ĠAdded,9,0
55342,ĠAddress,9,0
55343,Ġrevolutionized,9,0
55344,ĠGordini,9,0
55345,Ġhorizons,9,0
55346,ĠGPO,9,0
55347,ĠCopeland,9,0
55348,Ġshamefaced,9,0
55349,ĠOlaf,9,0
55350,Ġ332,9,0
55351,Ġcinch,9,0
55352,Ġmentoring,9,0
55354,ĠLieu,9,0
55355,Ġannoys,9,0
55358,EMENTS,9,0
55359,ĠHunters,9,0
55360,ĠModernization,9,0
55361,Ġenclosing,9,0
55362,Ġrelieving,9,0
55363,Ġchatty,9,0
55367,Ġhornbill,9,0
55369,Ġlordly,9,0
55370,ĠBhopal,9,0
55371,ĠBharu,9,0
55372,speakers,9,0
55373,Ġbolstered,9,0
55374,Ġmalady,9,0
55375,Ġassertive,9,0
55376,Ġingrained,9,0
55377,Ġingrati,9,0
55379,GAGAS,9,0
55380,Ġprohibitive,9,0
55381,ĠHartford,9,0
55382,Ġgrimy,9,0
55383,Ġtaunt,9,0
55384,Ġtaunting,9,0
55385,ĠBrera,9,0
55386,Ġadoptive,9,0
55387,ĠJacobsen,9,0
55388,663,9,0
55389,Ġcobbler,9,0
55391,ĠTaivu,9,0
55392,Ġendearing,9,0
55393,Ġapologise,9,0
55394,Ġstabs,9,0
55395,ĠAlbion,9,0
55396,ĠAlbirex,9,0
55397,Ġrenewing,9,0
55398,ĠFilmfare,9,0
55399,Ġboosters,9,0
55400,Ġballoonist,9,0
55401,Ġerections,9,0
55402,ĠMonteverdi,9,0
55403,Ġsynonym,9,0
55404,ĠHurrah,9,0
55405,Ġrefresher,9,0
55406,ĠMuj,9,0
55407,ĠSpecialty,9,0
55408,ĠMohamed,9,0
55409,Ġuncompl,9,0
55410,Ġwashstand,9,0
55411,Ġcommanderies,9,0
55413,Forgive,9,0
55414,Ġcooperating,9,0
55415,ĠAlecia,9,0
55417,ĠMulticultural,9,0
55418,ĠMultipollutant,9,0
55419,ĠCasper,9,0
55420,Ġtraceable,9,0
55421,ĠStandardization,9,0
55422,ĠCreate,9,0
55423,ĠCreighton,9,0
55425,Ġbulletins,9,0
55426,Seek,9,0
55427,ĠLSD,9,0
55428,Married,9,0
55429,Ġtireless,9,0
55430,ĠRayfield,9,0
55432,ĠFreon,9,0
55433,ĠArmageddon,9,0
55434,Ġharshness,9,0
55437,Ġuncomfortably,9,0
55438,ĠCardysville,9,0
55439,Ġrustled,9,0
55442,Ġdiagnoses,9,0
55443,ĠThirdly,9,0
55444,Ġunneeded,9,0
55445,ĠFreeway,9,0
55446,Ġdiverged,9,0
55447,Ġdiverging,9,0
55448,ĠMainz,9,0
55449,ĠAnnecy,9,0
55450,Ġsubtemples,9,0
55451,Ġendeavours,9,0
55452,Canada,9,0
55453,ĠGhori,9,0
55454,ĠGhurid,9,0
55455,ĠPrincesses,9,0
55457,Ġunconnected,9,0
55458,Ġunconcealed,9,0
55460,Ġmarvelously,9,0
55462,Ġjurist,9,0
55463,ĠKatrina,9,0
55464,Ġcitizenry,9,0
55465,ĠViSalus,9,0
55466,Ġbackswing,9,0
55468,Ġdistracting,9,0
55469,Ġexcavating,9,0
55470,Ġsedately,9,0
55471,ĠFlea,9,0
55472,ĠFleischer,9,0
55473,ĠAnthology,9,0
55475,ĠRuivo,9,0
55476,Ġintrusted,9,0
55477,Ġintrusions,9,0
55478,ĠOfficially,9,0
55480,ĠSherwood,9,0
55482,ĠIncreases,9,0
55483,ĠFatima,9,0
55484,Ġcarnage,9,0
55485,Ġcarnivorous,9,0
55486,Reformation,9,0
55487,Ġspiritualism,9,0
55488,395,9,0
55489,ĠDynastic,9,0
55490,Ġwinsome,9,0
55491,ĠAlongside,9,0
55492,ĠAlcoholics,9,0
55493,ĠRhodesia,9,0
55494,Ġnominate,9,0
55495,ĠRamsay,9,0
55496,ORATION,9,0
55498,552,9,0
55499,ĠTobin,9,0
55501,Unless,9,0
55502,ĠFORT,9,0
55503,Ġprecipitated,9,0
55504,ĠMessina,9,0
55505,ĠExperimental,9,0
55506,Ġthreading,9,0
55507,ĠHigashiyama,9,0
55508,ĠHigbald,9,0
55509,ĠAbdi,9,0
55510,ĠMorty,9,0
55511,ĠTraditions,9,0
55512,ĠRicans,9,0
55513,ĠRichey,9,0
55514,Ġdisgruntled,9,0
55515,Ġhopelessness,9,0
55516,Orleans,9,0
55517,Ġ1705,9,0
55518,Ġ1708,9,0
55521,ĠPadma,9,0
55522,Ġvibrations,9,0
55523,Ġpreface,9,0
55524,ĠLegislators,9,0
55526,ĠTanakh,9,0
55529,Ġcorrupting,9,0
55531,ĠTufte,9,0
55532,ĠBaha,9,0
55533,ĠColombier,9,0
55535,Ġcartoonist,9,0
55536,584,9,0
55537,ĠSephardic,9,0
55538,Ġdischarging,9,0
55539,ĠPrimera,9,0
55540,ĠPunic,9,0
55541,ĠDVI,9,0
55543,ĠTrooper,9,0
55544,ĠDinosaurs,9,0
55545,Ġcodification,9,0
55546,ĠMansfield,9,0
55547,ĠVizcarra,9,0
55548,Ġreproaches,9,0
55549,ĠExpanding,9,0
55550,Ġreorganizing,9,0
55551,ĠSteinem,9,0
55552,ĠToyama,9,0
55553,ĠInfante,9,0
55554,Beat,9,0
55555,Ġgreedily,9,0
55556,Ġorphaned,9,0
55557,Ġkarma,9,0
55558,ĠCaleb,9,0
55559,ĠWhitnall,9,0
55560,Quick,9,0
55561,ĠCaesars,9,0
55562,Ġcontemplative,9,0
55563,Ġomissions,9,0
55564,ĠPleasure,9,0
55565,Ġabstinence,9,0
55566,ĠKanha,9,0
55568,ĠPhysician,9,0
55569,mindedness,9,0
55570,discharge,9,0
55571,ĠHohen,9,0
55573,Ġbuzzards,9,0
55574,Ġproportioned,9,0
55577,Ġtoothache,9,0
55578,ĠJavaScript,9,0
55579,ĠInterestingly,9,0
55580,consuming,9,0
55581,ĠHitchcock,9,0
55583,Ġescalated,9,0
55585,recorded,9,0
55586,ĠMISSION,9,0
55587,ĠPolytechnic,9,0
55588,Ġdisadvantaged,9,0
55589,Ġhawks,9,0
55590,ĠOdshi,9,0
55591,ĠOddleifson,9,0
55592,Ġpromulgation,9,0
55593,drinking,9,0
55594,Ġvillainous,9,0
55595,ĠFullerton,9,0
55596,ĠBaptists,9,0
55597,ĠGlenridding,9,0
55600,production,9,0
55601,Ġshrilly,9,0
55602,Ġsidelong,9,0
55603,Ġlingam,9,0
55605,ĠKoontz,9,0
55606,Ġapplauds,9,0
55608,Ġnutritious,9,0
55609,ĠPackard,9,0
55610,Ġperpetuate,9,0
55611,Neuf,9,0
55612,Ġsprawls,9,0
55613,Ġprejudiced,9,0
55614,Ġhyperlink,9,0
55615,Ġhyperbolic,9,0
55617,ĠCaucus,9,0
55618,ĠMisen,9,0
55620,ĠBrewers,9,0
55621,Ġpunishable,9,0
55622,ĠPierrepoint,9,0
55624,ĠRefaat,9,0
55625,ĠEighteen,9,0
55626,Ġvisualize,9,0
55627,ĠShinoda,9,0
55628,ĠScreenplay,9,0
55629,ĠQuarterly,9,0
55630,ĠHenriques,9,0
55631,Ġcinematic,9,0
55632,Ġsourced,9,0
55633,ĠManga,9,0
55634,ĠBanner,9,0
55636,ĠKonstanze,9,0
55637,ĠUmma,9,0
55639,ĠTutu,9,0
55640,Ġcumbersome,9,0
55641,ĠSATs,9,0
55642,ĠFunland,9,0
55643,Ġemigrate,9,0
55646,ĠTakah,9,0
55648,Ġcoincidences,9,0
55649,ĠEmmett,9,0
55650,Ġsupremely,9,0
55651,ĠMachico,9,0
55652,ĠFitzsimmons,9,0
55653,Ġcongregated,9,0
55654,ĠSakai,9,0
55655,ĠOccurrence,9,0
55656,Ġsquatters,9,0
55657,Ġholiness,9,0
55658,Ġholiest,9,0
55659,Ġstalemate,9,0
55660,ĠWaltz,9,0
55661,ĠYOUR,9,0
55662,ĠSeasonal,9,0
55663,Ġramrod,9,0
55664,ĠDolce,9,0
55665,Ġrefrigerant,9,0
55667,Plus,9,0
55668,sixth,9,0
55671,ĠPelham,9,0
55672,ĠIRa,9,0
55673,ĠMAGIC,9,0
55674,ĠOtsego,9,0
55675,ĠKorakian,9,0
55676,Ġsubtlety,9,0
55677,Ġaffiliates,9,0
55678,Ġjurisprudence,9,0
55679,Ġpython,9,0
55682,Ġcatastrophes,9,0
55683,Ġboules,9,0
55684,ĠWatteau,9,0
55685,ĠClarendon,9,0
55686,ĠBegins,9,0
55687,ĠIntegration,9,0
55691,ĠVSLY,9,0
55692,ĠHerodotus,9,0
55693,ĠQuintanilla,9,0
55694,Ġpetitioning,9,0
55695,Ġethnologic,9,0
55696,Samad,9,0
55698,Ġtutors,9,0
55700,Ġquintas,9,0
55701,Ġruffians,9,0
55702,Ġ1771,9,0
55704,Ġfelons,9,0
55705,ĠICs,9,0
55706,ĠMiyagi,9,0
55707,ĠUruguayan,9,0
55708,Ġunkindly,9,0
55709,Ġndby,9,0
55710,ĠSulloway,9,0
55711,ĠMixtecs,9,0
55712,ĠNitric,9,0
55713,ĠKasuga,9,0
55714,Ġreferenda,9,0
55715,ĠAwake,9,0
55716,ĠWeatherman,9,0
55717,ĠEugenia,9,0
55718,iphon,9,0
55720,Ġsirens,9,0
55722,Ġransomed,9,0
55723,Ġchronically,9,0
55724,Ġcrusades,9,0
55725,Ġrestraints,9,0
55726,ĠPeriodic,9,0
55727,ĠPeriodicals,9,0
55728,ĠCredibility,9,0
55729,ĠMoby,9,0
55730,Ġcelerity,9,0
55731,ĠIgnatius,9,0
55732,ĠJardins,9,0
55733,ĠDebra,9,0
55734,Ġcategorization,9,0
55735,ĠKaahumanu,9,0
55736,ĠClaudius,9,0
55737,Ġcatalogues,9,0
55738,ĠIsham,9,0
55740,ĠKurdistan,9,0
55741,ĠBeaubourg,9,0
55743,ĠCunanan,9,0
55744,ĠCuninghame,9,0
55745,Ġbrakeman,9,0
55746,Ġunbelieving,9,0
55747,ĠMacedonians,9,0
55748,Anyway,9,0
55750,Ġstewards,9,0
55751,ĠBassin,9,0
55752,ĠPapal,9,0
55753,ĠPosse,9,0
55755,ĠRoundhead,9,0
55756,Ġvowel,9,0
55757,Ġcrudely,9,0
55758,Ġrefreshingly,9,0
55760,ĠCUTHBERT,9,0
55761,ĠCashmere,9,0
55762,Ġvetting,9,0
55763,populated,9,0
55764,Ġembarkation,9,0
55765,Ġcosmology,9,0
55766,Ġshockingly,9,0
55768,ĠOstia,9,0
55770,Ġderivation,9,0
55771,Ġundertakings,9,0
55772,hotep,9,0
55773,trips,9,0
55774,ĠAqueduct,9,0
55775,ĠMaeander,9,0
55776,ĠStreisand,9,0
55777,Ġbeckoning,9,0
55778,ĠFilipinos,9,0
55779,Ġphilosophically,9,0
55780,Ġfragmentary,9,0
55781,Ġisolationist,9,0
55782,Ġhijacked,9,0
55784,Ġfrenetic,9,0
55785,ĠMathematical,9,0
55788,Ġabdication,9,0
55789,ĠRifle,9,0
55790,ĠAdrienne,9,0
55791,builders,9,0
55792,Ġecstatically,9,0
55793,Sanam,9,0
55795,ĠSpecter,9,0
55798,ĠCampaigns,9,0
55799,Ġzealots,9,0
55800,Ġcavernous,9,0
55802,Christophe,9,0
55803,ĠObjective,9,0
55804,ĠTottenham,9,0
55805,ĠAGCO,9,0
55806,imbursements,9,0
55807,ĠRiordan,9,0
55808,Ġoverdone,9,0
55809,Ġoverdue,9,0
55810,ĠManufacturers,9,0
55812,Ġshrieking,9,0
55815,Ġoverflow,9,0
55816,Ġevacuation,9,0
55817,ĠAdvertisers,9,0
55818,HOOD,9,0
55819,Paradise,9,0
55820,Ġwielding,9,0
55821,Ġbartered,9,0
55822,ĠPamukkale,9,0
55824,ĠGambino,9,0
55825,ĠRolin,9,0
55826,ĠRumeli,9,0
55828,Ġinvariable,9,0
55831,Ġdismantling,9,0
55832,ĠStrangely,9,0
55833,Ġrehabilitated,9,0
55834,Carry,9,0
55835,Cartery,9,0
55836,Ġrascally,9,0
55837,Ġrascals,9,0
55838,Ġseamless,9,0
55841,ĠFolcut,9,0
55842,Ġconvex,9,0
55843,ĠOwner,9,0
55844,ĠKohl,9,0
55845,Ġamiably,9,0
55846,ĠFrisco,9,0
55847,Ġinterceptions,9,0
55848,ĠKerrville,9,0
55850,ĠShimotsuke,9,0
55851,Ġdisgustedly,9,0
55852,ĠSlezak,9,0
55853,ĠBoolean,9,0
55854,ĠCristina,9,0
55855,Smilisca,9,0
55857,Ġreverie,9,0
55858,ĠBoulaye,9,0
55859,ĠWoolf,9,0
55860,ĠWoolard,9,0
55861,ĠGobind,9,0
55862,ĠChalmers,9,0
55863,Ġordinances,9,0
55864,Ġnegotiable,9,0
55865,Madam,9,0
55866,magnetic,9,0
55868,ĠSedgwick,9,0
55869,ĠBrigadier,9,0
55870,Ġshuddering,9,0
55872,Ġuprooted,9,0
55873,ĠChandragupta,9,0
55875,ĠLeimaren,9,0
55876,ĠDeVito,9,0
55877,Ġimprovise,9,0
55879,ĠSulfates,9,0
55880,Ġhaggle,9,0
55881,ĠYemenite,9,0
55882,ĠCambodians,9,0
55883,Months,9,0
55884,ĠSulphur,9,0
55887,Ġinterchangeably,9,0
55889,Ġdigestion,9,0
55890,Ġobstinately,9,0
55891,Ġobstinacy,9,0
55892,ĠDocumentary,9,0
55893,ĠAUDITS,9,0
55895,Ġdisruptive,9,0
55896,Ġglorify,9,0
55898,ĠPrepare,9,0
55899,Ġentreating,9,0
55900,ĠAthena,9,0
55901,ĠRequired,9,0
55902,Ġpenalized,9,0
55903,Ġsymphonies,9,0
55904,Ġmulching,9,0
55907,ĠBagnes,9,0
55908,ĠBachchan,9,0
55909,ĠPahang,9,0
55910,Ġsegregated,9,0
55911,Ġlikable,9,0
55912,Ġimprinted,9,0
55913,ĠScarlet,9,0
55914,ĠMcDougal,9,0
55915,Ġapostles,9,0
55916,goddess,9,0
55921,ĠDieter,9,0
55923,ĠArbela,9,0
55924,Ġdemeanour,9,0
55925,Ġsemiconductor,9,0
55926,ĠLeninist,9,0
55927,Twelve,9,0
55930,ĠCantor,9,0
55931,ĠHagfish,9,0
55932,Ġimpersonal,9,0
55933,Ġrighteousness,9,0
55934,ĠMarlene,9,0
55935,ĠShiite,9,0
55936,ĠShiroyama,9,0
55937,Ġrobberies,9,0
55938,Charlie,9,0
55939,ĠRodrigues,9,0
55941,Ġthirtieth,9,0
55942,ĠCelal,9,0
55943,ĠHutchins,9,0
55945,ĠGianni,9,0
55946,Ġbackpacking,9,0
55947,Ġreprised,9,0
55948,Ġreprints,9,0
55950,Ġpleadingly,9,0
55952,false,9,0
55954,title,9,0
55955,titled,9,0
55956,ĠCimiez,9,0
55957,ĠDornum,9,0
55958,Ġunforgivable,9,0
55959,Ġpartisanship,9,0
55960,ĠUnicorn,9,0
55963,Ġquarreled,9,0
55964,Ġdramatist,9,0
55965,ĠPACs,9,0
55966,Ġromanization,9,0
55967,Ġquayside,9,0
55968,ĠBrokaw,9,0
55969,Ġfiend,9,0
55970,ĠMickie,9,0
55971,ĠBrentwood,9,0
55972,Ġgullies,9,0
55973,Ġgullible,9,0
55974,ĠDegrees,9,0
55975,ĠGuildhall,9,0
55976,ĠOpportunities,9,0
55977,Ġdisobedient,9,0
55978,ĠBleeding,9,0
55979,ĠWeinstein,9,0
55980,Ġrestructured,9,0
55981,Landes,9,0
55982,hevsky,9,0
55983,Ġforsake,9,0
55984,ĠYoshino,9,0
55986,Japan,9,0
55987,ĠPermission,9,0
55988,ĠWondering,9,0
55989,ĠDovey,9,0
55990,Ġexemplified,9,0
55991,Ġcaliphate,9,0
55993,ĠBoothby,9,0
55996,Ġreversal,9,0
55997,seekers,9,0
55998,ĠPERFORM,9,0
55999,Ġliveryman,9,0
56001,ĠGwendolyn,9,0
56002,Ġvitamin,9,0
56003,Ġflattery,9,0
56004,Ġdrowsily,9,0
56005,Ġdemoralizing,9,0
56006,Ġunsuspected,9,0
56007,Ġunbearably,9,0
56008,Galante,9,0
56010,Ġnuanced,9,0
56011,ĠIstiklal,9,0
56013,Ġdegraded,9,0
56014,ĠChihuly,9,0
56015,Ġbarcoding,9,0
56018,Karabakh,9,0
56019,Republic,9,0
56020,Ġwriggled,9,0
56021,Ġwriggling,9,0
56022,ĠTorture,9,0
56023,Ġraspy,9,0
56024,Ġclogged,9,0
56025,ĠInquiries,9,0
56026,Ġunmanageable,9,0
56028,Ġarcherfish,9,0
56029,ĠAlgonquin,9,0
56031,ĠRebels,9,0
56032,Ġsignposts,9,0
56033,ĠOrchard,9,0
56034,Ġauthoritarianism,9,0
56035,Ġcalibrate,9,0
56036,dependent,9,0
56037,ĠSergey,9,0
56038,ĠSalamonca,9,0
56039,ĠTaoist,9,0
56040,Ġrepertoire,9,0
56044,Ġunicameral,9,0
56045,ĠValdez,9,0
56046,Ġscreech,9,0
56047,Ġimpassable,9,0
56048,Ġcaravanserai,9,0
56049,ĠJewelweed,9,0
56050,Ġimperturb,9,0
56051,Ġmaibas,9,0
56052,Ġmobilized,9,0
56053,Ġmobilization,9,0
56054,ĠBartolomeo,9,0
56055,Acclimatation,9,0
56056,FIELD,9,0
56057,Friends,9,0
56058,ĠDaschle,9,0
56059,ĠDismal,9,0
56061,Ġretaliate,9,0
56062,Ġmoorland,9,0
56063,Ġinflammatory,9,0
56064,Ġfairest,9,0
56065,Ġembankments,9,0
56066,ĠStratton,9,0
56067,ĠFeminists,9,0
56068,Ġcaymans,9,0
56069,ĠPLUCK,9,0
56070,Ġablutions,9,0
56071,ĠOddly,9,0
56072,Ġassimilation,9,0
56073,Ġassimilated,9,0
56075,ĠPrecisely,9,0
56076,Ġcontraception,9,0
56077,Ġprefixes,9,0
56079,ĠHapsburgs,9,0
56080,Museum,9,0
56082,ĠLentils,9,0
56084,Ġoutflow,9,0
56085,Ġoutflows,9,0
56086,ĠKandahar,9,0
56087,Ġdisbursement,9,0
56089,Ġinsensitive,9,0
56090,measured,9,0
56091,ĠConsulting,9,0
56092,Ġfalsehoods,9,0
56093,ĠInnocence,9,0
56094,Hindu,9,0
56095,Ġtrespass,9,0
56096,Ġtrespassing,9,0
56097,Ġwrecking,9,0
56098,Ġfustrate,9,0
56099,ĠIglesias,9,0
56100,ĠCognitive,9,0
56103,ĠEurasian,9,0
56104,Ġmyrtles,9,0
56105,ĠKampen,9,0
56106,Ġenumerated,9,0
56107,Ġtreasuries,9,0
56108,ĠCaracas,9,0
56109,ĠMurderers,9,0
56110,ĠModerate,9,0
56111,Ġunexplained,9,0
56112,Australian,9,0
56113,Double,9,0
56114,Waterloo,9,0
56115,ĠWitherspoon,9,0
56116,ĠLourdes,9,0
56117,ĠGraphical,9,0
56118,ĠChoctaws,9,0
56119,ĠArsenio,9,0
56120,ĠPercentage,9,0
56121,Ġignominious,9,0
56122,Ġlifespan,9,0
56123,Riviyre,9,0
56124,croft,9,0
56125,military,9,0
56126,Ġdurability,9,0
56127,Ġgerbils,9,0
56128,ĠCategories,9,0
56129,Ġjaunty,9,0
56131,ĠKubrick,9,0
56132,ĠStructured,9,0
56133,Ġboycotts,9,0
56134,Ġdecadent,9,0
56135,Ġredefined,9,0
56137,ĠSoderbergh,9,0
56138,Ġunderscored,9,0
56139,Ġunderscores,9,0
56141,ĠBoilermaker,9,0
56142,Ġjeopardized,9,0
56143,Aryan,9,0
56144,northwest,9,0
56145,surely,9,0
56146,Ġaperture,9,0
56147,Ġoverextended,9,0
56148,Ġpeso,9,0
56150,ĠThessaly,9,0
56151,ĠMolloy,9,0
56152,ĠBlandy,9,0
56153,ĠLothians,9,0
56155,Ġblatant,9,0
56156,explosive,9,0
56157,Ġforetaste,9,0
56158,ĠZurich,9,0
56159,ĠXerox,9,0
56160,ĠXerxes,9,0
56161,Ġgravestones,9,0
56162,ĠTraveller,9,0
56163,ĠNOECs,9,0
56164,Ġtelenovelas,9,0
56165,ĠMaccabees,9,0
56166,Ġlynx,9,0
56167,ĠSokol,9,0
56168,ĠDedicated,9,0
56170,ĠProdigal,9,0
56171,Ġtwirled,9,0
56172,Ġtransistor,9,0
56173,Ġtelephoned,9,0
56174,Ġvirtuosity,9,0
56175,Ġvirtuoso,9,0
56176,ĠBharatiya,9,0
56177,Oriental,9,0
56178,Ġtheologian,9,0
56179,Ġtheologians,9,0
56181,ĠDohrn,9,0
56182,ĠEidyn,9,0
56183,Ġarsenal,9,0
56184,Ġrediscovering,9,0
56185,ĠOrdinarily,9,0
56186,Ġundefined,9,0
56188,ĠSkopelos,9,0
56189,ĠAttempts,9,0
56190,Ġcannibalism,9,0
56192,ĠSERVICES,9,0
56193,ĠAerosols,9,0
56194,Ġastrologers,9,0
56195,ĠBolshevik,9,0
56197,Ġborrower,9,0
56198,Ġfizzled,9,0
56201,ĠWisdom,9,0
56202,ĠLendy,9,0
56203,ĠLazio,9,0
56204,ĠRieff,9,0
56205,indulgent,9,0
56206,ĠUdaipur,9,0
56207,Ġperpetrators,9,0
56208,Ġcontagious,9,0
56209,Ġguilds,9,0
56210,Ġreminiscences,9,0
56211,Ġsurrogate,9,0
56213,Ġsunbathe,9,0
56215,ĠZamboni,9,0
56216,Ġannihilated,9,0
56217,ĠPalisades,9,0
56218,ĠMartyrs,9,0
56219,Ġbiochemist,9,0
56220,ĠSTANDARDS,9,0
56221,ĠHonestly,9,0
56222,crowns,9,0
56223,ĠGabrielle,9,0
56224,ĠCagliostro,9,0
56225,Besides,9,0
56226,Ġmaddened,9,0
56227,ĠBieber,9,0
56228,ĠPiazzetta,9,0
56230,ĠDuggan,9,0
56231,ĠLASNNY,9,0
56232,ĠRazak,9,0
56233,Ġvassal,9,0
56234,ĠChiaha,9,0
56235,Ġgrudging,9,0
56236,Ġdeserter,9,0
56237,Ġenthroned,9,0
56238,ĠMarauder,9,0
56239,Ġdiscoverer,9,0
56240,ĠBlankley,9,0
56241,ĠCharlemont,9,0
56243,ĠCrabbe,9,0
56244,ĠPanamanians,9,0
56245,Mosque,9,0
56247,Ġottava,9,0
56248,Ġegalitarian,9,0
56249,ĠBaudelaire,9,0
56250,ĠWinchester,9,0
56252,ĠForsyth,9,0
56253,Ġchorused,9,0
56255,ĠRulers,9,0
56256,ĠEcclesiastes,9,0
56257,ĠEversen,9,0
56258,ĠOyster,9,0
56259,ĠKlaus,9,0
56260,Ġunflattering,9,0
56261,Ġflinched,9,0
56263,ĠBargaining,9,0
56264,ĠDelgado,9,0
56265,Ġenlargement,9,0
56267,Casino,9,0
56268,Puyo,9,0
56270,ĠBismarck,9,0
56271,Ġbyproducts,9,0
56272,ĠLuddites,9,0
56273,ĠGorkha,9,0
56274,industrial,9,0
56275,Ġgrammatical,9,0
56276,Ġrepudiated,9,0
56277,Ġhummocks,9,0
56278,Ġposthumously,9,0
56279,ĠBenchmarking,9,0
56280,Ġcorrida,9,0
56281,ĠMcLeod,9,0
56282,ĠGlamour,9,0
56283,ĠKeithel,9,0
56284,SAMPA,9,0
56285,ĠPanjie,9,0
56286,ĠDynamics,9,0
56287,ĠLorenzetti,9,0
56288,ĠMETHOD,9,0
56289,Gordon,9,0
56290,Lithuanian,9,0
56291,Tibetan,9,0
56293,ĠAwareness,9,0
56294,ĠArieiro,9,0
56296,ĠSBIR,9,0
56297,ĠSaffron,9,0
56298,ĠMatalin,9,0
56299,ĠFokker,9,0
56300,ĠDixie,9,0
56301,ĠUriah,9,0
56303,Ġprerogative,9,0
56304,Ġstatuettes,9,0
56305,Ġinsomnia,9,0
56307,Ġcaecilians,9,0
56308,ĠZanuck,9,0
56309,ĠTofukuji,9,0
56311,Ġexistentialist,9,0
56312,Ġsuperlative,9,0
56313,ĠBurrangong,9,0
56314,ĠMurfreesborough,9,0
56315,ĠGiordano,9,0
56316,ĠHuguenot,9,0
56317,ĠCADET,9,0
56318,Ġcovetous,9,0
56319,Private,9,0
56322,Ġalderman,9,0
56323,reliant,9,0
56324,Ġpotholes,9,0
56326,academic,9,0
56327,ĠSuharto,9,0
56328,ĠSermon,9,0
56329,ĠMeshkov,9,0
56330,ĠFidesz,9,0
56331,ĠDraghi,9,0
56332,ĠRihanna,9,0
56333,Ġroguish,9,0
56335,ĠReznor,9,0
56336,Ġavalanche,9,0
56337,ĠCalabria,9,0
56338,ĠPalazzolo,9,0
56339,Ġimmaculate,9,0
56341,ĠPawnee,9,0
56342,ĠCHURCH,9,0
56343,Ġepidemics,9,0
56344,ĠMOBAs,9,0
56345,ĠENEMY,9,0
56346,Ġinfinitesimal,9,0
56347,Massachusetts,9,0
56348,municipality,9,0
56349,Ġfickle,9,0
56350,Ġmignonette,9,0
56351,ĠTostig,9,0
56353,ĠSurya,9,0
56354,ĠCrescent,9,0
56355,ĠMideast,9,0
56356,ĠHelsinki,9,0
56357,ĠPichola,9,0
56358,Ġdexterity,9,0
56359,ĠNairobi,9,0
56360,ĠRyoanji,9,0
56361,Ġalwus,9,0
56362,Ġaborigines,9,0
56363,Ġmeagre,9,0
56364,Ġunnerving,9,0
56366,Ġscuttle,9,0
56368,Ġincarnations,9,0
56369,Ġglucose,9,0
56371,ĠAbstract,9,0
56372,ĠSensoji,9,0
56373,ĠApennines,9,0
56374,ĠCardinale,9,0
56378,Ġdisconcerted,9,0
56379,ĠRESPON,9,0
56380,Absolutely,9,0
56381,coratifs,9,0
56382,holiday,9,0
56383,Ġluscious,9,0
56384,Ġlukewarm,9,0
56385,Ġyuppie,9,0
56386,Ġhepatitis,9,0
56387,ĠCREEK,9,0
56388,ĠHONOR,9,0
56389,ĠHlaing,9,0
56390,ĠPaphos,9,0
56392,Ġshapeless,9,0
56393,ĠDundee,9,0
56395,ĠJutland,9,0
56396,ĠEufaula,9,0
56397,ĠHeilpern,9,0
56399,ĠYoyogi,9,0
56400,ĠYevgeny,9,0
56401,ĠUzziah,9,0
56402,Ġunappealing,9,0
56403,Ġpremeditated,9,0
56404,Ġfleshy,9,0
56405,Ġbetokened,9,0
56406,ĠLefkes,9,0
56407,ĠLevesh,9,0
56408,ĠAmadeus,9,0
56409,Ġantidote,9,0
56410,ĠBankruptcy,9,0
56411,Ġcannabino,9,0
56412,ĠTelescope,9,0
56413,ĠKuradase,9,0
56414,ĠPRINCE,9,0
56415,ĠBeechworth,9,0
56416,ĠVijayanagar,9,0
56417,ĠHasmonean,9,0
56418,Lightspeed,9,0
56419,Tropez,9,0
56421,instrument,9,0
56422,Ġpuddings,9,0
56423,ĠTysons,9,0
56424,ĠTokeiji,9,0
56425,Ġghettos,9,0
56426,llabic,9,0
56427,ĠImelda,9,0
56428,ĠSaldivar,9,0
56429,ĠSigeferth,9,0
56430,ĠSNCF,9,0
56431,Ġforsooth,9,0
56433,ĠWagga,9,0
56434,ĠFushimi,9,0
56435,ĠDenderah,9,0
56436,Ġchiffon,9,0
56437,ĠJacek,9,0
56438,ĠJoktan,9,0
56439,ĠJollibee,9,0
56440,ĠOueen,9,0
56441,ĠOTTR,9,0
56442,ĠKuralt,9,0
56443,ĠKangsar,9,0
56444,Ġdiabolical,9,0
56445,ĠChiasmocleis,9,0
56446,ĠVodafone,9,0
56447,Ġsmorgasbord,9,0
56448,Ġdesegregation,9,0
56451,Ġdiscotheques,9,0
56452,ĠShuisky,9,0
56453,ĠForqueray,9,0
56457,Ġcircumspect,9,0
56458,ĠGlaisher,9,0
56459,ĠLogevall,9,0
56460,ĠBrookings,9,0
56462,ĠMacAlpin,9,0
56463,ĠBuccaneers,9,0
56464,ĠMetochites,9,0
56465,ĠKhufu,9,0
56466,ĠCorbusier,9,0
56467,ĠSiddiq,9,0
56468,ĠPennzoil,9,0
56469,ĠKrummh,9,0
56470,ĠSrivijaya,9,0
56472,Inglethorp,9,0
66,^,8,0
98,~,8,0
1018,Ġserv,8,0
1500,Ġ198,8,0
1694,agement,8,0
1718,ruct,8,0
1789,Ġbenef,8,0
1826,resent,8,0
1863,Ġoper,8,0
1972,Ġpriv,8,0
1991,rench,8,0
2058,ample,8,0
2637,cient,8,0
2638,Ġeduc,8,0
2931,Ġfamil,8,0
3116,raid,8,0
3168,Ġarg,8,0
3233,ushed,8,0
3269,allas,8,0
3288,medi,8,0
3382,Ġphys,8,0
3781,ĠAnge,8,0
3845,ossible,8,0
3969,Ġconsum,8,0
4054,----------------,8,0
4377,Ġaltern,8,0
4410,hedral,8,0
4517,Ġexcell,8,0
4801,utch,8,0
4860,peror,8,0
4914,bered,8,0
5221,pected,8,0
5438,Ġoblig,8,0
5521,cluded,8,0
5580,inois,8,0
5660,edding,8,0
5706,mosp,8,0
5769,Ġmedic,8,0
6147,ether,8,0
6393,seless,8,0
6474,quar,8,0
6487,idential,8,0
6761,asures,8,0
7174,stance,8,0
7353,ambling,8,0
7395,icious,8,0
7465,Ġfant,8,0
7672,ĠHond,8,0
7956,Ġfrag,8,0
8136,ordin,8,0
8199,ĠBord,8,0
8627,agues,8,0
8769,ounced,8,0
8870,Ġrejo,8,0
8895,ĠTib,8,0
9102,Ġbree,8,0
9171,Ġimpe,8,0
9330,Ġveter,8,0
9401,ective,8,0
9404,ĠIndepend,8,0
9464,avor,8,0
9698,istent,8,0
9718,ĠSudden,8,0
9818,ĠHend,8,0
10011,Ġrhy,8,0
10076,ĠMuh,8,0
10104,ĠScient,8,0
10108,throp,8,0
10243,VID,8,0
10321,ĠAnim,8,0
10351,ambers,8,0
10655,ĠAe,8,0
10714,ĠGuadal,8,0
10941,esty,8,0
11030,GAS,8,0
11160,ĠNether,8,0
11360,imental,8,0
11378,ignment,8,0
11415,erves,8,0
11434,Ġmortg,8,0
11460,unction,8,0
11526,piration,8,0
11723,Ġcance,8,0
11810,Ġmaj,8,0
11826,pton,8,0
12106,ĠFem,8,0
12327,chant,8,0
12442,Ġstim,8,0
12571,Ġimprison,8,0
12679,vic,8,0
12763,itivity,8,0
12775,ieur,8,0
13045,ĠPract,8,0
13139,bourg,8,0
13159,aics,8,0
13288,ammar,8,0
13419,ĠCaes,8,0
13813,jah,8,0
13880,iciencies,8,0
13915,ĠSaud,8,0
13989,ĠHitch,8,0
14030,uctions,8,0
14076,resa,8,0
14080,uez,8,0
14152,Ġsynd,8,0
14360,Ġoxid,8,0
14375,yards,8,0
14479,archy,8,0
14674,Ġtempor,8,0
14681,athetic,8,0
14710,onymous,8,0
14723,vation,8,0
14820,Ġtheat,8,0
14828,ĠAbr,8,0
14850,ounted,8,0
14853,Ġoverc,8,0
14918,lore,8,0
14949,Ġdiscrimin,8,0
15053,liers,8,0
15139,ĠBened,8,0
15141,ĠHud,8,0
15169,Ġextrem,8,0
15344,ĠCra,8,0
15351,ulative,8,0
15489,itionally,8,0
15529,Ġdishon,8,0
15589,ishn,8,0
15598,Ġcoinc,8,0
15620,ĠSanti,8,0
15685,mented,8,0
15887,Aub,8,0
16128,Ġbount,8,0
16177,iversary,8,0
16274,Ġguer,8,0
16435,oulos,8,0
16469,ĠChatah,8,0
16932,Ġindef,8,0
17282,Ġlingu,8,0
17397,gian,8,0
17475,ĠQuant,8,0
17705,stable,8,0
17842,inth,8,0
17848,ouched,8,0
17896,urers,8,0
17960,natural,8,0
18183,ĠKurd,8,0
18197,ĠAlph,8,0
18217,covery,8,0
18322,ĠCun,8,0
18409,Ġirrig,8,0
18419,ĠTermin,8,0
18645,Ġaug,8,0
19189,oct,8,0
19223,Ġexult,8,0
19240,ogical,8,0
19313,ĠGiul,8,0
19324,ulsion,8,0
19518,ĠFlorent,8,0
19604,eous,8,0
19739,netic,8,0
19785,cane,8,0
19821,ĠMathe,8,0
20065,ĠAdri,8,0
20236,ĠThur,8,0
20481,ĠAls,8,0
20647,ĠIber,8,0
20681,eland,8,0
20686,ivia,8,0
20838,ych,8,0
20854,Ġinh,8,0
20910,hesis,8,0
20913,idently,8,0
20929,Ġdepri,8,0
20943,prot,8,0
21057,uaries,8,0
21109,ĠWyn,8,0
21174,ĠRee,8,0
21376,orem,8,0
21477,strate,8,0
21590,bek,8,0
21613,asal,8,0
21619,stood,8,0
21727,Ġphysic,8,0
21736,casting,8,0
21767,Ġmelod,8,0
21938,ificent,8,0
21973,ĠPhilos,8,0
22008,oshima,8,0
22146,ĠGob,8,0
22175,Ġresur,8,0
22300,ĠInvestig,8,0
22462,Ġhass,8,0
22702,entin,8,0
22709,adan,8,0
22744,emin,8,0
22767,ĠKarn,8,0
22958,angaroo,8,0
22984,papa,8,0
23083,Ġunacc,8,0
23092,ancies,8,0
23273,Ġrehears,8,0
23298,Ġtheor,8,0
23311,lemy,8,0
23313,Ġthrob,8,0
23342,Ġmang,8,0
23609,erne,8,0
23963,velled,8,0
24030,ĠVlad,8,0
24037,Ġimpr,8,0
24049,ellar,8,0
24088,ĠCarm,8,0
24285,enz,8,0
24301,ayama,8,0
24331,ĠNeb,8,0
24513,respons,8,0
24530,contin,8,0
24591,Ġpacif,8,0
24736,ĠUg,8,0
24761,Ġempir,8,0
24787,aney,8,0
25021,vos,8,0
25023,vae,8,0
25082,ĠLt,8,0
25122,landers,8,0
25125,Ġattribut,8,0
25386,Wor,8,0
25391,cult,8,0
25395,hounds,8,0
25437,imas,8,0
25582,ĠMcN,8,0
25822,Ġwhims,8,0
25893,clusion,8,0
25952,aims,8,0
25975,aggers,8,0
25996,roduction,8,0
26194,ouin,8,0
26202,leigh,8,0
26289,ĠStall,8,0
26608,esp,8,0
26644,ĠBish,8,0
26743,angel,8,0
26799,unching,8,0
26864,Chap,8,0
26913,Ġmonopol,8,0
26969,Ġlymph,8,0
27036,zig,8,0
27037,zek,8,0
27070,stated,8,0
27087,rilla,8,0
27105,ĠNIA,8,0
27133,akusa,8,0
27142,Ġimb,8,0
27619,ĠFavor,8,0
27636,Ġexempl,8,0
27640,Ġabnorm,8,0
27742,rawl,8,0
27863,iotics,8,0
28076,ayment,8,0
28098,ĠHick,8,0
28102,kerel,8,0
28107,Ġkos,8,0
28146,ĠEGU,8,0
28215,cium,8,0
28260,ĠCarly,8,0
28445,broke,8,0
28482,Ġprolifer,8,0
28641,ĠBure,8,0
28648,ceph,8,0
28741,ĠBrut,8,0
29208,ĠREP,8,0
29380,oula,8,0
29382,ĠSerge,8,0
29708,ĠAry,8,0
29726,ĠSear,8,0
29732,irac,8,0
29762,ĠPomp,8,0
29779,unches,8,0
29846,ĠChit,8,0
29899,phys,8,0
30059,evich,8,0
30151,heartedly,8,0
30311,jou,8,0
30388,ĠPaw,8,0
30410,ĠDism,8,0
30439,igated,8,0
30454,ĠInvent,8,0
30527,ĠArist,8,0
30553,iento,8,0
30633,opsis,8,0
30748,asmuch,8,0
30826,Ġhandicraft,8,0
30985,Ġoverest,8,0
31012,ĠTosh,8,0
31023,enting,8,0
31050,ĠBury,8,0
31057,ĠHern,8,0
31072,andal,8,0
31114,abis,8,0
31223,orkers,8,0
31652,Rom,8,0
31660,crit,8,0
31742,amura,8,0
31777,Ġfrater,8,0
31837,ĠThom,8,0
31887,otha,8,0
32002,ĠPeac,8,0
32196,ĠEvalu,8,0
32460,rach,8,0
32474,Ġwre,8,0
32535,ĠSart,8,0
32608,ustered,8,0
32621,ffen,8,0
32625,oneys,8,0
32729,ologic,8,0
32925,Chic,8,0
33083,pillars,8,0
33167,Austral,8,0
33261,direct,8,0
33363,etted,8,0
33365,ĠSuff,8,0
33375,ĠCic,8,0
33440,ĠRang,8,0
33508,Ġscape,8,0
33521,obacter,8,0
33525,Ġreprim,8,0
33617,ĠZap,8,0
33634,ĠGujar,8,0
33835,spread,8,0
34125,CB,8,0
34133,Ge,8,0
34155,awe,8,0
34165,draw,8,0
34192,varez,8,0
34194,wak,8,0
34196,warts,8,0
34299,ĠBump,8,0
34322,ĠWies,8,0
34417,Ġunse,8,0
34555,ĠQin,8,0
34657,ĠBroder,8,0
34681,imentary,8,0
34748,Ġjuxtap,8,0
34814,ĠStafford,8,0
34867,Ġrattles,8,0
35074,cation,8,0
35075,cope,8,0
35078,finger,8,0
35340,ogenous,8,0
35391,Ġdistaste,8,0
35398,ĠLeb,8,0
35415,Ġmethyl,8,0
35563,ĠQuar,8,0
35839,Ġlacquer,8,0
35949,ĠUzbek,8,0
36030,frog,8,0
36041,mass,8,0
36054,yll,8,0
36070,onium,8,0
36104,icz,8,0
36106,Ġlank,8,0
36138,ĠSait,8,0
36140,ĠSplend,8,0
36141,ĠSkept,8,0
36282,agra,8,0
36291,ocene,8,0
36292,odic,8,0
36303,ĠKang,8,0
36414,Ġsubvers,8,0
36610,strom,8,0
36800,remont,8,0
37123,Game,8,0
37179,tight,8,0
37224,alp,8,0
37249,adis,8,0
37287,ĠMasc,8,0
37361,ĠRoo,8,0
37376,Ġexoner,8,0
37448,ĠVij,8,0
37453,Ġscrib,8,0
37540,ĠAtkins,8,0
37842,ĠSupervis,8,0
38032,Ġquadr,8,0
38260,Ing,8,0
38305,loy,8,0
38346,onado,8,0
38355,Ġfizz,8,0
38412,utsche,8,0
38457,ĠWis,8,0
38468,estine,8,0
38479,ĠLend,8,0
38491,ĠRie,8,0
38519,osive,8,0
38534,indul,8,0
38570,ubble,8,0
38607,Ġguild,8,0
38619,Ġreminisc,8,0
38630,Ġsurrog,8,0
38777,Ġannih,8,0
38852,ĠPalis,8,0
38915,ĠMarty,8,0
38919,Ġbiochem,8,0
39027,ĠHonest,8,0
39050,crown,8,0
39152,balance,8,0
39154,ĠGabri,8,0
39524,Mich,8,0
39525,Made,8,0
39545,bir,8,0
39556,hane,8,0
39638,Ġpau,8,0
39715,ĠCoro,8,0
39786,ĠDum,8,0
39833,Ġjost,8,0
39943,wells,8,0
39977,ĠAlta,8,0
40027,Ġexpost,8,0
40043,ĠRece,8,0
40051,etsu,8,0
40180,ambic,8,0
40489,ĠCruel,8,0
40585,driver,8,0
40604,ogeny,8,0
40780,critical,8,0
40897,Mah,8,0
40904,Rome,8,0
40929,dou,8,0
40962,rums,8,0
40968,tus,8,0
40993,atious,8,0
41047,Ġgurg,8,0
41073,ĠSchie,8,0
41165,ĠFro,8,0
41166,ĠFir,8,0
41201,ĠLon,8,0
41277,ĠThun,8,0
41282,Ġteak,8,0
41292,ĠKats,8,0
41293,ĠKara,8,0
41336,ruk,8,0
41486,ikawa,8,0
41615,afr,8,0
41667,ĠSynt,8,0
41716,ĠSamar,8,0
41884,LAB,8,0
42181,worms,8,0
42264,mortem,8,0
42402,Hon,8,0
42406,JF,8,0
42416,Mel,8,0
42452,dies,8,0
42490,tah,8,0
42533,ouet,8,0
42556,arou,8,0
42564,ĠTomm,8,0
42603,Ġbegu,8,0
42632,ĠSest,8,0
42689,ĠHagg,8,0
42691,ĠHald,8,0
42701,opted,8,0
42753,ĠNad,8,0
42769,ĠGoth,8,0
42789,ĠJaw,8,0
42799,ĠEE,8,0
42852,Ġenrich,8,0
42886,ĠVul,8,0
42891,ĠVICT,8,0
42908,ĠWex,8,0
42962,hened,8,0
43003,eks,8,0
43045,Ġdeprec,8,0
43082,mina,8,0
43157,ĠTran,8,0
43183,valuation,8,0
43206,comers,8,0
43228,rites,8,0
43241,cientific,8,0
43472,Ġreciproc,8,0
43473,character,8,0
43533,ĠNicol,8,0
43741,ĠICR,8,0
44031,orescence,8,0
44175,ritt,8,0
44187,wah,8,0
44275,asim,8,0
44535,idea,8,0
44747,atsch,8,0
45405,ravity,8,0
56473,").""",8,0
56474,+.,8,0
56475,",-",8,0
56476,"-""",8,0
56477,".,""",8,0
56478,260,8,0
56479,280,8,0
56481,440,8,0
56482,475,8,0
56483,428,8,0
56484,528,8,0
56485,810,8,0
56486,895,8,0
56487,Aug,8,0
56488,Add,8,0
56489,ABC,8,0
56490,Att,8,0
56491,AEW,8,0
56492,Ariel,8,0
56493,Burn,8,0
56494,Buck,8,0
56495,Budd,8,0
56497,Block,8,0
56498,Boris,8,0
56499,Bosheth,8,0
56501,Caur,8,0
56503,Canton,8,0
56505,Course,8,0
56506,Dam,8,0
56507,Dem,8,0
56508,Deb,8,0
56509,Dream,8,0
56510,Drop,8,0
56511,DEAR,8,0
56512,Ep,8,0
56513,Elect,8,0
56514,Esc,8,0
56516,Eighty,8,0
56517,Fle,8,0
56518,Fish,8,0
56520,FORD,8,0
56521,Gi,8,0
56522,Gar,8,0
56525,Hu,8,0
56526,Hol,8,0
56527,Haut,8,0
56529,Hero,8,0
56530,HSA,8,0
56531,Il,8,0
56532,Ign,8,0
56533,Iran,8,0
56535,Joan,8,0
56536,Joker,8,0
56537,Jorat,8,0
56538,KC,8,0
56539,Kas,8,0
56540,Kid,8,0
56542,Kao,8,0
56543,Later,8,0
56544,Lang,8,0
56546,Lenin,8,0
56547,MR,8,0
56548,Mem,8,0
56549,Making,8,0
56550,Mission,8,0
56551,Major,8,0
56553,Much,8,0
56556,Mario,8,0
56558,NI,8,0
56559,Non,8,0
56560,Nil,8,0
56561,NAT,8,0
56563,Nokia,8,0
56564,Od,8,0
56565,Om,8,0
56569,Pet,8,0
56570,Piazza,8,0
56574,Radio,8,0
56575,Sor,8,0
56576,Sub,8,0
56577,Sleep,8,0
56578,Show,8,0
56579,SSA,8,0
56580,SBA,8,0
56581,Series,8,0
56582,SIM,8,0
56583,Smart,8,0
56584,Sesame,8,0
56586,Saharan,8,0
56587,Ted,8,0
56588,Tommy,8,0
56589,Tales,8,0
56592,Truth,8,0
56595,UK,8,0
56597,VR,8,0
56599,Vol,8,0
56600,Villa,8,0
56603,Video,8,0
56604,Wad,8,0
56605,Wig,8,0
56606,Wind,8,0
56607,Wave,8,0
56608,Wee,8,0
56610,Xenohyla,8,0
56611,YN,8,0
56612,Yo,8,0
56613,Yan,8,0
56616,Zork,8,0
56617,];,8,0
56618,"_""",8,0
56620,bak,8,0
56624,bosheth,8,0
56626,cin,8,0
56628,cion,8,0
56633,correct,8,0
56634,certainly,8,0
56640,either,8,0
56643,fers,8,0
56647,fatal,8,0
56648,farm,8,0
56649,firing,8,0
56650,fixed,8,0
56651,focused,8,0
56655,gaz,8,0
56656,gium,8,0
56657,gencies,8,0
56658,giver,8,0
56662,gathering,8,0
56666,hards,8,0
56669,hidden,8,0
56670,horns,8,0
56676,kala,8,0
56678,kowski,8,0
56679,kdar,8,0
56680,kreis,8,0
56684,mom,8,0
56688,mitted,8,0
56689,missions,8,0
56690,meyer,8,0
56691,machi,8,0
56694,nort,8,0
56696,nette,8,0
56699,ocean,8,0
56700,ozoic,8,0
56703,pans,8,0
56705,prem,8,0
56707,pollutant,8,0
56708,puya,8,0
56710,ranked,8,0
56711,sat,8,0
56713,save,8,0
56714,sons,8,0
56716,sport,8,0
56717,saf,8,0
56718,sett,8,0
56719,soul,8,0
56720,summer,8,0
56721,tte,8,0
56722,taint,8,0
56724,tales,8,0
56728,trying,8,0
56730,ufer,8,0
56733,vs,8,0
56734,vign,8,0
56735,voting,8,0
56737,yi,8,0
56740,zu,8,0
56741,zas,8,0
56743,zcz,8,0
56744,Ġ~,8,0
56745,"Ġ!""",8,0
56746,Ġtard,8,0
56749,Ġtrog,8,0
56750,Ġtandem,8,0
56752,Ġtcho,8,0
56753,Ġtamar,8,0
56756,Ġtertiary,8,0
56757,Ġtassik,8,0
56758,heri,8,0
56759,heard,8,0
56760,Ġafe,8,0
56761,Ġaverse,8,0
56765,inha,8,0
56767,reh,8,0
56768,repe,8,0
56769,reau,8,0
56770,reting,8,0
56773,received,8,0
56774,rehension,8,0
56775,requesters,8,0
56778,Ġsence,8,0
56779,Ġsilt,8,0
56781,Ġwades,8,0
56782,Ġwadded,8,0
56790,ndy,8,0
56795,Ġbouts,8,0
56798,Ġbiodiversity,8,0
56799,Ġbionomics,8,0
56802,Ġcio,8,0
56803,Ġcipher,8,0
56804,Ġcinders,8,0
56805,Ġcatech,8,0
56807,itaine,8,0
56810,ouc,8,0
56811,oug,8,0
56812,ouz,8,0
56813,oule,8,0
56819,Ġfucking,8,0
56820,Ġfintech,8,0
56821,orfer,8,0
56826,Ġmaimed,8,0
56827,Ġmastic,8,0
56828,Ġmiscal,8,0
56829,Ġmapping,8,0
56831,Ġpide,8,0
56832,Ġpren,8,0
56833,Ġpav,8,0
56839,Ġpining,8,0
56841,Ġpuls,8,0
56848,Ġhumpy,8,0
56849,Ġhoneysuckle,8,0
56850,Ġtoils,8,0
56851,Ġdan,8,0
56854,Ġditty,8,0
56855,Ġdunks,8,0
56856,Ġduds,8,0
56858,Ġinel,8,0
56859,Ġinning,8,0
56862,ĠTJ,8,0
56864,ĠTing,8,0
56865,ĠTse,8,0
56867,ĠTog,8,0
56868,ĠTere,8,0
56869,ĠTory,8,0
56873,ĠTanks,8,0
56876,ĠTusk,8,0
56877,ĠTahan,8,0
56880,ĠTikkun,8,0
56882,least,8,0
56883,leima,8,0
56884,Ġnter,8,0
56885,Ġnosing,8,0
56886,Ġnailing,8,0
56887,Ġnagging,8,0
56888,Ġnukes,8,0
56894,Ġluring,8,0
56895,Ġlaut,8,0
56898,Ġgulp,8,0
56900,ĠIe,8,0
56903,ĠImb,8,0
56904,ĠIban,8,0
56905,ĠICA,8,0
56907,ĠIonic,8,0
56909,ĠIffen,8,0
56911,Ġisolate,8,0
56912,ĠThel,8,0
56913,ĠTheoret,8,0
56914,ĠAro,8,0
56916,ĠAPA,8,0
56918,ĠAuction,8,0
56920,ĠAFF,8,0
56921,ĠADSL,8,0
56925,Ġbefitting,8,0
56928,idings,8,0
56930,Ġeke,8,0
56932,Ġeying,8,0
56933,Ġeee,8,0
56935,stud,8,0
56937,stars,8,0
56938,stakes,8,0
56939,Ġreborn,8,0
56940,Ġreaping,8,0
56941,Ġreopening,8,0
56942,Ġyit,8,0
56944,Ġyem,8,0
56945,Ġyaller,8,0
56948,utin,8,0
56949,utri,8,0
56954,root,8,0
56956,etes,8,0
56957,ĠSR,8,0
56958,ĠSven,8,0
56959,ĠSile,8,0
56960,ĠSick,8,0
56961,ĠSuc,8,0
56962,ĠSending,8,0
56963,ĠSita,8,0
56964,ĠSaved,8,0
56967,ĠSieur,8,0
56968,ĠSEND,8,0
56969,ĠSomeday,8,0
56972,imals,8,0
56973,imura,8,0
56976,Ġstaining,8,0
56977,Ġstoning,8,0
56978,Ġstammer,8,0
56981,sem,8,0
56985,iria,8,0
56988,Ġforcible,8,0
56990,amore,8,0
56999,urists,8,0
57000,ĠCain,8,0
57001,ĠCus,8,0
57003,ĠCep,8,0
57005,ĠCaught,8,0
57007,ĠCuis,8,0
57008,ĠCripp,8,0
57009,ĠCMS,8,0
57010,ĠCorman,8,0
57011,ĠCenotaph,8,0
57012,ĠCrips,8,0
57014,ĠMT,8,0
57015,ĠMb,8,0
57018,ĠMens,8,0
57021,ĠMunch,8,0
57022,ĠMald,8,0
57024,ĠMoral,8,0
57026,ĠMette,8,0
57027,ĠMais,8,0
57028,ĠMatala,8,0
57032,ĠMCCJ,8,0
57033,Ġanoint,8,0
57036,ĠBam,8,0
57037,ĠBail,8,0
57039,ĠBov,8,0
57043,ĠBoring,8,0
57044,ĠBode,8,0
57051,rigan,8,0
57052,rign,8,0
57053,rigged,8,0
57054,riya,8,0
57057,ĠHues,8,0
57058,ĠHows,8,0
57062,ĠHennie,8,0
57063,ĠHurd,8,0
57064,ĠHugues,8,0
57066,ĠHoused,8,0
57067,ĠHmm,8,0
57068,ĠHickory,8,0
57069,ĠHenson,8,0
57071,ĠHisham,8,0
57072,ĠHaskins,8,0
57073,ĠHumboldt,8,0
57076,Ġaspires,8,0
57077,chart,8,0
57079,chaux,8,0
57081,Ġnothink,8,0
57082,Ġatrocious,8,0
57084,terror,8,0
57087,ilization,8,0
57089,herited,8,0
57092,opan,8,0
57094,opera,8,0
57095,ophyll,8,0
57096,optera,8,0
57097,opposite,8,0
57101,ĠPax,8,0
57103,ĠPius,8,0
57105,ĠPaine,8,0
57106,ĠPesc,8,0
57111,ĠPisan,8,0
57113,ĠPitching,8,0
57115,ĠPirelli,8,0
57116,ĠPidgin,8,0
57117,ĠkWh,8,0
57118,Ġksa,8,0
57121,Ġrica,8,0
57126,Ġrationally,8,0
57127,Ġius,8,0
57128,Ġiambic,8,0
57129,Ġdoze,8,0
57131,olom,8,0
57132,Ġsender,8,0
57134,ĠWired,8,0
57136,ĠWhew,8,0
57137,ĠWinger,8,0
57138,ĠWidespread,8,0
57139,ĠWARD,8,0
57140,ĠWORD,8,0
57143,Ġshiner,8,0
57145,ulam,8,0
57146,ulata,8,0
57149,Ġdeple,8,0
57150,Ġdeuce,8,0
57151,thm,8,0
57153,thief,8,0
57154,thanks,8,0
57156,Ġmanmade,8,0
57158,Ġmaniac,8,0
57162,unum,8,0
57163,unking,8,0
57165,univers,8,0
57166,unlike,8,0
57168,ĠFX,8,0
57169,ĠFever,8,0
57174,ĠFrug,8,0
57176,ĠFuk,8,0
57177,ĠFiles,8,0
57179,ĠFeds,8,0
57182,ĠFayed,8,0
57183,ĠFogg,8,0
57185,ĠFierce,8,0
57187,ĠFannings,8,0
57189,alliance,8,0
57190,estro,8,0
57196,umka,8,0
57197,ĠDs,8,0
57199,ĠDost,8,0
57202,ĠDung,8,0
57208,ĠDuffy,8,0
57209,ĠDapple,8,0
57213,emakers,8,0
57216,Ġchords,8,0
57219,ĠNJ,8,0
57220,ĠNem,8,0
57221,ĠNoy,8,0
57222,ĠNip,8,0
57223,ĠNog,8,0
57225,ĠNamed,8,0
57226,ĠNana,8,0
57227,ĠNino,8,0
57228,ĠNatter,8,0
57229,ĠNaf,8,0
57230,ĠNasa,8,0
57232,ĠNLS,8,0
57233,ĠNovo,8,0
57234,ĠNishi,8,0
57235,ĠNunn,8,0
57236,ĠNantes,8,0
57237,ĠNibs,8,0
57240,Ġprosc,8,0
57243,Ġplowing,8,0
57244,Ġplurality,8,0
57245,Ġconch,8,0
57247,ĠLace,8,0
57248,ĠLond,8,0
57249,ĠLign,8,0
57250,ĠLever,8,0
57251,ĠLept,8,0
57252,ĠLatter,8,0
57255,ĠLago,8,0
57257,ĠLIL,8,0
57260,ĠLanchester,8,0
57261,ĠLyss,8,0
57262,ĠLviv,8,0
57264,ĠLiang,8,0
57265,ĠLatham,8,0
57266,ĠLippo,8,0
57267,ĠLOKI,8,0
57269,ĠGhe,8,0
57271,ĠGric,8,0
57272,ĠGoon,8,0
57273,ĠGama,8,0
57275,ĠGoul,8,0
57276,ĠGita,8,0
57277,ĠGIs,8,0
57279,ĠGutt,8,0
57280,ĠGMA,8,0
57281,ĠGotti,8,0
57282,ĠGatica,8,0
57283,quil,8,0
57285,iei,8,0
57287,ĠRens,8,0
57288,ĠRhen,8,0
57289,ĠRating,8,0
57290,ĠRana,8,0
57292,ĠRugg,8,0
57294,ĠReward,8,0
57296,ĠRATE,8,0
57298,ĠRerun,8,0
57299,istles,8,0
57300,abas,8,0
57303,ĠJav,8,0
57304,ĠJock,8,0
57305,ĠJowers,8,0
57307,ĠJae,8,0
57308,ĠJez,8,0
57310,ĠJovi,8,0
57312,ĠJabal,8,0
57313,ĠJNET,8,0
57314,ĠJorat,8,0
57315,ĠJLab,8,0
57316,ĠJQA,8,0
57322,Ġcometh,8,0
57325,Ġvino,8,0
57326,Ġvihara,8,0
57327,Ġexot,8,0
57328,Ġexalt,8,0
57329,Ġsoar,8,0
57330,Ġsoaps,8,0
57332,Ġsuitors,8,0
57337,Ġjing,8,0
57338,Ġjolt,8,0
57339,Ġjingling,8,0
57341,Ġalms,8,0
57344,ĠEury,8,0
57345,ĠEder,8,0
57346,ĠEze,8,0
57347,ĠEbert,8,0
57349,ĠEpic,8,0
57352,ĠEASA,8,0
57355,ĠEtche,8,0
57356,ĠEMI,8,0
57357,ĠEVERY,8,0
57359,ĠEOIR,8,0
57360,Ġabuser,8,0
57361,Ġabbeys,8,0
57363,igate,8,0
57364,igans,8,0
57367,ĠItap,8,0
57368,Ġoutings,8,0
57371,Ġmez,8,0
57374,ĠHez,8,0
57375,ĠHector,8,0
57376,ĠHeaney,8,0
57377,Ġwheed,8,0
57378,ĠOch,8,0
57380,ĠOman,8,0
57383,ĠOwari,8,0
57386,Ġcanter,8,0
57387,Ġcanyons,8,0
57388,ongest,8,0
57389,asti,8,0
57390,Ġupland,8,0
57391,Ġupmarket,8,0
57392,udas,8,0
57393,Ġtrance,8,0
57394,Ġtrashing,8,0
57396,agic,8,0
57402,ocin,8,0
57405,ocop,8,0
57408,Ġintimated,8,0
57409,Ġintegers,8,0
57410,Ġintestines,8,0
57411,Ġthereto,8,0
57415,Ġwillin,8,0
57416,ĠThad,8,0
57418,ĠThieves,8,0
57419,ĠThamel,8,0
57421,--(,8,0
57423,Ġusps,8,0
57424,Ġclashing,8,0
57427,ĠInge,8,0
57428,ĠInsect,8,0
57429,ĠYa,8,0
57430,ĠYus,8,0
57431,ĠYek,8,0
57432,ĠYuan,8,0
57433,ĠYella,8,0
57434,ĠYoda,8,0
57435,ĠYoshi,8,0
57436,ĠYemin,8,0
57438,Ġfeint,8,0
57440,Ġagone,8,0
57441,Ġague,8,0
57442,Ġagonies,8,0
57443,Ġaggrotech,8,0
57444,ageal,8,0
57445,ĠKhe,8,0
57446,ĠKop,8,0
57447,ĠKost,8,0
57448,ĠKast,8,0
57449,ĠKoc,8,0
57450,ĠKib,8,0
57456,ĠKilda,8,0
57458,ĠKwa,8,0
57459,ĠKahn,8,0
57462,ĠKiosk,8,0
57463,ĠKombat,8,0
57464,ĠKremlin,8,0
57467,ounting,8,0
57470,Ġblotted,8,0
57471,Ġblurring,8,0
57474,Ġdia,8,0
57475,Ġdiets,8,0
57476,ĠUps,8,0
57478,ĠUrea,8,0
57479,ĠUPPL,8,0
57480,ĠUccello,8,0
57481,actress,8,0
57485,ĠStal,8,0
57486,ĠStyl,8,0
57487,ĠStalingrad,8,0
57488,ĠStaubach,8,0
57489,ipo,8,0
57491,iparous,8,0
57492,ishima,8,0
57493,Ġunen,8,0
57494,Ġuniter,8,0
57497,Ġunifying,8,0
57504,Ġunchecked,8,0
57505,Ġunprofessional,8,0
57506,Ġunquestioned,8,0
57507,Ġunerring,8,0
57508,Ġoverture,8,0
57509,Ġoverloaded,8,0
57511,Ġoverstatement,8,0
57512,Ġadieu,8,0
57513,Ġadverb,8,0
57514,Ġadheres,8,0
57515,Ġadhering,8,0
57516,Ġquid,8,0
57517,Ġquake,8,0
57518,Ġquail,8,0
57519,Ġprude,8,0
57520,Ġpranced,8,0
57521,Ġprudently,8,0
57522,ressions,8,0
57523,aryotes,8,0
57525,ondition,8,0
57528,Ġjustifiably,8,0
57529,Ġpervers,8,0
57531,Ġperusing,8,0
57533,Ġworkfare,8,0
57534,Ġworkfarers,8,0
57536,Ġspel,8,0
57537,Ġspiced,8,0
57538,Ġspayed,8,0
57540,adell,8,0
57541,adella,8,0
57543,ĠChh,8,0
57546,ĠChlor,8,0
57548,ĠChucky,8,0
57549,ĠCholas,8,0
57551,ahism,8,0
57552,ahana,8,0
57557,clan,8,0
57559,ubi,8,0
57561,angays,8,0
57562,Ġgrime,8,0
57565,Ġdished,8,0
57566,Ġdisarming,8,0
57567,Ġdisruptions,8,0
57568,Ġdisordered,8,0
57569,Ġdisobeying,8,0
57572,Ġrioting,8,0
57573,ĠVf,8,0
57574,ĠVet,8,0
57575,ĠVoy,8,0
57577,ĠVisions,8,0
57578,ĠVida,8,0
57579,ĠVita,8,0
57581,ĠViva,8,0
57582,ĠViri,8,0
57583,ĠVidy,8,0
57584,ĠVocal,8,0
57585,ĠVicksburg,8,0
57586,cky,8,0
57590,otherwise,8,0
57593,Ġamassed,8,0
57594,Ġparte,8,0
57595,format,8,0
57596,formice,8,0
57597,Ġscones,8,0
57598,Ġscoured,8,0
57599,Ġscribes,8,0
57602,Ġsmitten,8,0
57605,ĠShelly,8,0
57606,Ġseein,8,0
57607,Ġmuck,8,0
57608,weger,8,0
57609,weeds,8,0
57612,Ġpreform,8,0
57614,Ġprewar,8,0
57615,Ġprequel,8,0
57616,Ġpreemptive,8,0
57617,Ġchildbirth,8,0
57621,Ġbrittle,8,0
57622,Ġbrash,8,0
57623,Ġbrung,8,0
57624,Ġbrunch,8,0
57625,Ġbackfired,8,0
57630,Ġflitting,8,0
57633,Ġflannels,8,0
57636,ometers,8,0
57637,feated,8,0
57638,Ġpoise,8,0
57639,Ġpointers,8,0
57641,awing,8,0
57642,Ġunderage,8,0
57643,Ġundercut,8,0
57644,Ġlongboat,8,0
57645,obot,8,0
57649,obello,8,0
57651,Ġcram,8,0
57652,Ġcrunching,8,0
57653,Ġmenaced,8,0
57654,Ġdesiring,8,0
57655,Ġdesolated,8,0
57656,Ġeverytime,8,0
57657,Ġattaches,8,0
57658,Ġattribution,8,0
57659,Ġattrition,8,0
57660,tele,8,0
57662,Ġreposs,8,0
57663,Ġrepute,8,0
57664,Ġrepainted,8,0
57665,Ġrepressive,8,0
57666,Ġcarves,8,0
57667,Ġheretic,8,0
57668,Ġreciter,8,0
57670,Ġrecoil,8,0
57673,encia,8,0
57674,ĠWhites,8,0
57675,Ġacceded,8,0
57677,grained,8,0
57679,ĠAno,8,0
57680,ĠAnan,8,0
57681,ĠAnka,8,0
57682,ĠAnkara,8,0
57683,Ġcommencing,8,0
57684,Ġcommuting,8,0
57685,Ġreman,8,0
57686,Ġremission,8,0
57687,Ġremonstrate,8,0
57688,athlete,8,0
57690,ĠUnrest,8,0
57692,ovita,8,0
57694,atchie,8,0
57695,othin,8,0
57696,Ġhelms,8,0
57697,Ġdiffusion,8,0
57698,Ġdifficile,8,0
57700,Ġwring,8,0
57702,ĠAsgard,8,0
57705,Ġslither,8,0
57706,Ġsloop,8,0
57708,ĠAlle,8,0
57711,ĠAloud,8,0
57712,ĠAlachua,8,0
57713,Ġbeluga,8,0
57715,Ġcountenances,8,0
57716,angels,8,0
57717,verson,8,0
57718,Ġrelocating,8,0
57723,Ġpolio,8,0
57724,Ġincensed,8,0
57725,Ġincisive,8,0
57726,Ġacumen,8,0
57727,Ġhomemaker,8,0
57728,Ġlarn,8,0
57729,ysh,8,0
57734,Ġ318,8,0
57735,ĠBrue,8,0
57736,ĠBrits,8,0
57737,ĠBracco,8,0
57738,ĠBronson,8,0
57741,Ġdecathlon,8,0
57742,Ġdeciphered,8,0
57745,ĠNewtown,8,0
57748,Ġglade,8,0
57749,Ġglittered,8,0
57750,Ġevict,8,0
57751,Ġevasive,8,0
57752,Ġevangel,8,0
57753,Ġswind,8,0
57754,Ġswastika,8,0
57755,Ġconsignment,8,0
57756,Ġservile,8,0
57757,Ġendear,8,0
57758,Ġendorses,8,0
57759,Ġretest,8,0
57760,Ġretable,8,0
57761,Ġretires,8,0
57762,Ġretiree,8,0
57764,lias,8,0
57765,liff,8,0
57766,liber,8,0
57767,lipped,8,0
57770,Ġwhitewash,8,0
57771,azel,8,0
57772,Ġmonor,8,0
57773,Ġmonal,8,0
57775,Ġmonosy,8,0
57776,Ġmoniker,8,0
57781,Ġearls,8,0
57782,Ġfrigate,8,0
57783,ĠAron,8,0
57784,ĠArter,8,0
57785,ĠArons,8,0
57786,ĠArque,8,0
57787,ĠArgy,8,0
57788,ĠArmas,8,0
57790,ĠArkin,8,0
57791,ĠArlen,8,0
57792,ĠArrange,8,0
57793,ĠArrondissements,8,0
57797,ĠLeah,8,0
57798,ĠLeka,8,0
57799,Ġaddicts,8,0
57800,Ġrequisition,8,0
57801,Ġmeaner,8,0
57802,Ġmeanly,8,0
57804,ĠMariano,8,0
57805,ĠMaraa,8,0
57806,ĠMarcia,8,0
57807,ĠMarzena,8,0
57809,ĠNoon,8,0
57810,Ġ1811,8,0
57812,Ġgenital,8,0
57813,Ġgenially,8,0
57814,Ġwarrants,8,0
57815,Ġexpires,8,0
57816,Ġdiscomp,8,0
57817,Ġredress,8,0
57818,Ġredeploy,8,0
57820,Ġinterrelated,8,0
57821,ĠClap,8,0
57822,ĠClue,8,0
57823,ĠClans,8,0
57824,Ġvisas,8,0
57825,ĠOnsen,8,0
57826,Ġuntamed,8,0
57827,Ġpopulate,8,0
57828,Ġpayday,8,0
57829,Ġpayback,8,0
57830,shur,8,0
57831,shall,8,0
57832,shared,8,0
57834,Ġleftovers,8,0
57835,Ġschoolboys,8,0
57838,ĠShield,8,0
57839,ĠShape,8,0
57841,ĠShips,8,0
57842,ĠShasta,8,0
57843,Ġrealizable,8,0
57844,Ġwatchmen,8,0
57845,Ġwatchtowers,8,0
57847,Ġcurfew,8,0
57849,lessons,8,0
57850,Ġdifferentiation,8,0
57851,Ġdifferentiated,8,0
57852,Ġminibus,8,0
57853,Ġpassports,8,0
57854,ĠReyes,8,0
57855,ĠRehabilitation,8,0
57856,ĠSomewhat,8,0
57858,Ġ518,8,0
57861,Ġ565,8,0
57862,execut,8,0
57863,excuse,8,0
57865,Ġcoups,8,0
57866,Ġ470,8,0
57867,Ġ476,8,0
57868,Ġ463,8,0
57869,ashita,8,0
57870,ashiro,8,0
57871,Ġ_-,8,0
57874,reted,8,0
57877,Ġwalkabout,8,0
57882,Ġeluc,8,0
57884,Ġmarion,8,0
57885,ajan,8,0
57887,Ġ2029,8,0
57888,ussian,8,0
57889,vento,8,0
57890,bole,8,0
57891,ceptions,8,0
57892,Ġorganically,8,0
57893,Ġspeculative,8,0
57898,Ġsimulates,8,0
57899,Ġformulations,8,0
57900,Ġcomplemented,8,0
57901,Ġsingly,8,0
57902,Ġtrepidation,8,0
57903,ĠHisp,8,0
57904,ĠHisar,8,0
57906,Ġapprobation,8,0
57908,ĠAdel,8,0
57911,ĠJohnnie,8,0
57912,Ġteaming,8,0
57913,Ġestuaries,8,0
57914,Ġwaiver,8,0
57916,ĠBeats,8,0
57917,ĠBehold,8,0
57918,ĠBeitar,8,0
57919,ĠBeyo,8,0
57921,ĠBeirut,8,0
57924,ĠMissy,8,0
57925,ĠMissions,8,0
57927,bele,8,0
57929,beautiful,8,0
57930,ĠSpiro,8,0
57931,ĠSpruce,8,0
57932,ĠDeob,8,0
57933,ĠDeane,8,0
57934,ĠDebut,8,0
57935,ĠDeAngelo,8,0
57936,ĠDeutsch,8,0
57937,ĠDeParle,8,0
57938,ĠDeNiro,8,0
57940,ismatic,8,0
57941,Ġmooring,8,0
57942,ĠProse,8,0
57943,ĠProving,8,0
57944,ĠProsec,8,0
57945,Ġquests,8,0
57946,Ġdetachments,8,0
57948,Ġcreak,8,0
57949,Ġcremation,8,0
57951,Ġwindstorm,8,0
57952,ĠMytil,8,0
57954,brained,8,0
57955,ĠEdw,8,0
57956,ĠEdison,8,0
57957,ĠEdlin,8,0
57959,Ġforecourt,8,0
57964,Ġbrooded,8,0
57965,rentice,8,0
57966,Ġinsulation,8,0
57968,Ġinsolent,8,0
57969,Ġtranscribed,8,0
57970,Ġconstables,8,0
57971,Ġconstrain,8,0
57972,Ġgamekeeper,8,0
57973,Ġmeditatively,8,0
57974,ushin,8,0
57976,Ġsleepless,8,0
57978,Ġvectors,8,0
57979,Ġpositives,8,0
57980,Ġofficiated,8,0
57982,Ġinfrared,8,0
57984,ĠCarleton,8,0
57985,ĠCarrying,8,0
57986,ĠCarpent,8,0
57987,Ġpeat,8,0
57989,Ġpeonies,8,0
57990,Ġballads,8,0
57991,medical,8,0
57992,medicine,8,0
57995,ĠPrima,8,0
57996,ĠManav,8,0
57997,ĠManfred,8,0
57998,Ġfirelight,8,0
57999,Ġfireproof,8,0
58000,Ġoccured,8,0
58001,Ġtripping,8,0
58002,Ġprofane,8,0
58003,ĠConstance,8,0
58005,Ġloon,8,0
58006,ĠFlair,8,0
58009,Ġesquire,8,0
58010,Ġesplanade,8,0
58011,Ġpatented,8,0
58012,Ġparamil,8,0
58014,Ġprobate,8,0
58015,Ġpurred,8,0
58016,Ġpurify,8,0
58020,Ġheartbreaking,8,0
58021,Ġ980,8,0
58023,ĠReporter,8,0
58024,Ġshopkeeper,8,0
58025,Ġshophouses,8,0
58026,Ġsunning,8,0
58028,Ġsunstroke,8,0
58030,Ġnewsletters,8,0
58031,Ġsoundtracks,8,0
58032,Ġexpectant,8,0
58036,Ġtemplates,8,0
58037,ĠColoring,8,0
58038,ĠColmes,8,0
58039,ĠColiseum,8,0
58040,ĠZou,8,0
58041,ĠZia,8,0
58042,ĠZick,8,0
58045,ĠZinder,8,0
58046,ĠZimmer,8,0
58048,Ġ1730,8,0
58049,Ġ1722,8,0
58050,Ġ1727,8,0
58051,Ġ1764,8,0
58052,Ġ1743,8,0
58053,Ġ1751,8,0
58054,Ġnationale,8,0
58055,Ġnationalized,8,0
58056,Ġnationalistic,8,0
58057,Ġawl,8,0
58058,Ġawash,8,0
58060,ĠHarrow,8,0
58062,portation,8,0
58064,Ġclassy,8,0
58065,Ġclassed,8,0
58066,ĠGrange,8,0
58067,ĠGraces,8,0
58068,ĠGrumman,8,0
58071,Ġwoodcraft,8,0
58075,Ġoriel,8,0
58076,Ġreplanted,8,0
58077,Ġoperative,8,0
58078,ĠPlague,8,0
58079,ĠPlassey,8,0
58080,ĠOrmond,8,0
58081,ĠOrissa,8,0
58082,ĠOrsi,8,0
58083,ĠOrinoco,8,0
58084,ĠOrtega,8,0
58085,1920,8,0
58086,1912,8,0
58087,1945,8,0
58088,1944,8,0
58089,1949,8,0
58090,1952,8,0
58091,1907,8,0
58093,ĠScale,8,0
58094,ĠScores,8,0
58095,ĠScenes,8,0
58096,ĠScilab,8,0
58097,ĠScuola,8,0
58098,ropod,8,0
58100,Ġposturing,8,0
58102,Ġcatnip,8,0
58103,ĠBenares,8,0
58104,Ġ1511,8,0
58105,Ġ1594,8,0
58106,Ġ1572,8,0
58107,ĠGAP,8,0
58108,Ġsuccessively,8,0
58109,ĠBlame,8,0
58110,ĠBlitz,8,0
58111,ĠBlitzer,8,0
58113,ĠGev,8,0
58114,Ġpropiti,8,0
58115,Ġpropulsion,8,0
58117,ĠNoto,8,0
58118,meg,8,0
58119,ĠSeals,8,0
58120,ĠSevere,8,0
58121,ĠSeaga,8,0
58123,ringham,8,0
58126,ĠTristan,8,0
58129,Ġbabes,8,0
58130,Ġbaboons,8,0
58131,Ġprivy,8,0
58133,Ġprivatized,8,0
58134,Ġlayperson,8,0
58135,Ġlegacies,8,0
58136,ĠGuan,8,0
58137,ĠGuair,8,0
58139,renching,8,0
58140,ĠParad,8,0
58141,ĠParameswara,8,0
58142,ĠBartolo,8,0
58143,ĠWorse,8,0
58144,Ġ1610,8,0
58145,Ġ1618,8,0
58146,Ġ1616,8,0
58147,Ġ1670,8,0
58148,Ġ1680,8,0
58149,Ġ1635,8,0
58150,Ġ1627,8,0
58151,Ġ1648,8,0
58152,Ġ1637,8,0
58153,Ġ1649,8,0
58154,umbi,8,0
58157,aughton,8,0
58158,ĠNationalism,8,0
58159,ĠWilli,8,0
58160,coin,8,0
58161,cole,8,0
58162,butt,8,0
58163,forty,8,0
58164,Ġsonne,8,0
58167,Ġeasygoing,8,0
58168,Ġhorsemanship,8,0
58169,mae,8,0
58170,ĠPeraki,8,0
58171,ĠPerdue,8,0
58173,ĠWorldCom,8,0
58174,Ġdearth,8,0
58176,ĠMinimal,8,0
58177,Ġbreakin,8,0
58182,Ġtotality,8,0
58183,Ġtottered,8,0
58184,ĠCanoe,8,0
58185,ĠCannell,8,0
58186,ĠCanelones,8,0
58187,Ġstoreroom,8,0
58188,Ġrelegation,8,0
58189,Ġobjecting,8,0
58190,Ġobjectively,8,0
58192,ĠCali,8,0
58193,ĠCalm,8,0
58194,Ġabsently,8,0
58195,Item,8,0
58198,Ġsaliva,8,0
58199,empted,8,0
58200,ĠSana,8,0
58201,Ġhealthiest,8,0
58204,Ġamounting,8,0
58205,Ġlanguidly,8,0
58206,scr,8,0
58207,Ġranching,8,0
58208,ĠAmon,8,0
58209,ĠAmiens,8,0
58210,Ġmemberships,8,0
58213,Ġhumanist,8,0
58214,Ġhumanism,8,0
58215,ĠCaf,8,0
58217,ĠSecular,8,0
58218,Ġaskance,8,0
58219,Ġmissus,8,0
58220,coms,8,0
58225,ĠMcQu,8,0
58227,ĠNeiman,8,0
58228,Ġworkshe,8,0
58229,ĠAbby,8,0
58231,ĠAbroad,8,0
58232,ĠAbacha,8,0
58233,"Ġ-""",8,0
58234,Ġnonviolence,8,0
58235,Ġnoncritical,8,0
58236,Ġgunfire,8,0
58237,Ġapace,8,0
58239,Ġcaliber,8,0
58240,Ġcalipers,8,0
58241,Ġ1450,8,0
58242,Ġ1470,8,0
58243,Ġ1494,8,0
58244,ĠGenz,8,0
58245,ĠGenius,8,0
58246,Ġfinalist,8,0
58249,ĠJustices,8,0
58250,Ġpalan,8,0
58251,Ġpales,8,0
58252,Ġpaltry,8,0
58253,Ġsuffrage,8,0
58254,Ġdevolution,8,0
58255,Ġbrotherhood,8,0
58256,forcing,8,0
58257,ritical,8,0
58258,parliament,8,0
58259,Ġcompline,8,0
58260,Ġsoftest,8,0
58261,Ġsoftness,8,0
58265,ĠEls,8,0
58266,ĠElba,8,0
58267,ĠNorthrop,8,0
58268,ĠNorthridge,8,0
58269,Ġclaimant,8,0
58270,cylinder,8,0
58271,Ġcharacterizations,8,0
58272,Ġcharacteristically,8,0
58274,Ġcolds,8,0
58276,ĠSlingsby,8,0
58278,Ġsuperhuman,8,0
58279,Ġsuperimposed,8,0
58280,ĠSwainson,8,0
58281,ĠWhitehouse,8,0
58282,ĠAccus,8,0
58283,ĠAccum,8,0
58284,ĠAccidents,8,0
58287,Ġgladdened,8,0
58289,reliance,8,0
58290,uitous,8,0
58292,ylus,8,0
58293,ĠMonke,8,0
58294,ĠMonkeys,8,0
58295,ĠMoncada,8,0
58296,ĠPartner,8,0
58297,Ġdroves,8,0
58298,Ġviola,8,0
58299,Ġdrawl,8,0
58300,audit,8,0
58301,ĠMedes,8,0
58302,ĠMedeco,8,0
58303,ĠPalach,8,0
58304,ĠPalae,8,0
58306,Ġcircuital,8,0
58307,Ġselfless,8,0
58308,ĠReservation,8,0
58310,Ġreligiously,8,0
58311,Ġnativity,8,0
58313,whoop,8,0
58314,ĠCaliforny,8,0
58315,Ġfishy,8,0
58316,governing,8,0
58317,ĠEnglanders,8,0
58319,Ġbespeak,8,0
58320,ĠReddy,8,0
58321,royo,8,0
58322,udded,8,0
58323,Ġcatchph,8,0
58324,ĠDemi,8,0
58326,ĠOffer,8,0
58327,Ġcopious,8,0
58328,Ġmassaged,8,0
58330,ĠQuo,8,0
58331,ĠQuasi,8,0
58332,ĠNobles,8,0
58333,Ġrespectability,8,0
58334,Ġmachinations,8,0
58338,Ġstarched,8,0
58339,Ġmatchday,8,0
58341,loader,8,0
58343,Ġmisapp,8,0
58344,Ġmisinformation,8,0
58345,Ġmisdirection,8,0
58346,Ġpathology,8,0
58347,Ġpressuring,8,0
58348,ĠEnch,8,0
58349,ĠEnrico,8,0
58350,ĠEnigma,8,0
58351,Ġspotting,8,0
58352,ĠCompuServe,8,0
58353,Ġmistrust,8,0
58354,Ġpenises,8,0
58355,Ġpenknife,8,0
58357,ĠAirfield,8,0
58358,ĠAirbus,8,0
58359,Ġzuke,8,0
58360,ĠDeposition,8,0
58363,Ġcheckup,8,0
58367,ĠMichiko,8,0
58368,Ġkeywords,8,0
58369,Ġopportunist,8,0
58370,ĠPatmos,8,0
58372,Ġforgives,8,0
58373,ĠLondoners,8,0
58374,Ġgreased,8,0
58375,ĠAcanth,8,0
58376,asca,8,0
58377,Ġmaterially,8,0
58378,Ġcombative,8,0
58379,ĠRiverdance,8,0
58380,ĠCrum,8,0
58381,ĠGeneralizability,8,0
58382,Ġforceful,8,0
58383,Ġfreer,8,0
58384,ĠValens,8,0
58386,Ġsadder,8,0
58387,ĠRegistry,8,0
58388,ĠJackets,8,0
58389,Ġtribulation,8,0
58392,humored,8,0
58394,ĠLouisa,8,0
58395,ĠBerlitz,8,0
58396,ĠGlancing,8,0
58397,ĠGlorious,8,0
58398,Ġdespotic,8,0
58399,Ġimmovable,8,0
58400,ĠLaar,8,0
58401,Ġmaterialistic,8,0
58402,Ġprimates,8,0
58403,Ġshrinks,8,0
58405,Ġscreenwriters,8,0
58406,ĠSchle,8,0
58408,ĠScholastic,8,0
58409,ĠSchalke,8,0
58411,Ġdecisionmakers,8,0
58412,Ġconvulsed,8,0
58413,Ġconvulsively,8,0
58414,razoic,8,0
58415,Ġforestalled,8,0
58418,Ġuniformity,8,0
58420,ĠDescent,8,0
58421,Ġcruc,8,0
58423,ophorus,8,0
58424,iosclerosis,8,0
58426,ammel,8,0
58427,Ġcookery,8,0
58428,Ġscariest,8,0
58429,Ġscarcity,8,0
58430,ĠGoodfellas,8,0
58432,Ġangustidens,8,0
58435,Ġprecocious,8,0
58437,Ġrepelling,8,0
58438,flung,8,0
58439,Ġverily,8,0
58440,Ġsensors,8,0
58443,ĠStealth,8,0
58444,ĠStepping,8,0
58447,columned,8,0
58449,ĠAppet,8,0
58450,ĠCourtney,8,0
58452,Ġdenizens,8,0
58453,Ġstrengthens,8,0
58454,ĠBrodie,8,0
58455,ĠBroaddrick,8,0
58457,Ġtraditionalists,8,0
58458,Ġpuns,8,0
58460,Ġdrywall,8,0
58462,metre,8,0
58464,Ġadditionally,8,0
58465,172,8,0
58466,Ġundamaged,8,0
58468,ĠLetting,8,0
58469,ĠFranche,8,0
58470,ĠCleese,8,0
58471,Thirty,8,0
58472,Thomas,8,0
58475,Ġbiennial,8,0
58476,ĠWinding,8,0
58477,ĠWindscale,8,0
58478,Ġpanelled,8,0
58479,Ġ233,8,0
58480,Ġminutely,8,0
58482,Ġlegislatures,8,0
58483,ĠSufi,8,0
58484,Ġmagnum,8,0
58485,ĠDisk,8,0
58486,ĠDisag,8,0
58488,Ġgalliot,8,0
58489,ĠImmanuel,8,0
58490,185,8,0
58491,187,8,0
58492,189,8,0
58493,Ġinstallments,8,0
58494,Ġforgetful,8,0
58495,Ġgarner,8,0
58497,ĠMorg,8,0
58498,ĠMoros,8,0
58499,ĠTempe,8,0
58500,ĠDidy,8,0
58501,ĠBurial,8,0
58503,Ġtarry,8,0
58504,Ġtarried,8,0
58505,ĠSusanna,8,0
58507,ĠMilford,8,0
58508,ĠAnnabella,8,0
58509,ĠBelur,8,0
58510,Ġfestivity,8,0
58511,Ġfestooned,8,0
58512,Ġ222,8,0
58514,129,8,0
58515,ĠTodaiji,8,0
58517,ĠMonti,8,0
58518,ĠMonthey,8,0
58520,Ġpurser,8,0
58522,Ġbearable,8,0
58523,ĠSimulation,8,0
58524,habi,8,0
58525,Ġoccupiers,8,0
58526,Ġbombastic,8,0
58527,Ġstrategists,8,0
58528,Ġ273,8,0
58530,ĠSaline,8,0
58531,ĠSalto,8,0
58532,ĠSalerno,8,0
58533,Ġsafes,8,0
58534,ĠMerz,8,0
58535,Ġdreamily,8,0
58536,Ġdielectric,8,0
58537,Ġaffordability,8,0
58538,Ġ261,8,0
58539,Ġ269,8,0
58540,ĠSampling,8,0
58541,ĠSamaton,8,0
58542,Ġflagstaff,8,0
58543,Ġfaithless,8,0
58544,Ġcraftwork,8,0
58545,Ġqualms,8,0
58546,ĠRecall,8,0
58547,Ġpossessive,8,0
58548,boyfriend,8,0
58549,Ġmortally,8,0
58550,Ġmortuary,8,0
58551,ĠContribution,8,0
58552,Ġthickened,8,0
58554,ĠSumter,8,0
58555,ĠSumida,8,0
58556,Ġgrovel,8,0
58557,ĠDelian,8,0
58558,ĠDeliver,8,0
58559,ĠDelphi,8,0
58560,Ġ289,8,0
58561,Soft,8,0
58562,Ġdeduce,8,0
58563,ĠOka,8,0
58564,ĠOkubo,8,0
58565,Ġ402,8,0
58567,Ġcircumc,8,0
58568,ĠCounsellor,8,0
58570,Ġinterviewer,8,0
58572,ĠKeirsey,8,0
58573,ĠArticles,8,0
58574,"._""",8,0
58576,ĠMacanese,8,0
58578,ĠMacquarie,8,0
58579,ĠLucja,8,0
58580,Ġdeparts,8,0
58581,Stars,8,0
58582,Starr,8,0
58583,Strictly,8,0
58584,Ġsacristy,8,0
58585,Ġunsolved,8,0
58586,Ġunsorted,8,0
58587,Ġmillennial,8,0
58588,Ġmillimeters,8,0
58589,Ġflattening,8,0
58590,Ġbulged,8,0
58591,Ġ294,8,0
58592,Ġ298,8,0
58593,Ġ299,8,0
58594,ĠSkilled,8,0
58595,ĠSkadden,8,0
58596,Ġliberate,8,0
58597,Ġbonanza,8,0
58598,ĠEvangelical,8,0
58599,ĠEvangelist,8,0
58600,Ġunfounded,8,0
58601,Ġunfailing,8,0
58602,Ġunfolds,8,0
58603,Ġunfrequ,8,0
58604,Ġloudest,8,0
58605,Ġbathhouse,8,0
58607,winged,8,0
58608,Ġtouristy,8,0
58610,iyy,8,0
58611,iyya,8,0
58612,Ġpiloted,8,0
58613,ĠAldrin,8,0
58615,Ġkickers,8,0
58616,ĠOverlea,8,0
58617,ĠScotts,8,0
58619,ĠGarret,8,0
58620,ĠGarhi,8,0
58621,Ġmadder,8,0
58623,Ġheadsman,8,0
58624,ĠConsistency,8,0
58625,ĠProvo,8,0
58626,ĠProvost,8,0
58628,ĠOutbound,8,0
58630,Ġjourneyman,8,0
58632,Ġsharpness,8,0
58633,163,8,0
58634,169,8,0
58635,Ġtentatively,8,0
58636,Ġrubies,8,0
58637,ĠMagical,8,0
58639,Ġinformant,8,0
58640,ĠMartiniquais,8,0
58642,Ġcomparability,8,0
58643,ĠCIOas,8,0
58644,Ġmutation,8,0
58645,Ġmutations,8,0
58646,Ġdeterred,8,0
58647,ĠRelativ,8,0
58648,Ġsubmits,8,0
58650,ĠKhad,8,0
58652,ĠKhomeini,8,0
58654,ĠMcCourt,8,0
58655,ĠWorksharing,8,0
58657,Ġbreadfruit,8,0
58658,Ġbreakfasted,8,0
58659,Ġduels,8,0
58660,ĠLongfellow,8,0
58662,ĠModesty,8,0
58664,Ġderiving,8,0
58665,Ġresorting,8,0
58666,rimony,8,0
58667,lorious,8,0
58668,ĠTrebek,8,0
58669,ĠCorle,8,0
58670,ĠLincolns,8,0
58671,ĠLincolnshire,8,0
58672,ĠWalla,8,0
58673,Sheikh,8,0
58675,ĠPersonality,8,0
58679,Ġunderstatement,8,0
58683,Ġcarpool,8,0
58686,ĠTwelfth,8,0
58688,Ġ313,8,0
58689,Ġfatally,8,0
58690,Ġfattening,8,0
58691,ĠEstadio,8,0
58692,ĠEstimating,8,0
58693,ĠCamoens,8,0
58694,ĠRevised,8,0
58697,ĠTerr,8,0
58698,ĠStonehenge,8,0
58700,ĠPeney,8,0
58701,ĠBabcock,8,0
58702,Ġempathy,8,0
58703,Isle,8,0
58706,113,8,0
58708,generated,8,0
58709,ĠBetis,8,0
58710,ĠDuce,8,0
58711,ĠRockhampton,8,0
58712,Ġdemonstrative,8,0
58713,ĠMaude,8,0
58714,ĠLarut,8,0
58715,ĠLarimer,8,0
58716,Ġmilkman,8,0
58717,139,8,0
58718,ĠGeraldine,8,0
58719,ĠCatan,8,0
58720,ĠDickerson,8,0
58721,ĠGarde,8,0
58722,ĠGardening,8,0
58724,ĠIncarn,8,0
58725,ĠIncumbent,8,0
58726,Ġphilandering,8,0
58727,barred,8,0
58731,ĠSelkirk,8,0
58732,ĠBonn,8,0
58733,ĠBonne,8,0
58735,Ġdialog,8,0
58736,ĠPeto,8,0
58738,221,8,0
58739,223,8,0
58740,ĠWalmer,8,0
58741,ĠWalters,8,0
58742,ĠWebhead,8,0
58743,IVITY,8,0
58744,ĠWoodlands,8,0
58745,ĠWoodpecker,8,0
58746,ĠGirond,8,0
58747,within,8,0
58748,Ġasth,8,0
58749,ĠErd,8,0
58750,ĠErotic,8,0
58751,OPM,8,0
58755,ĠAidan,8,0
58756,ĠStephens,8,0
58758,ĠDiva,8,0
58759,Ġterminating,8,0
58760,ĠACS,8,0
58763,Ġtankards,8,0
58764,ĠSilvers,8,0
58765,252,8,0
58766,ĠFilippino,8,0
58768,bellied,8,0
58769,Ġcertifies,8,0
58770,Ġimperiously,8,0
58772,ĠCareful,8,0
58773,ĠMassa,8,0
58774,ĠMassive,8,0
58775,ĠDogg,8,0
58777,ĠInstagram,8,0
58779,ĠTopographical,8,0
58782,ĠRobbie,8,0
58783,ĠColumbine,8,0
58786,Ġidiosyncr,8,0
58789,Ġmaibi,8,0
58790,ĠTyumen,8,0
58791,ĠConfucius,8,0
58792,ĠOriente,8,0
58793,Ġcrooned,8,0
58794,ĠGallant,8,0
58795,ĠGallatin,8,0
58796,Ġratemaking,8,0
58797,Ġpitifully,8,0
58799,Ġsequencing,8,0
58800,Ġsmoothness,8,0
58801,ĠSTM,8,0
58802,ĠSTONE,8,0
58803,trick,8,0
58805,ĠHaver,8,0
58806,ĠHauser,8,0
58807,ĠHaakon,8,0
58808,ĠNightmare,8,0
58809,ĠMastering,8,0
58810,Ġmystique,8,0
58811,ĠMcGuire,8,0
58812,Ġurbanized,8,0
58815,ĠMillie,8,0
58816,ĠTorino,8,0
58817,ĠEDITH,8,0
58818,Ġillegality,8,0
58819,ĠHorst,8,0
58821,ĠAttention,8,0
58822,Ġsanatorium,8,0
58823,ĠStatues,8,0
58825,ĠHolbrooke,8,0
58827,Ġveneration,8,0
58828,ĠFarah,8,0
58829,Ġcrackled,8,0
58830,ĠSolutions,8,0
58831,ĠSolondz,8,0
58832,Ġsteamship,8,0
58835,Ġfabulously,8,0
58836,ĠFaquita,8,0
58840,ĠSandler,8,0
58842,ĠFerro,8,0
58845,ĠBulldogs,8,0
58846,Ġmori,8,0
58847,Ġunprodu,8,0
58849,Ġcontestable,8,0
58850,Anhalt,8,0
58851,Ġmaximizes,8,0
58852,ĠLesbian,8,0
58853,ĠLeszek,8,0
58855,Ġpedigree,8,0
58856,ĠRemo,8,0
58857,ĠRemains,8,0
58859,Ġdarning,8,0
58860,Ġdarlin,8,0
58861,ĠDenia,8,0
58862,Ġconstitutionally,8,0
58863,TAP,8,0
58865,ĠDodaro,8,0
58866,ĠFoxes,8,0
58867,ĠLuce,8,0
58868,ĠLeonid,8,0
58869,Ġsteeper,8,0
58870,ĠTimorese,8,0
58871,faire,8,0
58872,Ġnitride,8,0
58873,Ġglean,8,0
58874,ĠAshland,8,0
58875,Ġapproximation,8,0
58876,Ġelevations,8,0
58877,Ġfavourites,8,0
58878,Ġsulfates,8,0
58879,Ġpiccaninnies,8,0
58880,Ġhomicides,8,0
58882,Ġkilims,8,0
58883,Ġkilogram,8,0
58884,ĠObispo,8,0
58885,Ġbargained,8,0
58887,ĠRetired,8,0
58888,ĠElectrical,8,0
58889,ĠInsights,8,0
58890,ĠInsolera,8,0
58891,ĠElliott,8,0
58892,Ġgraphite,8,0
58893,desp,8,0
58895,ĠVerne,8,0
58896,ĠVerification,8,0
58898,ĠBridgeport,8,0
58899,Ġrabid,8,0
58900,Ġrabble,8,0
58901,ĠAnglic,8,0
58902,ĠBalmer,8,0
58903,ĠBalaji,8,0
58904,ĠBoscovich,8,0
58905,Ġministering,8,0
58906,oidal,8,0
58907,Ġsinus,8,0
58908,ĠTitles,8,0
58911,Ġphratry,8,0
58912,ĠPopes,8,0
58913,ĠPopul,8,0
58914,ĠPopCap,8,0
58915,Ġalienating,8,0
58917,ĠAstor,8,0
58918,ĠPayless,8,0
58919,Ġtriumphs,8,0
58923,Ġfateful,8,0
58926,Ġunwind,8,0
58928,Ġvalidation,8,0
58929,ĠOxley,8,0
58930,ĠOxbridge,8,0
58931,Ġfluency,8,0
58932,ĠCallaway,8,0
58936,Ġshifty,8,0
58937,Ġprimeval,8,0
58938,Ġtorturing,8,0
58939,ĠRocamadour,8,0
58940,Ġadvisories,8,0
58941,265,8,0
58942,266,8,0
58946,Ġwanderer,8,0
58947,ĠPaix,8,0
58948,ĠSudbury,8,0
58949,ĠSudanese,8,0
58950,ĠBedtime,8,0
58951,ĠBirr,8,0
58952,ĠHardrada,8,0
58955,ĠMandr,8,0
58956,oliids,8,0
58957,ĠJordi,8,0
58958,Ġhookers,8,0
58959,Ġhookups,8,0
58960,Ġmotivating,8,0
58961,Ġsympathise,8,0
58962,ĠFaithy,8,0
58963,Ġ364,8,0
58967,Ġodious,8,0
58968,Ġodyssey,8,0
58970,ĠGorda,8,0
58971,Ġfledgling,8,0
58972,Ġwakeful,8,0
58974,ĠEnding,8,0
58976,ĠOliven,8,0
58978,ĠATP,8,0
58979,ĠLieut,8,0
58980,ĠLiebig,8,0
58983,ĠEquatorial,8,0
58984,buying,8,0
58985,Ġtchik,8,0
58986,Ġflashbacks,8,0
58987,ĠDowning,8,0
58988,Ġunbolted,8,0
58989,Ġrejoinder,8,0
58990,ĠPolls,8,0
58991,ĠPollutant,8,0
58992,Ġchamberlain,8,0
58993,Ġunlisted,8,0
58996,Ġmaliciously,8,0
58997,Ġrotated,8,0
58998,ĠBarbra,8,0
58999,ĠBarbican,8,0
59000,ĠBarbados,8,0
59001,IPM,8,0
59002,ĠRenee,8,0
59003,Ġcautions,8,0
59004,ĠHartman,8,0
59005,Ġtaunts,8,0
59006,ĠTurns,8,0
59008,ĠTariffs,8,0
59009,ĠBreuning,8,0
59010,ĠJacobins,8,0
59011,291,8,0
59012,ĠAutun,8,0
59013,ĠTafero,8,0
59014,ĠFieldstone,8,0
59015,Ġ454,8,0
59016,ĠWilder,8,0
59018,Ġresourceful,8,0
59019,Ġscriptural,8,0
59020,Ġframeworks,8,0
59021,Ġtoxicants,8,0
59022,Ġjudgmental,8,0
59023,Ġbooed,8,0
59024,Ġboosts,8,0
59025,ĠAmbattur,8,0
59026,ĠAmbrogio,8,0
59027,ĠExplo,8,0
59028,ĠTaih,8,0
59029,ĠNoncompliance,8,0
59030,Ġbotany,8,0
59031,Ġtomahawk,8,0
59032,Ġsteadied,8,0
59033,Ġsteadiness,8,0
59034,Ġsorrowing,8,0
59035,ĠDecre,8,0
59036,ĠDecoration,8,0
59037,quetry,8,0
59038,Ġinduct,8,0
59039,ĠMuz,8,0
59040,Ġaggressors,8,0
59041,ĠSpecialized,8,0
59042,Ġuncompromising,8,0
59043,Ġarcane,8,0
59044,487,8,0
59045,ĠBalliol,8,0
59046,Ġobscen,8,0
59047,Ġchroniclers,8,0
59048,ĠGranja,8,0
59049,333,8,0
59050,Ġechel,8,0
59051,Ġreserving,8,0
59054,ĠDieu,8,0
59056,Ġamidships,8,0
59058,ĠUntitled,8,0
59059,ĠAlgerine,8,0
59060,Ġdeliberation,8,0
59061,Ġdeliberating,8,0
59062,Ġtasi,8,0
59063,ĠCaspian,8,0
59064,Ġessayed,8,0
59065,456,8,0
59066,Ġmigrating,8,0
59067,Ġ553,8,0
59069,Ġ1501,8,0
59070,Ġ1509,8,0
59072,Ġ1796,8,0
59073,Ġfulfills,8,0
59074,ĠPolicymakers,8,0
59076,Ġthunderous,8,0
59077,deductible,8,0
59079,ĠTsuk,8,0
59080,Ġstoutest,8,0
59081,Ġemotionless,8,0
59082,Martha,8,0
59083,Ġtirelessly,8,0
59084,Ġbridles,8,0
59085,Ġsquirmed,8,0
59087,Ġindignity,8,0
59088,Level,8,0
59089,Ġhayrides,8,0
59092,ĠArmies,8,0
59093,Ġprecedents,8,0
59094,Ġ393,8,0
59095,ĠCardiff,8,0
59096,ĠCosmetic,8,0
59097,Ġconsumerism,8,0
59098,ĠConservancy,8,0
59099,Ġfarewells,8,0
59100,lieve,8,0
59101,ĠGabriele,8,0
59102,ĠKamala,8,0
59103,Ġvolcanos,8,0
59104,ĠHaskell,8,0
59105,Ġconjurer,8,0
59106,ĠToled,8,0
59107,Ġascends,8,0
59108,ĠFederally,8,0
59109,Ġpolluting,8,0
59110,Ġpolluters,8,0
59112,udgeon,8,0
59113,UNC,8,0
59114,finned,8,0
59116,ĠGhor,8,0
59117,ĠGhats,8,0
59118,Ġbuttress,8,0
59119,ĠOxfordshire,8,0
59121,ĠLamichhane,8,0
59122,Ġunconvinced,8,0
59123,Ġassaulting,8,0
59124,ĠAPT,8,0
59125,Ġ379,8,0
59127,ĠKiowa,8,0
59128,ĠPedrillo,8,0
59129,ĠBeatitudes,8,0
59130,Ġtherapies,8,0
59131,Ġresigning,8,0
59132,runn,8,0
59134,ĠRaoul,8,0
59135,Ġabruptness,8,0
59136,Ġpatronized,8,0
59139,Ġrepublics,8,0
59140,Ġ1206,8,0
59142,ĠBandit,8,0
59143,ĠRui,8,0
59144,ĠRuins,8,0
59145,Ġintrans,8,0
59146,ĠKnightley,8,0
59147,ĠUrbana,8,0
59149,Ġ441,8,0
59151,ĠAMA,8,0
59152,ĠAMONG,8,0
59153,ĠSheraton,8,0
59154,ĠHavre,8,0
59155,Ġneutrons,8,0
59156,ĠNanzenji,8,0
59157,Ġ1785,8,0
59158,598,8,0
59159,ĠMullan,8,0
59160,ĠMulligan,8,0
59162,Ġ/),8,0
59163,Ġabsurdly,8,0
59164,Ġsainted,8,0
59165,Ġlistserv,8,0
59167,ĠPilate,8,0
59169,Ġ486,8,0
59170,Ġvicar,8,0
59172,ĠZeno,8,0
59173,Ġalertness,8,0
59174,Ġaggregates,8,0
59175,OMES,8,0
59176,Ġauctioneer,8,0
59177,ĠPontus,8,0
59179,ĠLaurel,8,0
59181,Ġ387,8,0
59182,Ġcondemns,8,0
59183,Ġsolicitors,8,0
59184,444,8,0
59185,ĠAyat,8,0
59186,Ġdeemest,8,0
59188,Ġguaranteeing,8,0
59189,Ġassassinate,8,0
59190,ĠMessenger,8,0
59191,ĠFifi,8,0
59193,ĠMinorities,8,0
59194,ĠExperienced,8,0
59195,ĠExperiencing,8,0
59196,984,8,0
59197,ĠTalladega,8,0
59198,ĠBrigham,8,0
59199,ĠBulworth,8,0
59200,ĠBullets,8,0
59201,ĠAlcoy,8,0
59202,ĠAlcatraz,8,0
59203,ĠMorticia,8,0
59204,ĠFallon,8,0
59206,Ġinjector,8,0
59207,ĠDucale,8,0
59208,ĠEntered,8,0
59209,Indust,8,0
59210,beloved,8,0
59212,ĠRatemaking,8,0
59213,Ġruinous,8,0
59214,Ġ1709,8,0
59215,ĠGrantee,8,0
59216,Ġirritates,8,0
59217,ĠBolte,8,0
59218,ĠBolsonaro,8,0
59219,Ġtranspired,8,0
59220,Ġvibe,8,0
59221,ĠYamagata,8,0
59222,ĠYamacraw,8,0
59223,Ġprefixed,8,0
59224,Ġlegitimately,8,0
59225,ĠCHARL,8,0
59226,hardcore,8,0
59227,ĠHanley,8,0
59229,Ġchucked,8,0
59230,ĠHispaniola,8,0
59231,Ġberates,8,0
59232,ĠTanenbaum,8,0
59234,Ġimprisoning,8,0
59236,ĠNicky,8,0
59237,ĠJuneteenth,8,0
59238,Ġclanking,8,0
59239,Ġfiddles,8,0
59241,Ġmacro,8,0
59242,ĠDomain,8,0
59243,ĠGenerations,8,0
59244,585,8,0
59245,ĠPrimo,8,0
59246,Ġsummoning,8,0
59247,ĠOrthodoxy,8,0
59248,Ġcynically,8,0
59250,Ġresenting,8,0
59252,Ġguardedly,8,0
59253,Ġavenger,8,0
59254,ĠOmbo,8,0
59255,Ġextravaganza,8,0
59256,Ġreorganizations,8,0
59257,ĠPractically,8,0
59258,Ġthreateningly,8,0
59259,695,8,0
59260,ĠToyotomi,8,0
59261,ĠInferno,8,0
59262,Ġnavigable,8,0
59263,ĠApollinaire,8,0
59264,ĠPhoenician,8,0
59267,ĠWaal,8,0
59268,ĠKazusa,8,0
59269,Ġenforces,8,0
59270,ĠPokpa,8,0
59271,Ġpolyg,8,0
59272,Ġpolysy,8,0
59274,Ġmeritocracy,8,0
59275,Ġcultivating,8,0
59276,Ġrueful,8,0
59278,ĠKuus,8,0
59279,ĠKuwaiti,8,0
59283,ĠRemembering,8,0
59284,ĠMesk,8,0
59285,Ġsews,8,0
59287,Ġgridlock,8,0
59288,Ġpavements,8,0
59289,ĠCondition,8,0
59291,Ġuninformed,8,0
59292,Ġescalate,8,0
59293,counting,8,0
59294,counted,8,0
59295,ĠAbsolute,8,0
59296,ĠKnowth,8,0
59298,ĠBMT,8,0
59299,ĠPolydamas,8,0
59301,Ġcircuitous,8,0
59302,Ġtorrential,8,0
59303,khomba,8,0
59304,powerful,8,0
59305,Ġhaws,8,0
59306,ĠGibbs,8,0
59307,ĠEscuela,8,0
59308,Someone,8,0
59309,windows,8,0
59310,ĠCiticorp,8,0
59311,ĠJoshi,8,0
59312,ĠJosceline,8,0
59313,ĠPurcell,8,0
59314,Ġcomprehending,8,0
59315,Ġpooch,8,0
59317,Ġsyntax,8,0
59318,Ġzealous,8,0
59319,Ġshriveled,8,0
59321,Ġcontradicting,8,0
59322,ĠKendrick,8,0
59323,ADV,8,0
59328,ĠNaiku,8,0
59330,ĠAltach,8,0
59332,Ġrevels,8,0
59333,ĠKesava,8,0
59334,lorella,8,0
59335,ĠMoments,8,0
59337,ĠLluta,8,0
59338,ĠLlobregat,8,0
59340,ĠGregorian,8,0
59341,Ġconstraint,8,0
59342,Ġ1282,8,0
59343,Ġcryptic,8,0
59345,Ġtenths,8,0
59346,ĠEffectively,8,0
59347,578,8,0
59348,579,8,0
59349,ĠBanerjee,8,0
59350,ĠKonak,8,0
59351,Ġviewership,8,0
59352,Ġazule,8,0
59353,Ġhenge,8,0
59354,ĠSagamihara,8,0
59355,ĠJamestown,8,0
59356,Ġprocurements,8,0
59358,ĠJolson,8,0
59359,ĠAdmirals,8,0
59362,ĠSoundtrack,8,0
59363,ĠPanther,8,0
59364,ĠNiuy,8,0
59365,Ġjarred,8,0
59367,single,8,0
59369,Ġ1603,8,0
59370,ĠMachines,8,0
59371,ĠPETA,8,0
59372,ĠFitzhagen,8,0
59373,Ġcurtsey,8,0
59374,Ġpilgrimages,8,0
59376,Ġnaranja,8,0
59377,ĠSUNDAY,8,0
59378,ĠSUCCESS,8,0
59379,Ġquotas,8,0
59380,Management,8,0
59381,Ġsabbat,8,0
59382,Ġfugue,8,0
59383,Ġholistic,8,0
59384,ĠGauls,8,0
59385,ĠBurgess,8,0
59387,ĠCobb,8,0
59388,ĠCoburn,8,0
59389,ĠEstonian,8,0
59390,Ġflavoring,8,0
59391,Ġflavours,8,0
59394,Ġmolested,8,0
59395,ĠKirkland,8,0
59396,ĠKirkstone,8,0
59397,ĠSoriano,8,0
59399,ĠKelsey,8,0
59400,ĠViolent,8,0
59401,Ġscorned,8,0
59402,Ġuncommonly,8,0
59403,Space,8,0
59404,compared,8,0
59406,Ġstunningly,8,0
59407,ĠPAUL,8,0
59408,ĠKilmer,8,0
59409,Ġenquiry,8,0
59411,folks,8,0
59413,ĠWatford,8,0
59414,Ġpagos,8,0
59415,Ġadjoins,8,0
59416,Ġbanqueting,8,0
59417,Ġpetitioned,8,0
59418,Ġpetitioners,8,0
59422,Ġquintessential,8,0
59424,ĠPromoting,8,0
59425,Ġ1773,8,0
59428,ĠMiyamoto,8,0
59429,Ġmemorandum,8,0
59431,Ġbunkers,8,0
59432,Ġcavalcade,8,0
59433,ĠMustafa,8,0
59434,ĠHassen,8,0
59435,ĠMixing,8,0
59436,ĠKaspar,8,0
59437,Ġenlighten,8,0
59438,Ġscalar,8,0
59439,Ġappraise,8,0
59440,Ġbroomstick,8,0
59442,ĠAwaji,8,0
59443,ĠAwdry,8,0
59444,Ġmortalities,8,0
59445,Ġneighbourhoods,8,0
59446,Ġerupts,8,0
59447,Ġsulph,8,0
59448,ĠPalladium,8,0
59449,ĠGrizzard,8,0
59450,Ġcrosethe,8,0
59451,ĠTabasco,8,0
59453,Ġdistributor,8,0
59454,Ġdistributors,8,0
59455,ĠPeriods,8,0
59457,Ġaforesaid,8,0
59459,Ġpacified,8,0
59461,Ġunanimity,8,0
59463,ĠGinsberg,8,0
59464,ĠJaime,8,0
59465,Ġorgies,8,0
59466,Ġpromoters,8,0
59467,Ġpostponing,8,0
59468,Ġcategorical,8,0
59470,TEEN,8,0
59471,Ġfervour,8,0
59472,ĠKaag,8,0
59473,Ġantiquarian,8,0
59474,Terror,8,0
59475,Ġdazzled,8,0
59477,ĠAnalyzing,8,0
59478,Harvard,8,0
59479,ĠCertifying,8,0
59480,ĠLicence,8,0
59481,Ġunavailing,8,0
59482,Ġgrandpapa,8,0
59483,Ġirrigate,8,0
59484,ĠContractors,8,0
59485,ĠTerminator,8,0
59486,ĠCannabis,8,0
59487,ĠDhulikhel,8,0
59488,Ġboastful,8,0
59489,ĠProgressives,8,0
59490,Ġhysterically,8,0
59491,Ġmagnetization,8,0
59492,horned,8,0
59493,Ġabolishing,8,0
59494,Ġclamour,8,0
59495,Ġclamored,8,0
59497,ĠCrawfish,8,0
59498,ĠJuvenile,8,0
59499,ĠJurchen,8,0
59500,ĠEucl,8,0
59501,Ġprophecies,8,0
59502,Ġscrutinize,8,0
59503,ĠBenedictino,8,0
59504,temple,8,0
59505,Ġcraven,8,0
59506,Ġcraving,8,0
59508,Ġrefinance,8,0
59509,ĠDollars,8,0
59510,ĠApproval,8,0
59511,Ġinducement,8,0
59514,ĠHoffmann,8,0
59515,ĠAndreas,8,0
59516,ĠDecline,8,0
59517,ĠQuickly,8,0
59518,Ġdispersing,8,0
59520,Bayliss,8,0
59522,trippers,8,0
59524,ĠTruk,8,0
59526,ĠAquino,8,0
59527,ĠNyonya,8,0
59529,ĠStreep,8,0
59530,Ġbeckon,8,0
59531,Ġimpartially,8,0
59532,Ġnewborns,8,0
59533,Ġslippage,8,0
59535,ĠTasmanian,8,0
59538,ĠDymnus,8,0
59540,ĠMathew,8,0
59541,ĠDLC,8,0
59542,ĠDLX,8,0
59543,Ġalignments,8,0
59544,Ġrepetitious,8,0
59546,Ġlucid,8,0
59547,ĠCheryl,8,0
59548,ĠMaximus,8,0
59549,ĠEisen,8,0
59552,ĠYouTuber,8,0
59553,revolutionary,8,0
59555,Ġstifle,8,0
59556,ĠEssays,8,0
59557,ĠNicaraguan,8,0
59558,Ġtango,8,0
59559,Ġlaziness,8,0
59560,ĠAlsatian,8,0
59561,ĠAmaral,8,0
59562,ĠEnsure,8,0
59564,educational,8,0
59565,ĠTotally,8,0
59566,ĠIberia,8,0
59567,ĠJaramillo,8,0
59569,Ġbullfighting,8,0
59570,ĠCinematheque,8,0
59571,ĠSAMPLE,8,0
59572,ĠMackenzie,8,0
59574,Ġdeprivation,8,0
59575,ĠZhob,8,0
59576,Ġbinds,8,0
59577,ĠSigma,8,0
59578,ĠFantastic,8,0
59580,ĠGambaccini,8,0
59582,ĠRumors,8,0
59583,Ġautobiographical,8,0
59586,ĠTamura,8,0
59587,ĠSeyfert,8,0
59588,ĠUbaldo,8,0
59589,ĠZaragoza,8,0
59590,ĠAcademie,8,0
59591,ĠAcademia,8,0
59594,Ġforfeit,8,0
59595,ĠHDZ,8,0
59596,ĠDatuk,8,0
59597,ĠLancia,8,0
59598,ĠApostolic,8,0
59600,Ġpioneered,8,0
59602,ĠMendel,8,0
59604,ĠBingham,8,0
59605,ĠOlek,8,0
59606,Ġconspicuously,8,0
59607,Ġsubstituting,8,0
59608,ĠPhilosopher,8,0
59609,Common,8,0
59610,Commander,8,0
59612,Ġwreathed,8,0
59613,Ġtopple,8,0
59614,Ġwhimpered,8,0
59616,Ġempowering,8,0
59617,Ġeccentricities,8,0
59618,Ġcognate,8,0
59619,Ġstipulations,8,0
59620,ĠPeretti,8,0
59621,ĠFeldman,8,0
59622,ĠFeldstein,8,0
59623,Ġmanifesto,8,0
59625,ĠEyck,8,0
59626,Ġstubbornly,8,0
59627,Ġimmortalized,8,0
59628,Monte,8,0
59630,Ġtatami,8,0
59632,ĠTollivers,8,0
59634,Ġhealer,8,0
59635,ĠDubai,8,0
59636,Ġupholding,8,0
59637,Ġrelentlessly,8,0
59638,Ġpeasantry,8,0
59641,Russia,8,0
59642,Ġthrobbed,8,0
59643,Ġlooting,8,0
59645,Ġrheumatics,8,0
59646,umenical,8,0
59647,Ġdisrupting,8,0
59648,killer,8,0
59649,palace,8,0
59650,Ġwoeful,8,0
59651,ĠDahl,8,0
59652,Ġchirp,8,0
59653,ĠGouroo,8,0
59654,ĠGolgotha,8,0
59656,Ġserpentine,8,0
59657,Ġbabysitting,8,0
59658,ĠMacleods,8,0
59659,Ġunselfishness,8,0
59661,crossed,8,0
59663,Ġinequalities,8,0
59664,ĠTourette,8,0
59665,ĠPahlavi,8,0
59666,Ġlikens,8,0
59667,ĠMcDermott,8,0
59668,Ġdeteriorating,8,0
59669,ĠRajputana,8,0
59670,Ġamphitheatre,8,0
59671,Ġstaunchly,8,0
59673,ĠSalesman,8,0
59674,ĠBeltrami,8,0
59675,ĠPfitzner,8,0
59676,ĠDuckworth,8,0
59677,Ġplaintiff,8,0
59678,Ġplaintiffs,8,0
59679,ĠECP,8,0
59680,Ġcoherently,8,0
59681,ĠArbuckle,8,0
59682,continued,8,0
59683,ĠIlium,8,0
59684,ĠAchieve,8,0
59685,ĠSmyth,8,0
59686,ĠHogwarts,8,0
59688,Ġenergized,8,0
59690,Ġremodel,8,0
59691,ĠShalala,8,0
59692,Ġelectrodes,8,0
59693,Ġvideotaping,8,0
59694,Ġreassuringly,8,0
59695,ĠApalachian,8,0
59696,Ġphosphate,8,0
59697,Ġphosphorescent,8,0
59699,ĠCelestial,8,0
59700,ĠHodges,8,0
59701,ĠHutchison,8,0
59702,Ġvagaries,8,0
59703,Ġoverhung,8,0
59705,Ġcombustibles,8,0
59706,ĠCitizenship,8,0
59707,Abd,8,0
59708,Contra,8,0
59709,ĠTyrrell,8,0
59710,ĠSappho,8,0
59711,ĠPtolemies,8,0
59713,Ġvivisection,8,0
59715,ĠImportantly,8,0
59716,Ġdramatized,8,0
59718,Perfectly,8,0
59719,ĠBMWs,8,0
59720,Ġdisregarding,8,0
59721,Muslims,8,0
59723,ĠPyramids,8,0
59724,Ġchastise,8,0
59725,ĠNineteenth,8,0
59726,Ġsauntering,8,0
59727,ĠVariation,8,0
59728,ĠVariable,8,0
59729,Ġamplitude,8,0
59730,Ġcarbohy,8,0
59731,Emily,8,0
59732,logged,8,0
59733,supplied,8,0
59734,Ġmunificence,8,0
59735,Ġlullaby,8,0
59736,Ġluminaries,8,0
59737,Ġluminosity,8,0
59738,ĠSettlers,8,0
59740,ĠCavalry,8,0
59741,Ġagonizing,8,0
59742,ĠDegory,8,0
59743,ĠScranton,8,0
59746,Ġebb,8,0
59747,ĠCAMx,8,0
59748,ĠHusain,8,0
59749,ĠPeebles,8,0
59750,ĠGutman,8,0
59753,ĠKurtz,8,0
59754,Ġscurrying,8,0
59755,ĠTrinfans,8,0
59756,turtle,8,0
59757,Ġinhibitors,8,0
59758,Ġstylistic,8,0
59759,ĠEkman,8,0
59760,Ġstrangeness,8,0
59761,ĠProhibition,8,0
59762,ĠQuito,8,0
59763,ĠPerseus,8,0
59764,ĠNealon,8,0
59765,Ġculminated,8,0
59766,Bergen,8,0
59767,Portrait,8,0
59768,Ġmarshy,8,0
59769,ĠTRIP,8,0
59770,chloride,8,0
59771,Ġatheists,8,0
59773,ĠGrenada,8,0
59774,Ġleveraged,8,0
59775,Ġleveraging,8,0
59776,ĠEhrenhalt,8,0
59778,Ġimpracticable,8,0
59779,Ġstratagem,8,0
59780,ĠOrtigas,8,0
59781,ĠGhanaian,8,0
59782,Ġirresistibly,8,0
59784,ĠThermopyl,8,0
59785,ĠAvebury,8,0
59786,Ġreverses,8,0
59787,ĠCronin,8,0
59788,ĠHooch,8,0
59789,ĠFoucault,8,0
59790,ĠGinny,8,0
59791,ĠEustace,8,0
59792,Ġcanonization,8,0
59793,ĠKwai,8,0
59794,Ġbuccaneer,8,0
59795,ĠAllegra,8,0
59796,Ġdrowsiness,8,0
59797,Ġfunnier,8,0
59798,Ġimmersion,8,0
59799,Ġauxiliaries,8,0
59801,XVI,8,0
59802,Ġsilliness,8,0
59804,ĠIstana,8,0
59806,Ġeavesdro,8,0
59807,ĠCoverage,8,0
59808,Ġanarchists,8,0
59809,Ġexorc,8,0
59810,ĠVitale,8,0
59811,ĠVitaceae,8,0
59812,Ġindecisive,8,0
59814,ĠNeapolitans,8,0
59815,ĠTerrorists,8,0
59816,Ġsubtitle,8,0
59817,ĠReferral,8,0
59818,ĠReferring,8,0
59819,Ġcorroborated,8,0
59821,ĠHittites,8,0
59823,Ġlevies,8,0
59824,Ġalkaline,8,0
59825,Ġworsening,8,0
59826,ĠThreatened,8,0
59827,Ġglistened,8,0
59828,Ġevaporate,8,0
59829,ĠDeMocker,8,0
59830,ĠManchu,8,0
59831,ĠOrchid,8,0
59832,ĠExcav,8,0
59833,Arabian,8,0
59834,ĠOliveira,8,0
59835,Ġsubtracting,8,0
59837,Hungarian,8,0
59838,ĠTCU,8,0
59839,ĠAriana,8,0
59840,ĠAryan,8,0
59841,Ġegos,8,0
59842,ĠSellers,8,0
59843,ĠSearching,8,0
59844,ĠBorrowdale,8,0
59845,ĠPREFACE,8,0
59846,Ġleeway,8,0
59847,ĠEminene,8,0
59848,ĠVorarlberg,8,0
59849,Ġscreeching,8,0
59850,Ġimpassive,8,0
59851,Ġdiscreetly,8,0
59852,Ġmilitarism,8,0
59853,Ġjunctures,8,0
59856,Guardians,8,0
59859,ĠCheshire,8,0
59860,ĠChesapeake,8,0
59861,ĠNouvelle,8,0
59862,ĠNestorian,8,0
59863,ĠLizard,8,0
59864,ĠUndoubtedly,8,0
59865,Ġdisqualify,8,0
59866,Ġdisqualification,8,0
59867,Ġrelativistic,8,0
59869,Ġmeticulously,8,0
59870,Ġdetestable,8,0
59871,ĠOrnans,8,0
59872,ĠNeanderthal,8,0
59873,Ġembryo,8,0
59875,ĠGustavus,8,0
59876,Ġhaphazardly,8,0
59877,Silence,8,0
59879,ĠAeronautical,8,0
59880,starting,8,0
59881,ĠBohlen,8,0
59882,ĠNSAIDs,8,0
59883,Ġprodigies,8,0
59884,ĠRashtriya,8,0
59885,Ġbristling,8,0
59886,Ġflorist,8,0
59888,Ġencroaching,8,0
59889,ĠKosovar,8,0
59890,Ġthunderstorms,8,0
59891,ĠHOUSEKEEPING,8,0
59892,timbered,8,0
59893,ĠANNIE,8,0
59894,ĠPaterno,8,0
59895,ĠWaysmith,8,0
59896,ĠRoxanne,8,0
59897,ĠKusama,8,0
59898,Ġprickly,8,0
59899,Ġsubpoenas,8,0
59900,Ġinsensitivity,8,0
59901,Ġinfirmary,8,0
59902,Ġconcurrently,8,0
59903,ĠCozart,8,0
59904,Ġepochs,8,0
59905,ĠSpeedway,8,0
59906,ĠPEOPL,8,0
59907,ĠResponding,8,0
59909,Speed,8,0
59911,ĠTELE,8,0
59913,Ġkitsch,8,0
59914,Ġdeplorable,8,0
59915,ĠGhiyath,8,0
59916,ĠRikyu,8,0
59918,ĠKampung,8,0
59919,Ġenumerate,8,0
59920,Ġpersevering,8,0
59922,Ġconferring,8,0
59923,Ġmisdeed,8,0
59924,ĠBodhisattva,8,0
59925,Ġchromosome,8,0
59926,Ġsinews,8,0
59927,Ġsinewy,8,0
59928,Ġcivics,8,0
59929,Ġmaharaja,8,0
59930,ĠCezanne,8,0
59933,ĠFINANCIAL,8,0
59935,ĠRangpur,8,0
59937,Ġtruant,8,0
59939,ĠGujral,8,0
59940,ĠGujrat,8,0
59941,Ġgypsies,8,0
59942,ĠCOMMAND,8,0
59943,Ġintuitively,8,0
59944,Riviyres,8,0
59945,drawing,8,0
59946,mistress,8,0
59947,polish,8,0
59948,Ġtinkering,8,0
59954,ĠWaverly,8,0
59955,Ġsupersede,8,0
59956,Ġscuffle,8,0
59957,Ġscuffling,8,0
59958,Ġincursion,8,0
59959,ĠMarquise,8,0
59960,Ġredeveloped,8,0
59961,Ġquarrelsome,8,0
59962,ĠRosenberger,8,0
59963,Ġprioritize,8,0
59964,Ġambivalent,8,0
59965,Ġmimicry,8,0
59967,Transformers,8,0
59968,Ġauspicious,8,0
59969,Ġauspices,8,0
59970,Ġwithering,8,0
59972,ĠCajun,8,0
59973,Ġanciently,8,0
59975,Ġromping,8,0
59977,ĠFascist,8,0
59978,ĠDauphine,8,0
59979,Ġcoexist,8,0
59980,Ġdeciviews,8,0
59981,ĠAdopting,8,0
59982,ĠBegum,8,0
59983,Ġconfiscated,8,0
59984,ĠZurbar,8,0
59985,Ġcouncillors,8,0
59986,ĠHorizons,8,0
59987,Ġtempestuous,8,0
59988,ĠMaccabee,8,0
59990,Ġasteroid,8,0
59991,Ġhulking,8,0
59992,ĠTaano,8,0
59994,ĠCussler,8,0
59996,ĠNihon,8,0
59997,ĠLimey,8,0
59998,ĠLoughrigg,8,0
59999,ĠGrigory,8,0
60000,Ġshearwater,8,0
60001,Ġincarceration,8,0
60002,ĠMarcelo,8,0
60003,Ġdisconsolately,8,0
60004,ĠShogunate,8,0
60005,Ġcoronavirus,8,0
60006,ĠCaledonian,8,0
60007,ĠEncourage,8,0
60008,ĠSuggestions,8,0
60009,Ġhypnotized,8,0
60010,Ġreinvented,8,0
60011,ĠMolinaro,8,0
60012,Lauenburg,8,0
60013,Wheeler,8,0
60014,welfare,8,0
60015,Ġpasseggiata,8,0
60016,ĠBoudin,8,0
60017,ĠBoudhanath,8,0
60018,Ġkinsfolk,8,0
60019,ĠFarnese,8,0
60020,Ġlethargic,8,0
60022,ploidy,8,0
60023,Ġdisinfect,8,0
60026,ĠGeoffrey,8,0
60027,ĠNegritos,8,0
60028,ĠCompostela,8,0
60029,ĠConcerns,8,0
60031,Ġintolerant,8,0
60032,ĠGasparini,8,0
60034,ĠHabsburgs,8,0
60035,Ġmercilessly,8,0
60036,Ġdrugged,8,0
60037,ĠAAUP,8,0
60038,ĠAurelius,8,0
60042,ĠDuffield,8,0
60043,ĠEcole,8,0
60044,Ġunraveling,8,0
60045,Ġindentured,8,0
60046,Ġemanated,8,0
60047,ĠMaranh,8,0
60048,ĠPrintemps,8,0
60049,Ġcondominiums,8,0
60050,ĠColonists,8,0
60051,ĠTempler,8,0
60052,Ġcyanide,8,0
60053,ĠVolcanic,8,0
60055,ĠTallahassee,8,0
60056,Ġrougher,8,0
60057,ĠCagliari,8,0
60058,Michigan,8,0
60059,Madeleine,8,0
60060,Ġsanguine,8,0
60061,Ġsanguinary,8,0
60063,Ġpauper,8,0
60064,Ġdutifully,8,0
60065,Ġnascent,8,0
60066,ĠCappella,8,0
60067,ĠCorozal,8,0
60068,ĠDumpty,8,0
60069,Ġjostling,8,0
60070,ĠAltaVista,8,0
60071,Ġeffeminate,8,0
60072,Ġeffeminacy,8,0
60073,Ġexpostulated,8,0
60074,ĠReceiving,8,0
60075,Ġadmonished,8,0
60076,ĠSyndrome,8,0
60078,ĠCruelty,8,0
60079,ĠCollaboration,8,0
60080,ĠDalmatians,8,0
60081,ĠLakshmi,8,0
60082,fetched,8,0
60083,soldier,8,0
60084,tenths,8,0
60085,ĠSuites,8,0
60086,Ġanomaly,8,0
60088,ĠPryce,8,0
60089,Ġmanoeuvre,8,0
60091,ĠDiesenhaus,8,0
60092,ĠNACA,8,0
60093,ĠLichtenstein,8,0
60094,ĠLEAGUE,8,0
60095,Ġcoercive,8,0
60096,Ġmilitancy,8,0
60097,governor,8,0
60098,ĠComedie,8,0
60099,ĠLozano,8,0
60100,ĠSquirrel,8,0
60101,ĠVisigoths,8,0
60102,ĠPetronas,8,0
60103,ĠBureaucrats,8,0
60104,Ġunimaginative,8,0
60105,Universal,8,0
60106,ĠGymnastics,8,0
60107,ĠBloomsbury,8,0
60109,Opera,8,0
60110,Ġinveterate,8,0
60111,Ġeugen,8,0
60112,Ġdeceptive,8,0
60113,ĠDarnley,8,0
60115,ĠWeyden,8,0
60116,Ġinterdependence,8,0
60117,rologist,8,0
60118,ĠConcentration,8,0
60119,ĠRecipients,8,0
60122,ĠProspects,8,0
60123,ophrynus,8,0
60124,Ġunintentionally,8,0
60125,ĠPUBLISHERS,8,0
60126,Ġtyrannical,8,0
60128,Cambr,8,0
60129,Natalia,8,0
60130,subsidized,8,0
60132,ĠTanegashima,8,0
60133,ĠTapestry,8,0
60134,ĠSommers,8,0
60135,ĠMONKEY,8,0
60136,Ġdoomsday,8,0
60137,ĠLustbader,8,0
60138,ĠJUVENILES,8,0
60139,Ġleprosy,8,0
60141,ĠEucharist,8,0
60142,ĠKintetsu,8,0
60143,Ġenigmatic,8,0
60144,Ġunprovoked,8,0
60145,Ġscuttled,8,0
60146,ĠAncestral,8,0
60147,ĠFrauenfeld,8,0
60148,Ġpeccaries,8,0
60149,ĠQUEEN,8,0
60150,Ġfurtive,8,0
60151,ĠEliminate,8,0
60152,Ġschooner,8,0
60153,Ġhyphenation,8,0
60154,ĠMotivational,8,0
60155,ĠCornelius,8,0
60156,Ġxenophobia,8,0
60157,Professor,8,0
60159,Ġtantalizing,8,0
60160,ĠAdirondacks,8,0
60161,Ġunrecognized,8,0
60164,Ladies,8,0
60165,Spyro,8,0
60166,vulg,8,0
60167,Ġtippet,8,0
60168,Ġhankering,8,0
60169,ĠMuppet,8,0
60170,ĠBaryshnikov,8,0
60172,ĠDizengoff,8,0
60173,ĠYvonne,8,0
60174,Ġblistering,8,0
60175,ĠStruber,8,0
60176,ĠVrados,8,0
60177,ĠSheehan,8,0
60178,ĠSheeran,8,0
60179,ĠArquette,8,0
60180,ĠMarcella,8,0
60181,ĠConflict,8,0
60183,ophagy,8,0
60184,ĠBurdwan,8,0
60185,ĠIntragovernmental,8,0
60186,ĠEsquivel,8,0
60187,ĠUNCLE,8,0
60188,footballer,8,0
60189,Ġaeronautical,8,0
60190,ĠMatthias,8,0
60191,ĠOlivier,8,0
60192,Ġcompatriots,8,0
60193,Ġpygmy,8,0
60194,ĠJuventus,8,0
60195,magazine,8,0
60196,ĠPashupatinath,8,0
60197,Clear,8,0
60198,Maurice,8,0
60199,Severin,8,0
60200,Sylvirana,8,0
60202,tobacco,8,0
60203,Ġdictionaries,8,0
60204,ĠAqaba,8,0
60205,ĠAphrodite,8,0
60206,Ġeulog,8,0
60207,utrophication,8,0
60208,ĠPaddington,8,0
60209,Ġdelectable,8,0
60210,ĠDormition,8,0
60211,ĠDursban,8,0
60212,ĠDwarf,8,0
60214,ĠLankan,8,0
60216,ĠKanye,8,0
60217,Ġenshrined,8,0
60218,ĠChavannes,8,0
60219,Ġslatternly,8,0
60220,Ġsnooze,8,0
60221,Ġperennially,8,0
60224,Ġsilversmith,8,0
60225,ĠTHANKSGIVING,8,0
60226,ĠSanhedrin,8,0
60228,ĠMonterrey,8,0
60229,ĠAntigua,8,0
60230,ĠMetallica,8,0
60231,ĠAtlantis,8,0
60232,Ġsequestered,8,0
60233,Ġimpeccable,8,0
60234,ĠBertolucci,8,0
60235,ĠKatzenberg,8,0
60237,ĠCetellana,8,0
60238,Ġgastrointestinal,8,0
60239,ĠThiruvarur,8,0
60240,Ġbenevolently,8,0
60241,ĠGagauz,8,0
60242,ĠHOLIDAYS,8,0
60243,Ġclaustrophobic,8,0
60244,Friday,8,0
60245,Kennedy,8,0
60247,pockets,8,0
60249,Ġmidsummer,8,0
60250,ĠTemptation,8,0
60251,Ġginkgo,8,0
60252,Ġheresy,8,0
60253,ĠMephibosheth,8,0
60255,ĠPithagorio,8,0
60256,ĠPesticides,8,0
60257,ĠPhylogeny,8,0
60258,ĠDortmund,8,0
60259,ĠEureka,8,0
60260,ĠOngoing,8,0
60261,ĠKoyasan,8,0
60262,ĠStuttgart,8,0
60263,Ġunutterable,8,0
60264,Ġquinine,8,0
60265,Ġartefacts,8,0
60266,ĠChoshu,8,0
60267,ĠUnhexoctium,8,0
60268,ĠIndochina,8,0
60269,roliths,8,0
60270,Ġtyphoons,8,0
60271,Ġbarracuda,8,0
60272,ĠZoroast,8,0
60273,ĠHarbaugh,8,0
60274,ĠXtranormal,8,0
60275,Ġsusceptibility,8,0
60276,ĠMuscogul,8,0
60277,ĠCoincidentally,8,0
60278,Ġfreelance,8,0
60279,ĠVenizelos,8,0
60280,ĠSubotai,8,0
60281,Ġsubservient,8,0
60282,ĠGirolamo,8,0
60283,ĠOxenford,8,0
60284,Ġunbalanced,8,0
60285,ĠSobieski,8,0
60286,Ġwardrobes,8,0
60287,Ġchaitya,8,0
60288,Byzantine,8,0
60289,ĠPRECISION,8,0
60290,Ġcryptocurrency,8,0
60292,ĠTribhuvan,8,0
60293,ĠStreptophyta,8,0
60294,ĠBrigittenauer,8,0
60295,Copyright,8,0
60296,Hodgkin,8,0
60297,Monday,8,0
60298,Mendraz,8,0
60299,Pakhangba,8,0
60300,Wonders,8,0
60301,Ġaortic,8,0
60302,Ġfiscally,8,0
60303,Ġmizzen,8,0
60304,Ġinaudible,8,0
60305,ĠTijani,8,0
60306,ĠAinslee,8,0
60307,Ġegregious,8,0
60308,ĠSottens,8,0
60309,Ġstomped,8,0
60310,ĠMalfoy,8,0
60311,ĠBautista,8,0
60312,ĠPilsudski,8,0
60313,Ġfruition,8,0
60314,ĠDompierre,8,0
60315,ĠLagerfeld,8,0
60317,ĠGurkhas,8,0
60318,ĠGippsland,8,0
60319,ĠRoodman,8,0
60320,Ġ(...),8,0
60321,ĠInevitably,8,0
60322,ĠYerevan,8,0
60323,ĠKeltner,8,0
60324,Ġunsympathetic,8,0
60325,Ġdisperse,8,0
60326,Ġhandiwork,8,0
60327,Ġrepartee,8,0
60329,Ġclepsydra,8,0
60330,Ġbenumbed,8,0
60331,ĠColeridge,8,0
60332,Ġceorls,8,0
60333,ĠMecklenburg,8,0
60334,ĠElasticity,8,0
60335,Ġlieutenants,8,0
60336,ĠKalakaua,8,0
60337,ĠApuleius,8,0
60338,Institut,8,0
60339,ĠPotawatomi,8,0
60340,ĠImperatriz,8,0
60341,ĠLaundry,8,0
60342,ĠTropez,8,0
60344,ĠGOVERNMENT,8,0
60345,Ġnonsmoker,8,0
60346,Ġobeisance,8,0
60347,Ġtetrachloride,8,0
60348,Chestnut,8,0
60349,Mynavi,8,0
60350,Menthue,8,0
60351,Orsay,8,0
60352,Sauveur,8,0
60353,Tiercelin,8,0
60356,hospital,8,0
60357,Ġtawdry,8,0
60358,Ġfajitas,8,0
60359,Ġpuberty,8,0
60360,ĠToussaint,8,0
60361,ĠTschekan,8,0
60362,ĠIriomote,8,0
60363,ĠIodine,8,0
60364,Ġbeleaguered,8,0
60365,Ġearshot,8,0
60366,ĠMubarak,8,0
60367,ĠMoesha,8,0
60368,ĠBalfour,8,0
60369,ĠHasedera,8,0
60370,ĠPorygon,8,0
60371,ĠPricing,8,0
60372,ĠPeshawar,8,0
60373,Ġrttemberg,8,0
60374,ĠWaseda,8,0
60375,ĠFitchett,8,0
60376,ĠDraper,8,0
60377,ĠDuxbury,8,0
60378,ĠLyrics,8,0
60379,ĠRoopyal,8,0
60380,ĠEITC,8,0
60381,ĠEpirus,8,0
60383,ĠOduenyi,8,0
60386,ĠKsentini,8,0
60387,ĠUzerche,8,0
60388,Ġunmitigated,8,0
60389,Ġunmindful,8,0
60390,Ġunprincipled,8,0
60392,ĠChattanooga,8,0
60393,ĠViasna,8,0
60394,Ġreconnaissance,8,0
60395,ĠAsclep,8,0
60398,ĠArchangel,8,0
60399,Ġfarmyard,8,0
60400,Ġcleverer,8,0
60401,ĠBeyonc,8,0
60402,ĠConciergerie,8,0
60403,ĠHarrelson,8,0
60404,ĠPhoebe,8,0
60405,ĠPhasianidae,8,0
60406,ĠMcPhilips,8,0
60407,ĠAbruptly,8,0
60408,Ġcounsellors,8,0
60409,Ġpenicillin,8,0
60410,ĠCoahuila,8,0
60411,ĠValenzuela,8,0
60412,ĠMidlothian,8,0
60413,ĠDisobedience,8,0
60414,ĠMontaubion,8,0
60415,ĠMacmillan,8,0
60416,ĠMetcalfe,8,0
60417,ĠKhrushchev,8,0
60418,Chardonney,8,0
60419,ĠTravolta,8,0
60421,ĠBorchardt,8,0
60422,ĠVerkhovna,8,0
60423,ĠBOSWELL,8,0
60424,Unterlinden,8,0
60425,ĠHellespont,8,0
60426,ĠGoncalves,8,0
60427,ĠTornabuoni,8,0
60428,ĠPHILADELPHIA,8,0
888,meric,7,0
923,ĠAmeric,7,0
1158,Ġbelie,7,0
1342,ĠJoh,7,0
1488,Ġresp,7,0
1715,ccess,7,0
1828,Ġgener,7,0
2025,Ġredu,7,0
2297,ients,7,0
2377,asure,7,0
2440,Ġestim,7,0
2654,orpor,7,0
2916,uments,7,0
3019,orrow,7,0
3079,rodu,7,0
3355,asant,7,0
3367,Ġmaint,7,0
3474,asons,7,0
3516,ource,7,0
3680,Foot,7,0
3733,ĠSever,7,0
3885,Ġens,7,0
3978,nown,7,0
3993,uries,7,0
4298,ĠTod,7,0
4409,ĠGerv,7,0
4686,usalem,7,0
5100,Ġobv,7,0
5151,heast,7,0
5244,ribution,7,0
5428,Ġconfl,7,0
5460,sych,7,0
5485,ĠAtl,7,0
5650,Ġminim,7,0
5727,unte,7,0
6227,amber,7,0
6258,emies,7,0
6477,engers,7,0
6499,axim,7,0
6503,ĠExecut,7,0
6614,anned,7,0
6890,onom,7,0
7074,ĠViet,7,0
7454,Ġobst,7,0
7858,Ġpersu,7,0
7887,ĠNep,7,0
7996,reck,7,0
8107,xic,7,0
8241,ĠFest,7,0
8305,ĠWhitting,7,0
8344,iverse,7,0
8386,pless,7,0
8387,encing,7,0
8413,ĠRhod,7,0
8578,rait,7,0
8679,ĠInvest,7,0
8833,Ġmoder,7,0
9003,ĠDevelop,7,0
9214,ĠBenj,7,0
9380,adesh,7,0
9451,acement,7,0
9703,Ġentit,7,0
9722,oupe,7,0
9737,ĠEmploy,7,0
9806,isons,7,0
9896,Ġmigr,7,0
10388,inction,7,0
10420,ĠBelg,7,0
10463,ropolitan,7,0
10542,urities,7,0
10580,amation,7,0
10615,othes,7,0
10778,Ġchim,7,0
10791,ĠAdvent,7,0
10799,ĠVenez,7,0
10935,icits,7,0
10952,ikh,7,0
10981,Ġfanc,7,0
11045,istance,7,0
11130,ĠCatal,7,0
11302,Ġphen,7,0
11407,ĠCai,7,0
11521,ĠHistor,7,0
11782,efully,7,0
12147,zens,7,0
12207,Ġchate,7,0
12292,Ġcataly,7,0
12328,ĠFlex,7,0
12487,itudes,7,0
12497,ĠWick,7,0
12627,Ġproc,7,0
12645,ĠColomb,7,0
12684,Ġpenc,7,0
12693,ooped,7,0
12858,ĠShakespe,7,0
12968,Ġdimin,7,0
12974,ulse,7,0
13041,Ġreorgan,7,0
13221,Ġhypothes,7,0
13501,ĠArchae,7,0
13598,ĠSci,7,0
13633,Ġnonf,7,0
13667,liss,7,0
13750,Ġejac,7,0
14124,gments,7,0
14132,ĠCli,7,0
14149,ecess,7,0
14153,ohn,7,0
14267,ĠSeab,7,0
14270,holds,7,0
14343,ĠZel,7,0
14467,Ġsynt,7,0
14571,appropri,7,0
14655,agogue,7,0
14662,wealth,7,0
14765,Ġpresum,7,0
14776,Ġpropag,7,0
14822,atical,7,0
15040,aho,7,0
15210,ĠLoren,7,0
15221,athed,7,0
15380,ĠAdmir,7,0
15733,ĠApal,7,0
15801,eston,7,0
15996,Ġdiscontin,7,0
16133,Ġmol,7,0
16196,ĠAppe,7,0
16258,ĠOnt,7,0
16361,ĠTrib,7,0
16489,uish,7,0
16515,umbers,7,0
16516,emic,7,0
16606,itory,7,0
16620,ctic,7,0
16625,Ġfract,7,0
16650,ervation,7,0
16720,Ġsurrend,7,0
16774,odus,7,0
16881,erred,7,0
16911,ĠEvent,7,0
16912,Ġtrag,7,0
16990,ĠUNE,7,0
17061,akery,7,0
17067,neys,7,0
17107,ropolis,7,0
17319,ickets,7,0
17415,opoulos,7,0
17440,ilee,7,0
17446,ĠAlib,7,0
17472,afed,7,0
17710,ĠCred,7,0
17782,Ġimagin,7,0
17844,Ġbiz,7,0
17878,olith,7,0
18336,abin,7,0
18480,Ġhust,7,0
18635,cod,7,0
18684,Ġcomf,7,0
18827,acio,7,0
18847,Ġshab,7,0
18898,ĠChron,7,0
19002,DG,7,0
19036,roe,7,0
19040,amination,7,0
19050,Ġshrew,7,0
19161,Ġcosm,7,0
19282,unker,7,0
19390,Ox,7,0
19507,ambled,7,0
19517,Ġmultip,7,0
19603,bage,7,0
19632,seud,7,0
19877,hyl,7,0
19931,Ġilleg,7,0
20010,roads,7,0
20026,ĠRif,7,0
20234,Ġallerg,7,0
20364,Ġingen,7,0
20473,Ġfluct,7,0
20620,Gold,7,0
20687,occo,7,0
20989,ĠStras,7,0
21050,fied,7,0
21090,ĠSOPH,7,0
21094,urate,7,0
21107,ĠPrest,7,0
21157,weet,7,0
21180,beh,7,0
21189,quez,7,0
21318,gre,7,0
21620,Ġforfe,7,0
21667,ensen,7,0
21902,ifa,7,0
22179,amph,7,0
22378,vor,7,0
22423,ilated,7,0
22493,ĠLeh,7,0
22566,liga,7,0
22720,Ġhagg,7,0
22758,astas,7,0
22860,Ġuncont,7,0
22899,married,7,0
23038,ĠHok,7,0
23309,asions,7,0
23628,stro,7,0
23674,igured,7,0
23679,ivable,7,0
24025,merged,7,0
24289,esis,7,0
24372,ogues,7,0
24382,tec,7,0
24684,ĠMig,7,0
24710,empl,7,0
24732,arers,7,0
24733,iang,7,0
24810,Ġelectro,7,0
25010,Tex,7,0
25033,itud,7,0
25038,Ġpessim,7,0
25103,Ġfeeb,7,0
25215,Ġargu,7,0
25425,alian,7,0
25862,Ġsaun,7,0
25978,emption,7,0
26012,Ġundis,7,0
26031,ILA,7,0
26111,ĠGymn,7,0
26217,ĠSiss,7,0
26276,iesel,7,0
26340,ĠMyc,7,0
26414,ĠSuz,7,0
26588,pies,7,0
26604,orat,7,0
27031,pk,7,0
27067,otas,7,0
27091,ĠPurch,7,0
27106,ĠNRC,7,0
27127,ĠHew,7,0
27236,ĠPerse,7,0
27314,azzi,7,0
27341,elessly,7,0
27421,Ġculmin,7,0
27527,patient,7,0
27617,Ġliken,7,0
27632,ĠGlend,7,0
27847,payments,7,0
28023,iator,7,0
28148,igure,7,0
28190,urnal,7,0
28235,Ġbookst,7,0
28272,ĠHarg,7,0
28561,voc,7,0
28654,Ġseren,7,0
28859,ĠSym,7,0
29084,Et,7,0
29088,Kar,7,0
29097,Ty,7,0
29120,vision,7,0
29158,impro,7,0
29168,ĠMys,7,0
29209,abble,7,0
29233,ivals,7,0
29355,Ġcalib,7,0
29414,ĠSalam,7,0
29760,ĠPoc,7,0
29787,emporary,7,0
29974,itorial,7,0
30391,Ġker,7,0
30392,Ġrud,7,0
30398,Ġshod,7,0
30443,ĠOmn,7,0
30465,Ġunobs,7,0
30472,ĠChag,7,0
30522,Ġsubcont,7,0
30702,boxing,7,0
30957,brow,7,0
31119,Ġalc,7,0
31161,Ġadam,7,0
31210,Ġassim,7,0
31225,Ġsubgroup,7,0
31424,ĠEsk,7,0
31785,ĠDoy,7,0
31869,perity,7,0
31888,unders,7,0
31905,Ġmonolog,7,0
31947,Ġinsens,7,0
31948,Ġtransgress,7,0
32170,employment,7,0
32318,Ġdepreci,7,0
32383,Europe,7,0
32410,Den,7,0
32453,poss,7,0
32539,imble,7,0
32543,irmed,7,0
32553,ĠBian,7,0
32560,ĠHuff,7,0
32632,Ġmyr,7,0
32697,Ġinciner,7,0
32699,Ġincongru,7,0
32735,Ġartic,7,0
32768,Ġinsin,7,0
32873,ĠSchro,7,0
32926,Champ,7,0
32940,ĠIncred,7,0
32950,ĠStanisl,7,0
33240,Dou,7,0
33245,KO,7,0
33264,felt,7,0
33279,oine,7,0
33374,uria,7,0
33376,ĠCah,7,0
33443,ĠRousse,7,0
33469,aree,7,0
33487,associ,7,0
33520,obat,7,0
33581,uthven,7,0
33592,Ġreval,7,0
33724,ĠBrod,7,0
33892,Ġineffect,7,0
33937,ĠNegoti,7,0
33946,akuji,7,0
34143,Mir,7,0
34202,Ġtink,7,0
34205,herence,7,0
34307,ĠHath,7,0
34344,ĠGle,7,0
34346,ĠGue,7,0
34390,agio,7,0
34398,ĠYah,7,0
34402,ĠKuk,7,0
34432,ĠVind,7,0
34475,ommun,7,0
34520,bein,7,0
34677,Ġpriorit,7,0
34726,ĠImpression,7,0
34783,ĠADVENT,7,0
34992,kopf,7,0
35095,zew,7,0
35153,ĠAki,7,0
35258,ĠRys,7,0
35289,inden,7,0
35522,Ġpainstaking,7,0
35579,Ġhalluc,7,0
35766,huang,7,0
36058,Ġtuber,7,0
36169,riet,7,0
36250,ĠRau,7,0
36297,ĠYuk,7,0
36332,ĠChald,7,0
36594,ĠEnth,7,0
36698,hensible,7,0
36938,Ġsabot,7,0
37126,Ham,7,0
37133,Nort,7,0
37153,dream,7,0
37183,uers,7,0
37207,inga,7,0
37208,anova,7,0
37349,ĠGag,7,0
37352,ĠGenn,7,0
37385,ĠES,7,0
37443,uban,7,0
37451,Ġscru,7,0
37478,need,7,0
37575,okers,7,0
37695,ĠCapit,7,0
37865,Ġoversimpl,7,0
38051,ĠNeighbour,7,0
38257,Haw,7,0
38262,Lar,7,0
38294,eel,7,0
38315,sou,7,0
38317,smo,7,0
38347,itance,7,0
38398,ĠAuth,7,0
38415,accio,7,0
38436,ĠHous,7,0
38439,ĠHuss,7,0
38467,allies,7,0
38514,ĠEarn,7,0
38520,igm,7,0
38541,Ġclamber,7,0
38715,okey,7,0
38900,celles,7,0
38980,ĠEstablish,7,0
38985,gener,7,0
38999,ĠKarp,7,0
39502,Bes,7,0
39504,BERT,7,0
39559,jun,7,0
39574,sword,7,0
39632,Ġmadd,7,0
39665,omination,7,0
39727,ĠBie,7,0
39789,ĠDug,7,0
39820,ĠRaz,7,0
39910,ĠChia,7,0
39918,Ġgrud,7,0
40021,ĠMaraud,7,0
40262,ophon,7,0
40366,geny,7,0
40926,bana,7,0
40934,fet,7,0
40938,fert,7,0
40950,lied,7,0
40961,rush,7,0
40967,sold,7,0
40970,tenth,7,0
41055,idized,7,0
41103,itha,7,0
41104,Ġanom,7,0
41131,ĠPry,7,0
41181,ĠDies,7,0
41194,ĠNAC,7,0
41205,ĠLich,7,0
41267,astika,7,0
41273,aub,7,0
41372,Ġcoerc,7,0
41572,emptive,7,0
41657,ĠComed,7,0
41677,ĠLoz,7,0
41699,utsch,7,0
41778,ĠVisig,7,0
41793,ĠPetron,7,0
41893,ĠBureaucr,7,0
41928,lavi,7,0
42229,ĠBlooms,7,0
42237,ĠPHIL,7,0
42395,Dri,7,0
42426,Pont,7,0
42427,Rose,7,0
42455,fra,7,0
42538,orations,7,0
42546,Ġholog,7,0
42558,arca,7,0
42576,Ġnurt,7,0
42584,Ġgim,7,0
42622,utra,7,0
42647,urian,7,0
42678,ĠBON,7,0
42783,istes,7,0
42824,ittings,7,0
42854,Ġunfe,7,0
42878,avored,7,0
42946,Ġaccru,7,0
42967,ibo,7,0
42972,lective,7,0
42973,ĠBram,7,0
42988,Ġmonoc,7,0
42994,ĠArmer,7,0
43063,ĠDele,7,0
43253,itarians,7,0
43259,oxy,7,0
43290,ĠAcqu,7,0
43450,ĠInstruct,7,0
43501,otypes,7,0
43570,ĠBerthel,7,0
44091,Hor,7,0
44093,IUS,7,0
44096,Koh,7,0
44105,Pol,7,0
44118,Unt,7,0
44154,iaries,7,0
44169,pil,7,0
44177,rism,7,0
44181,tong,7,0
44184,uities,7,0
44191,yres,7,0
44237,ouching,7,0
44248,orium,7,0
44251,Ġmou,7,0
44315,Ġeuphem,7,0
44324,aden,7,0
44331,rocl,7,0
44366,ĠMIS,7,0
44372,Ġwhir,7,0
44377,ĠHuh,7,0
44399,ĠPoth,7,0
44400,ĠPats,7,0
44422,aina,7,0
44438,ĠFies,7,0
44461,ĠNom,7,0
44472,ĠLass,7,0
44485,ĠRath,7,0
44518,Ġalb,7,0
44550,Ġintros,7,0
44557,akov,7,0
44565,ĠInaug,7,0
44573,ĠKama,7,0
44578,rapping,7,0
44583,ĠUM,7,0
44618,ĠVier,7,0
44624,perance,7,0
44638,ĠWeight,7,0
44669,ĠAnthrop,7,0
44769,ĠForfe,7,0
44777,Ġextrad,7,0
44860,Ġequiv,7,0
44894,ĠExcl,7,0
45002,chem,7,0
45013,garh,7,0
45034,imsky,7,0
45036,regard,7,0
45037,ĠRosal,7,0
45049,Ġverte,7,0
45105,blade,7,0
45359,ĠAleks,7,0
45374,762,7,0
45389,burne,7,0
45492,ĠCONS,7,0
45588,buildings,7,0
45804,zewski,7,0
45970,MC,7,0
45993,aal,7,0
46009,ein,7,0
46018,gazing,7,0
46053,sides,7,0
46071,vich,7,0
46253,vera,7,0
46300,rival,7,0
46309,champ,7,0
46355,ulin,7,0
46421,ieg,7,0
46584,ruse,7,0
46627,ulled,7,0
47415,rizio,7,0
60429,""""".",7,0
60430,)),7,0
60431,)?,7,0
60432,)],7,0
60433,-$,7,0
60434,050,7,0
60435,017,7,0
60436,012,7,0
60437,089,7,0
60438,217,7,0
60439,215,7,0
60440,317,7,0
60441,324,7,0
60442,430,7,0
60443,460,7,0
60444,425,7,0
60445,524,7,0
60446,569,7,0
60447,725,7,0
60448,818,7,0
60449,920,7,0
60450,Au,7,0
60451,Ash,7,0
60452,Amy,7,0
60453,Boo,7,0
60454,Bul,7,0
60455,Bab,7,0
60456,Bout,7,0
60457,Bos,7,0
60458,Bav,7,0
60459,Both,7,0
60460,Bully,7,0
60463,Beg,7,0
60467,Cur,7,0
60468,Cand,7,0
60469,Cra,7,0
60470,Croat,7,0
60472,CBO,7,0
60473,Carl,7,0
60474,Current,7,0
60475,Criminal,7,0
60476,Det,7,0
60477,Doo,7,0
60478,Dog,7,0
60479,DNA,7,0
60480,Dieu,7,0
60481,Darius,7,0
60482,Determination,7,0
60483,Daulah,7,0
60484,EU,7,0
60486,Eff,7,0
60487,Each,7,0
60488,Ext,7,0
60490,Emoinu,7,0
60491,Fen,7,0
60492,Fly,7,0
60493,Fair,7,0
60494,Font,7,0
60495,Fancy,7,0
60496,Follow,7,0
60497,Final,7,0
60498,Fowler,7,0
60500,Gy,7,0
60501,Ger,7,0
60502,Git,7,0
60504,Gran,7,0
60505,GET,7,0
60506,Hit,7,0
60507,Hal,7,0
60508,Hig,7,0
60509,Hands,7,0
60510,Homo,7,0
60511,Hmm,7,0
60512,Hooray,7,0
60516,Ju,7,0
60517,Kal,7,0
60518,Kore,7,0
60520,Kind,7,0
60521,Kids,7,0
60524,Killing,7,0
60525,Khas,7,0
60526,Karl,7,0
60527,Keefe,7,0
60528,LU,7,0
60529,Lu,7,0
60531,Less,7,0
60532,Lib,7,0
60533,Laz,7,0
60535,Leg,7,0
60537,Lucky,7,0
60538,Mo,7,0
60539,Mill,7,0
60540,Mall,7,0
60541,Mort,7,0
60542,MIA,7,0
60543,Marse,7,0
60544,NH,7,0
60545,Ned,7,0
60546,Nurse,7,0
60548,Occ,7,0
60549,Ord,7,0
60550,OCE,7,0
60551,Owen,7,0
60552,Oobi,7,0
60553,Por,7,0
60554,Pri,7,0
60555,Park,7,0
60556,Pull,7,0
60557,Penn,7,0
60558,Push,7,0
60559,Prom,7,0
60560,Prees,7,0
60564,Rh,7,0
60565,Rot,7,0
60566,Ride,7,0
60567,Round,7,0
60568,Rick,7,0
60569,Raw,7,0
60570,Rise,7,0
60571,Roe,7,0
60573,Runa,7,0
60574,Ruta,7,0
60575,Rasalila,7,0
60576,Sad,7,0
60577,Sus,7,0
60578,Sally,7,0
60580,Sister,7,0
60581,Syn,7,0
60582,Saul,7,0
60584,Swall,7,0
60585,Simon,7,0
60586,Spin,7,0
60587,Summer,7,0
60589,Ts,7,0
60590,Tal,7,0
60591,Tay,7,0
60592,Tia,7,0
60593,Tang,7,0
60594,Tale,7,0
60595,Trouble,7,0
60596,Und,7,0
60600,Viv,7,0
60601,Win,7,0
60602,Wing,7,0
60603,Wot,7,0
60604,WIN,7,0
60605,Yvelines,7,0
60606,]],7,0
60607,"_?""",7,0
60608,aqu,7,0
60609,bond,7,0
60611,bats,7,0
60612,bins,7,0
60613,bio,7,0
60614,bills,7,0
60615,beth,7,0
60616,battle,7,0
60618,bapt,7,0
60621,bushes,7,0
60623,binding,7,0
60624,bolt,7,0
60625,breeze,7,0
60626,cate,7,0
60629,cru,7,0
60630,cord,7,0
60631,cold,7,0
60635,cocks,7,0
60636,capt,7,0
60638,create,7,0
60640,das,7,0
60641,dic,7,0
60643,dare,7,0
60644,dub,7,0
60645,dying,7,0
60646,dorp,7,0
60647,diam,7,0
60648,desc,7,0
60649,different,7,0
60650,dcd,7,0
60654,easy,7,0
60655,eiji,7,0
60656,fel,7,0
60657,fring,7,0
60658,fasc,7,0
60659,fuel,7,0
60660,fisted,7,0
60661,fighter,7,0
60662,finding,7,0
60663,freedom,7,0
60664,fiore,7,0
60665,frequ,7,0
60667,gur,7,0
60668,gust,7,0
60669,gains,7,0
60670,gambling,7,0
60672,hut,7,0
60673,hir,7,0
60678,hash,7,0
60679,hike,7,0
60680,hanging,7,0
60681,hiva,7,0
60682,iom,7,0
60683,iap,7,0
60684,iates,7,0
60685,irol,7,0
60686,iads,7,0
60687,iennes,7,0
60691,jinja,7,0
60692,jumping,7,0
60693,jiang,7,0
60694,kt,7,0
60695,kir,7,0
60696,kil,7,0
60697,kul,7,0
60701,kina,7,0
60702,kha,7,0
60703,kola,7,0
60704,live,7,0
60705,lag,7,0
60707,lade,7,0
60708,lob,7,0
60709,loe,7,0
60712,mac,7,0
60713,mul,7,0
60716,matter,7,0
60719,nities,7,0
60720,names,7,0
60721,nius,7,0
60722,nude,7,0
60723,nonsense,7,0
60724,oak,7,0
60727,pats,7,0
60729,packing,7,0
60730,polic,7,0
60732,prepared,7,0
60733,publique,7,0
60734,roney,7,0
60735,rural,7,0
60736,rances,7,0
60738,ranch,7,0
60739,rani,7,0
60740,ruled,7,0
60742,swe,7,0
60743,sens,7,0
60744,sense,7,0
60745,syn,7,0
60746,sales,7,0
60752,tas,7,0
60753,tum,7,0
60756,tried,7,0
60757,taught,7,0
60759,trove,7,0
60761,upe,7,0
60762,vak,7,0
60763,vines,7,0
60764,viability,7,0
60765,variable,7,0
60766,woo,7,0
60767,wish,7,0
60768,wool,7,0
60771,willed,7,0
60773,waki,7,0
60775,worsh,7,0
60777,yap,7,0
60778,yves,7,0
60780,zze,7,0
60782,}.,7,0
60784,"Ġ?""",7,0
60787,Ġtaint,7,0
60789,Ġtiling,7,0
60790,Ġtki,7,0
60792,Ġtapa,7,0
60793,Ġtenses,7,0
60795,Ġtundra,7,0
60797,hear,7,0
60800,Ġae,7,0
60801,inable,7,0
60805,rese,7,0
60807,report,7,0
60808,remo,7,0
60809,Ġsz,7,0
60812,Ġsance,7,0
60814,Ġsired,7,0
60815,Ġsorter,7,0
60819,Ġsartin,7,0
60820,Ġwane,7,0
60821,Ġwrenches,7,0
60822,Ġores,7,0
60824,erra,7,0
60825,erty,7,0
60826,erio,7,0
60828,atl,7,0
60831,atoon,7,0
60833,atonic,7,0
60835,isements,7,0
60837,Ġbert,7,0
60838,Ġbraw,7,0
60841,Ġbourbon,7,0
60842,Ġcorm,7,0
60845,Ġcapping,7,0
60846,Ġcession,7,0
60847,Ġcante,7,0
60851,itian,7,0
60855,itants,7,0
60856,itator,7,0
60857,ouan,7,0
60858,ouge,7,0
60859,ouvelle,7,0
60860,ingales,7,0
60869,engined,7,0
60870,Ġfide,7,0
60871,Ġferal,7,0
60873,Ġfka,7,0
60875,Ġfumed,7,0
60876,Ġfibs,7,0
60877,Ġfittings,7,0
60878,orr,7,0
60879,orld,7,0
60880,orie,7,0
60882,Ġmest,7,0
60883,Ġmau,7,0
60887,Ġmunch,7,0
60890,Ġmumbo,7,0
60891,Ġmolds,7,0
60892,Ġmuddled,7,0
60894,Ġpim,7,0
60895,Ġpore,7,0
60897,Ġpog,7,0
60899,Ġpaddy,7,0
60901,Ġpiqued,7,0
60903,Ġhort,7,0
60905,Ġhams,7,0
60907,Ġtoff,7,0
60911,Ġdau,7,0
60915,Ġdubs,7,0
60917,Ġinad,7,0
60918,Ġinim,7,0
60919,Ġinboard,7,0
60922,Ġinshore,7,0
60923,arose,7,0
60925,arling,7,0
60926,arrie,7,0
60929,alai,7,0
60930,aso,7,0
60931,asies,7,0
60932,aside,7,0
60935,ĠTM,7,0
60939,ĠTov,7,0
60940,ĠTange,7,0
60943,ĠTipp,7,0
60945,ĠTumb,7,0
60947,ĠTaste,7,0
60948,ĠTEC,7,0
60949,ĠTRO,7,0
60950,ĠTika,7,0
60951,ĠTucked,7,0
60952,ĠTinky,7,0
60954,lead,7,0
60956,Ġthre,7,0
60957,Ġthawed,7,0
60959,ompe,7,0
60962,Ġnag,7,0
60963,Ġnaw,7,0
60964,Ġnica,7,0
60965,Ġnerved,7,0
60966,Ġnga,7,0
60968,Ġnomenclature,7,0
60969,icons,7,0
60970,ickel,7,0
60972,Ġlurch,7,0
60974,Ġlagged,7,0
60976,Ġlooped,7,0
60977,Ġlahars,7,0
60978,Ġlanais,7,0
60979,Ġgable,7,0
60980,Ġgaped,7,0
60983,ĠIP,7,0
60984,ĠIwo,7,0
60985,ĠIcon,7,0
60986,ĠIyo,7,0
60987,ĠIonia,7,0
60988,ĠIRC,7,0
60989,ĠICC,7,0
60990,ĠIdeal,7,0
60991,ĠIonians,7,0
60994,ĠTheolog,7,0
60995,ĠAQ,7,0
60996,ĠAW,7,0
60997,ĠAZ,7,0
60999,ĠAvery,7,0
61000,ĠAute,7,0
61001,ĠAband,7,0
61002,ĠAzz,7,0
61003,ĠAEW,7,0
61005,otny,7,0
61007,Ġbegr,7,0
61008,owe,7,0
61010,vec,7,0
61012,entrance,7,0
61013,entiary,7,0
61018,Ġeons,7,0
61019,Ġeels,7,0
61020,Ġeights,7,0
61021,Ġegot,7,0
61022,Ġetym,7,0
61025,stution,7,0
61026,status,7,0
61027,straps,7,0
61028,Ġrebur,7,0
61029,Ġrevert,7,0
61030,Ġreusing,7,0
61031,Ġrekind,7,0
61033,Ġrecharge,7,0
61034,Ġreintrodu,7,0
61035,Ġyun,7,0
61036,Ġyight,7,0
61037,Ġyather,7,0
61039,Ġyuppies,7,0
61040,Ġhells,7,0
61041,Ġhewing,7,0
61042,Ġheeding,7,0
61045,adata,7,0
61047,advised,7,0
61048,utta,7,0
61053,rok,7,0
61054,rox,7,0
61055,roff,7,0
61056,roves,7,0
61057,rods,7,0
61058,eties,7,0
61060,ĠSion,7,0
61061,ĠSoo,7,0
61062,ĠSke,7,0
61064,ĠSip,7,0
61065,ĠSli,7,0
61066,ĠSuss,7,0
61067,ĠSque,7,0
61068,ĠSfor,7,0
61070,ĠSedd,7,0
61071,ĠSeward,7,0
61072,ĠSnell,7,0
61074,ĠSufficient,7,0
61075,ĠSisley,7,0
61077,imia,7,0
61078,verd,7,0
61081,Ġstunk,7,0
61082,Ġiteration,7,0
61084,sein,7,0
61088,seems,7,0
61090,amines,7,0
61092,Ġweeding,7,0
61100,ĠCian,7,0
61102,ĠCere,7,0
61103,ĠCady,7,0
61104,ĠCern,7,0
61106,ĠCaps,7,0
61107,ĠCoon,7,0
61108,ĠCumb,7,0
61109,ĠCII,7,0
61111,ĠCalls,7,0
61112,ĠCaine,7,0
61113,ĠCava,7,0
61114,ĠCMP,7,0
61115,ĠCWC,7,0
61116,ĠCoretta,7,0
61117,ĠMw,7,0
61119,ĠMose,7,0
61120,ĠMew,7,0
61121,ĠMase,7,0
61122,ĠMits,7,0
61123,ĠMenn,7,0
61124,ĠMapp,7,0
61125,ĠMina,7,0
61126,ĠMacy,7,0
61127,ĠMallas,7,0
61132,ĠMika,7,0
61133,ĠMumps,7,0
61134,ĠMrema,7,0
61135,ithic,7,0
61138,Ġwhopping,7,0
61139,Ġwhoops,7,0
61140,Ġwhooping,7,0
61141,ĠBem,7,0
61142,ĠBrou,7,0
61143,ĠBally,7,0
61144,ĠBree,7,0
61146,ĠBiss,7,0
61148,ĠBilt,7,0
61150,ĠBillion,7,0
61153,ĠBites,7,0
61155,ĠBiles,7,0
61157,ĠBDA,7,0
61158,ĠBanned,7,0
61159,ĠBesh,7,0
61160,ĠBuna,7,0
61164,ĠBulb,7,0
61165,ĠBaku,7,0
61168,ĠBokermann,7,0
61169,ĠBoulevards,7,0
61170,ĠBURT,7,0
61171,ĠByington,7,0
61177,rias,7,0
61178,rived,7,0
61180,ription,7,0
61182,ĠHac,7,0
61183,ĠHound,7,0
61185,ĠHire,7,0
61188,ĠHino,7,0
61190,ĠHarsh,7,0
61192,ĠHailed,7,0
61195,ĠHanne,7,0
61196,ĠHIST,7,0
61197,ĠHuckle,7,0
61198,ĠHoneysuckle,7,0
61199,ĠHluttaw,7,0
61200,Ġaspen,7,0
61203,Ġnotations,7,0
61204,Ġatone,7,0
61206,terweight,7,0
61207,ilers,7,0
61209,hera,7,0
61210,herty,7,0
61211,opolis,7,0
61212,oplan,7,0
61216,ĠPg,7,0
61217,ĠPour,7,0
61218,ĠPound,7,0
61219,ĠPiss,7,0
61220,ĠPamp,7,0
61221,ĠPhen,7,0
61222,ĠPened,7,0
61226,ĠPets,7,0
61227,ĠPuss,7,0
61228,ĠPio,7,0
61229,ĠPino,7,0
61232,ĠPye,7,0
61233,ĠPosition,7,0
61234,ĠPagan,7,0
61235,ĠPardo,7,0
61237,ĠPoker,7,0
61238,ĠPessim,7,0
61239,ĠPsyche,7,0
61241,ĠPEMD,7,0
61244,Ġkli,7,0
61246,Ġkaid,7,0
61247,Ġkapa,7,0
61248,Ġkippers,7,0
61249,Ġkangaroos,7,0
61254,Ġracking,7,0
61255,Ġrakia,7,0
61256,Ġrambles,7,0
61257,Ġiv,7,0
61260,Ġdoable,7,0
61261,Ġdozing,7,0
61262,illi,7,0
61263,illation,7,0
61264,illand,7,0
61266,oland,7,0
61267,olus,7,0
61269,olica,7,0
61270,Ġsez,7,0
61271,Ġsech,7,0
61272,Ġsept,7,0
61274,ĠWast,7,0
61276,ĠWorm,7,0
61278,ĠWages,7,0
61279,ĠWaugh,7,0
61280,ĠWander,7,0
61281,ĠWisk,7,0
61283,ĠWandering,7,0
61285,ĠWNBA,7,0
61287,ĠWritings,7,0
61288,ainers,7,0
61289,geal,7,0
61290,Ġshtick,7,0
61293,Ġneuro,7,0
61294,Ġneighed,7,0
61295,Ġneocolonialism,7,0
61296,ulip,7,0
61299,Ġdeform,7,0
61300,Ġdelete,7,0
61301,Ġdeacon,7,0
61302,Ġdegrade,7,0
61303,thus,7,0
61304,thick,7,0
61305,throat,7,0
61307,throwing,7,0
61308,Ġfran,7,0
61309,Ġfranca,7,0
61311,Ġmannered,7,0
61316,Ġlivid,7,0
61317,ĠFink,7,0
61318,ĠFeng,7,0
61319,ĠFires,7,0
61320,ĠFrees,7,0
61322,ĠFirm,7,0
61323,ĠFishers,7,0
61324,ĠFuchs,7,0
61325,ĠFUND,7,0
61326,ĠFandango,7,0
61327,ĠFisheries,7,0
61328,alleros,7,0
61329,esto,7,0
61333,ĠDong,7,0
61336,ĠDov,7,0
61337,ĠDement,7,0
61338,ĠDuch,7,0
61339,ĠDOR,7,0
61343,ĠDifference,7,0
61344,ĠDEAD,7,0
61345,ĠDnip,7,0
61347,ĠDarmstadt,7,0
61349,eminence,7,0
61350,emnity,7,0
61352,Ġchided,7,0
61355,ĠNd,7,0
61356,ĠNate,7,0
61357,ĠNost,7,0
61358,ĠNect,7,0
61359,ĠNatch,7,0
61361,ĠNiles,7,0
61363,ĠNini,7,0
61364,ĠNerve,7,0
61366,ĠNga,7,0
61367,ĠNuns,7,0
61369,ĠNoster,7,0
61370,ĠNacht,7,0
61371,ĠNadi,7,0
61372,ĠNecess,7,0
61373,ĠNinth,7,0
61374,ĠNasal,7,0
61375,ĠNXT,7,0
61376,ĠNeely,7,0
61377,ĠNurses,7,0
61378,ĠNWF,7,0
61379,ĠNguy,7,0
61380,ĠNigel,7,0
61382,Ġplash,7,0
61384,Ġconn,7,0
61386,reshold,7,0
61389,ĠLars,7,0
61390,ĠLick,7,0
61391,ĠLair,7,0
61392,ĠLaid,7,0
61396,ĠLien,7,0
61397,ĠLesc,7,0
61398,ĠLamps,7,0
61400,ĠLarson,7,0
61401,ĠLlan,7,0
61402,ĠLIE,7,0
61405,ĠLLP,7,0
61406,ĠLlonga,7,0
61407,ĠLainingthou,7,0
61408,reda,7,0
61410,ĠGes,7,0
61411,ĠGum,7,0
61412,ĠGial,7,0
61413,ĠGave,7,0
61414,ĠGell,7,0
61415,ĠGets,7,0
61416,ĠGata,7,0
61418,ĠGaud,7,0
61421,ĠGCA,7,0
61422,ĠGenna,7,0
61423,ĠGUN,7,0
61424,ĠGayer,7,0
61425,ĠGIF,7,0
61426,ĠGhyll,7,0
61427,ĠGannet,7,0
61428,ĠGHz,7,0
61429,ĠGotha,7,0
61430,ĠGaskins,7,0
61431,ĠGribble,7,0
61432,ĠGeku,7,0
61434,quhar,7,0
61436,ĠRF,7,0
61438,ĠRong,7,0
61439,ĠRave,7,0
61440,ĠRanc,7,0
61443,ĠRaves,7,0
61444,ĠRER,7,0
61445,ĠRolf,7,0
61446,ĠRites,7,0
61447,ĠRental,7,0
61448,ĠRae,7,0
61449,ĠRanges,7,0
61450,ĠRene,7,0
61453,isti,7,0
61454,isty,7,0
61455,istor,7,0
61456,abre,7,0
61459,abich,7,0
61461,abash,7,0
61462,abbing,7,0
61463,ĠJh,7,0
61464,ĠJing,7,0
61465,ĠJamb,7,0
61467,ĠJij,7,0
61468,ĠJagged,7,0
61469,ĠJingo,7,0
61470,ĠJOUR,7,0
61471,ĠJCAHO,7,0
61473,Ġorators,7,0
61474,apuri,7,0
61477,artz,7,0
61479,route,7,0
61481,Ġvous,7,0
61482,Ġvowing,7,0
61483,Ġvascular,7,0
61484,Ġexig,7,0
61486,Ġexerting,7,0
61487,Ġsoviet,7,0
61489,Ġleer,7,0
61490,Ġleering,7,0
61492,Ġlevy,7,0
61494,Ġjes,7,0
61496,Ġjointed,7,0
61497,Ġjondo,7,0
61499,elg,7,0
61501,elopus,7,0
61502,ĠEys,7,0
61503,ĠESL,7,0
61505,ĠEyre,7,0
61506,ĠETS,7,0
61508,ĠElda,7,0
61509,ĠEamon,7,0
61510,ĠErika,7,0
61511,ĠEQIP,7,0
61512,Ġabate,7,0
61513,Ġabort,7,0
61514,Ġabounding,7,0
61515,Ġabusers,7,0
61516,Ġwerew,7,0
61517,Ġsapp,7,0
61518,Ġsaiyan,7,0
61519,osu,7,0
61520,osum,7,0
61526,Ġoutgrown,7,0
61527,Ġoutgrow,7,0
61528,Ġalluding,7,0
61530,Ġmeld,7,0
61531,Ġmeze,7,0
61533,Ġknowin,7,0
61534,Ġknoweth,7,0
61536,fford,7,0
61539,ĠHecht,7,0
61540,ackage,7,0
61542,ĠOI,7,0
61543,ĠOom,7,0
61544,ĠOge,7,0
61545,ĠOost,7,0
61546,ĠOli,7,0
61547,ĠOster,7,0
61548,ĠOuts,7,0
61549,ĠOmont,7,0
61550,ĠOmagh,7,0
61552,ostasis,7,0
61553,Ġcanst,7,0
61554,Ġcanines,7,0
61555,ongi,7,0
61556,astor,7,0
61557,Ġupload,7,0
61558,Ġtrims,7,0
61559,Ġtrinity,7,0
61560,Ġtrulli,7,0
61561,Ġ(.,7,0
61562,Ġnoontide,7,0
61563,itta,7,0
61565,Ġsheik,7,0
61567,Ġsheaf,7,0
61568,Ġyez,7,0
61569,Ġyeomen,7,0
61570,indorf,7,0
61571,ivore,7,0
61572,ivated,7,0
61573,ivened,7,0
61574,ivista,7,0
61576,oceratops,7,0
61578,Ġanyplace,7,0
61579,odice,7,0
61581,ĠThereupon,7,0
61583,oussa,7,0
61584,Ġwilly,7,0
61586,akti,7,0
61587,ĠThie,7,0
61588,ĠThann,7,0
61589,Ġmyriads,7,0
61591,epence,7,0
61592,areh,7,0
61593,Ġusages,7,0
61596,Ġclanged,7,0
61599,Ġteas,7,0
61600,Ġteaser,7,0
61601,Ġtectonic,7,0
61603,ĠInari,7,0
61604,ĠInstances,7,0
61605,ĠIncludes,7,0
61606,ĠInjection,7,0
61607,ĠInasmuch,7,0
61608,ĠInfinite,7,0
61610,ĠYr,7,0
61611,ĠYer,7,0
61612,ĠYon,7,0
61613,ĠYom,7,0
61614,ĠYay,7,0
61615,ĠYap,7,0
61616,ĠYost,7,0
61617,ĠYef,7,0
61620,ĠYmir,7,0
61621,ĠYpres,7,0
61622,ĠYarra,7,0
61624,ĠYomeimon,7,0
61625,Ġ2038,7,0
61629,ĠKI,7,0
61630,ĠKare,7,0
61631,ĠKach,7,0
61633,ĠKov,7,0
61635,ĠKup,7,0
61636,ĠKrew,7,0
61637,ĠKsh,7,0
61638,ĠKik,7,0
61639,ĠKron,7,0
61640,ĠKept,7,0
61644,ĠKinsky,7,0
61646,ĠKLA,7,0
61648,ĠKlu,7,0
61649,ĠKlan,7,0
61651,ĠKammu,7,0
61652,ĠKastro,7,0
61653,ĠKippur,7,0
61654,ĠKylie,7,0
61655,ĠKhedive,7,0
61656,ĠKWord,7,0
61657,ĠKisarazu,7,0
61658,ĠKurepa,7,0
61662,Ġroams,7,0
61664,raud,7,0
61667,Ġblasting,7,0
61670,Ġdipper,7,0
61672,ĠUlf,7,0
61673,ĠUran,7,0
61674,ĠUOL,7,0
61675,ĠUruk,7,0
61678,assie,7,0
61680,ĠSta,7,0
61681,ĠStab,7,0
61682,ĠStav,7,0
61683,ĠStere,7,0
61684,ĠStoney,7,0
61685,ĠStuck,7,0
61686,ĠSteb,7,0
61687,ĠStills,7,0
61689,ĠStoj,7,0
61690,ĠStrolling,7,0
61691,Ġenigma,7,0
61693,Ġenjoined,7,0
61694,Ġencephal,7,0
61695,ishin,7,0
61696,ishis,7,0
61697,Ġtimeframe,7,0
61699,Ġimitators,7,0
61701,izia,7,0
61704,Ġunpl,7,0
61708,Ġuniqueness,7,0
61709,Ġoverside,7,0
61710,Ġoverhy,7,0
61711,Ġovervalued,7,0
61712,Ġoverwrought,7,0
61714,Ġaddu,7,0
61715,Ġadhes,7,0
61717,Ġadjourned,7,0
61718,Ġcomposes,7,0
61719,Ġcompulsive,7,0
61720,Ġcompulsion,7,0
61721,Ġquarts,7,0
61722,Ġbecalmed,7,0
61723,Ġprong,7,0
61724,Ġprimes,7,0
61726,Ġaroma,7,0
61727,Ġoffshoot,7,0
61728,iaz,7,0
61729,Ġperused,7,0
61730,Ġpertain,7,0
61731,Ġperversely,7,0
61733,Ġspilt,7,0
61735,Ġspacing,7,0
61736,Ġsputtered,7,0
61738,ĠChill,7,0
61739,ĠChab,7,0
61741,ĠChino,7,0
61742,ĠChoose,7,0
61743,ĠChait,7,0
61744,ĠChaney,7,0
61745,ahl,7,0
61751,clothing,7,0
61753,Ġgrac,7,0
61755,Ġgrays,7,0
61756,Ġgrunts,7,0
61757,Ġdisable,7,0
61758,Ġdisband,7,0
61759,Ġdisables,7,0
61760,Ġdissection,7,0
61761,Ġdisquiet,7,0
61762,Ġdisassembled,7,0
61763,Ġdisulfide,7,0
61765,",""'",7,0
61766,Ġrips,7,0
61768,ĠVard,7,0
61769,ĠVred,7,0
61770,ĠVary,7,0
61773,ĠVaz,7,0
61774,ĠVash,7,0
61775,ĠVole,7,0
61776,ĠVIC,7,0
61778,ĠVagina,7,0
61779,ĠVoinovich,7,0
61780,ngu,7,0
61781,ewell,7,0
61787,Ġresumption,7,0
61788,irees,7,0
61790,rule,7,0
61791,Ġamass,7,0
61793,Ġamateurs,7,0
61794,Ġcontamin,7,0
61795,Ġcontortions,7,0
61796,Ġpartook,7,0
61797,Ġscabb,7,0
61801,overe,7,0
61802,Ġwellbeing,7,0
61803,ulture,7,0
61807,ĠWeldon,7,0
61808,ĠWeavers,7,0
61809,001,7,0
61810,006,7,0
61812,Ġappall,7,0
61815,Ġprecludes,7,0
61816,Ġpreachers,7,0
61817,Ġprehistory,7,0
61818,Ġboycotted,7,0
61819,Ġimporters,7,0
61820,Ġchildcare,7,0
61822,Ġbrambles,7,0
61827,Ġflage,7,0
61829,Ġflocking,7,0
61830,Ġflicks,7,0
61833,Ġflurried,7,0
61834,feas,7,0
61835,Ġsayest,7,0
61836,Ġnewts,7,0
61837,Ġoldies,7,0
61838,Ġbetimes,7,0
61839,amphetamine,7,0
61842,Ġunderprivileged,7,0
61843,Ġcrass,7,0
61845,Ġcranks,7,0
61846,Ġcranny,7,0
61847,Ġcringe,7,0
61848,Ġmenial,7,0
61849,Ġdesist,7,0
61850,Ġdeserting,7,0
61851,Ġdesultory,7,0
61852,Ġatten,7,0
61853,Ġattuned,7,0
61856,Ġhandprints,7,0
61857,Ġrepulse,7,0
61858,Ġrepublished,7,0
61860,Ġcoales,7,0
61861,Ġcarib,7,0
61862,Ġherein,7,0
61864,Ġrecidivism,7,0
61870,ĠWhang,7,0
61872,Ġaccout,7,0
61873,fuls,7,0
61875,Ġactuaries,7,0
61876,ĠAnac,7,0
61877,ĠAnark,7,0
61878,ĠAnette,7,0
61879,ĠAnonymous,7,0
61880,ĠAniston,7,0
61882,Ġcommuted,7,0
61883,Ġremorseless,7,0
61884,Ġdoges,7,0
61885,ĠUncon,7,0
61886,ovia,7,0
61887,ovna,7,0
61888,Ġcolspan,7,0
61889,Ġcolorectal,7,0
61890,atcha,7,0
61891,"?""]",7,0
61892,Ġmayn,7,0
61894,undum,7,0
61895,ontology,7,0
61897,Ġwroth,7,0
61905,hence,7,0
61906,henko,7,0
61908,Ġrelapse,7,0
61909,Ġrelayed,7,0
61910,Ġfoundering,7,0
61912,Ġshowdown,7,0
61913,ibes,7,0
61915,iburg,7,0
61916,Ġincest,7,0
61917,Ġincont,7,0
61918,Ġsurfeit,7,0
61920,Ġinvokes,7,0
61921,Ġinvasive,7,0
61922,Ġacet,7,0
61923,Ġhomemakers,7,0
61925,Ġprescriptive,7,0
61928,lects,7,0
61931,Ġ317,7,0
61934,Ġ348,7,0
61936,Ġskita,7,0
61937,Ġskurrying,7,0
61938,Ġdecon,7,0
61939,Ġobeys,7,0
61940,Ġfamished,7,0
61941,rosaur,7,0
61942,Ġstrays,7,0
61944,ommes,7,0
61946,plets,7,0
61948,Ġheadmen,7,0
61949,Ġheadlands,7,0
61950,Ġheadstrong,7,0
61952,Ġevasions,7,0
61954,Ġswerved,7,0
61955,Ġswathes,7,0
61956,Ġconspiring,7,0
61957,Ġservitor,7,0
61958,Ġservitors,7,0
61960,Ġretailing,7,0
61961,Ġops,7,0
61962,Ġopus,7,0
61963,Ġopined,7,0
61967,Ġmonies,7,0
61968,Ġcapers,7,0
61969,Ġdistilled,7,0
61970,Ġdistancing,7,0
61971,Ġsubset,7,0
61973,Ġsubstandard,7,0
61974,Ġsubaltern,7,0
61975,Ġsubfamilies,7,0
61976,Ġsubarctic,7,0
61978,Ġstudiously,7,0
61979,phot,7,0
61980,phren,7,0
61981,phobia,7,0
61984,Ġinstilled,7,0
61986,Ġkindliness,7,0
61990,ĠArashiyama,7,0
61991,Ġrestores,7,0
61992,Ġrestructure,7,0
61993,Ġrestrooms,7,0
61994,Ġrestorations,7,0
61995,Ġterse,7,0
61996,Ġdrains,7,0
61997,ĠLear,7,0
61998,ĠLeander,7,0
62000,ĠLehigh,7,0
62001,Ġmeanest,7,0
62002,Ġturnovers,7,0
62003,cedural,7,0
62004,ĠMara,7,0
62005,ĠMarv,7,0
62006,ĠMarple,7,0
62007,ĠMarche,7,0
62008,ĠMarbles,7,0
62009,ĠMarjing,7,0
62010,ĠMarietta,7,0
62011,Ġtelled,7,0
62012,ĠNox,7,0
62013,ĠNoll,7,0
62015,ĠNojima,7,0
62018,ĠIndirect,7,0
62019,Ġfarher,7,0
62020,Ġgenitals,7,0
62023,Ġwarhead,7,0
62024,Ġexporter,7,0
62025,Ġexposition,7,0
62026,ĠThats,7,0
62027,Ġserpents,7,0
62028,Ġserotonin,7,0
62029,orthi,7,0
62030,Ġphleg,7,0
62033,Ġintervie,7,0
62034,Ġinteragency,7,0
62035,Ġintermarriage,7,0
62036,Ġintermingled,7,0
62038,Ġairc,7,0
62039,Ġuntried,7,0
62040,Ġnumbed,7,0
62041,Ġbestowing,7,0
62042,Ġbestseller,7,0
62043,Ġlocus,7,0
62044,shaking,7,0
62045,shows,7,0
62046,shoots,7,0
62049,ĠShay,7,0
62050,ĠShoo,7,0
62051,ĠShish,7,0
62053,ĠShire,7,0
62054,ĠShib,7,0
62055,ĠShatt,7,0
62056,ĠShays,7,0
62057,ĠShams,7,0
62058,ĠShroud,7,0
62060,ĠShui,7,0
62061,ĠShoji,7,0
62062,ĠShoden,7,0
62063,ĠShastri,7,0
62064,Ġmete,7,0
62065,Ġrealigned,7,0
62066,rowers,7,0
62069,Ġcurio,7,0
62070,ĠAtoll,7,0
62071,Ġminster,7,0
62072,Ġbluegrass,7,0
62073,Ġpassively,7,0
62074,ĠReis,7,0
62075,ĠReign,7,0
62076,ĠReales,7,0
62077,ĠReaction,7,0
62078,ĠRevell,7,0
62079,Ġcharitably,7,0
62080,Ġriddance,7,0
62081,"!""]",7,0
62082,"!""--",7,0
62083,Ġ560,7,0
62084,Ġ570,7,0
62085,Ġ566,7,0
62086,Ġ576,7,0
62087,Ġ539,7,0
62088,Ġ546,7,0
62089,exchange,7,0
62090,express,7,0
62091,expensive,7,0
62092,explan,7,0
62093,Ġmovin,7,0
62094,Ġ460,7,0
62095,Ġ480,7,0
62096,Ġ435,7,0
62097,Ġdefies,7,0
62098,Ġdefile,7,0
62099,Ġdefiles,7,0
62100,Ġdefamation,7,0
62102,Ġnothingness,7,0
62106,return,7,0
62108,Ġrefr,7,0
62110,Ġrupt,7,0
62111,Ġcleaving,7,0
62112,Ġcleaved,7,0
62113,Ġmariner,7,0
62115,Ġmodifying,7,0
62116,aje,7,0
62118,Ġmusingly,7,0
62119,Ġmussed,7,0
62120,Ġeasing,7,0
62121,ĠForbidden,7,0
62122,ussing,7,0
62123,Ġpublicist,7,0
62124,Ġpublically,7,0
62127,iette,7,0
62128,Ġdepredations,7,0
62129,Ġspeculations,7,0
62130,Ġspeculates,7,0
62131,ĠJohanna,7,0
62135,Ġplannin,7,0
62136,Ġdrily,7,0
62137,ĠAdap,7,0
62138,ĠAdmission,7,0
62141,Ġwaived,7,0
62143,ĠBev,7,0
62144,ĠBeit,7,0
62145,ĠBeating,7,0
62146,ĠBeef,7,0
62147,ĠBeowulf,7,0
62148,Ġtopographic,7,0
62149,Ġ617,7,0
62150,ĠAllama,7,0
62151,Ġmarkup,7,0
62152,ĠMisses,7,0
62155,Ġbreached,7,0
62156,Ġextolled,7,0
62158,ĠSpit,7,0
62159,ĠSpan,7,0
62160,ĠSpons,7,0
62161,ĠSparrow,7,0
62162,ĠSprout,7,0
62163,ĠDeich,7,0
62164,ĠDearest,7,0
62166,Ġnumberless,7,0
62167,isme,7,0
62168,Ġmoats,7,0
62169,ĠHowth,7,0
62170,ĠHowrah,7,0
62172,ĠProvencal,7,0
62173,Ġdetours,7,0
62175,Ġfootfalls,7,0
62176,Ġeffectual,7,0
62177,Ġstayin,7,0
62178,ĠEngden,7,0
62180,Ġaviary,7,0
62183,ĠMyint,7,0
62185,brass,7,0
62186,ĠEdirne,7,0
62188,ikaze,7,0
62189,mining,7,0
62190,mination,7,0
62191,autiously,7,0
62192,Ġforelock,7,0
62193,Ġforegone,7,0
62194,Ġforebears,7,0
62195,Ġbrooks,7,0
62196,Ġbrooches,7,0
62197,ĠChrissy,7,0
62198,ĠChromium,7,0
62199,Ġinsub,7,0
62200,Ġinsular,7,0
62202,Ġinsurer,7,0
62203,Ġtransact,7,0
62204,Ġtranscontinental,7,0
62205,Ġtransplants,7,0
62207,ĠDoak,7,0
62208,ĠJonBen,7,0
62209,Ġmusicologist,7,0
62210,Ġ710,7,0
62211,Ġ715,7,0
62213,Ġ737,7,0
62215,elta,7,0
62216,Ġlegalization,7,0
62217,Ġvez,7,0
62219,Ġinfighting,7,0
62220,Ġinfanticide,7,0
62221,ĠCarried,7,0
62224,ĠCarrs,7,0
62225,ĠCarbet,7,0
62226,Ġ845,7,0
62227,Ġstepper,7,0
62228,Ġballast,7,0
62229,Ġballistic,7,0
62231,notch,7,0
62234,ĠPringle,7,0
62235,Ġfirepower,7,0
62236,Ġfirebrands,7,0
62237,Ġtriage,7,0
62238,Ġtriathlon,7,0
62239,Ġprofited,7,0
62240,Ġproficiency,7,0
62241,Ġprofanity,7,0
62242,Ġaudibly,7,0
62243,ĠConting,7,0
62244,ĠContext,7,0
62245,Ġproto,7,0
62247,Ġconcub,7,0
62248,Ġfielded,7,0
62250,ĠFlanagan,7,0
62251,Ġesque,7,0
62252,Ġpatois,7,0
62253,Ġpattering,7,0
62254,Ġparox,7,0
62255,Ġparados,7,0
62256,Ġparodies,7,0
62257,Ġpurr,7,0
62258,Ġpuritan,7,0
62260,Ġmindless,7,0
62261,Ġshortens,7,0
62263,Ġbaronet,7,0
62264,Ġdelive,7,0
62265,Ġdelving,7,0
62266,Ġdelusions,7,0
62267,Ġ911,7,0
62269,ĠRepublique,7,0
62270,Ġpastimes,7,0
62271,prised,7,0
62272,prises,7,0
62273,pronged,7,0
62275,Ġcaresses,7,0
62278,Ġstoryboard,7,0
62279,Ġstorytellers,7,0
62281,Ġelective,7,0
62282,architect,7,0
62283,chess,7,0
62285,onyms,7,0
62286,Ġanimate,7,0
62287,ouns,7,0
62289,ĠColch,7,0
62290,ĠColoss,7,0
62291,ĠColby,7,0
62292,ĠColoured,7,0
62293,ĠColonies,7,0
62294,Ġcutesy,7,0
62296,ĠZus,7,0
62297,ĠZack,7,0
62299,ĠZoff,7,0
62300,ĠZoning,7,0
62301,ĠZandt,7,0
62302,ĠQUAR,7,0
62303,Ġ1710,7,0
62304,Ġ1713,7,0
62305,Ġ1725,7,0
62307,Ġ1759,7,0
62308,Ġ1737,7,0
62309,Ġ1731,7,0
62310,Ġ1747,7,0
62311,Ġ1758,7,0
62312,Ġ1753,7,0
62313,gedorf,7,0
62315,Ġequates,7,0
62316,Ġnationalization,7,0
62318,Ġsati,7,0
62319,Ġbenefitted,7,0
62320,ĠCommision,7,0
62321,ĠCommitment,7,0
62322,iterating,7,0
62323,ĠHaram,7,0
62324,ĠHarima,7,0
62325,ĠHarlan,7,0
62326,ĠHarpies,7,0
62328,ĠSoHo,7,0
62330,ĠGrat,7,0
62331,ĠGracious,7,0
62333,ĠGrasse,7,0
62335,ĠYorktown,7,0
62336,Ġbedecked,7,0
62337,Ġlowbrow,7,0
62338,Ġwoodpeckers,7,0
62339,Ġreplay,7,0
62340,ollah,7,0
62341,Ġfallacy,7,0
62343,ĠOrangerie,7,0
62344,192,7,0
62345,193,7,0
62346,194,7,0
62347,1913,7,0
62348,1924,7,0
62349,1948,7,0
62350,1934,7,0
62351,1959,7,0
62352,1936,7,0
62353,1953,7,0
62354,ĠScrap,7,0
62356,ĠScyth,7,0
62358,Ġpostmortem,7,0
62359,Ġpostsecondary,7,0
62360,iderivative,7,0
62361,Ġ1520,7,0
62362,Ġ1530,7,0
62363,Ġ1560,7,0
62364,Ġ1580,7,0
62365,Ġ1534,7,0
62366,Ġ1542,7,0
62367,Ġ1569,7,0
62368,Ġ1557,7,0
62369,Ġ1592,7,0
62370,Ġ1584,7,0
62371,ĠGASB,7,0
62373,ĠCountdown,7,0
62374,ĠBlimp,7,0
62375,ĠBlossom,7,0
62376,eseemeth,7,0
62377,ĠGeo,7,0
62378,ĠGeographical,7,0
62380,ĠGeffen,7,0
62381,iumas,7,0
62382,Ġdarky,7,0
62383,Ġdarkroom,7,0
62384,Ġappeasing,7,0
62385,ĠNotably,7,0
62388,ĠSeong,7,0
62390,ĠSeamus,7,0
62391,ĠSeathwaite,7,0
62392,ĠTox,7,0
62393,ĠToensing,7,0
62394,Ġlaud,7,0
62395,Ġlaude,7,0
62397,Ġbabel,7,0
62398,Ġbabbled,7,0
62399,ĠExotic,7,0
62400,ĠExcluding,7,0
62403,ĠGuil,7,0
62404,ĠGuaya,7,0
62405,incing,7,0
62406,Ġimpropri,7,0
62407,ĠParris,7,0
62408,ĠParlor,7,0
62409,ĠParikia,7,0
62410,Ġ1290,7,0
62411,Ġ1292,7,0
62412,Ġ1623,7,0
62413,Ġ1634,7,0
62414,Ġ1663,7,0
62415,Ġ1651,7,0
62416,ĠBarrows,7,0
62417,ĠBaracoa,7,0
62418,Ġcorking,7,0
62419,Ġmailings,7,0
62420,Ġlimelight,7,0
62421,ĠDonato,7,0
62422,ĠDonneloye,7,0
62423,ĠNationale,7,0
62424,ĠNationalist,7,0
62425,coff,7,0
62426,ĠGoethe,7,0
62427,Ġsonnet,7,0
62428,ofer,7,0
62432,Ġtenement,7,0
62433,Ġtenfold,7,0
62434,mael,7,0
62435,maize,7,0
62436,Ġsquall,7,0
62437,Ġsquirm,7,0
62438,Ġsquinted,7,0
62439,Ġsquandered,7,0
62440,ĠPerch,7,0
62441,ĠPeride,7,0
62442,ĠPerret,7,0
62443,ĠPerrin,7,0
62444,ĠPerrins,7,0
62445,Ġprojectors,7,0
62447,Ġtroun,7,0
62448,ĠPresort,7,0
62449,Andrea,7,0
62450,ĠCanova,7,0
62453,ĠTehsil,7,0
62454,erais,7,0
62455,Ġsolstice,7,0
62456,Ġsalaried,7,0
62457,ĠSani,7,0
62458,ĠSanjo,7,0
62459,ĠSanchi,7,0
62460,Ġoutdo,7,0
62461,Ġhealthful,7,0
62463,ynam,7,0
62465,Ġauthoritatively,7,0
62467,script,7,0
62468,Ġyellowhammer,7,0
62469,Ġgrande,7,0
62470,Ġgrandees,7,0
62472,ĠCharming,7,0
62473,ĠChargers,7,0
62474,Ġceasing,7,0
62476,ĠAmbr,7,0
62477,ĠAmuse,7,0
62479,Ġpresidente,7,0
62480,Ġstepdaughter,7,0
62482,Ġdescried,7,0
62484,ĠCausality,7,0
62485,ĠCaazap,7,0
62486,Ġstriven,7,0
62488,comment,7,0
62490,ĠMeal,7,0
62491,ĠMehi,7,0
62492,ĠMegaron,7,0
62493,ĠXi,7,0
62494,ĠXin,7,0
62495,ĠXen,7,0
62496,ĠXian,7,0
62497,Ġcritiques,7,0
62498,ĠNeige,7,0
62499,ĠNegeri,7,0
62500,ĠAbdu,7,0
62502,Ġnoncriminal,7,0
62503,Ġinternship,7,0
62504,Ġseafarers,7,0
62505,Ġestimable,7,0
62507,ĠPola,7,0
62508,Ġfurs,7,0
62509,alde,7,0
62510,Ġ1411,7,0
62513,ĠGenesee,7,0
62515,Ġadmissible,7,0
62516,Ġadmittance,7,0
62517,Ġfinalize,7,0
62519,Ġcommoners,7,0
62520,Ġpalatable,7,0
62521,ĠCentro,7,0
62522,ĠSouthfork,7,0
62523,Ġsuffused,7,0
62524,Ġregionally,7,0
62525,Ġdeviate,7,0
62526,ĠPepe,7,0
62527,ĠPears,7,0
62529,Ġparenthesis,7,0
62530,Ġhavens,7,0
62531,ĠPhilanthrop,7,0
62533,depending,7,0
62537,Ġ1154,7,0
62538,Ġ1173,7,0
62539,Ġarmistice,7,0
62541,ĠMalachi,7,0
62542,ĠMalawi,7,0
62544,Ġarchival,7,0
62545,Ġcomplication,7,0
62546,Ġpotion,7,0
62547,Ġpotency,7,0
62548,ĠWestside,7,0
62550,ĠElgitha,7,0
62551,ĠElitserien,7,0
62553,ĠNorthmen,7,0
62554,Ġ1321,7,0
62555,Ġ1368,7,0
62556,Ġ1386,7,0
62557,Ġquieting,7,0
62558,Ġquietness,7,0
62559,Ġills,7,0
62561,ĠPostmaster,7,0
62562,Ġexaminers,7,0
62564,Ġcourtly,7,0
62565,Ġcourtier,7,0
62566,ĠSlut,7,0
62568,ĠSlocum,7,0
62569,Ġsupercharger,7,0
62570,Ġencoded,7,0
62571,ĠSwami,7,0
62573,Ġphotochem,7,0
62574,Ġenviously,7,0
62575,Ġgladiators,7,0
62577,Ġcastaways,7,0
62578,Ġjackals,7,0
62579,Ġantic,7,0
62584,ĠMonique,7,0
62585,ĠMoncton,7,0
62586,Ġautopilot,7,0
62587,ĠParton,7,0
62588,ĠLawmakers,7,0
62589,ĠFinch,7,0
62591,ĠMedell,7,0
62592,ĠMedavoy,7,0
62593,ĠPala,7,0
62594,ĠPali,7,0
62595,ĠPalaces,7,0
62596,ĠPalmas,7,0
62597,ĠEmperors,7,0
62599,Weather,7,0
62600,Ġtotalitarianism,7,0
62602,ĠPortman,7,0
62603,ĠPortug,7,0
62604,ĠResident,7,0
62605,ĠResorts,7,0
62606,ĠCapac,7,0
62607,ĠCapita,7,0
62609,Ġ309,7,0
62610,ĠRusses,7,0
62611,Ġnatured,7,0
62613,Ġtreatable,7,0
62614,Ġnether,7,0
62615,Ġnetworked,7,0
62616,ĠFederalism,7,0
62617,Ġfishmong,7,0
62619,Ġmesses,7,0
62620,Ġcleanse,7,0
62622,Ġmultit,7,0
62624,ĠSocieties,7,0
62625,ĠFrankish,7,0
62626,ĠRedux,7,0
62627,ĠRedmond,7,0
62628,ĠRedcap,7,0
62630,Ġcatchment,7,0
62631,ĠDems,7,0
62632,ĠDempsey,7,0
62634,ĠTurmeric,7,0
62639,Ġcopse,7,0
62640,Ġmassa,7,0
62641,ĠMarylebone,7,0
62642,Ġdisplace,7,0
62643,ĠQuin,7,0
62645,ĠQuenching,7,0
62646,Noble,7,0
62647,Ġstructurally,7,0
62648,Ġquarried,7,0
62649,Ġmachismo,7,0
62650,ĠDrinks,7,0
62651,Ġdependable,7,0
62655,loan,7,0
62657,Ġvictuals,7,0
62660,Ġmischance,7,0
62661,ĠAlexa,7,0
62662,Ġpathogen,7,0
62664,ĠEnn,7,0
62665,Ġbroadening,7,0
62667,ĠCompile,7,0
62668,Ġmastering,7,0
62669,Ġmistook,7,0
62671,Ġacquires,7,0
62672,ĠBillings,7,0
62675,ĠIrwin,7,0
62676,Ġzips,7,0
62678,Ġ257,7,0
62679,ĠAgua,7,0
62681,ĠServe,7,0
62682,ĠSerrano,7,0
62684,ĠMenuhin,7,0
62685,ĠMichnik,7,0
62686,ATS,7,0
62688,ĠSantee,7,0
62689,ĠSantenay,7,0
62691,ĠPatten,7,0
62692,ĠPatience,7,0
62693,ĠWashingtonians,7,0
62694,Ġachievable,7,0
62695,ORENCE,7,0
62696,strung,7,0
62697,strasse,7,0
62699,ĠAcrose,7,0
62700,Ġradiate,7,0
62702,Ġ1009,7,0
62703,Ġfigurehead,7,0
62704,Ġhyenas,7,0
62705,ĠCramer,7,0
62706,Ġthrott,7,0
62708,Ġhallways,7,0
62710,ĠValidity,7,0
62711,Ġconnectivity,7,0
62712,ĠNewsletter,7,0
62714,ĠJessel,7,0
62715,Ġearthworms,7,0
62717,Ġcornerstone,7,0
62718,ĠBerth,7,0
62719,ĠBerbers,7,0
62720,Ġshooters,7,0
62721,ĠGlor,7,0
62723,Ġimmobile,7,0
62724,ĠBoleyn,7,0
62725,Ġsirs,7,0
62726,ĠLaunch,7,0
62727,ĠLaunay,7,0
62728,ĠBushman,7,0
62729,islav,7,0
62731,Ġepoxy,7,0
62732,Ġepigraph,7,0
62733,regarded,7,0
62734,ĠHalls,7,0
62736,Ġprimroses,7,0
62737,Ġtenderest,7,0
62740,ĠSchles,7,0
62741,ĠSchmitt,7,0
62742,Ġsportswriters,7,0
62743,Ġconvents,7,0
62744,razine,7,0
62746,ulets,7,0
62748,ĠCherie,7,0
62749,ĠChecking,7,0
62750,ĠChechens,7,0
62751,Ġchaplain,7,0
62752,ĠDesire,7,0
62753,ĠDescend,7,0
62754,Ġcrux,7,0
62755,Ġcruised,7,0
62757,iosperm,7,0
62758,Ġarchitectures,7,0
62759,509,7,0
62761,ĠSyte,7,0
62762,ĠSyrians,7,0
62764,Ġmannerisms,7,0
62765,Ġdispatches,7,0
62766,Ġcartilage,7,0
62767,ĠSincerely,7,0
62768,Ġanguished,7,0
62770,flow,7,0
62773,flavored,7,0
62774,Ġverve,7,0
62775,Ġverifications,7,0
62776,Ġvertebrate,7,0
62777,Ġsensibility,7,0
62778,ĠLoi,7,0
62779,ĠLoad,7,0
62780,ĠLoans,7,0
62781,ĠLoving,7,0
62782,risis,7,0
62783,Ġdegener,7,0
62784,Ġuncivil,7,0
62785,Ġuncountable,7,0
62786,Ġuncredited,7,0
62788,ĠSteiner,7,0
62789,Ġ504,7,0
62790,Ġcommandments,7,0
62792,collective,7,0
62793,ĠApply,7,0
62794,Ġensues,7,0
62796,breasted,7,0
62797,ufacturing,7,0
62798,Ġcolonizers,7,0
62799,Ġurchins,7,0
62800,lighted,7,0
62801,ĠDorado,7,0
62803,aeus,7,0
62804,Ġturren,7,0
62805,rification,7,0
62807,Ġcommenter,7,0
62808,Ġeffortless,7,0
62809,173,7,0
62810,176,7,0
62811,1700,7,0
62812,ĠMartino,7,0
62814,Ġundressing,7,0
62815,Ġundrafted,7,0
62816,ĠQueuing,7,0
62817,Ġinjuring,7,0
62819,Ġcitadels,7,0
62820,however,7,0
62821,Ġmixtape,7,0
62822,Ġrosewood,7,0
62824,Ġinquires,7,0
62825,ĠAnticipating,7,0
62827,ĠPreview,7,0
62828,ĠPrehistoric,7,0
62830,Ġbiologists,7,0
62831,Ġbiweekly,7,0
62832,Ġinitiates,7,0
62833,ĠWinds,7,0
62834,Ġpanacea,7,0
62835,Ġpanoply,7,0
62836,ĠInglethorpe,7,0
62837,ĠBaywatch,7,0
62839,Ġtownsman,7,0
62840,Ġtownsmen,7,0
62841,Ġtownsfolk,7,0
62842,Ġlegislate,7,0
62843,ĠSuzy,7,0
62844,ĠBoyers,7,0
62845,Ġmagnitudes,7,0
62847,ĠImola,7,0
62848,ĠImran,7,0
62849,ĠInglethorps,7,0
62850,1855,7,0
62851,1857,7,0
62853,Ġgari,7,0
62854,ĠMorality,7,0
62855,ĠMorcar,7,0
62857,Ġinvestigates,7,0
62860,ĠAnnibale,7,0
62862,ĠInternationalist,7,0
62863,ĠBelz,7,0
62864,ĠPriory,7,0
62865,ĠPriests,7,0
62866,Ġsplints,7,0
62867,Ġsplintering,7,0
62868,Ġsplurge,7,0
62870,124,7,0
62871,??.,7,0
62872,ĠKalat,7,0
62876,Ġrebro,7,0
62877,Ġrebounded,7,0
62878,ĠMontilliez,7,0
62879,Ġirks,7,0
62881,habd,7,0
62884,Ġavoidable,7,0
62885,Ġelectrically,7,0
62887,Ġ274,7,0
62888,Ġ276,7,0
62890,ĠMerlin,7,0
62891,ĠMeridian,7,0
62892,Ġalternates,7,0
62893,Ġ265,7,0
62895,ĠGreitens,7,0
62896,ĠSatis,7,0
62897,ĠBrowne,7,0
62898,ĠGervassen,7,0
62899,blig,7,0
62900,blast,7,0
62901,blocks,7,0
62902,blazer,7,0
62904,Ġspiritually,7,0
62905,ĠRecruit,7,0
62906,ĠRecreational,7,0
62907,ĠRecovering,7,0
62909,Ġthicken,7,0
62910,Ġthickening,7,0
62911,Ġpreparedness,7,0
62912,ĠMichaelangelo,7,0
62913,ĠDelft,7,0
62914,ĠDelawares,7,0
62915,ĠDeluxe,7,0
62916,Ġ282,7,0
62917,Ġ283,7,0
62918,Ġ288,7,0
62919,Ġgatekeepers,7,0
62921,Ġcircumscribed,7,0
62923,ĠKeating,7,0
62924,Ġamaze,7,0
62926,Ġvacu,7,0
62928,153,7,0
62929,155,7,0
62930,157,7,0
62933,ĠHumming,7,0
62934,Ġrens,7,0
62937,ĠMacs,7,0
62938,ĠMacomb,7,0
62939,ĠMacdonald,7,0
62940,ĠMachecoul,7,0
62941,Stincard,7,0
62945,Ġunsustainable,7,0
62946,Ġunsavory,7,0
62947,Ġtickles,7,0
62948,Ġtickling,7,0
62949,ĠWesterns,7,0
62950,Ġhomespun,7,0
62952,verein,7,0
62953,Ġwrested,7,0
62954,ĠCastes,7,0
62955,ĠCastel,7,0
62956,Ġfunctionary,7,0
62957,Ġ296,7,0
62958,ĠSket,7,0
62959,ĠSkaggs,7,0
62960,Ġintegrates,7,0
62961,ĠWhoa,7,0
62963,Ġunflinching,7,0
62964,ĠAudoen,7,0
62966,Ġbathes,7,0
62967,Ġ);,7,0
62968,ĠTownies,7,0
62969,ĠGarp,7,0
62970,ĠGarand,7,0
62971,ĠGarner,7,0
62972,ĠGarbage,7,0
62973,Ġmadman,7,0
62974,Ġmadrasa,7,0
62975,Ġgean,7,0
62977,ĠTouring,7,0
62978,ĠTournon,7,0
62979,Ġbothersome,7,0
62980,Ġethically,7,0
62981,Ġethanol,7,0
62982,ĠMurph,7,0
62983,ĠMurders,7,0
62984,ĠProvide,7,0
62985,ĠOutfit,7,0
62986,ĠOutput,7,0
62987,ĠBuzen,7,0
62988,Ġjourneymen,7,0
62989,Ġbuckboard,7,0
62990,Ġbuckwheat,7,0
62991,Ġironed,7,0
62992,ĠWilmore,7,0
62993,ĠWilmington,7,0
62994,Ġdismembered,7,0
62995,ĠMagna,7,0
62996,ĠMaginnis,7,0
62997,global,7,0
62998,ĠCurios,7,0
62999,ĠCurrituck,7,0
63002,Ġobservatories,7,0
63003,Ġrestricts,7,0
63004,Ġdeterrence,7,0
63005,Ġdetergents,7,0
63006,ĠMetropolis,7,0
63007,Ġtrafficking,7,0
63009,Ġcasa,7,0
63010,Ġcasks,7,0
63011,ĠIllness,7,0
63012,ĠMcCrary,7,0
63013,ĠWorkplace,7,0
63014,Ġpaella,7,0
63015,ĠCampania,7,0
63016,ĠCampanile,7,0
63017,Ġconstructors,7,0
63018,Ġconstructively,7,0
63020,Ġconservatory,7,0
63021,Ġscholastic,7,0
63022,caused,7,0
63023,Ġthrillers,7,0
63024,ĠModerne,7,0
63026,ĠSunCruz,7,0
63027,ĠTrevi,7,0
63028,ĠCorrea,7,0
63029,Ġinterpolated,7,0
63030,Ġsalesmen,7,0
63031,ĠRamone,7,0
63032,ĠRambo,7,0
63033,ĠRamesses,7,0
63034,ĠRamayana,7,0
63035,looks,7,0
63039,Ġgovernorate,7,0
63041,144,7,0
63042,Ġimplant,7,0
63043,Ġimplacable,7,0
63044,Ġconquistad,7,0
63045,Ġtimelines,7,0
63046,ĠKoreatown,7,0
63047,Ġmicrobe,7,0
63048,Ġmicroeconomics,7,0
63049,ĠBoarding,7,0
63050,visited,7,0
63051,ĠCamilo,7,0
63052,ĠRevol,7,0
63053,ĠRevival,7,0
63054,ĠRevolt,7,0
63056,Ġpocketed,7,0
63057,ĠSubmission,7,0
63058,ĠSubstantial,7,0
63059,Chancellor,7,0
63060,Ġporters,7,0
63061,ĠTerrance,7,0
63062,ĠStoneley,7,0
63063,ĠMargot,7,0
63065,Ġcopyist,7,0
63066,ĠPenrose,7,0
63068,launch,7,0
63069,ĠSurrender,7,0
63070,Ġprotestant,7,0
63071,Ġ901,7,0
63073,Islamic,7,0
63076,ĠBigga,7,0
63077,Ġmedicare,7,0
63078,ĠBethesda,7,0
63079,ĠDupl,7,0
63080,ĠDuPont,7,0
63081,Ġmercurial,7,0
63082,Ġcounterattack,7,0
63085,ĠRockas,7,0
63086,ĠRogier,7,0
63087,ĠMahesh,7,0
63088,ĠLargent,7,0
63090,Ġnursemaid,7,0
63091,Inc,7,0
63092,Inception,7,0
63093,ĠGeraldo,7,0
63094,Ġlifelike,7,0
63096,ĠLandau,7,0
63097,Ġdissolute,7,0
63098,ĠWinfield,7,0
63099,ĠRomer,7,0
63100,ĠRomantics,7,0
63101,ĠIncurabili,7,0
63102,Ġsubsiding,7,0
63105,ĠChapters,7,0
63106,605,7,0
63107,ĠSelinda,7,0
63108,ĠBonjour,7,0
63109,ĠKarak,7,0
63110,ĠKarachi,7,0
63111,ĠKarpathos,7,0
63112,ĠThornhill,7,0
63113,elligent,7,0
63114,ĠPetrov,7,0
63115,Ġmudslides,7,0
63117,ĠWalnut,7,0
63118,ĠWebber,7,0
63119,Ġcheeky,7,0
63120,Ġcheekbones,7,0
63121,IVAL,7,0
63122,ĠSCOT,7,0
63123,ĠWoodland,7,0
63124,ĠWoodhouse,7,0
63125,ĠWoodruff,7,0
63126,ĠUpazila,7,0
63127,equivalent,7,0
63128,Ġtorments,7,0
63129,Ġastroph,7,0
63130,Ġpsychotic,7,0
63131,Ġpsychoan,7,0
63132,Ġpsychologically,7,0
63133,ĠErich,7,0
63135,ĠErasmus,7,0
63136,ĠErmita,7,0
63138,Ġleathery,7,0
63139,ĠInterl,7,0
63140,ĠIntercontinental,7,0
63141,ĠArchimed,7,0
63143,ĠFeige,7,0
63144,ranet,7,0
63146,ĠTriangulation,7,0
63147,ĠKenton,7,0
63148,Ġterminates,7,0
63149,ĠIslamabad,7,0
63151,Ġpolearm,7,0
63152,ĠStrath,7,0
63154,Ġultimatum,7,0
63155,ĠLookout,7,0
63156,Ġimperatives,7,0
63157,Ġimpermissible,7,0
63158,Ġsubstantives,7,0
63159,Ġsubstantiate,7,0
63160,Ġsubstantiated,7,0
63161,Ġchestguard,7,0
63163,ĠForester,7,0
63166,ĠFigu,7,0
63168,ĠFigaro,7,0
63169,ĠDoges,7,0
63171,Ġdulled,7,0
63172,ĠProtecting,7,0
63173,ĠPrototypes,7,0
63176,ĠTopography,7,0
63177,ĠBello,7,0
63178,ĠBellen,7,0
63179,ĠOsvaldo,7,0
63180,Ġadmittedly,7,0
63181,ĠRobots,7,0
63182,ĠRobredo,7,0
63183,Ġbrainstorm,7,0
63184,ĠITC,7,0
63185,ĠITbased,7,0
63186,Ġslaveholders,7,0
63188,ĠSuperbowl,7,0
63189,ĠDefin,7,0
63190,ĠDefending,7,0
63191,ĠDefenders,7,0
63192,ĠEsoc,7,0
63193,ĠEsper,7,0
63194,ĠEssequibo,7,0
63195,ĠExecutions,7,0
63196,ĠClearporters,7,0
63198,asya,7,0
63199,ĠJoannah,7,0
63200,Ġformulaic,7,0
63201,ĠAhan,7,0
63202,Arc,7,0
63203,Argent,7,0
63204,ĠSuppliers,7,0
63206,ĠGallen,7,0
63207,Ġratify,7,0
63208,Ġsemaphore,7,0
63211,ĠEarthqu,7,0
63214,ĠSTATES,7,0
63215,Ġdivorcing,7,0
63216,trust,7,0
63218,training,7,0
63220,ĠNOAA,7,0
63221,ĠNightline,7,0
63222,Ġgodfather,7,0
63224,ĠMcGraw,7,0
63225,ĠMcGowan,7,0
63226,ĠSavane,7,0
63227,Ġlatent,7,0
63228,Ġmoralistic,7,0
63229,Ġsymposium,7,0
63232,ĠEDWARD,7,0
63233,AMS,7,0
63235,AMPAS,7,0
63236,ĠCEBAF,7,0
63237,ĠImpala,7,0
63238,ĠGetaway,7,0
63239,ĠAttic,7,0
63240,ĠAttalus,7,0
63241,Ġhabitations,7,0
63242,ĠFridlund,7,0
63243,Ġrampage,7,0
63244,ĠStaten,7,0
63245,commonly,7,0
63246,ĠSeconds,7,0
63247,Ġpredictive,7,0
63248,ĠHolness,7,0
63249,ĠHolbein,7,0
63250,ĠAvid,7,0
63251,ĠAvoca,7,0
63252,ĠAvailability,7,0
63253,Ġopts,7,0
63254,ĠFarringdon,7,0
63255,ĠHalicarnassus,7,0
63256,ĠNormandie,7,0
63258,Almost,7,0
63259,ĠVillers,7,0
63260,ĠFaq,7,0
63262,Ġjailer,7,0
63263,ĠHumanitarians,7,0
63264,ĠPuya,7,0
63265,ĠAlaoglu,7,0
63267,Ġdeterminant,7,0
63268,704,7,0
63269,ĠSandin,7,0
63270,ĠYearly,7,0
63272,Ġbroadcasted,7,0
63273,Ġtornados,7,0
63274,ĠMailman,7,0
63275,ĠFormed,7,0
63276,ĠKnew,7,0
63277,Ġpurebred,7,0
63278,Ġoverspending,7,0
63279,ĠLocust,7,0
63280,Ġmorass,7,0
63281,ĠBesieged,7,0
63283,Ġunprepossessing,7,0
63284,ĠVolodymyr,7,0
63285,crack,7,0
63286,crumbs,7,0
63287,Ġitemize,7,0
63288,Ġmaximization,7,0
63289,Ġpedler,7,0
63292,ĠReminds,7,0
63293,ĠEdmunds,7,0
63294,ĠDenali,7,0
63295,Ġdiversify,7,0
63296,Ġobstructive,7,0
63298,iliated,7,0
63302,ĠGalactica,7,0
63304,Ġfetuses,7,0
63306,ĠRajya,7,0
63307,ĠRajpath,7,0
63309,Ġforbear,7,0
63310,ĠLucius,7,0
63311,ĠHyacinth,7,0
63312,Ġnomad,7,0
63313,ĠAzay,7,0
63314,ĠAzaria,7,0
63315,ĠAztecs,7,0
63316,ĠAzalea,7,0
63317,ĠProducing,7,0
63318,ĠOrganisms,7,0
63319,ĠTimeline,7,0
63320,ĠCowgate,7,0
63321,faith,7,0
63322,Ġboldface,7,0
63323,Ġnitrous,7,0
63324,Ġundertakes,7,0
63325,Ġidealized,7,0
63327,Ġsterner,7,0
63328,Ġhalide,7,0
63330,Ġ351,7,0
63331,Ġ353,7,0
63332,Ġ358,7,0
63333,Ġhighwayman,7,0
63335,Ġaxed,7,0
63336,ĠRodger,7,0
63337,Ġmasking,7,0
63338,ĠRetail,7,0
63339,ĠJeffery,7,0
63340,ĠElectors,7,0
63341,ĠNapoleone,7,0
63342,ĠAgnred,7,0
63343,ĠBangor,7,0
63344,ĠBangura,7,0
63345,ĠRalston,7,0
63346,ĠVerbs,7,0
63347,ĠVerdi,7,0
63348,Ġtonsils,7,0
63349,Ġpersuas,7,0
63352,ĠBalboa,7,0
63353,ĠKathua,7,0
63354,Ġwarningly,7,0
63356,Ġsinning,7,0
63357,Ġshoveled,7,0
63358,Ġphratries,7,0
63359,Ġliberalization,7,0
63361,ĠPayback,7,0
63362,ĠPayroll,7,0
63363,Ġcarpetb,7,0
63365,continent,7,0
63366,contusions,7,0
63367,Ġnarrate,7,0
63368,Ġnarrates,7,0
63369,ĠUNEP,7,0
63370,Ġunwel,7,0
63371,Ġunwashed,7,0
63372,Ġunwittingly,7,0
63373,Ġunwarranted,7,0
63374,Ġvalidating,7,0
63376,Ġweirdest,7,0
63377,Ġjuveniles,7,0
63383,268,7,0
63384,ĠMotz,7,0
63385,ĠDunbar,7,0
63386,Ġsteadying,7,0
63387,Ġsweatshop,7,0
63390,Ġromanticism,7,0
63391,organisms,7,0
63392,uterium,7,0
63393,ĠPalestrina,7,0
63394,Ġreplaceable,7,0
63395,Shake,7,0
63396,Shoot,7,0
63397,Shannon,7,0
63399,232,7,0
63400,Ġmotivates,7,0
63402,Ġ3622,7,0
63403,ĠMatin,7,0
63406,ĠTenants,7,0
63407,ĠTenayuca,7,0
63408,immigrants,7,0
63409,ĠDiem,7,0
63410,Ġcottonwood,7,0
63411,ĠExpression,7,0
63412,ĠDirectorate,7,0
63413,Ġgestation,7,0
63414,ĠGordian,7,0
63415,Ġsustains,7,0
63417,ĠNicod,7,0
63418,ĠGPL,7,0
63419,ĠEnded,7,0
63420,Ġ337,7,0
63421,ĠLindner,7,0
63423,ĠAffair,7,0
63424,ĠRonin,7,0
63426,Ġspoiling,7,0
63427,Ġflourishes,7,0
63428,ĠEquations,7,0
63429,Ġcloistered,7,0
63430,Ġtchu,7,0
63431,Ġtchaw,7,0
63432,Ġbacillus,7,0
63434,ĠLyce,7,0
63435,Ġrelieves,7,0
63436,ĠHersenissos,7,0
63437,ĠDownie,7,0
63438,Ġexecs,7,0
63439,ĠPolitically,7,0
63441,Ġunlicensed,7,0
63442,ĠBhavan,7,0
63443,waist,7,0
63444,waiting,7,0
63446,Ġrotund,7,0
63447,Ġrotational,7,0
63448,ĠBarbosa,7,0
63449,ĠFunded,7,0
63450,ĠDevelopments,7,0
63451,Ġmathematically,7,0
63452,Ġtaisha,7,0
63453,ĠTaxation,7,0
63455,ĠTarpley,7,0
63456,ĠBreast,7,0
63457,ĠBreines,7,0
63458,ĠBremen,7,0
63459,295,7,0
63460,Ġexploitative,7,0
63461,ĠSonenclar,7,0
63463,Ġapologetically,7,0
63464,ĠJuanita,7,0
63465,ĠAlbi,7,0
63466,ĠAlbinoni,7,0
63468,Goodbye,7,0
63469,Ġkeener,7,0
63470,ĠPCH,7,0
63471,Ġbooby,7,0
63472,ĠAmbulance,7,0
63473,ĠExplainer,7,0
63475,Ġinexorable,7,0
63476,ĠNonfederal,7,0
63477,Ġbotched,7,0
63478,Ġbotanist,7,0
63480,ĠMonteuil,7,0
63481,ĠCrucis,7,0
63482,ĠHurst,7,0
63483,ĠDecades,7,0
63484,Ġovertaking,7,0
63485,Ġovertures,7,0
63486,Ġovertax,7,0
63487,Ġinduction,7,0
63488,ĠIdris,7,0
63489,ĠWeeks,7,0
63490,ĠMohan,7,0
63491,ĠMohandas,7,0
63492,ĠLabuan,7,0
63493,ĠEfficient,7,0
63494,482,7,0
63495,489,7,0
63496,ĠBallot,7,0
63497,ĠBallroom,7,0
63498,Ġdictaphone,7,0
63499,Ġnestle,7,0
63500,ĠNichiren,7,0
63501,Ġreservists,7,0
63502,ĠFrederic,7,0
63503,Forget,7,0
63504,Ġdumpy,7,0
63505,ĠDieppe,7,0
63506,iatus,7,0
63507,Ġcooperatively,7,0
63508,Ġentitles,7,0
63511,ĠAlek,7,0
63512,Ġcanteen,7,0
63513,ĠNagarkot,7,0
63514,ĠCleaning,7,0
63515,Ġessayist,7,0
63516,Ġdiesels,7,0
63518,ĠCreuse,7,0
63519,Ġdumbest,7,0
63520,Ġhellery,7,0
63521,Ġ1502,7,0
63523,ĠMauro,7,0
63524,erbock,7,0
63525,Complex,7,0
63527,ĠLimits,7,0
63528,ĠLimnos,7,0
63529,Ġexpanses,7,0
63530,Ġexpansions,7,0
63531,ĠTsada,7,0
63534,ĠRaya,7,0
63535,Ġvoyeur,7,0
63536,Leim,7,0
63537,Leary,7,0
63538,Left,7,0
63539,League,7,0
63540,Ġhaymow,7,0
63542,ĠHillsman,7,0
63543,ĠHillsborough,7,0
63544,ĠArmistice,7,0
63545,ĠSnakes,7,0
63546,Ġprecede,7,0
63547,ĠConnecting,7,0
63548,Ġzooids,7,0
63549,ĠCzechs,7,0
63550,ĠGilmer,7,0
63551,ĠGilman,7,0
63553,ĠRestless,7,0
63554,ĠRestrict,7,0
63555,ĠRestructuring,7,0
63556,ĠAkers,7,0
63557,Ġplunges,7,0
63558,ĠMarshals,7,0
63559,Ġswitchman,7,0
63560,Ġcollaborators,7,0
63561,763,7,0
63563,ĠHospice,7,0
63564,ĠFernand,7,0
63565,ĠShrink,7,0
63566,ĠISM,7,0
63568,Ġ347,7,0
63569,Ġtidied,7,0
63570,Ġtactful,7,0
63571,ĠSayeedi,7,0
63572,ĠHasn,7,0
63573,ĠHasbro,7,0
63574,Ġconjures,7,0
63575,ĠSeto,7,0
63576,ĠJobseeker,7,0
63577,ĠWalks,7,0
63578,ĠWalked,7,0
63579,ĠNavarro,7,0
63580,ĠNavtex,7,0
63581,ĠTolkien,7,0
63585,ĠGameWorks,7,0
63586,ĠGuadalajara,7,0
63587,Ġoptimist,7,0
63588,Ġrationalized,7,0
63589,ĠAdventist,7,0
63591,Ġ494,7,0
63592,inetobacter,7,0
63593,Ġsultanates,7,0
63594,Ġstreaking,7,0
63595,Ġadmirer,7,0
63598,Ġfancying,7,0
63599,starved,7,0
63600,starring,7,0
63601,ĠVienn,7,0
63602,ĠViacom,7,0
63603,ĠBeatriz,7,0
63604,ĠDesigners,7,0
63605,Ġspearheaded,7,0
63607,Ġdistractions,7,0
63608,ĠCapitalism,7,0
63609,mandated,7,0
63610,ĠCollier,7,0
63611,ĠHeavens,7,0
63612,ĠShorty,7,0
63614,342,7,0
63615,347,7,0
63616,ĠSherpa,7,0
63617,Ġneutered,7,0
63618,ĠJenkin,7,0
63619,Ġwarranties,7,0
63620,ĠMilanese,7,0
63621,ĠImperfect,7,0
63622,596,7,0
63623,Ġbewitching,7,0
63625,Real,7,0
63628,397,7,0
63629,ĠSouthey,7,0
63631,Ġeditorialists,7,0
63632,Ġmasturb,7,0
63633,someone,7,0
63635,Ġ485,7,0
63636,ĠCarracci,7,0
63638,ĠHampstead,7,0
63639,isposed,7,0
63640,ĠMajors,7,0
63641,Ġalerts,7,0
63642,ĠDreamWorks,7,0
63643,Ġangelic,7,0
63644,Billancourt,7,0
63646,Ġstymied,7,0
63647,urgical,7,0
63648,ĠMoorabbin,7,0
63650,ĠDominium,7,0
63651,Union,7,0
63653,Ġ386,7,0
63654,ĠAllenby,7,0
63655,Ġexpansionist,7,0
63657,ĠAyres,7,0
63659,Ġprecipices,7,0
63660,Ġfussing,7,0
63661,orgon,7,0
63663,ĠMessages,7,0
63664,ĠMessinger,7,0
63665,ĠTelegram,7,0
63666,ĠTelecommuting,7,0
63667,Ġbegonias,7,0
63668,ĠExperiment,7,0
63669,ĠExperiments,7,0
63673,ĠFallows,7,0
63674,Ġ474,7,0
63675,ĠAmazingly,7,0
63676,ĠAmazonian,7,0
63677,ĠTraveler,7,0
63678,ĠTravelgate,7,0
63679,matidae,7,0
63680,Ġreassert,7,0
63681,Ġreasserted,7,0
63682,ĠEverton,7,0
63684,ĠSacra,7,0
63685,ĠSacrif,7,0
63686,ĠSacrist,7,0
63687,ĠSacristy,7,0
63688,ĠBolan,7,0
63689,ĠBirdLife,7,0
63690,ĠCarrollton,7,0
63692,Ġvibrate,7,0
63693,Ġvibrating,7,0
63694,ĠYamada,7,0
63695,ĠYamatai,7,0
63696,Ġdisguises,7,0
63697,Ġprefabric,7,0
63698,ĠHanja,7,0
63700,ĠAdvisors,7,0
63702,ĠImperialism,7,0
63703,Ġberated,7,0
63704,ĠMunster,7,0
63706,ĠSydow,7,0
63707,histoire,7,0
63708,ĠTuition,7,0
63709,ĠTufts,7,0
63712,Ġreclusive,7,0
63713,ĠBahru,7,0
63714,ĠDigest,7,0
63715,Ġprocuring,7,0
63716,ĠJuniors,7,0
63717,ĠMembership,7,0
63718,Guillaume,7,0
63720,Ġaccuser,7,0
63722,slave,7,0
63723,ĠSMAST,7,0
63724,ĠSeparat,7,0
63725,ĠEcce,7,0
63726,ĠPrimus,7,0
63727,ĠPasig,7,0
63728,ĠDinah,7,0
63731,ĠKimura,7,0
63732,Ġpyramidal,7,0
63733,ĠTunnel,7,0
63734,Ġreproved,7,0
63735,martial,7,0
63736,ĠBidwell,7,0
63738,Ġunsupervised,7,0
63740,ĠFedot,7,0
63741,ĠInfanta,7,0
63742,Ġbootleg,7,0
63743,Ġhedging,7,0
63744,ĠDurant,7,0
63747,Ġravings,7,0
63748,ĠWhitaker,7,0
63749,493,7,0
63750,Ġinkfishes,7,0
63752,Ġoutrageously,7,0
63754,ĠLorre,7,0
63755,ĠLorrain,7,0
63756,ĠSAID,7,0
63757,ĠSAAST,7,0
63758,ĠKanerva,7,0
63759,Ġsuburbia,7,0
63760,ĠPhysiology,7,0
63761,ĠPhysicists,7,0
63762,mindedly,7,0
63763,ĠKuantan,7,0
63764,ĠKuzak,7,0
63766,Ġpeerless,7,0
63767,Ġfretwork,7,0
63768,ĠSnowstar,7,0
63770,ĠCele,7,0
63771,ĠCeballos,7,0
63772,ĠKlang,7,0
63773,ĠKlux,7,0
63774,ĠKlimas,7,0
63775,Ġflawlessly,7,0
63778,Ġappointee,7,0
63779,Ġtoothpastes,7,0
63780,ĠCandice,7,0
63781,ĠCandace,7,0
63782,ĠCrowell,7,0
63783,Ġforecasting,7,0
63784,Ġbureaucracies,7,0
63786,ĠDalton,7,0
63787,ĠArnolfo,7,0
63789,ĠInteresting,7,0
63790,ĠInterested,7,0
63791,ĠCondamine,7,0
63792,ĠRivals,7,0
63793,ĠBlakeman,7,0
63794,Ġescalating,7,0
63795,Ġinstitutionalized,7,0
63796,Ġdispleasing,7,0
63797,ĠVicars,7,0
63798,ĠVicenza,7,0
63799,Ġvexing,7,0
63800,ĠBMAST,7,0
63801,Ġintimation,7,0
63802,ĠCounselas,7,0
63803,Ġarousal,7,0
63804,Ġhawkers,7,0
63805,ĠPickford,7,0
63806,ĠPickett,7,0
63807,ĠOdsh,7,0
63808,ĠOdori,7,0
63809,Ġwiggling,7,0
63810,ĠBowls,7,0
63811,Ġinferred,7,0
63812,Ġinferiors,7,0
63813,Ġharmonies,7,0
63814,Ġharmonium,7,0
63815,Ġdeafened,7,0
63816,Ġbulkhead,7,0
63817,Ġduplicates,7,0
63818,ĠLavon,7,0
63819,ĠLavrillier,7,0
63820,ĠRoubaix,7,0
63821,ĠBloods,7,0
63822,ĠVermilion,7,0
63825,Ġmitigation,7,0
63826,ĠArenas,7,0
63827,ĠCinqu,7,0
63828,ĠCarta,7,0
63829,ĠBuffer,7,0
63830,Ġmeekness,7,0
63831,Ġsquealed,7,0
63832,Ġsqueaky,7,0
63833,Ġsmuggler,7,0
63834,ĠAltar,7,0
63836,Ġunheeded,7,0
63837,Ġflavorings,7,0
63838,Ġhypertension,7,0
63840,ĠNakajima,7,0
63841,Ġcunningly,7,0
63842,Ġwhirlpool,7,0
63843,ĠHomeric,7,0
63844,Ġdelegating,7,0
63845,ĠMauritania,7,0
63846,ĠNAIC,7,0
63848,Ġbluffs,7,0
63849,Ġinaugurals,7,0
63850,Ġundergrad,7,0
63851,Ġobliterated,7,0
63852,Ġinsignificance,7,0
63853,stoppable,7,0
63854,Ġfinancier,7,0
63855,Ġbacterial,7,0
63856,Ġbacterium,7,0
63858,ĠSkyrose,7,0
63859,ĠSkyClan,7,0
63860,Ġmetroplex,7,0
63861,ĠFlatley,7,0
63862,Ġdishonour,7,0
63863,Ġdishonorable,7,0
63864,Ġoctave,7,0
63866,Ġcoincides,7,0
63867,Ġprescribes,7,0
63868,Ġ1607,7,0
63869,holt,7,0
63870,ĠFishbein,7,0
63871,Ġvengeful,7,0
63872,Ġcurtailed,7,0
63873,ĠConcordia,7,0
63875,ĠMutscher,7,0
63876,ĠMiletus,7,0
63877,ĠPraaa,7,0
63878,Ġcontingencies,7,0
63880,ILLUST,7,0
63881,volt,7,0
63882,Ġcensored,7,0
63883,ĠSugita,7,0
63884,ĠSugnens,7,0
63885,Ġwelds,7,0
63886,Ġwelded,7,0
63887,ĠDolmabahce,7,0
63888,ĠRinged,7,0
63889,ĠRinglet,7,0
63890,ĠThorpe,7,0
63892,Ġpedestrianized,7,0
63893,Plenty,7,0
63894,ĠLottie,7,0
63895,ĠCastroville,7,0
63896,Enfer,7,0
63897,ĠSorak,7,0
63898,ĠMAX,7,0
63899,ĠLOA,7,0
63900,ĠKelvin,7,0
63902,Ġdisturbances,7,0
63904,Ġcloseted,7,0
63905,ĠConsideration,7,0
63906,ĠPunjabis,7,0
63907,Ġpythons,7,0
63908,ĠKilkenny,7,0
63909,ĠKilimanjaro,7,0
63910,Ġgraciousness,7,0
63911,ĠVasyl,7,0
63912,Ġindifferently,7,0
63913,Ġincompatible,7,0
63915,Ġretrieval,7,0
63916,Ġbougainvillea,7,0
63918,Ġstackyard,7,0
63920,ĠFontanedo,7,0
63921,ĠLodore,7,0
63922,ĠNikki,7,0
63923,Ġquartz,7,0
63924,Ġethnology,7,0
63925,heroes,7,0
63926,ĠCoucy,7,0
63927,ĠLiterally,7,0
63929,Ġ1774,7,0
63930,Ġ1777,7,0
63931,ĠHappi,7,0
63932,ĠViewed,7,0
63933,Ġmemorized,7,0
63934,Ġinvalidated,7,0
63936,Ġclustering,7,0
63937,Ġperfumed,7,0
63938,Ġ594,7,0
63939,ĠMetrodome,7,0
63940,ĠFujii,7,0
63941,enhancing,7,0
63942,Ġmosses,7,0
63943,ĠMixe,7,0
63945,Ġexhaled,7,0
63946,Ġappraisals,7,0
63947,ĠAwakening,7,0
63948,travel,7,0
63949,ĠMindy,7,0
63950,Ġanthropological,7,0
63951,Ġanthropomorph,7,0
63952,ĠGolfers,7,0
63953,ĠNeedles,7,0
63954,Colombe,7,0
63956,ĠTabarca,7,0
63957,ĠTabgha,7,0
63959,ĠVelasquez,7,0
63960,Ġbrewed,7,0
63961,Ġbakeries,7,0
63962,Ġpacify,7,0
63963,ĠBirthplace,7,0
63964,musician,7,0
63965,Ġtsu,7,0
63966,ĠSzwed,7,0
63967,Ġantebellum,7,0
63968,ĠJardine,7,0
63972,ĠDebian,7,0
63973,ĠQualification,7,0
63974,ĠRafel,7,0
63975,Ġquizzes,7,0
63976,ĠClaudio,7,0
63979,ĠMunicipalities,7,0
63980,Terrestrial,7,0
63981,Ġhackers,7,0
63982,Ġhackney,7,0
63983,ĠIshikawa,7,0
63984,Ġstampede,7,0
63986,ĠFoer,7,0
63987,Ġrepayments,7,0
63988,ĠAnalyst,7,0
63989,ĠBeauSeigneur,7,0
63992,Ġfertilization,7,0
63993,Ġfertilizers,7,0
63994,Ġsaplings,7,0
63995,Ġhieroglyph,7,0
63996,ĠCetes,7,0
63997,ĠNCLAN,7,0
63998,Ġsuperstructure,7,0
63999,Ġepitaph,7,0
64000,representation,7,0
64001,Ġreconfigured,7,0
64002,Ġreconfigure,7,0
64003,Ġhustler,7,0
64004,ĠSawan,7,0
64005,ĠDharm,7,0
64006,ĠNuys,7,0
64007,Ġhysterics,7,0
64008,ĠReconfiguration,7,0
64009,ĠTourisme,7,0
64010,ouverte,7,0
64011,ĠTajima,7,0
64012,ĠCutlass,7,0
64013,ĠBaldass,7,0
64014,ĠPositano,7,0
64015,Ġbobbin,7,0
64016,ĠCorsair,7,0
64017,ĠCashways,7,0
64019,Ġdoctrines,7,0
64020,ĠDestruction,7,0
64021,Ġcrusty,7,0
64022,ĠBaronet,7,0
64023,Ġsorority,7,0
64024,ĠTheorysia,7,0
64025,ĠLahiri,7,0
64026,Ġjanitors,7,0
64028,Johnson,7,0
64030,ĠGorilla,7,0
64031,ĠOstrog,7,0
64032,ĠOstrobothnia,7,0
64033,ĠAndrei,7,0
64034,Ġharpoon,7,0
64035,Ġepidemiological,7,0
64036,Ġderivatives,7,0
64037,ĠGiuliano,7,0
64038,Ġpronouncing,7,0
64039,Ġdrunkenness,7,0
64041,breadth,7,0
64042,ĠAquinas,7,0
64043,ĠALLEN,7,0
64044,ĠCocker,7,0
64045,Ġoutcrops,7,0
64046,Ġbeckons,7,0
64047,Ġdisparagement,7,0
64048,ĠConventional,7,0
64049,ĠCerro,7,0
64050,ĠDiamonds,7,0
64051,ĠDARLING,7,0
64052,ĠLobbying,7,0
64054,Ġperfectionist,7,0
64055,dealer,7,0
64057,Ġbaiting,7,0
64058,Ġhearsay,7,0
64059,ĠMathematic,7,0
64060,ĠMathematics,7,0
64061,ĠEXEC,7,0
64062,Ġabdicate,7,0
64064,ĠInvaders,7,0
64066,Ġairfields,7,0
64067,Elizabeth,7,0
64068,servant,7,0
64069,services,7,0
64070,ĠMatsushima,7,0
64071,ĠVernami,7,0
64072,ĠButterflies,7,0
64073,Ġsurpasses,7,0
64074,Ġrevisionist,7,0
64075,Ġencompassed,7,0
64076,ĠValentino,7,0
64077,ĠSummaries,7,0
64078,Ġwedlock,7,0
64079,ĠSomali,7,0
64080,ĠJodi,7,0
64081,Ġdizzying,7,0
64082,Ġdizziness,7,0
64083,Ġamenable,7,0
64084,ĠArrived,7,0
64085,Ġturreted,7,0
64086,ĠStrongbow,7,0
64089,Ġliveliness,7,0
64090,Ġfluctuated,7,0
64091,Ġfluctuates,7,0
64094,ĠReturning,7,0
64095,ĠGonzales,7,0
64096,Ġwoofer,7,0
64097,Ġbastions,7,0
64098,ĠCodex,7,0
64099,ĠBakovic,7,0
64100,ĠDJs,7,0
64101,ĠThameslink,7,0
64102,Ġsketched,7,0
64103,ĠGeorgescu,7,0
64105,Edric,7,0
64106,Edmund,7,0
64107,ĠMiho,7,0
64108,ĠPisak,7,0
64109,ĠDustman,7,0
64110,Ġunjustified,7,0
64111,ĠVillefranche,7,0
64112,Ġbrackish,7,0
64113,ĠBritannica,7,0
64115,Paris,7,0
64116,village,7,0
64117,Ġwielded,7,0
64118,Ġpseudos,7,0
64119,Ġlamentations,7,0
64120,ĠMantle,7,0
64121,ĠHobbit,7,0
64122,Ġsealskin,7,0
64123,ĠGambia,7,0
64125,Ġunderscore,7,0
64127,Dragon,7,0
64128,Engine,7,0
64129,Tomorrow,7,0
64130,Ġseamanship,7,0
64131,ĠFolha,7,0
64132,ĠEuless,7,0
64133,ĠFrisby,7,0
64135,ĠCLUB,7,0
64136,ĠHDMI,7,0
64137,ĠPorcel,7,0
64138,ĠDataran,7,0
64139,ĠGNOME,7,0
64140,Ġtransmitters,7,0
64141,Ġparalyzing,7,0
64142,ĠIdentity,7,0
64143,ĠNamco,7,0
64144,apuram,7,0
64145,ĠOleks,7,0
64146,ĠYakushi,7,0
64147,ĠKabua,7,0
64148,ĠScandals,7,0
64149,ĠPhilosophical,7,0
64150,Ġtormentor,7,0
64151,Small,7,0
64152,delivery,7,0
64153,Ġreverber,7,0
64154,ĠKraj,7,0
64155,ĠStefano,7,0
64156,Ġturbos,7,0
64157,ĠInvestigators,7,0
64158,Ġcognates,7,0
64159,ĠSeptim,7,0
64160,ĠMaintaining,7,0
64161,ĠDjoser,7,0
64162,Ġarbitration,7,0
64164,Ġtransplantation,7,0
64165,ĠTargets,7,0
64168,ĠCitein,7,0
64170,ĠHangover,7,0
64171,ĠRiperton,7,0
64172,Ġnobler,7,0
64173,Ġacreage,7,0
64174,Ġinsufficiently,7,0
64175,ĠAlphaGo,7,0
64176,Bobby,7,0
64177,ĠCAPITAL,7,0
64178,ĠDianne,7,0
64179,ĠShenandoah,7,0
64181,ĠPhotographs,7,0
64182,demand,7,0
64183,democratic,7,0
64185,Ġdueled,7,0
64186,ĠHirani,7,0
64187,ĠKudu,7,0
64190,Ġconscientiously,7,0
64193,ĠDEAREST,7,0
64194,Ġexhilaration,7,0
64195,ĠLukasz,7,0
64196,Ġtantrum,7,0
64199,Ġholland,7,0
64200,Ġhollering,7,0
64201,Ġinaccuracy,7,0
64202,ĠGanji,7,0
64203,ĠRESEARCH,7,0
64204,ĠOASI,7,0
64206,ĠVauban,7,0
64207,ĠShoreham,7,0
64208,Ġsymphonic,7,0
64209,Austrian,7,0
64210,Ġostensibly,7,0
64211,Ġosteoporosis,7,0
64212,Ġmulatto,7,0
64213,ĠAmpang,7,0
64214,ĠPahalgam,7,0
64216,ĠGitlin,7,0
64217,ĠKunert,7,0
64218,Ġblissful,7,0
64219,Ġavidity,7,0
64220,Ġapostle,7,0
64221,Ġpotentates,7,0
64222,Ġbattlefields,7,0
64223,Haute,7,0
64224,Ġdysfunction,7,0
64225,ĠSentiment,7,0
64226,ĠMPV,7,0
64227,ĠFatehpur,7,0
64228,ĠFailures,7,0
64229,Ġconjectured,7,0
64231,ĠAdjusting,7,0
64232,bridges,7,0
64233,Ġradiating,7,0
64235,ĠMaharaj,7,0
64237,Jews,7,0
64238,Ġrelevancy,7,0
64239,ĠHostess,7,0
64240,Ġcarcin,7,0
64242,ĠParceiro,7,0
64243,ĠPolarization,7,0
64244,Franklin,7,0
64245,ĠCHRONIC,7,0
64246,Ġvindicated,7,0
64247,Ġvindicate,7,0
64248,ĠEPs,7,0
64249,Ġattributive,7,0
64251,Ġreprinted,7,0
64253,ĠNewfoundlands,7,0
64254,ĠScriptures,7,0
64255,ĠEncarn,7,0
64256,ĠEncryption,7,0
64257,ĠComparisons,7,0
64258,Alfred,7,0
64259,Control,7,0
64260,ĠNamesakes,7,0
64261,Ġunforgiving,7,0
64262,Ġoverriding,7,0
64263,ĠCarboniferous,7,0
64264,ĠMcNair,7,0
64265,ĠImported,7,0
64266,effects,7,0
64267,Ġdramatize,7,0
64268,Philip,7,0
64269,Ġmahseer,7,0
64271,Ġwhimsy,7,0
64272,ĠBossa,7,0
64273,ĠPulling,7,0
64274,Ġchastisement,7,0
64275,ĠLigurian,7,0
64276,ĠLennox,7,0
64277,Ġamplified,7,0
64278,nearly,7,0
64279,ĠArrowhead,7,0
64282,brothers,7,0
64283,Ġ12612,7,0
64284,Ġclarinetists,7,0
64285,Ġplummeting,7,0
64286,Norway,7,0
64287,Ġlulled,7,0
64288,ĠGemini,7,0
64289,ĠInfluenced,7,0
64290,Ġnumbness,7,0
64291,ĠScratch,7,0
64292,Ġgaoler,7,0
64293,Ġcustodians,7,0
64295,knowledge,7,0
64297,ĠBlea,7,0
64298,ĠBishops,7,0
64299,Ġconglomeration,7,0
64300,ĠChauhan,7,0
64301,Ġindictments,7,0
64302,Ġredistributed,7,0
64303,Ġcorrosion,7,0
64304,ĠMcIntosh,7,0
64305,Ġreverential,7,0
64307,ĠElephanta,7,0
64308,Ġmonopolize,7,0
64309,ĠTuvaluan,7,0
64310,Ġbaptismal,7,0
64311,Ġinhibit,7,0
64312,Ġthorny,7,0
64313,ĠNutri,7,0
64314,ĠChaudhry,7,0
64315,Castle,7,0
64316,Portuguese,7,0
64317,ĠPatteson,7,0
64318,ĠGlendalough,7,0
64319,Ġrococo,7,0
64320,ĠVouchers,7,0
64321,Ġrecounting,7,0
64322,Ġstratospheric,7,0
64323,ĠOrtiz,7,0
64324,ĠIcelandic,7,0
64325,Murakami,7,0
64326,Ġailment,7,0
64327,Ġovarian,7,0
64328,ĠMoldova,7,0
64329,ĠBaird,7,0
64330,ĠHooker,7,0
64331,ĠHandsome,7,0
64332,ĠDentistry,7,0
64333,Ġcanonized,7,0
64334,Ġclawing,7,0
64335,ĠViscount,7,0
64337,Ġflirted,7,0
64338,Ġflirtation,7,0
64339,ĠAllegory,7,0
64340,Ġunsatisfied,7,0
64341,XVII,7,0
64342,Ġlengthening,7,0
64343,Ġanatom,7,0
64344,ĠBarda,7,0
64345,ĠHesse,7,0
64346,Ġdejectedly,7,0
64348,Ġindecision,7,0
64349,Ġredesigning,7,0
64350,ĠQutub,7,0
64351,ĠSeatoller,7,0
64352,Ġbesetting,7,0
64353,Minshawi,7,0
64355,ĠMysidopsis,7,0
64356,Ġrasping,7,0
64357,ĠDionne,7,0
64359,ĠGosport,7,0
64360,ĠGondola,7,0
64363,ĠChuganji,7,0
64364,Ġfloundered,7,0
64365,Ġfloundering,7,0
64366,Ġevaporates,7,0
64367,Ġintersects,7,0
64368,ĠDeMuth,7,0
64371,Ġskyrocketing,7,0
64372,ĠTemperatures,7,0
64373,Arabic,7,0
64374,Ġinsecurity,7,0
64375,ĠIPOs,7,0
64376,Ġegomaniac,7,0
64377,ĠFidelity,7,0
64378,Ġjocular,7,0
64379,Ġcomposting,7,0
64380,Ġquirks,7,0
64383,Ġacrosethe,7,0
64384,Ġdistrusted,7,0
64385,physic,7,0
64386,Ġinfuriating,7,0
64387,ĠMusketeers,7,0
64388,ĠAcceptance,7,0
64389,Entertainment,7,0
64390,ĠMycenaeans,7,0
64391,Accademia,7,0
64392,MDs,7,0
64393,Ġbashful,7,0
64394,ĠSansovino,7,0
64395,ĠSangrahalaya,7,0
64396,ĠBecome,7,0
64397,ĠBARTY,7,0
64398,Ġrudimentary,7,0
64399,Ġperceptive,7,0
64400,Ġdisintegratored,7,0
64401,ĠMysterious,7,0
64402,ĠCranach,7,0
64403,ĠCranbrook,7,0
64406,ĠStratford,7,0
64407,Ġpicnicking,7,0
64409,ĠFeminist,7,0
64410,Ġquadruped,7,0
64411,Ġuncontrollably,7,0
64412,Patton,7,0
64414,Ġtokusatsu,7,0
64416,ĠBSOD,7,0
64417,ĠNSAs,7,0
64420,ĠStamaty,7,0
64422,Ġravenous,7,0
64423,Ġcaptivate,7,0
64424,Ġdigitally,7,0
64425,Apparently,7,0
64426,timers,7,0
64427,Ġtarnish,7,0
64430,Ġeternally,7,0
64431,Ġreimburses,7,0
64432,ĠDissenting,7,0
64433,ĠDissenters,7,0
64434,Ġvouchsafe,7,0
64435,Ġvouchsafed,7,0
64436,ĠKandinsky,7,0
64437,Ġdecompose,7,0
64438,Ġdecomposition,7,0
64439,Ġsnuffing,7,0
64440,Ġtransgressions,7,0
64441,Ġinfertility,7,0
64442,Ġinfirmity,7,0
64443,ĠBartholdi,7,0
64444,Ġredundancy,7,0
64445,Ġantagonists,7,0
64446,Ġantagonistic,7,0
64447,ĠEnlightened,7,0
64448,ĠHindustan,7,0
64449,ĠMozambican,7,0
64450,buckling,7,0
64451,ĠBeret,7,0
64452,ĠWareham,7,0
64453,ĠDaiichi,7,0
64454,Ġmyrrh,7,0
64455,Ġbrothels,7,0
64456,Ġheliports,7,0
64457,ĠRequirement,7,0
64459,ĠInnovations,7,0
64460,ĠUttarakhand,7,0
64461,creatures,7,0
64462,publicized,7,0
64463,Ġcivility,7,0
64464,Ġulterior,7,0
64465,Ġurinate,7,0
64466,ĠLoury,7,0
64468,Ġviands,7,0
64470,Ġscapegoat,7,0
64471,Ġscapegoats,7,0
64472,Ġimpotent,7,0
64474,ĠRehoboth,7,0
64475,Ġprotruded,7,0
64477,ĠAmidst,7,0
64478,ĠAmboise,7,0
64479,Ġpalisades,7,0
64480,ĠFrankenstein,7,0
64481,Ġignominy,7,0
64482,Ġirradiated,7,0
64483,ĠCamelot,7,0
64484,Ġtraumatized,7,0
64485,Malcolm,7,0
64486,Venez,7,0
64488,policy,7,0
64489,Ġtampering,7,0
64490,Ġmongrel,7,0
64492,ĠSewing,7,0
64493,ĠMaddow,7,0
64495,ĠWiesmoor,7,0
64496,ĠLifetime,7,0
64497,Ġorchestrated,7,0
64498,Ġtruncata,7,0
64499,ĠKukan,7,0
64500,ĠKukai,7,0
64501,Ġincursions,7,0
64502,Ġredevelopment,7,0
64503,ĠSlovakian,7,0
64504,ĠImpressionist,7,0
64505,ĠImpressionism,7,0
64506,Ġfulfilment,7,0
64508,ĠTESTS,7,0
64509,Ġgulped,7,0
64510,ĠAkihabara,7,0
64511,ĠSukh,7,0
64512,ĠCustis,7,0
64513,ĠCajuns,7,0
64514,ĠMitjorn,7,0
64515,ĠMellon,7,0
64516,ĠBajaj,7,0
64518,ĠDauphin,7,0
64519,ĠRysdale,7,0
64520,Ġtracer,7,0
64521,Ġintricacies,7,0
64522,ĠWeasley,7,0
64523,Ġmenhir,7,0
64524,Ġcovenants,7,0
64525,Ġcoexistence,7,0
64527,ĠShotoku,7,0
64528,Ġescapades,7,0
64529,ĠDrummond,7,0
64531,Ġhallucinations,7,0
64532,Ġapprehensions,7,0
64533,Ġepitomized,7,0
64534,ĠBuckinghamshire,7,0
64535,festival,7,0
64536,Ġbumfuzzled,7,0
64537,Ġbaleful,7,0
64539,ĠPancho,7,0
64540,ĠDulce,7,0
64541,ĠDagestan,7,0
64542,ĠJativa,7,0
64543,ĠStreamlining,7,0
64544,Ġpragmatist,7,0
64545,Ġappendices,7,0
64546,ĠSoleil,7,0
64547,ĠCaledonia,7,0
64548,ĠAguilar,7,0
64549,Ġtribunals,7,0
64550,Ġdenominator,7,0
64551,Ġtraverses,7,0
64552,ĠExplanations,7,0
64553,Ġfidgeting,7,0
64554,Ġfidgeted,7,0
64555,ĠDatabases,7,0
64556,Ġindiscriminate,7,0
64557,ĠILLUSTRATED,7,0
64558,Coronation,7,0
64559,Laurent,7,0
64561,ĠSesimbra,7,0
64563,ĠCaryn,7,0
64564,ĠMATLAB,7,0
64566,ĠPaiutes,7,0
64568,Ġnecropolis,7,0
64569,ĠGiroux,7,0
64570,Ġexacerbated,7,0
64571,Ġoutcasts,7,0
64572,Ġarsenic,7,0
64573,Ġminstrels,7,0
64574,ĠOrdinance,7,0
64575,ĠSeventy,7,0
64577,Ġundefended,7,0
64578,Ġunspeakably,7,0
64579,ĠSkopje,7,0
64580,Ġwavelengths,7,0
64582,ĠFriendlessers,7,0
64583,ĠFatimah,7,0
64584,ĠNikolay,7,0
64585,ĠAerosmith,7,0
64586,Ġastrologer,7,0
64587,Verily,7,0
64588,Vanessa,7,0
64589,authors,7,0
64590,varying,7,0
64591,infested,7,0
64592,ĠAurelia,7,0
64593,ĠeBooks,7,0
64594,ĠCedric,7,0
64595,Ġdolefully,7,0
64596,ĠLikud,7,0
64597,ĠUdaigiri,7,0
64599,Ġcontagion,7,0
64600,Ġsmothering,7,0
64601,ĠManzanares,7,0
64603,Ġelectrocuted,7,0
64604,ĠZambia,7,0
64605,ĠBarbarians,7,0
64606,ĠBarbarossa,7,0
64607,ĠSchaaf,7,0
64608,ĠBayogoula,7,0
64609,Ġprecipitately,7,0
64610,ĠKonthoujam,7,0
64611,ĠPastorius,7,0
64612,Ġredoubtable,7,0
64613,Secretary,7,0
64614,Ġbeseechingly,7,0
64615,Ghuri,7,0
64616,Jezzar,7,0
64617,Nongthang,7,0
64618,Ġcachet,7,0
64619,Ġdutiful,7,0
64620,alternative,7,0
64621,leinach,7,0
64622,ĠIAAPS,7,0
64623,ĠAlyssa,7,0
64624,ĠPareto,7,0
64626,ĠLASK,7,0
64627,Ġvassals,7,0
64628,ĠKutler,7,0
64630,Ġdisfigured,7,0
64631,Ġimpediment,7,0
64632,Ġdeserters,7,0
64633,Ġdiscoverers,7,0
64635,ĠZedekiah,7,0
64636,Ġsqualor,7,0
64637,Ġsqualid,7,0
64638,ĠCharlemagne,7,0
64639,Ġadmonition,7,0
64641,ĠDeposit,7,0
64644,ĠPanamanian,7,0
64645,ĠATTACK,7,0
64646,ĠEpisode,7,0
64647,ĠEpisodes,7,0
64650,Ġsubpoenaed,7,0
64651,Mahal,7,0
64652,Romeo,7,0
64654,Ġgurgled,7,0
64655,ĠSchiele,7,0
64656,Ġketched,7,0
64658,ĠFirms,7,0
64659,ĠLonigan,7,0
64661,ĠThunberg,7,0
64662,Ġteakettle,7,0
64663,ĠKatsura,7,0
64664,ĠKaraikal,7,0
64665,Ġriveted,7,0
64666,Ġfrigates,7,0
64668,Ġmilitants,7,0
64670,ĠSynthesis,7,0
64671,ĠSamaritan,7,0
64672,ĠSquirrels,7,0
64675,Ġnarcissism,7,0
64676,Ġnarcissistic,7,0
64677,Business,7,0
64678,Drivers,7,0
64679,Roseanne,7,0
64680,Sketch,7,0
64681,fraud,7,0
64682,Ġhologram,7,0
64683,Ġnurturing,7,0
64684,Ġgimme,7,0
64685,ĠBONNET,7,0
64687,Ġseismic,7,0
64688,ĠFretard,7,0
64689,ĠDmitri,7,0
64690,ĠDmitry,7,0
64691,Ġconvalescence,7,0
64692,Ġunfeigned,7,0
64693,ĠVestey,7,0
64694,Ġaccrues,7,0
64695,ĠBramante,7,0
64696,Ġmonocots,7,0
64697,ĠArmero,7,0
64698,ĠDeleuze,7,0
64699,ĠPharmaceutical,7,0
64700,Ġexcommunicated,7,0
64701,Ġdivulge,7,0
64702,ĠAcquiring,7,0
64703,ĠInstructions,7,0
64704,Ġpinnacle,7,0
64705,ĠBerthelot,7,0
64706,ĠSeparate,7,0
64707,sacrifice,7,0
64708,sacrificing,7,0
64709,Walter,7,0
64710,Ġochre,7,0
64711,Ġdichrom,7,0
64712,ĠTarantino,7,0
64713,ĠSampras,7,0
64714,ĠCelsius,7,0
64715,ĠMushroom,7,0
64716,ĠMaulvi,7,0
64717,ĠWOLF,7,0
64718,ĠWojtyla,7,0
64719,ĠFahrenheit,7,0
64720,ĠDommartin,7,0
64721,ĠJUSTICE,7,0
64722,igarh,7,0
64723,Ġdissected,7,0
64724,Ġresilient,7,0
64725,ĠAlstarnah,7,0
64726,Ġenthralled,7,0
64727,Ġretractable,7,0
64728,Ġcapricious,7,0
64729,ĠMynavi,7,0
64730,Ġmementos,7,0
64732,ĠSeleucid,7,0
64733,Ġceaselessly,7,0
64734,Ġharangue,7,0
64735,Ġnonchalantly,7,0
64736,Ġmisrepresentations,7,0
64737,Ġacquiesced,7,0
64738,ĠMcCloud,7,0
64739,Inspector,7,0
64740,ĠSaracens,7,0
64741,ĠAutobots,7,0
64743,ĠProphets,7,0
64744,Ġuninvited,7,0
64745,ĠChenonceau,7,0
64746,IFICATION,7,0
64747,JOHNSTON,7,0
64748,ĠPazzaglia,7,0
64749,Agnes,7,0
64750,tallest,7,0
64751,investors,7,0
64752,Ġbahia,7,0
64753,Ġdickens,7,0
64754,Ġeclipsed,7,0
64755,Ġstentorian,7,0
64756,ĠPessanha,7,0
64758,Ġchloral,7,0
64759,ĠLleida,7,0
64760,ĠGENERAL,7,0
64761,Ġvarnish,7,0
64762,ĠKuhn,7,0
64764,Ġresuscitated,7,0
64765,Ġapportioned,7,0
64767,ĠArgonauts,7,0
64770,Ġreflexes,7,0
64771,Ġpeppered,7,0
64772,priestesses,7,0
64773,ĠScissorhands,7,0
64774,Ġraunchy,7,0
64775,ĠHelicopters,7,0
64777,ĠFerreiro,7,0
64778,Ġhypochlor,7,0
64779,Ġtablespoon,7,0
64780,ĠBaixa,7,0
64782,Ġsurreptitiously,7,0
64783,Ġbotulinum,7,0
64784,ĠWolverines,7,0
64785,Ġhydrofoils,7,0
64786,Ġsulkily,7,0
64787,Ġdiscomfited,7,0
64788,ĠCLOUDS,7,0
64789,ĠVauclin,7,0
64790,Ġostentatious,7,0
64791,Ġomnipot,7,0
64792,Ġhollyhocks,7,0
64793,2996,7,0
64794,Eddie,7,0
64795,Navajo,7,0
64796,Random,7,0
64797,Ġdastardly,7,0
64798,ĠTherapy,7,0
64799,Ġhedonism,7,0
64800,ĠSeremban,7,0
64801,Ġwhinnied,7,0
64802,Ġrdoba,7,0
64803,ĠLysimachus,7,0
64804,ĠGaddis,7,0
64806,ĠJinnah,7,0
64807,ĠKobayashi,7,0
64808,ĠKrupnick,7,0
64809,Ġunilaterally,7,0
64811,Ġdisinclined,7,0
64812,Ġscrounging,7,0
64813,Ġacclamations,7,0
64814,ĠAlonissos,7,0
64815,Ġskulking,7,0
64816,concrete,7,0
64817,ĠBeetlejuice,7,0
64819,ĠScorpio,7,0
64820,ĠBenvenuto,7,0
64821,Ġtreefrogs,7,0
64822,commercial,7,0
64824,Ġmisquoted,7,0
64825,ĠAntioch,7,0
64826,Ġpsychotherapist,7,0
64827,ĠTorquay,7,0
64828,ĠBorromeo,7,0
64829,ĠMiracoli,7,0
64830,ĠHandicraft,7,0
64831,ĠAthabaskan,7,0
64832,Ġinconsiderate,7,0
64833,ĠLudmilla,7,0
64834,Ġorthopedist,7,0
64835,Ġinterconnectivity,7,0
64837,ĠBeyazet,7,0
64838,ĠDrosophilidae,7,0
64839,ĠDifficulties,7,0
64840,ĠAnnapurna,7,0
64841,Celebrity,7,0
64842,ĠKardashian,7,0
64843,Ġperemptorily,7,0
64845,Coburg,7,0
64846,Walliser,7,0
64847,ĠTUPPENCE,7,0
64848,ĠTinsley,7,0
64849,ĠIveagh,7,0
64850,ĠAitkin,7,0
64851,ĠMODERN,7,0
64852,ĠHaredi,7,0
64853,ĠHillel,7,0
64854,opwafels,7,0
64855,Ġshikara,7,0
64857,Ġplausibility,7,0
64858,ĠLanguages,7,0
64859,ĠLinguistic,7,0
64860,ĠJuggernaut,7,0
64861,ĠJuvarra,7,0
64862,ĠKhatun,7,0
64864,Ġpervaded,7,0
64865,ĠAnadolu,7,0
64867,ĠConvenience,7,0
64868,ompanied,7,0
64869,Ġmistranscription,7,0
64870,ĠLaibson,7,0
64871,ĠWallingford,7,0
64872,ĠKnutsen,7,0
64873,Ġreconstituted,7,0
64874,Ġdisclaimer,7,0
64875,Ġsuccesor,7,0
64876,Ġhemorrhage,7,0
64877,ĠTROUBLE,7,0
64878,ĠPsychiatry,7,0
64879,Ġincapacitated,7,0
64880,ĠKunoichi,7,0
64881,Ġorchestras,7,0
64883,Ġreenactment,7,0
64884,Broadway,7,0
64885,Cappella,7,0
64886,Candyman,7,0
64887,FERENCE,7,0
64888,Persian,7,0
64889,Sergeant,7,0
64890,Siberian,7,0
64891,nourished,7,0
64892,numerical,7,0
64893,Ġnongovernmental,7,0
64894,ĠAamir,7,0
64896,ĠBoleslaw,7,0
64897,ĠHertfordshire,7,0
64898,ĠHuawei,7,0
64901,ĠFELLOWS,7,0
64902,ĠDoodlennium,7,0
64903,ĠNIH,7,0
64904,ĠNelvis,7,0
64905,ĠLasky,7,0
64906,ĠLIMITED,7,0
64907,ĠGazzara,7,0
64908,ĠOvertime,7,0
64909,ĠKruger,7,0
64910,ĠKOKs,7,0
64911,ĠStumply,7,0
64912,ĠChaffee,7,0
64913,Ġdissonance,7,0
64914,Ġremuneration,7,0
64915,ĠAscendancy,7,0
64916,Ġskittish,7,0
64917,Ġelitist,7,0
64918,ĠPhaistes,7,0
64919,ĠGuzm,7,0
64920,ĠAbhij,7,0
64921,ĠSmugglers,7,0
64922,Ġzooming,7,0
64923,Ġephemeral,7,0
64924,ĠComercio,7,0
64925,ĠSpearman,7,0
64927,ĠINVITATION,7,0
64928,ĠKramatorsk,7,0
64929,Ġcomprehensively,7,0
64930,Ġsanitized,7,0
64932,ĠBolingbroke,7,0
64934,ĠPelagius,7,0
64935,ĠCarnavalet,7,0
64936,ĠLobbyists,7,0
64937,ĠROCKWOOD,7,0
64938,ĠBranghtons,7,0
64939,ĠThessalon,7,0
64942,ĠRICHARD,7,0
64943,Municipal,7,0
64944,Renaissance,7,0
64946,reproach,7,0
64947,Ġwynds,7,0
64948,Ġmoguls,7,0
64951,Ġduped,7,0
64952,ĠTowson,7,0
64953,ĠAyrton,7,0
64954,ĠSzeraya,7,0
64955,ĠMeehan,7,0
64956,Ġwhiplash,7,0
64957,ĠBorys,7,0
64958,chatterdy,7,0
64960,ĠPulchow,7,0
64961,ĠDaryl,7,0
64962,ĠDetermining,7,0
64963,ĠDardanelles,7,0
64964,ĠNannini,7,0
64965,Ġprodded,7,0
64966,ĠLascaux,7,0
64967,Ġvoracious,7,0
64968,ĠEckstein,7,0
64969,ĠESCAPE,7,0
64970,ĠObtaining,7,0
64971,ocardial,7,0
64972,ĠKirov,7,0
64973,ĠKephren,7,0
64974,Ġunambiguous,7,0
64975,Ġarthropods,7,0
64976,ĠChineseness,7,0
64977,Ġdisentangled,7,0
64978,ĠVavara,7,0
64979,Ġsubordinates,7,0
64980,ĠAdinath,7,0
64981,ĠAdderall,7,0
64982,Ġinflexible,7,0
64983,ĠPrusiner,7,0
64984,ĠRepubblica,7,0
64985,ĠScutari,7,0
64986,ĠRochdale,7,0
64987,ĠDorothea,7,0
64988,ĠBlacksmiths,7,0
64989,ĠMacCunn,7,0
64990,ĠMicrohylidae,7,0
64991,ĠEmpirical,7,0
64992,Ġwaterslide,7,0
64993,Ġsequitur,7,0
64995,Ġpantomime,7,0
64996,ĠOlmec,7,0
64997,ĠCornhuskers,7,0
64998,ĠTsingtao,7,0
64999,ĠBrandeis,7,0
65000,Ġunimpeachable,7,0
65001,ĠTakarada,7,0
65002,ĠNovosad,7,0
65004,ĠCavalcanti,7,0
65005,ĠVougeot,7,0
65006,Ġblasphemous,7,0
65007,Ġstoichiometry,7,0
65008,Ġpassthrough,7,0
65009,ĠCOPYRIGHT,7,0
65010,ĠBUTTERFLY,7,0
65011,ĠDiplomacy,7,0
65012,COUNCIL,7,0
65013,Ivoire,7,0
65014,Sevila,7,0
65016,Ġtroupes,7,0
65018,Ġdailies,7,0
65019,Ġinjustices,7,0
65020,Ġinextricably,7,0
65021,ĠTewkesbury,7,0
65022,ĠTertre,7,0
65023,ĠTocarora,7,0
65024,Ġgipsies,7,0
65025,ĠSoudan,7,0
65026,ĠSakhalin,7,0
65027,ĠSibelius,7,0
65028,ĠCuddalore,7,0
65029,ĠMBMFC,7,0
65030,ĠBexar,7,0
65031,ĠBasinger,7,0
65032,ĠHoryuji,7,0
65033,ĠPerestrelo,7,0
65034,ĠPatterdale,7,0
65035,Ġsepsis,7,0
65036,ĠWietmarschen,7,0
65037,ĠWasserstein,7,0
65039,ĠDoolittle,7,0
65040,ĠNeeson,7,0
65041,ĠNoshahi,7,0
65042,ĠLicypriya,7,0
65043,ĠLutyens,7,0
65044,ĠLimbaugh,7,0
65045,ĠRigoletto,7,0
65046,apocalyptic,7,0
65047,Ġalbatross,7,0
65048,Ġgoblins,7,0
65049,ĠHeibok,7,0
65050,ĠInglewood,7,0
65051,ĠYitzhak,7,0
65052,ĠYezhov,7,0
65053,ĠYosemite,7,0
65054,ĠKanchenjunga,7,0
65055,ĠKublai,7,0
65056,ĠKursk,7,0
65057,ĠKundera,7,0
65058,ĠKoubru,7,0
65059,ĠUcluelet,7,0
65060,ĠStutchbury,7,0
65061,Ġenigmatical,7,0
65062,Ġimmerse,7,0
65063,Ġunfulfilled,7,0
65064,Ġungainly,7,0
65065,ĠSheBelieves,7,0
65066,ĠWhinlatter,7,0
65067,ĠAscanian,7,0
65068,ĠArbroath,7,0
65069,ĠLeguizamo,7,0
65070,Ġinterminable,7,0
65072,Ġgreengrocer,7,0
65073,ĠGroningen,7,0
65074,ĠScripps,7,0
65075,ĠGelderland,7,0
65076,ĠTurturro,7,0
65077,ĠQuintero,7,0
65078,ĠCHAMPION,7,0
65079,Ġmisogyny,7,0
65080,ĠGlastonbury,7,0
65081,Ġepithets,7,0
65082,ĠMountbatten,7,0
65083,ĠMiddlingham,7,0
65084,ĠMorbidity,7,0
65085,ĠSimultaneously,7,0
65086,Ġunsubstantiated,7,0
65087,ĠBorghese,7,0
65088,ĠGalatasaray,7,0
65089,ĠMirabeau,7,0
65090,ĠPausanias,7,0
65092,ĠLeybucht,7,0
1370,urch,6,0
1641,Ġcontin,6,0
2006,ĠWor,6,0
2412,sidered,6,0
2508,reek,6,0
2530,Ġscen,6,0
2577,Ġnecess,6,0
2587,ogn,6,0
2693,ateg,6,0
2880,Ġinflu,6,0
3264,Ġdisapp,6,0
3274,Ġopportun,6,0
3471,noon,6,0
4100,ĠIngleth,6,0
4120,Ġmanufact,6,0
4523,ointed,6,0
4643,Ġcorpor,6,0
4748,Ġspr,6,0
5138,Ġdism,6,0
5175,umes,6,0
5257,Ġsubm,6,0
5268,erald,6,0
5362,Ġlibr,6,0
5696,ousin,6,0
5795,Ġwebs,6,0
5849,stitute,6,0
5873,levant,6,0
6076,Ġperman,6,0
6085,ropical,6,0
6092,ilty,6,0
6187,Ġtermin,6,0
6296,Ġsurpl,6,0
6621,Ġguarant,6,0
6731,Ġinnoc,6,0
6737,Ġlux,6,0
7170,orious,6,0
7192,ĠCyn,6,0
7333,uled,6,0
7373,inent,6,0
7387,eddin,6,0
7418,igration,6,0
7525,Ġterrif,6,0
7549,Ġcraw,6,0
7554,raham,6,0
7652,ĠRena,6,0
7734,itage,6,0
7779,ixon,6,0
8097,Ġsimpl,6,0
8114,Ġcomed,6,0
8244,Ġalloc,6,0
8343,ointment,6,0
8357,Ġvoc,6,0
8475,Ġvig,6,0
8499,employ,6,0
8586,Ġdepos,6,0
8643,itative,6,0
8702,Ġaccommod,6,0
8763,Ġprosec,6,0
8766,Ġencl,6,0
8801,achment,6,0
8930,imony,6,0
9144,actions,6,0
9190,Ġauth,6,0
9249,nesday,6,0
9268,Ġdiscour,6,0
9426,Ġnep,6,0
9498,Ġoutl,6,0
9531,ighters,6,0
9653,ĠFreder,6,0
9695,tles,6,0
9763,ruption,6,0
9911,Ġswall,6,0
10102,Ġisol,6,0
10103,Ġrend,6,0
10225,Ġlandl,6,0
10473,oque,6,0
10510,ĠEval,6,0
10537,Ġineff,6,0
10738,rained,6,0
10767,escue,6,0
10781,itei,6,0
10811,orca,6,0
10936,amil,6,0
10942,ĠNAT,6,0
11006,Ġfemin,6,0
11060,ĠBeh,6,0
11119,Ġaerob,6,0
11217,celer,6,0
11240,Ġparalle,6,0
11263,Ġneut,6,0
11333,ĠImper,6,0
11365,ulb,6,0
11701,cano,6,0
11909,ographical,6,0
11951,ĠAltern,6,0
12257,icut,6,0
12299,Ġirrit,6,0
12315,wart,6,0
12427,ocaust,6,0
12474,ĠLegisl,6,0
12495,ĠSadd,6,0
12568,raits,6,0
12708,plete,6,0
12761,reated,6,0
12786,Ġfootst,6,0
12843,ĠDV,6,0
13142,Ġoxy,6,0
13155,Ġnavig,6,0
13192,urned,6,0
13246,Ġkar,6,0
13462,istocr,6,0
13540,ighty,6,0
13669,zhou,6,0
13804,irmative,6,0
13872,Ġdispos,6,0
14006,actly,6,0
14134,ĠBM,6,0
14266,Ġpromul,6,0
14379,alds,6,0
14599,Ġcontrad,6,0
14729,ĠTub,6,0
14836,unned,6,0
14857,Ġprejud,6,0
14914,brew,6,0
15118,WI,6,0
15123,Ġ--------------------------------,6,0
15336,asper,6,0
15361,ĠJol,6,0
15918,ulously,6,0
16015,Ġcens,6,0
16132,edar,6,0
16292,Ġpean,6,0
16367,ĠSain,6,0
16394,ĠKeen,6,0
16432,ivering,6,0
16517,ĠNass,6,0
16600,nels,6,0
16801,Ġtransf,6,0
16824,castle,6,0
17027,Ġcaval,6,0
17132,dig,6,0
17201,SCO,6,0
17412,Ġanthrop,6,0
17550,otine,6,0
17948,Ġcategor,6,0
18002,Ġsib,6,0
18056,ĠClaud,6,0
18065,ushu,6,0
18149,itably,6,0
18195,ĠAnaly,6,0
18359,Ġsubdu,6,0
18369,ieties,6,0
18392,Ġsuperst,6,0
18456,ĠBulgar,6,0
18483,arity,6,0
18524,Ġaccl,6,0
18723,uffy,6,0
18734,itching,6,0
18853,ĠLomb,6,0
18913,ambles,6,0
18993,ĠPompe,6,0
19020,Ġtheoret,6,0
19222,ĠJude,6,0
19241,Ġsmoot,6,0
19605,gia,6,0
19786,eenth,6,0
19811,ĠAber,6,0
19885,cycl,6,0
19995,Ġbaff,6,0
20109,haba,6,0
20145,build,6,0
20186,itous,6,0
20196,lements,6,0
20197,icable,6,0
20218,olics,6,0
20282,ructive,6,0
20635,Ġbast,6,0
20659,ilings,6,0
20723,ĠManufact,6,0
20973,ĠPrepar,6,0
21097,ĠChel,6,0
21126,ĠRol,6,0
21156,ailable,6,0
21297,Ġrehabil,6,0
21322,lion,6,0
21356,Ġrehe,6,0
21475,adda,6,0
21631,anded,6,0
21888,abella,6,0
21962,ĠScand,6,0
22190,Ġmonst,6,0
22500,ĠClin,6,0
22537,overty,6,0
22559,Ġundist,6,0
22695,ĠTad,6,0
22751,quist,6,0
22777,orders,6,0
23004,arat,6,0
23009,iculate,6,0
23036,ĠBerm,6,0
23049,ĠFH,6,0
23055,umsy,6,0
23070,igion,6,0
23155,Ġfigur,6,0
23182,habited,6,0
23217,spons,6,0
23231,ĠCypr,6,0
23351,ĠLina,6,0
23353,ĠGert,6,0
23599,parts,6,0
23669,ablo,6,0
23680,Ġintu,6,0
23704,Ġconson,6,0
24021,Ġenchant,6,0
24033,ickory,6,0
24210,ĠLibert,6,0
24300,uttered,6,0
24302,ĠSent,6,0
24333,Ġconject,6,0
24364,Ġunac,6,0
24365,Ġunins,6,0
24511,Ġsemic,6,0
24630,Jew,6,0
24667,ĠIli,6,0
24863,guer,6,0
24894,elligence,6,0
24904,onomy,6,0
24929,ĠFrequ,6,0
25071,andering,6,0
25315,Ġsuprem,6,0
25493,Ġoverr,6,0
25512,techn,6,0
25623,Ġdomest,6,0
25706,Ġmascul,6,0
25808,Ġheter,6,0
25814,verb,6,0
25842,ummer,6,0
25851,ĠLenn,6,0
25875,akt,6,0
25898,ĠVari,6,0
25922,Ġmonet,6,0
26112,Ġabbrev,6,0
26281,owness,6,0
26290,ĠStup,6,0
26582,iatic,6,0
26682,istered,6,0
26704,ravel,6,0
26735,ferencing,6,0
26741,Ġindisp,6,0
26966,Ġmonoton,6,0
27017,LV,6,0
27041,Ġbip,6,0
27055,Ġinver,6,0
27078,ĠSomers,6,0
27181,ixt,6,0
27228,ĠBlo,6,0
27275,ueless,6,0
27600,chlor,6,0
27672,ĠVou,6,0
27696,unda,6,0
27811,stantial,6,0
28093,ĠBurs,6,0
28124,Ġproff,6,0
28154,ochem,6,0
28180,ogi,6,0
28199,airn,6,0
28213,ĠBrus,6,0
28269,Ġelectrom,6,0
28318,Ġneglig,6,0
28512,itudinal,6,0
28533,Bre,6,0
28548,cern,6,0
28571,athing,6,0
28616,Ġrebut,6,0
28637,Ġanat,6,0
28660,Ġdegr,6,0
28691,igolds,6,0
28718,cki,6,0
28789,Ġreplen,6,0
28844,ĠCompre,6,0
28878,Ġembar,6,0
29026,ĠMYSTER,6,0
29155,ĠSpl,6,0
29169,ĠBung,6,0
29219,Ġjub,6,0
29236,ĠThreat,6,0
29336,ĠExc,6,0
29642,Hz,6,0
29757,Ġatroc,6,0
29816,Ġjoc,6,0
29819,ĠEmin,6,0
29829,area,6,0
29882,Ġslugg,6,0
29888,ggio,6,0
29950,roned,6,0
29966,Ġdivis,6,0
30085,ĠMahab,6,0
30309,give,6,0
30350,Ġnib,6,0
30371,uran,6,0
30378,ĠBows,6,0
30441,pei,6,0
30447,iview,6,0
30461,ĠUz,6,0
30479,ĠVec,6,0
30813,origin,6,0
30840,Ġquadru,6,0
30944,HIP,6,0
31041,ĠCeram,6,0
31080,thon,6,0
31134,asties,6,0
31203,mane,6,0
31235,erner,6,0
31266,istery,6,0
31648,JP,6,0
31681,spir,6,0
31741,ammer,6,0
31767,ĠWach,6,0
31821,Ġoutfl,6,0
31883,onsider,6,0
32087,ĠConsort,6,0
32350,prisingly,6,0
32425,Rich,6,0
32440,faring,6,0
32441,goes,6,0
32456,polis,6,0
32544,irana,6,0
32627,astro,6,0
32638,ĠKamp,6,0
32647,Ġenumer,6,0
32648,izi,6,0
32659,merc,6,0
32707,rosh,6,0
32732,Ġbigot,6,0
32785,prime,6,0
32888,kiing,6,0
32977,ĠElectron,6,0
33029,Ġunconcern,6,0
33099,compet,6,0
33111,atisfied,6,0
33132,Ġunintellig,6,0
33300,heres,6,0
33304,Ġsine,6,0
33310,eric,6,0
33373,uram,6,0
33432,ĠLour,6,0
33436,ĠGraph,6,0
33496,Ġperc,6,0
33529,ĠWhitt,6,0
33531,lesh,6,0
33632,ĠGuj,6,0
33771,ĠCorre,6,0
33912,ANDER,6,0
34009,ĠAbercromb,6,0
34137,Jose,6,0
34163,dah,6,0
34175,mil,6,0
34188,rath,6,0
34190,uu,6,0
34195,wives,6,0
34240,Ġpon,6,0
34356,istas,6,0
34370,Ġja,6,0
34378,Ġgoalt,6,0
34413,ĠStruct,6,0
34425,ressor,6,0
34464,Ġincurs,6,0
34494,Ġredef,6,0
34519,Ġwaft,6,0
34609,ĠElse,6,0
34633,ĠCoordin,6,0
34817,ĠBullet,6,0
35092,tl,6,0
35117,isar,6,0
35205,ĠWS,6,0
35219,usch,6,0
35294,aup,6,0
35308,ĠKuch,6,0
35355,tea,6,0
35426,aneously,6,0
35528,ocracy,6,0
35542,urses,6,0
35580,ĠValle,6,0
35802,interested,6,0
36125,adin,6,0
36172,ĠHades,6,0
36176,celled,6,0
36190,Ġkenn,6,0
36252,ĠRuna,6,0
36274,ĠOth,6,0
36364,landish,6,0
36611,Ġhygien,6,0
36832,ĠExplan,6,0
36869,itarianism,6,0
36948,enhagen,6,0
37137,Poss,6,0
37138,Sol,6,0
37141,Tre,6,0
37145,bis,6,0
37177,squ,6,0
37210,escent,6,0
37258,ĠSik,6,0
37272,iris,6,0
37291,Ġanth,6,0
37344,Ġcongen,6,0
37353,ĠGear,6,0
37355,ĠGael,6,0
37399,Ġtrund,6,0
37456,ĠShek,6,0
37498,Ġinvig,6,0
37615,Ġprophes,6,0
37642,Ġsoliloqu,6,0
38119,ĠGoumo,6,0
38160,Ġlengthen,6,0
38303,kite,6,0
38339,atron,6,0
38444,opol,6,0
38488,ĠGains,6,0
38496,abah,6,0
38528,Ġuphe,6,0
38555,Ġunres,6,0
38563,Ġspook,6,0
38669,Ġmetabol,6,0
38685,ajas,6,0
38722,Ġinfring,6,0
38765,unto,6,0
38806,ĠTelev,6,0
38850,itaries,6,0
38872,ĠCrisp,6,0
38989,ĠIntellect,6,0
39091,ĠMatte,6,0
39552,fle,6,0
39557,hung,6,0
39576,trad,6,0
39582,zac,6,0
39703,imoto,6,0
39748,ĠPud,6,0
39759,olita,6,0
39819,ĠRans,6,0
39827,apted,6,0
39840,osia,6,0
39852,indi,6,0
39872,ĠKanch,6,0
39895,Ġunread,6,0
39902,Ġadj,6,0
39995,Ġdecap,6,0
40014,Ġdrud,6,0
40254,Heart,6,0
40266,ANTA,6,0
40345,ĠDirec,6,0
40590,economic,6,0
40674,ĠEditorial,6,0
40809,agellation,6,0
40813,Ġostrac,6,0
40895,Mos,6,0
40976,xious,6,0
41083,irang,6,0
41089,ghi,6,0
41111,ĠBaud,6,0
41144,olin,6,0
41164,unci,6,0
41168,ĠFors,6,0
41189,Ġchor,6,0
41212,ĠGers,6,0
41226,ĠRul,6,0
41252,ĠEcc,6,0
41253,ĠEvers,6,0
41257,igibility,6,0
41262,ĠOy,6,0
41269,ivar,6,0
41310,Ġunfl,6,0
41357,ervice,6,0
41359,Ġflin,6,0
41481,dening,6,0
41554,ĠBarg,6,0
41720,ĠDelg,6,0
41974,matical,6,0
42136,Ġenlarge,6,0
42412,Lab,6,0
42421,Oper,6,0
42456,few,6,0
42476,litz,6,0
42519,isection,6,0
42554,Ġinve,6,0
42579,icine,6,0
42696,chard,6,0
42697,kell,6,0
42698,terl,6,0
42729,Ġdecept,6,0
42741,ĠDarn,6,0
42747,essential,6,0
42778,quant,6,0
42797,Ġjov,6,0
42825,ittered,6,0
42840,agem,6,0
42909,ĠWey,6,0
43010,Ġinterdepend,6,0
43081,rolog,6,0
43105,ĠConcent,6,0
43106,prin,6,0
43111,onya,6,0
43199,screw,6,0
43278,olutionary,6,0
43321,iosk,6,0
43530,ĠDipl,6,0
43683,ĠPRES,6,0
43746,ĠProspect,6,0
43785,ophryn,6,0
43868,ĠPUBL,6,0
43926,Ġtyrann,6,0
44120,Wal,6,0
44165,nens,6,0
44170,pun,6,0
44176,rins,6,0
44218,Ġoch,6,0
44267,Ġdich,6,0
44280,ĠTarant,6,0
44291,icists,6,0
44312,owan,6,0
44337,ĠSamp,6,0
44351,gha,6,0
44352,urried,6,0
44355,ĠCels,6,0
44362,ĠMaul,6,0
44406,andered,6,0
44416,ĠWOL,6,0
44418,ĠWoj,6,0
44439,ĠFah,6,0
44530,igraph,6,0
44558,akami,6,0
44593,ipus,6,0
44615,Ġdissect,6,0
44645,ancourt,6,0
44686,ĠAlst,6,0
44707,Ġretract,6,0
44734,ificance,6,0
44800,ikal,6,0
44840,Ġmement,6,0
44889,ĠSeleuc,6,0
44891,omaniac,6,0
44909,rafted,6,0
44922,scribed,6,0
44928,Ġharang,6,0
44938,Ġnonchal,6,0
44999,Ġmisrepresent,6,0
45004,Ġacquies,6,0
45152,ĠMcCl,6,0
45179,Ins,6,0
45200,igel,6,0
45225,ĠSarac,6,0
45342,ĠAutob,6,0
45379,ĠHasid,6,0
45407,ĠProphe,6,0
45470,Ġuninv,6,0
45830,JOHN,6,0
45934,624,6,0
45971,Mis,6,0
46026,lars,6,0
46074,wana,6,0
46125,Ġcack,6,0
46171,alam,6,0
46182,ĠTik,6,0
46188,lei,6,0
46236,etown,6,0
46258,Ġstigmat,6,0
46381,emus,6,0
46383,emia,6,0
46425,ĠRiz,6,0
46443,Ġvim,6,0
46470,ourage,6,0
46479,indler,6,0
46481,ivat,6,0
46487,ĠThal,6,0
46495,ĠYach,6,0
46521,ĠUy,6,0
46544,Ġadren,6,0
46557,ĠChob,6,0
46585,Ġamort,6,0
46631,Ġcohes,6,0
46743,ĠReic,6,0
46746,exam,6,0
46826,ĠPrzy,6,0
46834,Ġconcili,6,0
46843,ippe,6,0
46856,ĠColes,6,0
46934,ĠSanj,6,0
46997,ĠResult,6,0
47070,iqui,6,0
47152,ĠContribut,6,0
47154,hetically,6,0
47159,Ġdebau,6,0
47186,chery,6,0
47228,ĠSurv,6,0
47294,classified,6,0
47364,ĠBaum,6,0
47408,immigrant,6,0
47430,Franc,6,0
47436,Ġbreech,6,0
47604,Ġsuccinct,6,0
47619,ĠAltam,6,0
47696,ĠFRANK,6,0
47774,midt,6,0
47819,ogeneity,6,0
47864,ĠCAMP,6,0
47939,ĠOptim,6,0
48083,Ġanachron,6,0
48168,Kay,6,0
48215,VD,6,0
48260,houn,6,0
48274,macher,6,0
48400,asier,6,0
48417,lec,6,0
48562,opulated,6,0
48618,unked,6,0
48633,antine,6,0
48707,outi,6,0
48729,iglia,6,0
48847,climate,6,0
49267,otsky,6,0
49297,ambos,6,0
49350,afi,6,0
49788,courses,6,0
49903,communication,6,0
49996,ufo,6,0
56140,________________________________,6,0
62466,ĠĠĠĠĠĠĠĠĠĠĠĠĠĠĠĠĠĠĠĠĠĠĠĠĠĠĠĠĠĠĠĠĠĠĠĠĠĠĠĠĠ,6,0
64408,||||||||,6,0
65093,%;,6,0
65094,.!,6,0
65096,030,6,0
65097,013,6,0
65098,064,6,0
65099,031,6,0
65100,212,6,0
65103,390,6,0
65104,368,6,0
65105,410,6,0
65106,421,6,0
65107,432,6,0
65108,5000,6,0
65109,513,6,0
65110,575,6,0
65111,527,6,0
65112,568,6,0
65113,630,6,0
65115,626,6,0
65116,699,6,0
65117,628,6,0
65118,712,6,0
65119,739,6,0
65120,742,6,0
65121,747,6,0
65122,840,6,0
65123,990,6,0
65124,Ast,6,0
65125,Aven,6,0
65126,AFC,6,0
65127,Again,6,0
65128,Bh,6,0
65129,Bed,6,0
65132,Bud,6,0
65133,Base,6,0
65134,Boss,6,0
65135,Body,6,0
65137,Batt,6,0
65139,Bois,6,0
65140,Boston,6,0
65141,BART,6,0
65143,BACK,6,0
65144,Broken,6,0
65145,Bomba,6,0
65146,BURY,6,0
65147,Cy,6,0
65148,Cre,6,0
65150,Cave,6,0
65151,Cale,6,0
65152,Crow,6,0
65153,Carn,6,0
65154,Coun,6,0
65155,Creek,6,0
65156,Chel,6,0
65157,Code,6,0
65158,Carm,6,0
65159,Cousin,6,0
65161,CBS,6,0
65162,Cadet,6,0
65163,DB,6,0
65164,Di,6,0
65165,Ds,6,0
65166,Der,6,0
65167,Dal,6,0
65168,Die,6,0
65170,During,6,0
65171,Days,6,0
65172,Diam,6,0
65176,Devil,6,0
65177,Ele,6,0
65178,Ell,6,0
65179,Ech,6,0
65180,Eth,6,0
65181,Edu,6,0
65182,Either,6,0
65183,Eye,6,0
65185,FW,6,0
65186,Fal,6,0
65187,Fro,6,0
65188,Fil,6,0
65189,Fun,6,0
65191,Found,6,0
65192,Files,6,0
65194,Fuji,6,0
65195,Fontaine,6,0
65198,Gosh,6,0
65200,HM,6,0
65201,Hm,6,0
65203,Hee,6,0
65204,Hear,6,0
65205,Holly,6,0
65206,Hannah,6,0
65207,Hurt,6,0
65208,Hilaire,6,0
65209,IB,6,0
65210,IOLTA,6,0
65211,Imag,6,0
65212,Jes,6,0
65213,Jet,6,0
65214,Jour,6,0
65215,Jake,6,0
65216,Jux,6,0
65217,Jeff,6,0
65219,Kit,6,0
65220,Kos,6,0
65221,Kia,6,0
65222,Kiss,6,0
65223,Kurd,6,0
65224,Lor,6,0
65225,Lake,6,0
65226,Lower,6,0
65227,Lai,6,0
65228,Lev,6,0
65229,Liber,6,0
65230,Laval,6,0
65231,Linda,6,0
65233,Mount,6,0
65234,Mason,6,0
65235,Maj,6,0
65236,Mike,6,0
65237,Mister,6,0
65238,Million,6,0
65239,Mama,6,0
65241,Maria,6,0
65242,Malay,6,0
65243,Mega,6,0
65244,Munna,6,0
65245,NB,6,0
65246,NR,6,0
65247,Na,6,0
65248,Nur,6,0
65249,Nap,6,0
65250,Nep,6,0
65251,Nine,6,0
65252,Nass,6,0
65253,Nope,6,0
65255,Nazi,6,0
65256,OI,6,0
65258,Op,6,0
65259,Ott,6,0
65260,Oliver,6,0
65261,OIRA,6,0
65262,OECD,6,0
65263,PI,6,0
65264,Pain,6,0
65265,Pity,6,0
65266,Pag,6,0
65267,Pra,6,0
65268,Pub,6,0
65269,Pail,6,0
65271,Pied,6,0
65272,Paper,6,0
65273,Pony,6,0
65274,Present,6,0
65275,Prit,6,0
65277,Polly,6,0
65278,Prison,6,0
65279,Polit,6,0
65280,Patri,6,0
65281,PvdA,6,0
65282,Ru,6,0
65283,Rap,6,0
65284,Rub,6,0
65286,Raj,6,0
65287,Ruth,6,0
65288,RIS,6,0
65289,Rules,6,0
65290,Risk,6,0
65291,Resp,6,0
65292,Rourke,6,0
65294,SD,6,0
65295,Si,6,0
65296,Sid,6,0
65297,Song,6,0
65298,Sag,6,0
65299,Sign,6,0
65300,Save,6,0
65301,Sten,6,0
65302,Sha,6,0
65303,Scar,6,0
65304,Spart,6,0
65305,Swed,6,0
65306,Sacre,6,0
65307,Sandy,6,0
65308,Splend,6,0
65309,Songs,6,0
65310,Slate,6,0
65311,Ta,6,0
65312,Tu,6,0
65313,Tot,6,0
65314,Tut,6,0
65315,Tain,6,0
65316,Talking,6,0
65317,Trap,6,0
65318,Tony,6,0
65319,Teen,6,0
65321,Tailed,6,0
65323,Tuesday,6,0
65325,Ul,6,0
65326,Ugh,6,0
65327,Utah,6,0
65328,Va,6,0
65329,Vig,6,0
65332,Valle,6,0
65335,Wa,6,0
65336,Wired,6,0
65337,WPA,6,0
65338,WHO,6,0
65340,XII,6,0
65341,YM,6,0
65343,Youth,6,0
65344,Yours,6,0
65346,Yverdon,6,0
65348,]),6,0
65350,aques,6,0
65351,aquin,6,0
65356,bend,6,0
65359,bitten,6,0
65360,bashing,6,0
65361,buses,6,0
65363,cav,6,0
65366,cology,6,0
65370,camps,6,0
65371,cardo,6,0
65372,coded,6,0
65374,dum,6,0
65375,dag,6,0
65376,dated,6,0
65377,doves,6,0
65378,drum,6,0
65379,determined,6,0
65380,dopted,6,0
65381,eD,6,0
65382,eit,6,0
65385,fuck,6,0
65388,filling,6,0
65391,familiar,6,0
65392,fahan,6,0
65393,femin,6,0
65396,gm,6,0
65398,gates,6,0
65399,gians,6,0
65400,gler,6,0
65401,graves,6,0
65402,hit,6,0
65404,hia,6,0
65407,hows,6,0
65408,hina,6,0
65409,hills,6,0
65411,haste,6,0
65412,hka,6,0
65413,haws,6,0
65414,huis,6,0
65415,hopping,6,0
65417,hilted,6,0
65418,iency,6,0
65420,jay,6,0
65423,jaz,6,0
65424,jung,6,0
65425,jawed,6,0
65426,kg,6,0
65427,kol,6,0
65428,kap,6,0
65429,kne,6,0
65430,kids,6,0
65431,kai,6,0
65432,kneed,6,0
65433,kushk,6,0
65435,lac,6,0
65438,lint,6,0
65439,lily,6,0
65440,loh,6,0
65441,lody,6,0
65443,lung,6,0
65444,laut,6,0
65445,laughter,6,0
65446,lucky,6,0
65448,located,6,0
65449,laughing,6,0
65450,mur,6,0
65451,mol,6,0
65452,move,6,0
65453,mek,6,0
65454,march,6,0
65455,motion,6,0
65457,mighty,6,0
65459,mountain,6,0
65460,milk,6,0
65461,nar,6,0
65463,noy,6,0
65465,nilly,6,0
65466,numbers,6,0
65467,nobody,6,0
65470,pon,6,0
65472,pel,6,0
65473,pig,6,0
65475,pra,6,0
65476,pail,6,0
65477,pits,6,0
65478,puss,6,0
65479,pages,6,0
65480,possible,6,0
65481,poster,6,0
65482,pretty,6,0
65483,popular,6,0
65484,pardon,6,0
65485,pacho,6,0
65486,published,6,0
65487,qi,6,0
65489,rata,6,0
65492,rases,6,0
65493,ritional,6,0
65494,sic,6,0
65495,sak,6,0
65497,southern,6,0
65498,sberg,6,0
65499,skins,6,0
65500,saurus,6,0
65501,scientific,6,0
65502,sugar,6,0
65503,scented,6,0
65505,tad,6,0
65506,tac,6,0
65509,tings,6,0
65511,trough,6,0
65514,tok,6,0
65515,taken,6,0
65516,taki,6,0
65517,uim,6,0
65518,von,6,0
65520,vian,6,0
65522,vik,6,0
65523,voll,6,0
65525,voyage,6,0
65528,wet,6,0
65529,wang,6,0
65531,wax,6,0
65533,wiga,6,0
65534,wihr,6,0
65535,xp,6,0
65536,xia,6,0
65539,yang,6,0
65540,zat,6,0
65541,zic,6,0
65542,zim,6,0
65543,zation,6,0
65547,zynski,6,0
65548,"},",6,0
65553,Ġture,6,0
65555,Ġtacks,6,0
65556,heal,6,0
65561,Ġaj,6,0
65563,rean,6,0
65564,refer,6,0
65565,relevant,6,0
65566,rehend,6,0
65568,reimbursement,6,0
65570,Ġsart,6,0
65572,Ġsowed,6,0
65574,Ġwains,6,0
65575,Ġwuss,6,0
65576,Ġwaken,6,0
65581,Ġous,6,0
65582,Ġolf,6,0
65583,erre,6,0
65584,erance,6,0
65591,atore,6,0
65592,atte,6,0
65593,atari,6,0
65594,atpa,6,0
65598,iswood,6,0
65599,isette,6,0
65603,Ġbane,6,0
65604,Ġbailed,6,0
65607,Ġbickering,6,0
65608,Ġbvoy,6,0
65609,Ġcc,6,0
65610,Ġcic,6,0
65611,Ġcep,6,0
65614,Ġcroup,6,0
65615,Ġcaving,6,0
65619,Ġcede,6,0
65620,Ġcackle,6,0
65621,Ġceratops,6,0
65623,onites,6,0
65624,onnes,6,0
65625,itu,6,0
65626,itin,6,0
65628,itif,6,0
65629,ithes,6,0
65630,itual,6,0
65631,itization,6,0
65632,itoches,6,0
65633,ouill,6,0
65634,oung,6,0
65637,ouba,6,0
65638,anin,6,0
65642,edia,6,0
65643,edited,6,0
65645,enoid,6,0
65646,Ġfian,6,0
65647,Ġfives,6,0
65648,Ġfki,6,0
65649,Ġfagged,6,0
65650,Ġfda,6,0
65651,orant,6,0
65654,Ġmia,6,0
65655,Ġmalf,6,0
65656,Ġmoun,6,0
65658,Ġmaul,6,0
65659,Ġmudd,6,0
65661,Ġmambas,6,0
65663,eser,6,0
65664,esian,6,0
65665,eswater,6,0
65669,Ġpach,6,0
65672,Ġpesc,6,0
65673,Ġpounce,6,0
65674,Ġpandering,6,0
65675,Ġpsal,6,0
65677,Ġpueblo,6,0
65679,Ġhart,6,0
65680,Ġhong,6,0
65681,Ġhark,6,0
65682,Ġhick,6,0
65683,Ġhomin,6,0
65684,Ġhrer,6,0
65685,Ġhoeing,6,0
65686,Ġhombres,6,0
65687,Ġtole,6,0
65688,Ġtoothed,6,0
65689,Ġtophi,6,0
65690,Ġdic,6,0
65691,Ġdood,6,0
65693,Ġdames,6,0
65695,Ġderm,6,0
65696,Ġdamped,6,0
65698,Ġdaddies,6,0
65700,Ġined,6,0
65703,Ġinordinate,6,0
65704,Ġinsofar,6,0
65705,Ġinoffensive,6,0
65706,arie,6,0
65707,ariness,6,0
65709,araja,6,0
65710,arasan,6,0
65712,alim,6,0
65713,alem,6,0
65714,alies,6,0
65715,align,6,0
65716,alley,6,0
65717,alming,6,0
65719,alakis,6,0
65720,albeit,6,0
65721,asher,6,0
65722,asily,6,0
65723,asked,6,0
65724,asaurus,6,0
65725,ĠTain,6,0
65726,ĠTice,6,0
65728,ĠTook,6,0
65729,ĠTish,6,0
65730,ĠTach,6,0
65731,ĠTend,6,0
65732,ĠTwe,6,0
65734,ĠTune,6,0
65735,ĠTrog,6,0
65736,ĠTien,6,0
65737,ĠTala,6,0
65738,ĠTender,6,0
65739,ĠTosa,6,0
65740,ĠTNA,6,0
65741,ĠTisch,6,0
65742,ĠTLC,6,0
65743,ĠTewa,6,0
65744,ĠTSN,6,0
65745,ĠTustin,6,0
65746,leave,6,0
65748,Ġthunders,6,0
65749,omat,6,0
65750,omus,6,0
65752,omobile,6,0
65754,Ġness,6,0
65756,Ġnough,6,0
65757,Ġnont,6,0
65760,Ġnaves,6,0
65761,Ġnster,6,0
65762,Ġnchen,6,0
65764,Ġnameless,6,0
65766,icator,6,0
65770,Ġlons,6,0
65772,Ġlica,6,0
65773,Ġlacing,6,0
65774,Ġlka,6,0
65775,Ġlugging,6,0
65776,Ġlapsed,6,0
65777,Ġlbi,6,0
65779,Ġlido,6,0
65780,Ġlubber,6,0
65783,Ġgush,6,0
65785,Ġgables,6,0
65786,Ġgamma,6,0
65787,Ġgagged,6,0
65789,Ġgags,6,0
65790,llables,6,0
65791,ĠIman,6,0
65792,ĠIga,6,0
65793,ĠIBS,6,0
65794,ĠIcons,6,0
65795,ĠIOS,6,0
65796,ĠIkan,6,0
65797,ĠTheories,6,0
65798,ĠTheaters,6,0
65799,ĠTheroux,6,0
65800,ĠAus,6,0
65801,ĠAck,6,0
65803,ĠAida,6,0
65804,ĠAhab,6,0
65807,ĠAlem,6,0
65808,ĠASP,6,0
65809,ĠAichi,6,0
65810,ĠAcker,6,0
65812,ĠAuer,6,0
65813,ĠAFI,6,0
65814,ĠApted,6,0
65816,ĠAomori,6,0
65817,otone,6,0
65819,otropical,6,0
65821,Ġbeheading,6,0
65824,veer,6,0
65825,veld,6,0
65826,velling,6,0
65827,entity,6,0
65828,entimes,6,0
65831,idol,6,0
65832,idze,6,0
65835,Ġee,6,0
65836,Ġeard,6,0
65837,Ġebon,6,0
65838,Ġetymology,6,0
65840,sti,6,0
65842,stall,6,0
65844,stores,6,0
65846,student,6,0
65849,Ġreaff,6,0
65850,Ġreread,6,0
65851,Ġreaped,6,0
65853,Ġreoriented,6,0
65854,Ġreissue,6,0
65855,Ġrewrite,6,0
65856,Ġreeks,6,0
65857,Ġreexam,6,0
65858,Ġrebranded,6,0
65860,Ġhep,6,0
65863,Ġhearken,6,0
65864,lyt,6,0
65865,adv,6,0
65866,adul,6,0
65868,adans,6,0
65871,adette,6,0
65872,utans,6,0
65873,utants,6,0
65874,uthers,6,0
65878,acan,6,0
65879,acal,6,0
65880,acay,6,0
65883,ayo,6,0
65886,etat,6,0
65889,ĠSie,6,0
65890,ĠSwo,6,0
65891,ĠShed,6,0
65892,ĠSera,6,0
65893,ĠSarr,6,0
65894,ĠSarm,6,0
65895,ĠSeder,6,0
65899,ĠSDS,6,0
65900,ĠSorbent,6,0
65901,ĠSalsa,6,0
65902,ĠSlipper,6,0
65903,imit,6,0
65904,imil,6,0
65905,imacy,6,0
65906,imha,6,0
65910,importance,6,0
65911,verous,6,0
65912,Ġstow,6,0
65913,Ġstun,6,0
65915,Ġstaves,6,0
65916,Ġstanch,6,0
65917,Ġita,6,0
65918,seco,6,0
65921,irks,6,0
65922,irai,6,0
65923,irapt,6,0
65926,amante,6,0
65927,amgarh,6,0
65928,ghu,6,0
65931,Ġweeded,6,0
65933,urably,6,0
65938,ĠCot,6,0
65940,ĠCens,6,0
65943,ĠCatt,6,0
65945,ĠCuts,6,0
65947,ĠCoop,6,0
65948,ĠCato,6,0
65949,ĠCults,6,0
65950,ĠCAA,6,0
65952,ĠCTC,6,0
65953,ĠCAST,6,0
65954,ĠCueva,6,0
65955,ĠCCR,6,0
65959,ĠMink,6,0
65960,ĠManc,6,0
65961,ĠMec,6,0
65962,ĠMank,6,0
65963,ĠMane,6,0
65964,ĠMung,6,0
65965,ĠMees,6,0
65966,ĠMerm,6,0
65968,ĠMoose,6,0
65969,ĠMakers,6,0
65970,ĠMoms,6,0
65971,ĠMapes,6,0
65972,ĠMakh,6,0
65973,ĠMOS,6,0
65974,ĠMavis,6,0
65976,ĠMorne,6,0
65977,ĠMTR,6,0
65978,Ġanent,6,0
65979,Ġannotations,6,0
65980,Ġwhiles,6,0
65981,Ġwhacking,6,0
65982,ĠBom,6,0
65983,ĠBial,6,0
65984,ĠBaking,6,0
65985,ĠBask,6,0
65986,ĠBida,6,0
65987,ĠBiar,6,0
65991,ĠBabor,6,0
65992,ĠBakers,6,0
65993,ĠBEC,6,0
65996,ĠBAA,6,0
65998,ĠBorman,6,0
65999,ĠBaggio,6,0
66000,ĠBicent,6,0
66001,ĠBiodiversity,6,0
66002,ĠBishesh,6,0
66003,ĠBheem,6,0
66005,Ġhavent,6,0
66006,Ġhaiku,6,0
66008,ĠHake,6,0
66009,ĠHals,6,0
66011,ĠHives,6,0
66012,ĠHays,6,0
66013,ĠHoon,6,0
66015,ĠHoe,6,0
66016,ĠHutt,6,0
66017,ĠHUN,6,0
66018,ĠHoops,6,0
66020,ĠHagen,6,0
66024,ĠHirao,6,0
66025,cek,6,0
66027,Ġaspers,6,0
66028,chow,6,0
66029,chosen,6,0
66031,Ġnotables,6,0
66032,Ġnotifications,6,0
66033,Ġatrisk,6,0
66034,termin,6,0
66035,ilas,6,0
66036,ilitar,6,0
66037,opath,6,0
66038,opport,6,0
66039,oppers,6,0
66040,ĠPF,6,0
66041,ĠPY,6,0
66042,ĠPind,6,0
66043,ĠPang,6,0
66044,ĠPles,6,0
66045,ĠPank,6,0
66046,ĠPoh,6,0
66047,ĠPuck,6,0
66049,ĠPilar,6,0
66050,ĠPunk,6,0
66051,ĠPiers,6,0
66054,ĠPoro,6,0
66055,ĠPSA,6,0
66057,ĠPiot,6,0
66058,ĠPRI,6,0
66059,ĠPrah,6,0
66061,ĠPampa,6,0
66063,Ġkes,6,0
66065,Ġkuk,6,0
66066,Ġkarts,6,0
66067,Ġkahars,6,0
66072,Ġrant,6,0
66073,Ġrote,6,0
66074,Ġrumb,6,0
66075,Ġracy,6,0
66076,Ġraving,6,0
66078,Ġritz,6,0
66079,Ġraved,6,0
66080,Ġrito,6,0
66082,Ġrcoles,6,0
66084,Ġdoorman,6,0
66085,illos,6,0
66086,illating,6,0
66087,illera,6,0
66090,Ġseq,6,0
66093,ĠWain,6,0
66094,ĠWau,6,0
66095,ĠWren,6,0
66097,ĠWants,6,0
66098,ĠWES,6,0
66099,ĠWiel,6,0
66100,ĠWreck,6,0
66102,ĠWinky,6,0
66103,ĠWEST,6,0
66107,ĠWuhu,6,0
66108,geli,6,0
66109,gela,6,0
66110,Ġshivers,6,0
66111,Ġshoves,6,0
66116,ersberg,6,0
66118,Ġnean,6,0
66119,Ġneph,6,0
66120,ulan,6,0
66121,uland,6,0
66123,ulatus,6,0
66125,thar,6,0
66126,thly,6,0
66127,thian,6,0
66131,Ġfrows,6,0
66133,Ġmanada,6,0
66134,Ġmanorial,6,0
66135,Ġmanacled,6,0
66140,omey,6,0
66141,Ġlief,6,0
66143,ĠFag,6,0
66144,ĠFake,6,0
66145,ĠFav,6,0
66146,ĠFib,6,0
66147,ĠFilled,6,0
66148,ĠFerm,6,0
66149,ĠFero,6,0
66150,ĠFAM,6,0
66151,ĠFencing,6,0
66154,ĠFDG,6,0
66155,ĠFiesta,6,0
66156,ĠFacho,6,0
66158,alles,6,0
66160,establish,6,0
66161,umu,6,0
66163,ĠDain,6,0
66165,ĠDoss,6,0
66166,ĠDared,6,0
66168,ĠDik,6,0
66170,ĠDune,6,0
66173,ĠDios,6,0
66174,ĠDads,6,0
66177,ĠDEA,6,0
66179,ĠDella,6,0
66180,ĠDhu,6,0
66181,ĠDairy,6,0
66182,ĠDeka,6,0
66183,ĠDICK,6,0
66184,ĠDividing,6,0
66185,ĠDropping,6,0
66186,ĠDishon,6,0
66187,ĠDillingham,6,0
66189,essentially,6,0
66190,Ġbyte,6,0
66191,emb,6,0
66194,emnon,6,0
66197,Ġchur,6,0
66199,Ġchadd,6,0
66203,ĠNol,6,0
66204,ĠNus,6,0
66205,ĠNie,6,0
66206,ĠNach,6,0
66207,ĠNek,6,0
66209,ĠNomin,6,0
66211,ĠNAA,6,0
66212,ĠNika,6,0
66213,ĠNWA,6,0
66214,ĠNINE,6,0
66215,ĠNadia,6,0
66216,ĠNSW,6,0
66217,ĠNugget,6,0
66219,Ġplows,6,0
66220,Ġpluses,6,0
66221,resse,6,0
66222,resque,6,0
66226,ĠLame,6,0
66227,ĠLied,6,0
66228,ĠLush,6,0
66229,ĠLata,6,0
66230,ĠLinton,6,0
66231,ĠLament,6,0
66232,ĠLyle,6,0
66233,ĠLadd,6,0
66234,ĠLending,6,0
66235,ĠLoma,6,0
66236,ĠLapa,6,0
66237,ĠLIV,6,0
66238,ĠLaval,6,0
66239,ĠLamber,6,0
66243,ĠLUCK,6,0
66244,ĠLascar,6,0
66245,ĠLitoria,6,0
66246,ĠLerner,6,0
66248,ĠLugo,6,0
66249,ĠGom,6,0
66250,ĠGly,6,0
66251,ĠGest,6,0
66252,ĠGres,6,0
66253,ĠGress,6,0
66254,ĠGable,6,0
66255,ĠGog,6,0
66256,ĠGull,6,0
66257,ĠGoh,6,0
66258,ĠGina,6,0
66260,ĠGalt,6,0
66261,ĠGbit,6,0
66262,ĠGabor,6,0
66264,ĠGora,6,0
66266,ĠGinn,6,0
66267,ĠGaye,6,0
66268,ĠGrav,6,0
66269,ĠGOD,6,0
66270,ĠGasp,6,0
66271,ĠGathering,6,0
66272,ĠGivat,6,0
66273,ĠGamal,6,0
66274,ĠGORDON,6,0
66276,quiddick,6,0
66277,ĠRous,6,0
66278,ĠRother,6,0
66279,ĠRend,6,0
66280,ĠRup,6,0
66281,ĠRatt,6,0
66282,ĠRaces,6,0
66284,ĠRudd,6,0
66285,ĠREN,6,0
66286,ĠRushing,6,0
66288,ĠRennes,6,0
66290,ĠRizz,6,0
66291,ĠRPM,6,0
66292,ĠRNA,6,0
66293,ĠRapper,6,0
66294,ĠRNC,6,0
66295,ĠRarely,6,0
66296,ĠRumpelstilsken,6,0
66297,ĠRitalin,6,0
66301,above,6,0
66305,ĠJP,6,0
66306,ĠJep,6,0
66307,ĠJens,6,0
66308,ĠJuk,6,0
66310,ĠJagger,6,0
66311,ĠJoux,6,0
66312,ĠJunker,6,0
66314,ĠJonson,6,0
66315,ĠJLP,6,0
66316,ĠJEF,6,0
66317,ĠJallian,6,0
66318,ĠJAMES,6,0
66320,Ġkni,6,0
66323,apable,6,0
66324,apolog,6,0
66325,aphat,6,0
66328,apartheid,6,0
66329,orton,6,0
66330,arting,6,0
66335,Ġvats,6,0
66336,Ġvailles,6,0
66339,Ġexudes,6,0
66342,Ġlept,6,0
66343,Ġleases,6,0
66344,Ġleche,6,0
66346,Ġlexic,6,0
66347,Ġleaky,6,0
66348,Ġherons,6,0
66349,Ġjit,6,0
66353,Ġjotted,6,0
66355,Ġjumble,6,0
66358,Ġjasper,6,0
66359,Ġjangling,6,0
66360,Ġalia,6,0
66361,Ġalgal,6,0
66362,Ġalma,6,0
66364,Ġalerting,6,0
66368,ĠEber,6,0
66370,ĠEames,6,0
66371,ĠEager,6,0
66372,ĠEIC,6,0
66373,ĠEbury,6,0
66375,ĠEBook,6,0
66378,Ġabr,6,0
66379,Ġabounds,6,0
66380,Ġaborted,6,0
66381,Ġabyss,6,0
66382,Ġsah,6,0
66384,Ġsaith,6,0
66385,Ġsahib,6,0
66386,osin,6,0
66387,osus,6,0
66388,osos,6,0
66391,igres,6,0
66397,Ġoutbuildings,6,0
66398,Ġalliteration,6,0
66399,Ġallopurinol,6,0
66400,Ġmeander,6,0
66401,Ġmezzo,6,0
66403,Ġgoad,6,0
66406,Ġknowled,6,0
66408,ĠHeld,6,0
66409,ĠHeber,6,0
66410,ĠHeck,6,0
66411,ĠHealy,6,0
66412,ĠOX,6,0
66413,ĠOul,6,0
66414,ĠOsh,6,0
66416,ĠOught,6,0
66418,ĠOleg,6,0
66419,ĠOAM,6,0
66420,ĠOCA,6,0
66422,ĠOobi,6,0
66423,ĠOTC,6,0
66424,ĠOahu,6,0
66425,ĠOishi,6,0
66426,ĠOAK,6,0
66428,ĠOedipus,6,0
66429,ĠOreskes,6,0
66430,eoph,6,0
66431,ourne,6,0
66433,Ġcancers,6,0
66434,ongers,6,0
66437,Ġuptown,6,0
66438,Ġupazila,6,0
66439,udos,6,0
66440,udson,6,0
66441,udillo,6,0
66442,udaira,6,0
66443,Ġtramm,6,0
66444,Ġtrapping,6,0
66445,Ġ(?,6,0
66447,Ġ(!),6,0
66449,agate,6,0
66451,aggrand,6,0
66452,aglio,6,0
66453,Ġnoblest,6,0
66455,ittard,6,0
66456,Ġshelling,6,0
66457,Ġshepher,6,0
66458,amei,6,0
66460,inded,6,0
66461,inducing,6,0
66463,ivis,6,0
66464,ivine,6,0
66466,ivoj,6,0
66467,ocon,6,0
66470,Ġintarsia,6,0
66471,Ġthematic,6,0
66472,Ġtherewith,6,0
66473,Ġthereupon,6,0
66476,oderma,6,0
66477,oyed,6,0
66479,icellular,6,0
66480,ousa,6,0
66481,ousal,6,0
66483,ĠThre,6,0
66484,ĠThot,6,0
66485,ĠThys,6,0
66486,ĠThief,6,0
66488,ĠThao,6,0
66489,ĠThimi,6,0
66491,ifax,6,0
66492,itez,6,0
66493,--$,6,0
66495,arei,6,0
66497,Ġclicks,6,0
66498,ĠInver,6,0
66499,ĠInman,6,0
66500,ĠInacc,6,0
66501,ĠInaba,6,0
66502,ĠInuwa,6,0
66503,rynoides,6,0
66504,ĠYS,6,0
66505,ĠYing,6,0
66507,ĠYount,6,0
66508,ĠYank,6,0
66509,ĠYup,6,0
66510,ĠYee,6,0
66512,ĠYule,6,0
66513,ĠYaku,6,0
66514,ĠYanni,6,0
66515,ĠYakin,6,0
66518,ianes,6,0
66520,Ġ2050,6,0
66521,Ġ2070,6,0
66523,Ġfeasted,6,0
66524,Ġfevered,6,0
66525,Ġagate,6,0
66526,ĠKow,6,0
66527,ĠKall,6,0
66528,ĠKitt,6,0
66529,ĠKep,6,0
66530,ĠKund,6,0
66532,ĠKee,6,0
66533,ĠKoun,6,0
66534,ĠKyn,6,0
66535,ĠKech,6,0
66536,ĠKerb,6,0
66539,ĠKrens,6,0
66540,ĠKabul,6,0
66541,ĠKiev,6,0
66542,ĠKrantz,6,0
66544,plenty,6,0
66546,Ġroasts,6,0
66547,ects,6,0
66548,ectors,6,0
66549,Ġblust,6,0
66550,Ġbloke,6,0
66551,Ġblanche,6,0
66552,Ġblushes,6,0
66553,Ġblithely,6,0
66554,Ġbloopers,6,0
66555,Ġplaytime,6,0
66556,Ġplayfellow,6,0
66557,Ġdietary,6,0
66559,ĠUji,6,0
66560,ĠUeki,6,0
66561,ĠUpland,6,0
66562,actual,6,0
66563,ptrollers,6,0
66565,ccio,6,0
66566,Ġdonna,6,0
66567,Ġdonjon,6,0
66568,ĠStress,6,0
66569,ĠStade,6,0
66571,ĠStix,6,0
66572,ĠStained,6,0
66573,ĠStability,6,0
66574,ĠStocks,6,0
66575,ĠStroud,6,0
66576,ĠStalker,6,0
66577,ĠStapleton,6,0
66578,Ġenrol,6,0
66579,Ġengendered,6,0
66580,".""""",6,0
66581,"."")",6,0
66583,ishti,6,0
66584,izwe,6,0
66585,izement,6,0
66586,Ġunal,6,0
66587,Ġunst,6,0
66590,Ġunites,6,0
66591,Ġuncome,6,0
66592,Ġunmas,6,0
66593,Ġungovern,6,0
66594,Ġuncharacter,6,0
66595,Ġunclassified,6,0
66597,Ġunnaturally,6,0
66598,Ġunhesitatingly,6,0
66599,Ġunanticipated,6,0
66600,Ġunperceived,6,0
66601,Ġunashamed,6,0
66602,Ġunthinkable,6,0
66603,Ġoverdoing,6,0
66604,Ġoverpaid,6,0
66605,Ġoverstayed,6,0
66606,Ġoverblown,6,0
66609,Ġaden,6,0
66610,Ġadage,6,0
66611,Ġadoration,6,0
66612,Ġadherents,6,0
66613,Ġcompunction,6,0
66615,Ġquib,6,0
66617,Ġprisms,6,0
66618,Ġprissy,6,0
66619,ondas,6,0
66620,Ġarson,6,0
66621,Ġoffs,6,0
66622,Ġoffences,6,0
66623,Ġoffbeat,6,0
66625,Ġjustifying,6,0
66630,Ġsper,6,0
66631,Ġspose,6,0
66633,Ġspiking,6,0
66635,Ġspangled,6,0
66636,Ġspurring,6,0
66639,Ġcouldnt,6,0
66640,anshan,6,0
66641,adeer,6,0
66642,ĠChol,6,0
66643,ĠChos,6,0
66644,ĠChast,6,0
66645,ĠChance,6,0
66648,ĠChapp,6,0
66649,ĠCharent,6,0
66650,ĠChlo,6,0
66652,ĠChola,6,0
66653,ĠChamund,6,0
66655,ĠChoi,6,0
66656,ĠChappa,6,0
66659,ahid,6,0
66665,achiqui,6,0
66668,clans,6,0
66670,clusive,6,0
66672,ubun,6,0
66673,ubrious,6,0
66674,osey,6,0
66675,Ġthanes,6,0
66676,aternity,6,0
66679,Ġgrisly,6,0
66680,Ġwomanhood,6,0
66681,Ġwomanizer,6,0
66682,Ġdisaffected,6,0
66683,Ġdisjointed,6,0
66684,Ġdisaffection,6,0
66685,arka,6,0
66687,Ġriz,6,0
66688,Ġrioted,6,0
66691,ĠVim,6,0
66692,ĠVane,6,0
66693,ĠVoll,6,0
66694,ĠVara,6,0
66695,ĠVGA,6,0
66696,ĠVaug,6,0
66697,ĠVasu,6,0
66698,ĠVarsity,6,0
66700,vedi,6,0
66701,vedo,6,0
66703,ograf,6,0
66704,ewater,6,0
66705,Ġresents,6,0
66706,Ġresists,6,0
66708,ornay,6,0
66710,rux,6,0
66711,Ġammon,6,0
66712,Ġamnesty,6,0
66714,Ġdowny,6,0
66715,Ġdownsize,6,0
66716,Ġscu,6,0
66718,Ġscans,6,0
66719,Ġscamp,6,0
66722,Ġscoping,6,0
66723,Ġscrapping,6,0
66724,Ġsmacks,6,0
66725,Ġsmashes,6,0
66727,Ġwellness,6,0
66728,Ġwellnigh,6,0
66729,ĠShea,6,0
66730,oughs,6,0
66731,oughlin,6,0
66732,Ġbuc,6,0
66733,Ġbugger,6,0
66734,ignac,6,0
66735,ignies,6,0
66736,ignified,6,0
66737,oldest,6,0
66739,ĠWei,6,0
66740,ĠWeimar,6,0
66741,weapons,6,0
66742,issen,6,0
66743,irless,6,0
66746,ereal,6,0
66747,Ġprecluded,6,0
66748,Ġpreapproved,6,0
66749,asek,6,0
66750,Ġimpost,6,0
66751,Ġimpaled,6,0
66752,Ġimpunity,6,0
66753,Ġimpresario,6,0
66754,ictional,6,0
66755,Ġbackfire,6,0
66756,inta,6,0
66757,inte,6,0
66758,intz,6,0
66759,intos,6,0
66760,Ġafterlife,6,0
66761,ervable,6,0
66762,Ġflab,6,0
66763,Ġflamm,6,0
66765,Ġflayed,6,0
66766,Ġflinch,6,0
66767,Ġflasks,6,0
66769,Ġguff,6,0
66771,ensky,6,0
66772,Ġwaylaid,6,0
66773,fear,6,0
66774,Ġdaycares,6,0
66775,Ġpox,6,0
66776,Ġpolled,6,0
66778,Ġstandout,6,0
66779,Ġstandup,6,0
66780,Ġnewfound,6,0
66781,award,6,0
66782,awolf,6,0
66785,Ġunderwood,6,0
66786,Ġundergoes,6,0
66787,Ġlongings,6,0
66789,Ġcrushes,6,0
66791,Ġdesulfurization,6,0
66792,uller,6,0
66795,Ġrightfully,6,0
66797,Ġhandwoven,6,0
66798,Ġreprie,6,0
66799,Ġrepressing,6,0
66800,Ġreprise,6,0
66801,Ġrepaying,6,0
66802,Ġcoed,6,0
66804,Ġcarrion,6,0
66805,Ġrecal,6,0
66806,Ġrecap,6,0
66807,Ġrecross,6,0
66808,Ġrecede,6,0
66809,Ġrecovers,6,0
66810,Ġrecieve,6,0
66811,neh,6,0
66812,neur,6,0
66813,needs,6,0
66814,neuf,6,0
66815,enci,6,0
66816,encio,6,0
66818,aircraft,6,0
66820,hesia,6,0
66821,ĠAnx,6,0
66823,ĠAnkit,6,0
66824,ĠAnubis,6,0
66826,ertion,6,0
66827,ertified,6,0
66828,athay,6,0
66829,ĠUni,6,0
66831,ĠUnitarian,6,0
66832,ĠUnauthorized,6,0
66834,ovol,6,0
66835,ovated,6,0
66836,ovial,6,0
66838,Ġevenin,6,0
66839,Ġcolts,6,0
66840,undity,6,0
66842,onta,6,0
66844,ĠAspir,6,0
66845,ĠAsni,6,0
66846,ĠAsimov,6,0
66848,Ġkendo,6,0
66849,Ġembed,6,0
66850,Ġemancip,6,0
66851,Ġemancipation,6,0
66852,manay,6,0
66854,Ġslu,6,0
66856,Ġslacking,6,0
66857,Ġslaver,6,0
66858,Ġslurred,6,0
66863,ĠAlain,6,0
66864,ĠAlth,6,0
66865,ĠAline,6,0
66866,ĠAlton,6,0
66867,ĠAlana,6,0
66868,ĠAllend,6,0
66869,ĠAlinsky,6,0
66870,ĠAlmond,6,0
66871,Ġbeli,6,0
66872,Ġbelied,6,0
66873,Ġcountouts,6,0
66876,Ġrelive,6,0
66878,Ġrelativity,6,0
66879,ĠButch,6,0
66880,ĠButte,6,0
66881,Ġregency,6,0
66882,Ġregimental,6,0
66883,Ġregattas,6,0
66884,Ġentrap,6,0
66885,Ġentourage,6,0
66886,ecost,6,0
66888,Ġinvitational,6,0
66889,Ġacropolis,6,0
66892,ysz,6,0
66893,ysical,6,0
66898,Ġsupposes,6,0
66899,ĠFrum,6,0
66900,ĠFrans,6,0
66901,ĠFromme,6,0
66904,Ġ314,6,0
66905,Ġ370,6,0
66906,Ġ375,6,0
66907,Ġ321,6,0
66908,Ġ328,6,0
66909,ĠBrom,6,0
66910,ĠBrag,6,0
66911,ĠBrows,6,0
66912,ĠBramer,6,0
66917,Ġyearns,6,0
66918,Ġsyr,6,0
66919,Ġcentimet,6,0
66920,incere,6,0
66921,Ġdecry,6,0
66922,Ġdecimal,6,0
66923,Ġdecriminal,6,0
66926,ggering,6,0
66927,ĠNewcomers,6,0
66928,roshi,6,0
66929,iewicz,6,0
66930,Ġputtin,6,0
66931,Ġheadman,6,0
66934,Ġglibly,6,0
66935,Ġglaucous,6,0
66936,Ġglowering,6,0
66937,Ġswerve,6,0
66938,Ġswoop,6,0
66940,Ġseceding,6,0
66941,Ġconsol,6,0
66942,Ġconsul,6,0
66943,Ġconsensual,6,0
66944,Ġsetters,6,0
66945,Ġcourted,6,0
66946,Ġcourthouses,6,0
66947,Ġretard,6,0
66948,Ġretrench,6,0
66950,Ġopulence,6,0
66951,lik,6,0
66952,liked,6,0
66954,Ġblackening,6,0
66955,Ġeffusion,6,0
66956,Ġeffigy,6,0
66957,Ġcareworn,6,0
66959,Ġcapar,6,0
66961,Ġprovost,6,0
66962,ualang,6,0
66963,Ġstartle,6,0
66965,Ġsubtype,6,0
66967,ribers,6,0
66968,ribusiness,6,0
66969,Ġinstill,6,0
66970,Ġcosteffective,6,0
66971,ĠAnda,6,0
66972,ĠAndal,6,0
66973,ĠAndrose,6,0
66974,ĠAndrey,6,0
66975,ĠAndorra,6,0
66976,ĠAndhra,6,0
66977,ĠAndretti,6,0
66978,axes,6,0
66979,ĠArct,6,0
66980,ĠArth,6,0
66981,ĠArra,6,0
66982,ĠArne,6,0
66983,ĠArledge,6,0
66984,ĠArgo,6,0
66985,ĠArima,6,0
66986,ĠArnex,6,0
66987,Ġrestated,6,0
66988,ĠLez,6,0
66989,ĠLele,6,0
66990,ĠLeher,6,0
66991,ĠLeagues,6,0
66992,ĠLebu,6,0
66994,ĠLehr,6,0
66996,Ġcheop,6,0
66998,Ġhighrisk,6,0
66999,ĠMarz,6,0
67000,ĠMaris,6,0
67001,ĠMarius,6,0
67002,ĠMarston,6,0
67003,ĠMarlin,6,0
67005,ĠMarlow,6,0
67006,ĠMaratha,6,0
67007,ĠMarcello,6,0
67008,ificantly,6,0
67009,lingu,6,0
67010,ĠNoal,6,0
67011,ekje,6,0
67012,Ġwarren,6,0
67013,Ġdiscours,6,0
67014,Ġdiscerning,6,0
67020,Ġinterphone,6,0
67021,Ġintermar,6,0
67022,Ġinterwoven,6,0
67024,ĠClube,6,0
67025,ĠClaws,6,0
67026,ĠClouet,6,0
67027,ĠClocher,6,0
67029,Ġhardening,6,0
67030,erns,6,0
67031,Ġvisuals,6,0
67033,Ġuntoward,6,0
67034,Ġuntroubled,6,0
67035,Ġbestselling,6,0
67036,Ġpoppies,6,0
67037,Ġproducible,6,0
67038,shahi,6,0
67040,shadowing,6,0
67041,Ġartfully,6,0
67042,Ġschoolchildren,6,0
67044,herer,6,0
67045,ĠShm,6,0
67046,ĠShill,6,0
67047,ĠShum,6,0
67048,ĠShout,6,0
67049,ĠShub,6,0
67050,ĠShark,6,0
67051,ĠShale,6,0
67052,ĠShoney,6,0
67054,ĠShining,6,0
67055,ĠShift,6,0
67057,ĠShira,6,0
67058,ĠShirts,6,0
67059,ĠShimon,6,0
67061,ĠShanty,6,0
67063,Ġmeta,6,0
67064,Ġmetering,6,0
67065,Ġmetabolic,6,0
67066,Ġwatchdogs,6,0
67067,Ġwatchfulness,6,0
67068,Ġbookmaker,6,0
67069,Ġbookcases,6,0
67070,derived,6,0
67071,nerre,6,0
67073,Ġcurative,6,0
67074,Ġeyew,6,0
67075,lessis,6,0
67077,ĠAtwater,6,0
67078,ĠAtreyu,6,0
67079,Ġminced,6,0
67082,ĠReference,6,0
67083,ĠReza,6,0
67084,ĠRebuild,6,0
67085,ĠRebuilt,6,0
67086,ĠReisch,6,0
67087,ĠRevaluation,6,0
67089,Ġcharters,6,0
67091,Ġ516,6,0
67092,Ġ580,6,0
67094,Ġ548,6,0
67095,Ġ532,6,0
67096,Ġ563,6,0
67097,expected,6,0
67100,Ġmoviem,6,0
67101,Ġ412,6,0
67102,Ġ415,6,0
67103,Ġ4500,6,0
67104,Ġ429,6,0
67105,Ġ427,6,0
67107,Ġ461,6,0
67108,Ġdefers,6,0
67109,Ġdefray,6,0
67110,Ġdefection,6,0
67111,insurance,6,0
67112,reta,6,0
67114,ennoji,6,0
67115,Ġnightingale,6,0
67116,Ġnightspots,6,0
67117,Ġrefining,6,0
67118,ertaining,6,0
67123,Ġsnooping,6,0
67124,Ġsnobs,6,0
67126,Ġclemency,6,0
67127,Ġelms,6,0
67128,Ġelitism,6,0
67129,Ġmods,6,0
67133,tenvoorde,6,0
67134,Ġmatting,6,0
67135,Ġmatures,6,0
67136,Ġmatriarch,6,0
67137,ĠForay,6,0
67138,ĠForced,6,0
67139,ĠForgive,6,0
67140,Ġgiveaway,6,0
67141,Ġsurest,6,0
67142,Ġgovernmentas,6,0
67143,usses,6,0
67146,Ġfrontline,6,0
67147,ugi,6,0
67148,connected,6,0
67154,Ġformatted,6,0
67155,Ġsingin,6,0
67156,Ġtreed,6,0
67158,Ġbehoveth,6,0
67159,ĠAdo,6,0
67160,ĠAdren,6,0
67161,ĠAdmin,6,0
67162,ĠAdapt,6,0
67163,ĠAdonis,6,0
67164,ĠJohnette,6,0
67165,Ġestrogen,6,0
67166,cheduled,6,0
67169,ĠBeaur,6,0
67170,ĠBeacon,6,0
67171,ĠBebek,6,0
67172,ĠBeattie,6,0
67173,ĠBeersheba,6,0
67174,Ġtopical,6,0
67175,Ġtopsy,6,0
67176,Ġtopographical,6,0
67178,Ġtopsoil,6,0
67179,Ġ629,6,0
67181,Ġ644,6,0
67183,ĠAllocation,6,0
67184,ĠAllMusic,6,0
67185,Ġmarkups,6,0
67186,beast,6,0
67187,begone,6,0
67189,Ġideologically,6,0
67190,Ġbream,6,0
67191,Ġextry,6,0
67192,Ġextraneous,6,0
67194,ĠSpagna,6,0
67196,ĠSputnik,6,0
67198,ĠDei,6,0
67199,ĠDey,6,0
67200,ĠDeus,6,0
67201,ĠDeave,6,0
67202,ĠDejima,6,0
67203,ĠDebevoise,6,0
67204,Ġvalor,6,0
67206,isma,6,0
67207,ĠProl,6,0
67208,ĠPropri,6,0
67209,ĠProctor,6,0
67210,ĠProBono,6,0
67211,Ġtwang,6,0
67212,Ġtwined,6,0
67213,Ġtwopence,6,0
67214,Ġbasking,6,0
67215,Ġbashing,6,0
67217,Ġcreosote,6,0
67218,Ġconfounding,6,0
67219,Ġconfidences,6,0
67220,Ġconfigure,6,0
67221,Ġconfrater,6,0
67223,appl,6,0
67224,okai,6,0
67225,ĠMyr,6,0
67226,ĠMyDSL,6,0
67228,Ġstatuses,6,0
67230,ĠJapanes,6,0
67231,ikra,6,0
67232,Ġpleads,6,0
67234,minim,6,0
67235,mineralization,6,0
67237,automatic,6,0
67239,Ġlistlessly,6,0
67240,Ġbroiling,6,0
67241,Ġbroiled,6,0
67242,Ġbroods,6,0
67243,Ġinsulate,6,0
67244,Ġtransitive,6,0
67246,ĠDoge,6,0
67247,ĠDoane,6,0
67248,Ġtycoon,6,0
67249,Ġtycoons,6,0
67250,annot,6,0
67251,Ġgamepad,6,0
67252,ĠJoni,6,0
67253,Ġmedically,6,0
67254,Ġmeditated,6,0
67255,ushan,6,0
67257,Ġseverance,6,0
67258,Ġ765,6,0
67260,Ġhandsomest,6,0
67262,Ġposse,6,0
67263,usei,6,0
67264,Ġinflected,6,0
67265,Ġinfinity,6,0
67266,Ġdemig,6,0
67269,ĠCarpath,6,0
67270,Ġ8000,6,0
67275,Ġballpark,6,0
67276,nots,6,0
67277,notably,6,0
67278,ĠPrat,6,0
67280,Ġmonthlies,6,0
67281,ĠManage,6,0
67282,ĠMancha,6,0
67283,Ġtriangulation,6,0
67284,Ġsumptuously,6,0
67285,Ġauditions,6,0
67286,Ġaudiobook,6,0
67287,naires,6,0
67288,Ġwincing,6,0
67289,Ġfulltext,6,0
67290,ĠConst,6,0
67291,ĠConcept,6,0
67292,ĠConsequ,6,0
67293,ĠConferences,6,0
67295,Ġloony,6,0
67296,ĠFlour,6,0
67297,ĠFlats,6,0
67298,Ġesoph,6,0
67299,Ġpathetically,6,0
67301,Ġparric,6,0
67302,Ġpariah,6,0
67303,Ġparatro,6,0
67304,Ġparabolic,6,0
67305,Ġprobono,6,0
67306,Ġpurists,6,0
67307,Ġshortcut,6,0
67308,Ġpresenters,6,0
67309,Ġpresentiment,6,0
67310,ĠChristoph,6,0
67311,ĠChristmast,6,0
67312,Ġbarque,6,0
67314,Ġbarrister,6,0
67315,Ġmembr,6,0
67317,Ġwallpapering,6,0
67319,Ġcollegiate,6,0
67320,Ġhearted,6,0
67321,Ġheartiness,6,0
67322,Ġheartening,6,0
67323,Ġ924,6,0
67324,Ġ999,6,0
67325,ĠRepayment,6,0
67327,Ġpasted,6,0
67330,Ġshoplifting,6,0
67331,Ġgreenware,6,0
67332,Ġnewscasts,6,0
67334,Ġcondone,6,0
67336,Ġelectors,6,0
67338,mythology,6,0
67339,archive,6,0
67340,Ġanimators,6,0
67341,ounters,6,0
67342,Ġtestimon,6,0
67343,ĠColman,6,0
67346,ĠZip,6,0
67347,ĠZaid,6,0
67348,ĠZinc,6,0
67350,ĠZeg,6,0
67351,ĠZulu,6,0
67354,ĠZemin,6,0
67355,ĠZOE,6,0
67356,Ġ[...,6,0
67358,Ġ1728,6,0
67359,ĠMayo,6,0
67360,ĠMayall,6,0
67361,ĠMayans,6,0
67362,ĠMayors,6,0
67363,ĠMayhem,6,0
67364,Ġequate,6,0
67365,Ġsixes,6,0
67366,hyo,6,0
67368,ĠCommuter,6,0
67369,Ġpieced,6,0
67370,ĠHarare,6,0
67371,ĠHaraj,6,0
67372,ĠHarashim,6,0
67374,ĠGrable,6,0
67375,ĠGrampa,6,0
67376,ĠGrotta,6,0
67377,ĠBritisher,6,0
67378,ĠYorkin,6,0
67381,Ġlowing,6,0
67382,Ġlowlands,6,0
67383,pedale,6,0
67384,ĠPhoc,6,0
67386,ĠPharos,6,0
67388,Ġtryout,6,0
67389,ĠTheseus,6,0
67390,Ġrisotto,6,0
67391,ĠPlacing,6,0
67392,ĠPlanned,6,0
67393,ĠPlacement,6,0
67394,ĠPlummer,6,0
67395,ĠOrl,6,0
67398,ĠOrshe,6,0
67399,196,6,0
67400,1919,6,0
67401,1915,6,0
67402,1922,6,0
67403,1935,6,0
67404,1923,6,0
67405,1929,6,0
67406,1955,6,0
67407,1942,6,0
67408,1957,6,0
67409,1956,6,0
67410,ĠScam,6,0
67411,ĠScher,6,0
67412,ĠScone,6,0
67413,ĠScars,6,0
67414,ĠScrew,6,0
67415,ĠScoring,6,0
67416,ĠScattered,6,0
67418,ĠHeriot,6,0
67419,Ġbriar,6,0
67422,Ġtableaux,6,0
67423,eyn,6,0
67425,Ġaccountancy,6,0
67429,Ġ1550,6,0
67430,Ġ1522,6,0
67431,Ġ1521,6,0
67432,Ġ1526,6,0
67433,Ġ1545,6,0
67434,Ġ1597,6,0
67435,Ġ1595,6,0
67436,Ġ1588,6,0
67437,Ġ1586,6,0
67438,Ġ1589,6,0
67439,Ġ1571,6,0
67440,Ġ1582,6,0
67441,ĠGAGA,6,0
67442,ĠGATT,6,0
67443,auru,6,0
67444,Ġvolub,6,0
67445,Ġvoluble,6,0
67446,ĠCounties,6,0
67447,ĠBlanka,6,0
67448,ĠGezira,6,0
67449,Ġappeased,6,0
67452,measure,6,0
67455,ĠSealfon,6,0
67456,ĠTrn,6,0
67457,ĠTromp,6,0
67460,ĠClintonites,6,0
67461,Ġorigination,6,0
67462,Ġoriginators,6,0
67464,zez,6,0
67465,Ġprivily,6,0
67466,Ġprivatize,6,0
67468,Ġlayouts,6,0
67470,Ġlineback,6,0
67472,ĠGuise,6,0
67473,ĠGuarant,6,0
67476,ĠParral,6,0
67477,ĠParbat,6,0
67478,Ġmagg,6,0
67479,Ġmagma,6,0
67480,Ġmagnesium,6,0
67481,Ġclearness,6,0
67482,ĠWorry,6,0
67483,Ġ1229,6,0
67484,Ġ1296,6,0
67485,Ġ1690,6,0
67486,Ġ1668,6,0
67487,Ġ1632,6,0
67488,Ġ1644,6,0
67489,Ġ1662,6,0
67490,Ġ1692,6,0
67491,Ġ1689,6,0
67492,Ġ1674,6,0
67493,Ġ1679,6,0
67494,Ġburs,6,0
67496,Ġexcusing,6,0
67497,ĠBarra,6,0
67498,ĠBarbour,6,0
67499,ĠBarboza,6,0
67500,umba,6,0
67501,Ġcorals,6,0
67502,ĠTexarkana,6,0
67503,Ġroundtrip,6,0
67504,Ġlimber,6,0
67505,Ġlimbo,6,0
67506,Ġgrasshoppers,6,0
67507,ĠDonations,6,0
67508,ĠDonnelly,6,0
67509,ĠWilly,6,0
67510,ĠWillimantic,6,0
67511,Ġhearths,6,0
67513,ĠJanis,6,0
67514,ĠJanice,6,0
67515,ĠJanusz,6,0
67516,Ġcapitalistic,6,0
67517,coordin,6,0
67519,Ġbaseboards,6,0
67520,Ġleveling,6,0
67521,Ġmerges,6,0
67522,Ġmerriest,6,0
67524,ĠGoats,6,0
67525,ĠGoverning,6,0
67527,ĠGoedicke,6,0
67528,ĠBombs,6,0
67529,Ġbandy,6,0
67530,Ġbanding,6,0
67531,Ġbandleader,6,0
67534,ermario,6,0
67535,Ġyester,6,0
67536,ĠWarring,6,0
67537,ĠWarfare,6,0
67539,Ġtenacity,6,0
67540,ĠPersever,6,0
67542,Ġprojectiles,6,0
67545,ĠTHOM,6,0
67548,ĠMinerals,6,0
67549,ĠMinakshi,6,0
67550,ĠPresence,6,0
67551,ĠPrescott,6,0
67552,aggled,6,0
67553,grounds,6,0
67554,nytsia,6,0
67556,ĠCanical,6,0
67557,Ġlocalized,6,0
67558,Ġstorekeeper,6,0
67559,ĠTerence,6,0
67560,Ġdivas,6,0
67561,Ġdivans,6,0
67562,Ġdivined,6,0
67563,Ġdivested,6,0
67564,ĠCalig,6,0
67565,ĠCalida,6,0
67566,ĠCaliph,6,0
67567,ĠCaleta,6,0
67568,Ġsolitudes,6,0
67569,Ġsoluble,6,0
67570,Ġsolitaire,6,0
67571,Ġprofessing,6,0
67572,Ġpaperbased,6,0
67573,Ġsalve,6,0
67574,Ġsalons,6,0
67575,ĠSanuki,6,0
67576,ociation,6,0
67578,yns,6,0
67579,scar,6,0
67580,ittenberg,6,0
67582,Ġgrands,6,0
67583,ĠCharm,6,0
67584,ĠCharters,6,0
67585,ĠCharidemus,6,0
67586,oev,6,0
67587,oelectric,6,0
67588,ĠAmit,6,0
67589,ĠAmore,6,0
67590,ĠAmount,6,0
67591,ĠAmmerland,6,0
67592,ĠAmodt,6,0
67593,ĠIndianized,6,0
67594,ferry,6,0
67595,ĠCait,6,0
67596,ĠCawnpore,6,0
67597,Ġworthily,6,0
67599,ĠNowak,6,0
67602,ĠOhoo,6,0
67603,ĠOhara,6,0
67605,ĠUSEPA,6,0
67606,ambu,6,0
67607,ambra,6,0
67608,ĠGodley,6,0
67609,ĠMeer,6,0
67610,ĠMeals,6,0
67611,ĠXL,6,0
67612,ĠXan,6,0
67613,Ġcritiqued,6,0
67614,Ġdeaden,6,0
67616,ĠMcQueen,6,0
67620,ĠNev,6,0
67621,ĠNeid,6,0
67622,ĠNeur,6,0
67623,ĠNearer,6,0
67624,ĠNeumann,6,0
67625,ĠNevado,6,0
67626,ĠAbi,6,0
67627,ĠAbad,6,0
67629,Ġsettin,6,0
67630,ĠSirhan,6,0
67631,Ġnontechn,6,0
67632,Ġnonimmigrant,6,0
67633,Ġnonmembers,6,0
67634,Ġnonconform,6,0
67635,Ġgunman,6,0
67636,Ġspecialities,6,0
67637,Ġapop,6,0
67638,Ġcalvary,6,0
67639,Ġbabyhood,6,0
67640,Ġ1490,6,0
67641,Ġ1455,6,0
67642,Ġ1443,6,0
67643,Ġ1456,6,0
67644,Ġpickin,6,0
67646,Ġtodays,6,0
67647,Ġpalae,6,0
67648,ĠCentauri,6,0
67650,Ġsuffocated,6,0
67651,Ġdevotions,6,0
67652,ĠPele,6,0
67653,ĠPeleg,6,0
67654,ĠPecker,6,0
67656,ursable,6,0
67658,ĠTomczak,6,0
67660,deau,6,0
67662,dealing,6,0
67663,devil,6,0
67664,Ġbirthing,6,0
67665,Ġsongbirds,6,0
67666,Ġsongwriters,6,0
67667,Ġ1170,6,0
67668,Ġ1163,6,0
67669,Ġ1187,6,0
67672,Ġarmchairs,6,0
67674,ĠMalan,6,0
67675,ĠMalahide,6,0
67676,parations,6,0
67677,parlour,6,0
67678,Ġsubjection,6,0
67679,Ġarchangel,6,0
67680,Ġjudo,6,0
67681,Ġcomplicates,6,0
67683,Ġindustri,6,0
67685,Ġcams,6,0
67687,Ġmiddleman,6,0
67688,ĠElgar,6,0
67689,ĠElkins,6,0
67690,ĠElvas,6,0
67691,ĠElwira,6,0
67692,Ġ1314,6,0
67693,Ġ1326,6,0
67694,Ġ1301,6,0
67695,Ġwrongfully,6,0
67696,Ġcoastlines,6,0
67698,itiated,6,0
67699,Ġcourtship,6,0
67700,ĠAugusto,6,0
67701,ĠSlap,6,0
67702,ĠSlates,6,0
67703,Ġattractiveness,6,0
67704,Ġsuperpowers,6,0
67705,Ġsuperintended,6,0
67706,Ġobsar,6,0
67708,Ġobsessions,6,0
67709,Ġobsidian,6,0
67710,ĠSwim,6,0
67711,ĠSwain,6,0
67712,ĠSwank,6,0
67713,ĠSwarth,6,0
67714,ĠSwabia,6,0
67715,ĠWhitey,6,0
67716,ĠAccreditation,6,0
67717,Ġtypified,6,0
67718,Ġenvoys,6,0
67719,Ġgladden,6,0
67721,Ġcasted,6,0
67722,Ġcastanets,6,0
67723,Ġdeepen,6,0
67724,Ġrecognisable,6,0
67727,ĠMonologues,6,0
67729,Ġautostrada,6,0
67731,ĠParticular,6,0
67732,ĠPartido,6,0
67733,Ġdroop,6,0
67737,Ġwildness,6,0
67738,Ġviolators,6,0
67739,ĠJerzy,6,0
67740,auditors,6,0
67741,ĠMedian,6,0
67742,ukan,6,0
67743,ukata,6,0
67744,ukla,6,0
67745,ĠPalio,6,0
67746,ĠPalatinate,6,0
67747,ĠEmerson,6,0
67748,ĠEmotional,6,0
67749,Ġcirculate,6,0
67750,factly,6,0
67753,Ġafghans,6,0
67756,Ġsightings,6,0
67757,Ġcryin,6,0
67758,ĠPortcullis,6,0
67759,ĠCapilla,6,0
67760,ĠCapacity,6,0
67761,ĠCaperna,6,0
67762,Ġ302,6,0
67764,Ġtroublemakers,6,0
67765,Ġtroublemaker,6,0
67766,aigne,6,0
67767,ĠAsset,6,0
67768,ĠAssists,6,0
67769,ĠAssuredly,6,0
67771,oxic,6,0
67773,views,6,0
67774,Ġmultid,6,0
67775,Ġhillocks,6,0
67777,Ġbrighten,6,0
67780,ĠFrankfort,6,0
67781,Ġexcepted,6,0
67782,Ġkiddies,6,0
67783,ĠRede,6,0
67784,ĠReduced,6,0
67785,Ġfixated,6,0
67786,ĠDemographic,6,0
67787,ĠTurb,6,0
67788,ĠTurlock,6,0
67789,itzen,6,0
67790,itzers,6,0
67791,officer,6,0
67792,ĠLouima,6,0
67793,ĠOffering,6,0
67794,ĠOffshore,6,0
67795,ĠOffsetting,6,0
67796,Ġstrafe,6,0
67799,Ġutopia,6,0
67801,Ġrainstorm,6,0
67802,ĠQuental,6,0
67804,Ġquarrying,6,0
67807,ĠSmits,6,0
67808,ĠSmeth,6,0
67809,ĠSmokers,6,0
67810,Ġdependencies,6,0
67812,hibit,6,0
67813,Ġfreshet,6,0
67814,Ġfreshened,6,0
67815,Ġfresheners,6,0
67817,loom,6,0
67819,Ġvictors,6,0
67820,ĠCHARAC,6,0
67821,Ġmisused,6,0
67822,Ġmislaid,6,0
67823,cheng,6,0
67824,Ġpathological,6,0
67825,ĠEnsemble,6,0
67827,Ġbroadbased,6,0
67828,ĠComponent,6,0
67829,ĠComponents,6,0
67830,ĠCompaq,6,0
67831,ĠCompassionate,6,0
67832,ĠCompucam,6,0
67833,Ġmasterly,6,0
67834,Ġmasterworks,6,0
67836,ĠMusa,6,0
67837,ĠMusko,6,0
67839,Ġactionable,6,0
67840,ĠIrma,6,0
67842,oult,6,0
67844,ĠAirplanes,6,0
67847,ĠDeport,6,0
67849,ĠAgam,6,0
67850,ĠAgree,6,0
67851,ĠAgia,6,0
67852,ĠAgios,6,0
67853,ĠAgassi,6,0
67854,Ġbloodless,6,0
67857,ĠSergio,6,0
67861,Ġnationhood,6,0
67862,ĠMenon,6,0
67863,ĠMenem,6,0
67864,ĠMenopause,6,0
67865,ĠMencken,6,0
67869,ĠSantar,6,0
67870,ĠSenhor,6,0
67872,Ġforgit,6,0
67873,Ġgregar,6,0
67875,ĠMadalena,6,0
67876,ĠCourtyard,6,0
67877,Ġsocialized,6,0
67878,Ġradix,6,0
67879,Ġradiated,6,0
67880,ĠCrone,6,0
67881,ĠCramp,6,0
67882,ĠCrimes,6,0
67884,Ġthrushes,6,0
67885,Ġfreighter,6,0
67886,ĠValois,6,0
67887,Ġdamper,6,0
67889,ĠRegicide,6,0
67890,ĠRegensburg,6,0
67891,Ġconverses,6,0
67892,Ġimaging,6,0
67893,Ġignite,6,0
67894,Ġmalefactors,6,0
67895,Ġsavor,6,0
67896,Heard,6,0
67897,ĠBerl,6,0
67898,ĠBerglas,6,0
67900,ĠBerrien,6,0
67901,ĠBerlei,6,0
67902,Ġshootout,6,0
67903,ĠGlazer,6,0
67904,ĠGlaucous,6,0
67905,ĠGlobes,6,0
67906,Ġimmemorial,6,0
67907,doms,6,0
67908,ĠBoa,6,0
67909,ĠBoer,6,0
67910,ĠBoise,6,0
67911,ĠBoomers,6,0
67912,ĠLares,6,0
67914,ĠLauryn,6,0
67915,ĠBushnell,6,0
67916,registered,6,0
67917,Ġmateriality,6,0
67918,Ġmaterialized,6,0
67919,Ġflees,6,0
67920,Ġprima,6,0
67921,Ġprimed,6,0
67922,Ġprimetime,6,0
67923,ĠRosas,6,0
67924,ĠRosetta,6,0
67925,Ġtendentious,6,0
67927,ĠComanches,6,0
67928,ĠComoros,6,0
67930,ĠSchindler,6,0
67931,ĠSchmidt,6,0
67932,ĠSchulz,6,0
67933,Ġsportsmanship,6,0
67934,Ġconvinces,6,0
67935,Ġconvoys,6,0
67936,Ġregularities,6,0
67938,Ġtallow,6,0
67939,Ġtallied,6,0
67940,uleles,6,0
67941,Ġtitanic,6,0
67942,Ġgrads,6,0
67943,Ġgradients,6,0
67944,ĠMoresby,6,0
67945,Ġwearisome,6,0
67946,ophore,6,0
67949,ammatory,6,0
67951,ĠSymbol,6,0
67952,Ġcollisions,6,0
67953,Ġcollusion,6,0
67954,Ġdispel,6,0
67955,Ġdisputing,6,0
67956,Ġcarte,6,0
67959,Ġangst,6,0
67960,Ġangler,6,0
67961,Ġanglers,6,0
67962,Ġangioedema,6,0
67963,Ġpredates,6,0
67964,Ġpredicated,6,0
67969,Ġsociologists,6,0
67970,ĠSeverus,6,0
67973,Ġinnuend,6,0
67974,Ġvermin,6,0
67975,Ġveracity,6,0
67977,Ġsensory,6,0
67978,Ġsensuous,6,0
67979,ĠLoew,6,0
67980,ĠLoishang,6,0
67983,Ġcreditable,6,0
67985,ĠSteady,6,0
67987,ĠStevo,6,0
67988,Ġslighted,6,0
67989,Ġ5040,6,0
67991,Ġsweetmeats,6,0
67994,colonial,6,0
67995,ĠAppiah,6,0
67996,ridged,6,0
67997,Ġlaundering,6,0
67999,Ġcoffered,6,0
68000,Ġarrant,6,0
68002,ĠOlympiad,6,0
68006,Ġdenotes,6,0
68008,Ġcabarets,6,0
68009,Ġcaboclo,6,0
68010,Ġhungering,6,0
68011,ĠFirstly,6,0
68012,aev,6,0
68013,Ġpuny,6,0
68014,Ġturmeric,6,0
68015,Ġturbid,6,0
68016,ĠSunda,6,0
68017,rific,6,0
68018,ijo,6,0
68020,metto,6,0
68021,ĠMountaine,6,0
68022,anchor,6,0
68024,Ġhospitalizations,6,0
68026,ĠMartel,6,0
68027,Ġundine,6,0
68028,Ġundress,6,0
68029,Ġundying,6,0
68030,ĠFranca,6,0
68031,ĠClearing,6,0
68032,Ġpollster,6,0
68033,ĠAntoinette,6,0
68034,Throw,6,0
68035,Third,6,0
68036,Ġvehicular,6,0
68037,ĠPrevent,6,0
68038,Ġreformist,6,0
68039,Ġbeatified,6,0
68041,Ġbiotech,6,0
68042,Ġcupful,6,0
68043,Ġpanache,6,0
68044,Ġ235,6,0
68045,Ġ239,6,0
68046,ĠBayh,6,0
68047,ĠBayside,6,0
68049,Ġlegislated,6,0
68050,ĠSuce,6,0
68051,ĠSuwon,6,0
68052,cendiary,6,0
68053,ĠBoyer,6,0
68054,Ġmagnolias,6,0
68055,ĠDisapp,6,0
68056,ĠDisorders,6,0
68057,ĠHighways,6,0
68058,ĠImamura,6,0
68060,1866,6,0
68061,1842,6,0
68062,1801,6,0
68063,Ġforgetfulness,6,0
68066,ĠMoravian,6,0
68067,ĠMoroccan,6,0
68068,ĠMorawiecki,6,0
68069,ĠBurano,6,0
68070,Ġplainness,6,0
68071,ĠJima,6,0
68072,ĠJiming,6,0
68073,Ġlitany,6,0
68074,Ġlittering,6,0
68076,ĠBlackburne,6,0
68077,ĠMilos,6,0
68078,ĠMilitia,6,0
68080,ĠBeloved,6,0
68081,ĠBeluga,6,0
68082,ĠBelleville,6,0
68083,ĠPriori,6,0
68084,Ġsickened,6,0
68085,Ġsplutter,6,0
68086,Ġspluttered,6,0
68087,Ġchemically,6,0
68088,128,6,0
68089,Ġmeaningfully,6,0
68091,ĠFortitude,6,0
68092,ĠKalimantan,6,0
68094,ĠMontourtier,6,0
68095,ĠMontepulciano,6,0
68097,Ġiris,6,0
68099,Ġirked,6,0
68100,ĠSimpl,6,0
68102,bergia,6,0
68103,Ġoccupational,6,0
68104,guably,6,0
68105,project,6,0
68106,proclaimed,6,0
68107,arien,6,0
68108,Ġimpresses,6,0
68109,Ġstockholder,6,0
68110,ĠSalome,6,0
68111,ĠSalaries,6,0
68112,Ġcandidiasis,6,0
68113,ĠMerle,6,0
68114,Ġdreamer,6,0
68115,Ġdreamland,6,0
68116,ĠCupid,6,0
68118,30624,6,0
68119,Ġ2600,6,0
68120,ĠSamy,6,0
68121,ĠSamern,6,0
68122,ĠGreer,6,0
68123,ĠGrecos,6,0
68124,Ġbrawn,6,0
68126,lenders,6,0
68127,blatt,6,0
68128,ĠJewishness,6,0
68129,Ġqualitatively,6,0
68130,ĠRecherche,6,0
68131,Ġpossessor,6,0
68132,ĠHelga,6,0
68133,ĠHelene,6,0
68134,ĠHelpers,6,0
68136,Ġconditioners,6,0
68138,ĠSumiyoshi,6,0
68139,Ġrarest,6,0
68141,Ġ602,6,0
68142,ĠDeliber,6,0
68143,Ġ284,6,0
68144,Ġ287,6,0
68146,Ġlogging,6,0
68147,ĠOkrug,6,0
68148,Ġ409,6,0
68149,ĠCOB,6,0
68150,ĠCOCHR,6,0
68152,Ġinterviewers,6,0
68153,Ġdebatable,6,0
68154,Ġautomakers,6,0
68155,Ġpageants,6,0
68156,ĠKeanu,6,0
68157,Ġamazes,6,0
68158,ĠArtificial,6,0
68159,Ġvacate,6,0
68160,152,6,0
68161,159,6,0
68162,1540,6,0
68163,Ġpetit,6,0
68165,Ġpetronel,6,0
68166,Ġrevelling,6,0
68168,ĠHumid,6,0
68169,ĠHumber,6,0
68170,Ġembalmed,6,0
68171,Ġrename,6,0
68172,ĠMacG,6,0
68173,ĠMacK,6,0
68174,ĠMacready,6,0
68175,Ġdepartements,6,0
68176,ligated,6,0
68177,Stra,6,0
68178,Storm,6,0
68179,Stacy,6,0
68180,Student,6,0
68181,Ġgunsmith,6,0
68182,Ġprosopagnosia,6,0
68183,Ġsacrament,6,0
68184,Ġunsigned,6,0
68186,Ġunsettling,6,0
68187,Ġmillimeter,6,0
68188,ĠDayabumi,6,0
68189,Ġsprain,6,0
68190,Ġflatlands,6,0
68191,ĠGoldie,6,0
68192,ĠCastles,6,0
68193,ĠCastelo,6,0
68194,ĠCastanet,6,0
68195,ĠMattel,6,0
68196,ĠNonex,6,0
68198,Ġbonny,6,0
68199,"?'""",6,0
68200,Ġintegrals,6,0
68201,Ġwetting,6,0
68202,ĠHotmail,6,0
68203,Ġunfilled,6,0
68204,Ġunfavour,6,0
68208,steel,6,0
68209,Ġbatches,6,0
68210,iyin,6,0
68211,Ġpilasters,6,0
68212,ĠAldabra,6,0
68213,ĠOverlooking,6,0
68214,ĠOverijssel,6,0
68215,ĠGargan,6,0
68216,ĠGaraj,6,0
68217,ĠHinds,6,0
68219,Ġnormalcy,6,0
68220,Ġcrewed,6,0
68221,Ġgeologic,6,0
68222,ALC,6,0
68223,ALF,6,0
68225,cherry,6,0
68227,ĠTourische,6,0
68228,ĠConsh,6,0
68229,ĠConsulate,6,0
68230,ĠMurad,6,0
68231,ĠMurree,6,0
68232,ĠMurten,6,0
68233,ĠMurano,6,0
68234,ĠMuromachi,6,0
68235,ĠLatif,6,0
68237,ĠBradfords,6,0
68238,secrated,6,0
68240,ĠProvides,6,0
68241,ĠOutwardly,6,0
68242,Ġdebtors,6,0
68243,ĠBunder,6,0
68244,ĠBuci,6,0
68245,ĠBuford,6,0
68247,ĠHillside,6,0
68249,Ġbuckling,6,0
68251,Ġtitleholder,6,0
68252,165,6,0
68253,ĠWilts,6,0
68254,ĠWilfrid,6,0
68257,ĠMagistrate,6,0
68259,ĠCurrency,6,0
68260,"!'""]",6,0
68261,Ġcriticise,6,0
68262,Ġsubmers,6,0
68264,ĠMetric,6,0
68265,ĠMethyl,6,0
68266,ĠMetropole,6,0
68267,Ġropeway,6,0
68268,ĠKhair,6,0
68269,ĠKhuz,6,0
68270,ĠKhulna,6,0
68271,ĠMcCull,6,0
68272,ĠMcCains,6,0
68273,ĠMcColl,6,0
68274,ĠMcCurry,6,0
68275,ĠMcCrack,6,0
68277,yeva,6,0
68278,ĠEmporium,6,0
68279,Ġconstructs,6,0
68280,Ġconserving,6,0
68281,Ġschm,6,0
68282,Ġschle,6,0
68283,ĠLongue,6,0
68284,ĠLongitudinal,6,0
68285,ĠLongsheng,6,0
68286,ĠZeballos,6,0
68287,ĠModo,6,0
68288,ĠModification,6,0
68289,ĠFamilia,6,0
68290,Ġderisive,6,0
68291,ĠSunnis,6,0
68292,ĠSunraider,6,0
68294,Ġbranding,6,0
68295,ĠTrex,6,0
68296,ĠTrend,6,0
68297,ĠCorrection,6,0
68298,ĠCorrid,6,0
68299,ĠCorruption,6,0
68300,ĠCoronation,6,0
68301,ĠCorstorph,6,0
68302,eroa,6,0
68305,Ġinterpose,6,0
68306,ĠIrishmen,6,0
68307,Ġsaleswoman,6,0
68308,ĠRamat,6,0
68310,ĠRamose,6,0
68311,Ġsplendors,6,0
68313,ĠNorbert,6,0
68314,Ġjewelled,6,0
68315,Ġgovernorates,6,0
68316,142,6,0
68317,1490,6,0
68319,Ġtimet,6,0
68320,Ġcarpal,6,0
68321,Ġevidentiary,6,0
68322,ĠTwala,6,0
68323,ĠTwentieth,6,0
68324,ĠTwelver,6,0
68326,evsky,6,0
68328,Ġpigments,6,0
68329,ĠSquid,6,0
68331,ĠCassandra,6,0
68332,ĠPanipat,6,0
68333,ĠCavendishes,6,0
68334,Ġconclave,6,0
68335,ĠEstado,6,0
68336,ĠEstella,6,0
68337,ĠCamage,6,0
68339,ĠSubs,6,0
68340,Channel,6,0
68341,ĠTerrence,6,0
68342,ĠTerme,6,0
68344,ĠMiddlebury,6,0
68346,laus,6,0
68347,ĠBabel,6,0
68350,ĠSurreal,6,0
68351,ĠSuriname,6,0
68352,Iss,6,0
68353,impson,6,0
68354,ĠMotherland,6,0
68355,Ġthinness,6,0
68356,Ġmedicaid,6,0
68358,ĠDuque,6,0
68359,ĠDuflo,6,0
68360,Ġcounteract,6,0
68361,Mystery,6,0
68362,Ġobtr,6,0
68364,ĠRockin,6,0
68365,ĠRockwell,6,0
68366,ĠMaids,6,0
68367,ĠMaarten,6,0
68368,ĠMeles,6,0
68369,ĠMelanes,6,0
68370,ĠMelodic,6,0
68371,Ġconsequential,6,0
68374,ĠIntent,6,0
68375,ĠIntangible,6,0
68376,Ġphysicals,6,0
68377,Inv,6,0
68379,Ġconceptually,6,0
68380,ĠWaterhead,6,0
68382,ĠBasters,6,0
68383,ĠLandis,6,0
68384,ĠLandscape,6,0
68385,Ġashlars,6,0
68387,ĠUsage,6,0
68388,ĠWinner,6,0
68389,ĠWinterson,6,0
68391,uzzaman,6,0
68392,ĠDicks,6,0
68393,ĠRomy,6,0
68394,ĠRomley,6,0
68395,ĠRomairon,6,0
68396,barrels,6,0
68399,ĠSummerlin,6,0
68400,607,6,0
68401,ĠSelen,6,0
68402,ĠKarin,6,0
68403,ĠKaraj,6,0
68404,ĠKarampoli,6,0
68405,Ġdialogues,6,0
68406,40764,6,0
68408,ĠHamster,6,0
68409,ĠSCOUT,6,0
68410,ĠDarul,6,0
68411,ĠDarrell,6,0
68412,ooperative,6,0
68413,ĠWoodall,6,0
68414,ĠGiamb,6,0
68415,ĠGiambi,6,0
68416,ĠGiudecca,6,0
68417,Ġtorana,6,0
68418,ĠErcolano,6,0
68419,ĠLifeguards,6,0
68421,ĠInterchange,6,0
68422,ĠInterpre,6,0
68423,ĠIntermediate,6,0
68424,ĠIntergovernmental,6,0
68425,ĠIntertops,6,0
68426,ĠInterdisciplinary,6,0
68427,ĠIntercollegiate,6,0
68428,igeon,6,0
68429,ĠFeiner,6,0
68430,ĠFerenc,6,0
68431,ĠHaden,6,0
68432,ĠHadlock,6,0
68433,bagh,6,0
68434,ĠDivas,6,0
68435,ĠPlayhouse,6,0
68436,ĠPlayoffs,6,0
68437,ĠPlayfair,6,0
68438,Ġbronch,6,0
68439,ĠACF,6,0
68440,ĠBrazile,6,0
68441,Ġinstructing,6,0
68442,ĠStrings,6,0
68443,ĠStranger,6,0
68444,Ġstrictness,6,0
68445,Ġtankard,6,0
68446,ĠSilmarillion,6,0
68447,255,6,0
68448,ĠFilppula,6,0
68449,Ġcertiorari,6,0
68450,Ġ803,6,0
68451,Ġsupplanted,6,0
68452,raditional,6,0
68453,ĠCarefully,6,0
68454,ĠBernhard,6,0
68456,downs,6,0
68457,ĠProtect,6,0
68458,ĠBelluga,6,0
68459,ĠHimiko,6,0
68460,ĠHimyar,6,0
68461,ĠOsgood,6,0
68462,ĠOsceola,6,0
68463,ĠOssetia,6,0
68464,ĠITRB,6,0
68465,ĠStarling,6,0
68466,ĠStarring,6,0
68467,Ġtechnicality,6,0
68468,Ġmarten,6,0
68469,ĠSuperb,6,0
68470,gaon,6,0
68472,Ġgayly,6,0
68473,ĠKyok,6,0
68474,ĠEsq,6,0
68476,Ġmaverick,6,0
68477,ĠTyco,6,0
68478,ĠTyroid,6,0
68479,ĠConfidence,6,0
68480,ĠConfiguration,6,0
68481,Ġcraziest,6,0
68482,Ġcrosecountry,6,0
68483,ĠJocelyn,6,0
68484,ĠAhm,6,0
68485,Armee,6,0
68486,ĠHolyfield,6,0
68487,ĠSarasin,6,0
68488,ĠSarajevo,6,0
68489,Ġunknowns,6,0
68490,ĠHayek,6,0
68491,Ġratification,6,0
68492,Ġfeatureless,6,0
68493,ĠKramp,6,0
68494,ĠKramer,6,0
68495,awaited,6,0
68502,Ġfaintness,6,0
68503,truths,6,0
68504,ĠHaar,6,0
68505,ĠHafe,6,0
68507,Ġgodsend,6,0
68508,ĠKirch,6,0
68509,Ġmystification,6,0
68510,Ġsoldiering,6,0
68511,ĠMahler,6,0
68512,ĠMahomed,6,0
68514,ĠMahadev,6,0
68515,ĠMahfuz,6,0
68516,Ġsheepdogs,6,0
68517,Ġsheepherders,6,0
68518,ĠBecklingen,6,0
68519,ĠMillan,6,0
68521,ĠHonesty,6,0
68522,ĠToru,6,0
68523,ĠListon,6,0
68524,Ġcounseled,6,0
68526,ĠEDS,6,0
68527,ĠYea,6,0
68528,Ġunholy,6,0
68529,ĠJacksonian,6,0
68530,Ġfolkcraft,6,0
68531,Ġintelligences,6,0
68532,ĠAttacking,6,0
68533,ĠAttachment,6,0
68534,ĠAttributes,6,0
68535,ĠAttitudes,6,0
68536,Ġpinches,6,0
68537,Ġpinioned,6,0
68538,Ġhabitually,6,0
68539,Ġprompts,6,0
68540,ĠStatute,6,0
68541,ĠStatistic,6,0
68542,ĠSaif,6,0
68543,ĠSahel,6,0
68544,ĠSaika,6,0
68545,ĠSaigo,6,0
68546,Ġoddity,6,0
68548,ĠHolcomb,6,0
68549,Ġrollicking,6,0
68550,iskind,6,0
68551,ĠAvoiding,6,0
68552,ĠBiern,6,0
68553,Ġvenon,6,0
68554,Ġerratically,6,0
68555,ĠHalber,6,0
68556,ĠHalabja,6,0
68557,ĠSolent,6,0
68558,ĠSolano,6,0
68559,ĠSolitaire,6,0
68561,Ġheighten,6,0
68562,ĠVillon,6,0
68563,Ġinclines,6,0
68564,Ġbatted,6,0
68566,Ġ--&,6,0
68567,Ġlobbied,6,0
68568,ĠBorgia,6,0
68570,Ġdeterminable,6,0
68571,Ġfascinate,6,0
68572,ĠSandoval,6,0
68573,ĠBankers,6,0
68574,ĠCriticisms,6,0
68575,ĠRymbai,6,0
68576,ĠFormosa,6,0
68577,ĠKnum,6,0
68578,ĠKnock,6,0
68579,Ġprideful,6,0
68580,ĠSwedes,6,0
68581,Ġpurest,6,0
68582,ĠFeride,6,0
68583,ĠFerrero,6,0
68584,averi,6,0
68585,eneuve,6,0
68586,ĠBrae,6,0
68587,ĠBarnicle,6,0
68588,Ġoversave,6,0
68589,Ġoverspend,6,0
68590,agni,6,0
68592,Ġbrilliancy,6,0
68594,Ġmorocco,6,0
68595,Ġunpret,6,0
68596,Ġunpalatable,6,0
68597,Anil,6,0
68598,Anthony,6,0
68599,ĠPotters,6,0
68601,ĠPotocki,6,0
68603,ĠLesher,6,0
68604,ĠLesotho,6,0
68606,Ġdynastic,6,0
68608,ĠRemaining,6,0
68609,ĠRemoval,6,0
68611,ĠOpel,6,0
68612,ĠOpry,6,0
68613,Ġdiversions,6,0
68614,Ġdiversification,6,0
68615,Ġconstitutionality,6,0
68616,Ġfetches,6,0
68619,ĠWheaton,6,0
68620,ĠFurious,6,0
68622,ĠRajesh,6,0
68623,ĠRajgir,6,0
68624,Ġforbore,6,0
68625,Ġrebuked,6,0
68627,Ġsubsidiaries,6,0
68628,ĠAzkaban,6,0
68629,ĠProducer,6,0
68630,Ġsteepest,6,0
68631,ĠTimur,6,0
68632,ĠTimmy,6,0
68633,ĠCowan,6,0
68634,Ġboldest,6,0
68635,Ġnitrites,6,0
68636,Ġimmigrate,6,0
68637,Ġworshiping,6,0
68638,Ġvestige,6,0
68639,Ġhydrated,6,0
68640,Ġlapis,6,0
68641,Ġswiftest,6,0
68642,Ġfavourably,6,0
68646,Ġ3510,6,0
68647,Ġhighwaymen,6,0
68648,Ġhomophobia,6,0
68649,ĠPassive,6,0
68650,Ġkilns,6,0
68651,ĠObrapaa,6,0
68652,ĠBaio,6,0
68653,Ġrandy,6,0
68654,ĠRodnia,6,0
68655,ĠChristiansen,6,0
68656,ĠInsufficient,6,0
68657,352,6,0
68658,extra,6,0
68659,Ġexpendable,6,0
68660,ĠEllie,6,0
68661,Ġconfidentially,6,0
68662,Ġinnovate,6,0
68664,ĠVerse,6,0
68665,ĠVerme,6,0
68667,ĠBaluch,6,0
68668,ĠBosco,6,0
68669,ĠMoBay,6,0
68670,ĠPopag,6,0
68671,Ġalienate,6,0
68672,ellectual,6,0
68673,Ġdoubters,6,0
68674,247,6,0
68675,ĠMassey,6,0
68676,ĠMassello,6,0
68679,ĠBOINC,6,0
68680,ĠRalphie,6,0
68681,Ġpanthe,6,0
68682,ĠMirvan,6,0
68683,ĠMiramax,6,0
68684,Ġpronunciations,6,0
68685,Ġdrummed,6,0
68688,ĠUNCCD,6,0
68689,Ġunwary,6,0
68691,ĠSOG,6,0
68692,ĠFordice,6,0
68693,ĠOxides,6,0
68694,Ġrollercoaster,6,0
68695,Ġfluently,6,0
68696,Ġfluorescence,6,0
68698,ihl,6,0
68699,ihu,6,0
68700,Ġreinvig,6,0
68701,ĠHuirem,6,0
68703,Ġtastefully,6,0
68705,Ġinstitutes,6,0
68706,Ġpistons,6,0
68707,Ġdismisses,6,0
68708,Ġdismissive,6,0
68709,ĠPoales,6,0
68710,Ġscandalously,6,0
68711,ĠBourse,6,0
68712,ĠBourget,6,0
68713,ĠBourbons,6,0
68714,ĠDunford,6,0
68716,ĠPaume,6,0
68717,ĠPaestum,6,0
68718,ĠBede,6,0
68719,ĠBirken,6,0
68720,Ġtremors,6,0
68721,ĠKenchoji,6,0
68722,ĠMandrin,6,0
68723,ĠDaib,6,0
68724,ĠDauntless,6,0
68725,APIL,6,0
68726,APPO,6,0
68727,wasn,6,0
68729,Ġmotivator,6,0
68730,rostic,6,0
68731,Ġ361,6,0
68732,raman,6,0
68733,ĠOperational,6,0
68734,Ġbubonic,6,0
68735,ĠMatos,6,0
68736,employed,6,0
68737,Ġmarksman,6,0
68739,ĠTenerife,6,0
68740,Ġdisciplining,6,0
68745,Ġbreastwork,6,0
68746,Ġjunks,6,0
68747,ĠDetection,6,0
68748,ĠDetermined,6,0
68749,ĠNicatoos,6,0
68751,ĠGPEA,6,0
68752,ĠCopern,6,0
68753,ĠLanguedoc,6,0
68754,ĠOlver,6,0
68755,ĠOlbermann,6,0
68756,ĠTelling,6,0
68757,ĠATC,6,0
68759,ĠEquation,6,0
68760,buy,6,0
68761,Ġtchka,6,0
68762,Ġbaccarat,6,0
68763,Ġbachelors,6,0
68764,Ġwashings,6,0
68765,ĠLynd,6,0
68766,Ġacademically,6,0
68767,Ġsurrealist,6,0
68768,Ġbushwh,6,0
68769,Ġmultiplayer,6,0
68771,Ġunbound,6,0
68772,Ġunbuckled,6,0
68773,ĠSpringing,6,0
68774,281,6,0
68775,284,6,0
68776,Ġregistrar,6,0
68777,Ġhornets,6,0
68778,ĠPollux,6,0
68779,Ġunlocking,6,0
68780,ĠCabot,6,0
68781,Ġoutsource,6,0
68782,Ġbolstering,6,0
68783,Ġgrossing,6,0
68784,Ġrotor,6,0
68785,ĠLiliana,6,0
68786,ĠMarketplace,6,0
68787,Ġhammerhead,6,0
68790,Ġunionist,6,0
68792,Ġconfesses,6,0
68793,ĠTurnbull,6,0
68795,ĠBreit,6,0
68796,ĠBrendan,6,0
68798,298,6,0
68799,ĠAuthentic,6,0
68800,ĠBroadcast,6,0
68801,ĠTestosterone,6,0
68804,ĠFieldwork,6,0
68805,Ġ459,6,0
68806,ĠVaudreuil,6,0
68807,ĠAlbans,6,0
68808,Ġcorrespondingly,6,0
68809,Ġfairyland,6,0
68811,ĠAmbos,6,0
68812,ĠAmbros,6,0
68813,ĠFollowed,6,0
68814,ĠLowther,6,0
68815,272,6,0
68816,278,6,0
68818,Ġscrapes,6,0
68819,Ġinexcus,6,0
68820,Ġinexpressibly,6,0
68821,giata,6,0
68822,Ġferro,6,0
68823,ĠCruyff,6,0
68824,Ġsorrowed,6,0
68826,ĠPowerpuff,6,0
68827,ĠDecency,6,0
68828,ĠDeciding,6,0
68829,ĠDecadence,6,0
68830,ĠMohave,6,0
68831,ĠLaborde,6,0
68832,48277,6,0
68833,Ġdictating,6,0
68834,Ġchronicler,6,0
68835,Ġswordsmen,6,0
68837,331,6,0
68838,336,6,0
68839,ĠDamini,6,0
68840,ĠDamien,6,0
68841,ĠNicholl,6,0
68842,Close,6,0
68843,Clash,6,0
68844,Cloud,6,0
68845,Climate,6,0
68846,Ġrigors,6,0
68847,EAKS,6,0
68849,ĠLegally,6,0
68850,ĠMalayalam,6,0
68851,ĠNagin,6,0
68852,ĠNagar,6,0
68853,ĠNagamachi,6,0
68854,Ġcolourless,6,0
68857,Ġtasking,6,0
68858,ĠMerciful,6,0
68859,Ġ32902,6,0
68860,Ġelaborated,6,0
68862,ĠSongket,6,0
68864,ĠGuardamar,6,0
68867,Ġstealin,6,0
68868,CEO,6,0
68869,ĠCultures,6,0
68870,ĠGandon,6,0
68872,emetary,6,0
68873,Ġreproducing,6,0
68874,Ġtolerances,6,0
68875,Constitution,6,0
68876,Ġwickedly,6,0
68877,Ġsarin,6,0
68879,Ġrenditions,6,0
68881,ĠNorddeich,6,0
68882,384,6,0
68883,Ġhaystack,6,0
68884,ĠFreitas,6,0
68885,ĠGardenia,6,0
68886,ĠLitigants,6,0
68887,Ġpreyed,6,0
68888,Ġmediums,6,0
68889,Ġmerrymaking,6,0
68891,ĠGilady,6,0
68892,ĠGilgit,6,0
68893,ĠGilchrist,6,0
68894,ĠDevall,6,0
68895,ĠDevast,6,0
68896,ĠDevices,6,0
68897,ĠDevonshire,6,0
68898,Ġtubing,6,0
68899,ĠCardiovascular,6,0
68900,ĠRestoring,6,0
68901,Ġmarginally,6,0
68902,career,6,0
68903,ĠAkhen,6,0
68904,ĠAkutan,6,0
68905,ĠCosmetics,6,0
68906,ĠCosmic,6,0
68907,ĠCosmopolitan,6,0
68908,ĠPressure,6,0
68909,ĠRainer,6,0
68910,ĠRainman,6,0
68911,Ġrenovating,6,0
68912,ĠBelgacom,6,0
68914,ĠCygni,6,0
68915,ĠFernao,6,0
68917,harov,6,0
68919,ĠGabon,6,0
68920,ĠSwedenborg,6,0
68921,Ġunpleasantness,6,0
68922,ĠISIS,6,0
68923,Ġtrumpeter,6,0
68924,Ġtidying,6,0
68925,Ġtidbit,6,0
68926,Ġtidbits,6,0
68928,ĠSeminary,6,0
68929,ĠDCC,6,0
68930,Ġconjunctions,6,0
68931,ĠWarrens,6,0
68932,ofthe,6,0
68933,posts,6,0
68934,Ġdiverting,6,0
68935,nelli,6,0
68936,ĠToluca,6,0
68937,ĠCubism,6,0
68938,ĠGamepro,6,0
68939,Ġsubtler,6,0
68940,Ġoptimum,6,0
68941,finish,6,0
68943,innon,6,0
68945,Ġconfrontations,6,0
68946,ĠConcannon,6,0
68947,Ġchiming,6,0
68948,ĠLamoreaux,6,0
68949,Ġunconv,6,0
68950,Ġchummy,6,0
68951,Ġproclamations,6,0
68952,ĠMegast,6,0
68953,ĠMegiddo,6,0
68954,ĠNileometer,6,0
68956,Ġ498,6,0
68957,";""&",6,0
68958,passing,6,0
68959,ĠSignorelli,6,0
68960,Ġprovisionally,6,0
68961,Ġcorpus,6,0
68962,ĠFlycatcher,6,0
68963,oretum,6,0
68964,ĠComputerized,6,0
68965,Except,6,0
68966,IGRMS,6,0
68970,Ġresigns,6,0
68972,Atlantic,6,0
68973,Whom,6,0
68975,ĠSirens,6,0
68976,ĠCatalog,6,0
68977,ĠCatalyst,6,0
68978,ĠRaquel,6,0
68979,ravan,6,0
68981,Ġsedge,6,0
68982,Ġseduction,6,0
68983,Ġsedimentary,6,0
68984,ĠGangsta,6,0
68985,ĠBandinelli,6,0
68986,ĠRugrats,6,0
68988,Ġconsolidations,6,0
68990,Ġ1783,6,0
68991,ĠIncremental,6,0
68992,595,6,0
68993,Ġfatalism,6,0
68999,ĠPilote,6,0
69000,ĠPilots,6,0
69002,Ġalleles,6,0
69003,Ġalleges,6,0
69004,ĠKellys,6,0
69005,Atlantiques,6,0
69006,Ġmasturbation,6,0
69007,Ġhazarded,6,0
69008,Ġtearful,6,0
69009,Ġlicensee,6,0
69010,Ġviceroys,6,0
69011,ĠMaja,6,0
69012,ĠRamsar,6,0
69013,ORATORY,6,0
69014,ĠPontotoc,6,0
69015,ĠDreamcast,6,0
69016,ĠRangel,6,0
69017,Ġprincely,6,0
69018,ĠChinamen,6,0
69019,Ġtopsail,6,0
69020,Ġtopsails,6,0
69021,Ġirrefutable,6,0
69022,Among,6,0
69023,Amakusa,6,0
69025,Ġtabulation,6,0
69026,Ġtaboos,6,0
69027,ĠIstanbull,6,0
69028,ĠDEBT,6,0
69029,ĠDEPART,6,0
69030,ĠDEEPEN,6,0
69031,ĠLauzun,6,0
69032,Ġindulgences,6,0
69033,Ġmajored,6,0
69034,Ġlunched,6,0
69035,ĠBurnette,6,0
69036,Ġ384,6,0
69037,441,6,0
69038,Ġdeeming,6,0
69039,iferation,6,0
69040,ĠKidan,6,0
69041,ĠKidnapping,6,0
69042,ubbak,6,0
69043,Ġtorero,6,0
69045,ĠTelefilms,6,0
69046,ĠChickasaw,6,0
69048,Ġthreadbare,6,0
69049,ĠColegio,6,0
69050,ĠBulk,6,0
69051,ĠHigbee,6,0
69052,ummies,6,0
69053,Ġscouted,6,0
69054,ĠAlcock,6,0
69055,Ġaccelerates,6,0
69056,MAD,6,0
69057,ĠCortex,6,0
69058,ĠCortina,6,0
69059,ĠMortal,6,0
69060,ĠRowan,6,0
69061,Ġ479,6,0
69062,william,6,0
69063,Ġinjecting,6,0
69064,ĠSaltillo,6,0
69065,Ġperilously,6,0
69067,Ġdweller,6,0
69068,ĠTraveled,6,0
69070,lujah,6,0
69072,Ġreassessing,6,0
69073,ĠEverglades,6,0
69074,ĠEverbrite,6,0
69075,Ġ1703,6,0
69076,Ġ1704,6,0
69077,ĠRandallites,6,0
69079,ĠANGEL,6,0
69081,Ġyerself,6,0
69083,ĠBoltz,6,0
69084,ĠNationwide,6,0
69086,Ġdorms,6,0
69087,ĠPenthouse,6,0
69088,ĠPentridge,6,0
69090,ĠYamaguchi,6,0
69091,Blest,6,0
69092,Ġfrankincense,6,0
69093,batim,6,0
69094,ĠTanimbar,6,0
69095,ĠTaniguchi,6,0
69096,ĠMunro,6,0
69097,ĠDiscoteca,6,0
69098,ĠDiscussions,6,0
69099,ĠJayhawks,6,0
69100,ĠStrikes,6,0
69102,ĠBahal,6,0
69103,ĠBahasa,6,0
69104,ĠExtending,6,0
69105,Guide,6,0
69107,Ġpertains,6,0
69109,588,6,0
69110,ĠSepilok,6,0
69111,ĠEcstasy,6,0
69113,ĠPrimakov,6,0
69114,Ġcautionary,6,0
69115,Ġcynics,6,0
69116,ĠChatterjee,6,0
69117,ĠCycladic,6,0
69118,ĠDinitrogen,6,0
69119,Ġjunkies,6,0
69121,Ġjunkyards,6,0
69123,Ġcodice,6,0
69124,ĠMansour,6,0
69125,Ġankyl,6,0
69126,ĠRabindranath,6,0
69127,ĠOmura,6,0
69128,ĠOmiya,6,0
69129,Ġconspiratorial,6,0
69131,ĠExpense,6,0
69133,Ġbankrupted,6,0
69134,Nevertheless,6,0
69135,ĠObserve,6,0
69136,Ġinvalids,6,0
69137,ĠSteinhaus,6,0
69138,ĠToypurina,6,0
69139,ioneiro,6,0
69140,Ġregistering,6,0
69141,ĠTibetans,6,0
69142,Ġnavigated,6,0
69143,Beautiful,6,0
69145,Ġ788,6,0
69147,Ġravaging,6,0
69148,ĠMagaziner,6,0
69149,ĠShakespearean,6,0
69150,491,6,0
69151,Ġommatidia,6,0
69152,ĠPleas,6,0
69153,Ġculvert,6,0
69154,ĠSAFE,6,0
69155,ĠPokhari,6,0
69156,ĠRudolf,6,0
69157,ĠKanter,6,0
69158,Ġpresto,6,0
69159,Ġpolymorph,6,0
69160,ĠPhysically,6,0
69161,Ġcultivar,6,0
69162,Ġselfishly,6,0
69163,63205,6,0
69164,Ġcushy,6,0
69165,ĠHoiles,6,0
69166,Ġfranchising,6,0
69167,Ġcongratulation,6,0
69168,ĠContinued,6,0
69169,ĠContinuous,6,0
69170,ĠHimalaya,6,0
69171,Ġproportionate,6,0
69174,ĠSnowball,6,0
69175,ĠCeiling,6,0
69176,ĠPRESS,6,0
69177,ĠPRICE,6,0
69178,Ġaltercation,6,0
69179,Ġguiltless,6,0
69181,ĠLEE,6,0
69182,ĠLorentz,6,0
69183,ĠREQU,6,0
69184,ĠREVEN,6,0
69185,Ġcosmon,6,0
69186,ĠCandlemakers,6,0
69187,ĠBethune,6,0
69188,Ġmanifolds,6,0
69189,ĠLedoux,6,0
69191,Ġappealingly,6,0
69192,Ġaquiline,6,0
69194,antiorn,6,0
69195,ĠBryce,6,0
69197,Ġuninhabitable,6,0
69198,definitely,6,0
69199,definition,6,0
69200,ĠAbsalom,6,0
69202,ĠVicenc,6,0
69203,record,6,0
69204,ĠPincio,6,0
69205,ĠLionheart,6,0
69206,Ġsyndication,6,0
69207,Ġsyndicates,6,0
69208,Ġvocalic,6,0
69209,khal,6,0
69210,ĠPickles,6,0
69212,ĠGibbons,6,0
69213,ĠOdysseus,6,0
69214,Ġquaintly,6,0
69215,Ġ!!,6,0
69216,Ġwiggled,6,0
69217,ĠBowe,6,0
69218,ĠClariss,6,0
69219,ĠClarissa,6,0
69220,Ġ674,6,0
69221,46762,6,0
69222,Ġdampen,6,0
69223,Ġpledges,6,0
69224,Ġ578,6,0
69225,Ġminimalist,6,0
69226,Meet,6,0
69227,ĠBloodhound,6,0
69228,produce,6,0
69229,ĠCreature,6,0
69230,Ġshrift,6,0
69231,Ġplumbers,6,0
69232,ĠGaiety,6,0
69233,Ġsidled,6,0
69234,Ġmitochond,6,0
69236,ĠBuffet,6,0
69237,Ġ585,6,0
69238,ĠPlantes,6,0
69239,ĠPlantations,6,0
69240,ĠBergama,6,0
69242,Ġnutrient,6,0
69243,Ġdisorderly,6,0
69244,ĠVaughn,6,0
69245,Ġpresuming,6,0
69246,Ġpresumptive,6,0
69247,ĠPlatja,6,0
69248,Ġpropagation,6,0
69249,ĠDirected,6,0
69250,ĠDirectory,6,0
69251,Ġrevelry,6,0
69252,ĠRacer,6,0
69253,ĠRacine,6,0
69254,ĠRacial,6,0
69255,ĠKeske,6,0
69256,Ġpolarizing,6,0
69257,Ġarmoury,6,0
69258,ĠAstronomy,6,0
69259,ĠCirculation,6,0
69261,ĠMomiki,6,0
69263,ĠKumy,6,0
69266,ĠLluc,6,0
69267,ĠDeepa,6,0
69268,Ġ1286,6,0
69269,Ġ12875,6,0
69270,Halloran,6,0
69271,ĠTagore,6,0
69272,ĠTagomago,6,0
69273,ĠSahlins,6,0
69275,ĠBanque,6,0
69276,limax,6,0
69277,Ġazaleas,6,0
69278,ĠSagami,6,0
69279,ĠJamn,6,0
69282,ĠSATA,6,0
69283,ĠSATURDAY,6,0
69284,ĠGuangdong,6,0
69285,Ġverdicts,6,0
69286,Scotland,6,0
69287,ĠTakamori,6,0
69288,ĠMolina,6,0
69289,ĠBogle,6,0
69290,ĠPantai,6,0
69291,Ġjarring,6,0
69292,ĠKerlescan,6,0
69293,ĠAskham,6,0
69294,Ġdishonor,6,0
69295,bishops,6,0
69296,ĠHebrews,6,0
69297,ĠMarxists,6,0
69298,Ġ1605,6,0
69299,ĠEmmitt,6,0
69300,Ġbailout,6,0
69301,ĠRotem,6,0
69303,preservation,6,0
69305,ĠSUM,6,0
69306,ĠSUMM,6,0
69307,ĠOccasional,6,0
69308,Ġdepository,6,0
69310,Ġholstered,6,0
69311,Ġbloomin,6,0
69312,ogenesis,6,0
69313,Ġinstructional,6,0
69314,ĠAbbesses,6,0
69315,ĠBurgundian,6,0
69316,Ġdiscontinue,6,0
69318,Ġcensor,6,0
69319,Ġcensors,6,0
69320,Ġcensured,6,0
69322,ĠCapitolina,6,0
69323,Play,6,0
69324,Plate,6,0
69325,sleeves,6,0
69326,Ġ+------------------------------------------------,6,0
69327,Ġlacquered,6,0
69330,ĠLotta,6,0
69331,ĠElfen,6,0
69332,ĠElfric,6,0
69333,ĠActivision,6,0
69334,Enough,6,0
69336,ĠSorolla,6,0
69337,ĠMAKES,6,0
69340,ĠShelbourne,6,0
69341,Ġinconce,6,0
69343,Ġtoilette,6,0
69344,Ġmeltdown,6,0
69345,ĠCzar,6,0
69346,ĠMSN,6,0
69347,ĠMSBA,6,0
69349,ĠMARSHA,6,0
69350,ĠLotafrankish,6,0
69351,Ġenquiries,6,0
69352,obsessed,6,0
69353,observer,6,0
69355,Grady,6,0
69356,ninth,6,0
69357,previously,6,0
69361,ĠARTHUR,6,0
69362,ĠSopa,6,0
69363,ĠWatlington,6,0
69364,Ġabstracts,6,0
69365,Ġaesthete,6,0
69366,Ġpagans,6,0
69367,ĠBacchus,6,0
69368,Ġfractious,6,0
69369,Ġmanipulations,6,0
69370,ĠNikola,6,0
69371,ĠNikita,6,0
69372,ĠRidgecrest,6,0
69373,Ġquartette,6,0
69374,Ġcontriving,6,0
69375,Ġcontrivance,6,0
69376,Ġsurmises,6,0
69377,ĠArcade,6,0
69378,ĠArcadia,6,0
69379,Ġtutelage,6,0
69380,Ġwaxy,6,0
69381,Ġwaxen,6,0
69382,ĠTonoka,6,0
69383,ĠCarnac,6,0
69384,Ġtransfusion,6,0
69385,ĠPromoted,6,0
69386,ĠPromiscuities,6,0
69387,Ġparolees,6,0
69388,Ġsuburbanites,6,0
69389,ĠMcKinsey,6,0
69390,wouldn,6,0
69391,ĠCambre,6,0
69392,ĠMiyagawa,6,0
69393,ĠGhosts,6,0
69394,Ġtragically,6,0
69395,ĠVentures,6,0
69396,Ġdiscernment,6,0
69397,Ġsnapshots,6,0
69398,Ġnortherly,6,0
69399,ĠTroyes,6,0
69400,digging,6,0
69402,ĠMixtec,6,0
69403,ĠNitros,6,0
69404,ĠOconee,6,0
69405,ĠAndrzej,6,0
69406,Ġrefereed,6,0
69407,ĠNingthouja,6,0
69408,ĠAwara,6,0
69409,ĠPsychiatric,6,0
69410,ĠWeatherly,6,0
69411,ĠWeathermen,6,0
69412,Ġlounged,6,0
69413,ĠPallavas,6,0
69414,ĠLockwood,6,0
69415,ĠEugowra,6,0
69416,ĠChemicals,6,0
69417,Crown,6,0
69418,Interest,6,0
69419,Ġsiree,6,0
69421,ĠTablo,6,0
69422,ĠALT,6,0
69423,ĠALl,6,0
69425,Ġransacked,6,0
69426,Ġshackled,6,0
69427,ĠFashionSense,6,0
69428,Ġchronologically,6,0
69429,ĠJeu,6,0
69430,Ġscamming,6,0
69431,ĠTrenton,6,0
69432,Ġrectified,6,0
69433,Ġrectify,6,0
69434,Ġplaited,6,0
69435,Ġknitwear,6,0
69436,Ġdipole,6,0
69437,Ġoverheated,6,0
69438,Ġperplexities,6,0
69439,ĠHollanders,6,0
69440,ĠSendak,6,0
69441,Ġslaughterhouse,6,0
69442,ĠDebby,6,0
69443,Ġcategorize,6,0
69444,Ġcategorically,6,0
69445,IANCE,6,0
69447,ĠRafi,6,0
69448,Ġslacken,6,0
69449,Ġrestlessness,6,0
69450,Ġreconstructing,6,0
69452,ĠIshaan,6,0
69453,ĠFoale,6,0
69454,ĠFogel,6,0
69455,ĠNovi,6,0
69456,ĠSevigny,6,0
69457,Ġfertilize,6,0
69458,Capital,6,0
69459,Harold,6,0
69460,ĠSragow,6,0
69461,ĠCertosa,6,0
69462,ĠNCQ,6,0
69464,ĠTangible,6,0
69465,ĠPastore,6,0
69466,ĠDhoka,6,0
69467,Ġtriplets,6,0
69468,Ġmagnetism,6,0
69469,ĠReconstruction,6,0
69470,Ġmarginalized,6,0
69471,Anywhere,6,0
69472,Ġrejoices,6,0
69473,Ġpunctures,6,0
69474,Ġdictatorial,6,0
69475,ĠCrawl,6,0
69476,ĠLambuba,6,0
69477,ĠJurors,6,0
69478,ĠJurchens,6,0
69480,Ġperceives,6,0
69481,ĠVieille,6,0
69483,ĠCorrections,6,0
69484,ĠPompey,6,0
69485,777,6,0
69486,consciousness,6,0
69487,Ġcrappie,6,0
69488,ĠLahaina,6,0
69489,ĠEmbankment,6,0
69490,ĠAlmodevar,6,0
69491,ĠApproving,6,0
69493,Ġlickin,6,0
69494,ĠGOA,6,0
69495,ĠGorillas,6,0
69496,Ġexulting,6,0
69497,Ġmegaw,6,0
69498,Ġpharmac,6,0
69499,Ġpharmaceuticals,6,0
69500,ĠConnally,6,0
69501,ĠConnors,6,0
69502,ĠMontenegrin,6,0
69503,ĠBriefly,6,0
69505,ĠAquatic,6,0
69507,ophytes,6,0
69508,ĠNineveh,6,0
69509,Ġintensively,6,0
69510,Ġdisparaging,6,0
69511,Ġripening,6,0
69512,Ġfragmentation,6,0
69514,ĠSHAR,6,0
69516,ĠCerberus,6,0
69517,ĠBougainville,6,0
69518,ĠPalea,6,0
69519,ĠLobster,6,0
69520,ĠFranciscans,6,0
69521,lestar,6,0
69522,ĠAerost,6,0
69523,ĠWendigo,6,0
69524,ĠDLP,6,0
69525,ĠInvoices,6,0
69526,Ġcranked,6,0
69527,Ġrepetitions,6,0
69528,ĠPrincesa,6,0
69529,cyclop,6,0
69530,Ġbaffle,6,0
69531,ĠMatsuyama,6,0
69532,ĠMaximals,6,0
69533,ĠHakim,6,0
69534,ĠVerna,6,0
69535,ĠVernou,6,0
69536,Ġrevisionists,6,0
69537,ĠCommodity,6,0
69538,everybody,6,0
69539,rending,6,0
69540,Ġdensest,6,0
69541,ĠTatas,6,0
69542,ĠTatiana,6,0
69543,ĠFolklore,6,0
69544,ĠFreshman,6,0
69545,Ġjamming,6,0
69546,ĠEssentially,6,0
69547,ĠArrival,6,0
69548,ĠBlondchen,6,0
69549,Ġtangent,6,0
69550,Ġlivelier,6,0
69551,ĠKitana,6,0
69552,ĠVoiceless,6,0
69554,Ġinsurgent,6,0
69555,Ġshrewdness,6,0
69557,education,6,0
69558,ĠAGs,6,0
69559,ĠSauk,6,0
69560,ĠBako,6,0
69561,ĠPredict,6,0
69562,ĠRiemann,6,0
69564,Ġoverdosed,6,0
69565,Ġrefundable,6,0
69567,Ġbesieging,6,0
69568,Ġgrievance,6,0
69570,ĠPisis,6,0
69571,ĠRisco,6,0
69572,ĠVirgo,6,0
69573,ĠVirastyuk,6,0
69574,Ġevacuations,6,0
69575,Ġbrigades,6,0
69576,ĠPreparatory,6,0
69577,ĠWesleyan,6,0
69579,ĠCordoba,6,0
69580,ĠCorduroy,6,0
69581,ĠCheltenham,6,0
69582,ĠChelimsky,6,0
69583,ĠChelmsford,6,0
69584,ĠMantar,6,0
69585,ĠHobbes,6,0
69586,ĠPresti,6,0
69587,ĠFantast,6,0
69588,ĠGamblers,6,0
69589,ĠRolle,6,0
69590,ĠRolfe,6,0
69591,ĠRusso,6,0
69592,Ġexchanger,6,0
69593,Ġnoiseless,6,0
69594,ĠKaguraden,6,0
69595,ĠKokumb,6,0
69596,ĠChiara,6,0
69597,ĠReece,6,0
69598,ĠGraceland,6,0
69599,Ġunderserved,6,0
69600,ĠRecordings,6,0
69601,Ġcopyrighted,6,0
69602,Ġstereotypical,6,0
69604,homeland,6,0
69605,yourself,6,0
69606,zhik,6,0
69608,Ġloosening,6,0
69609,ĠRothstein,6,0
69610,ĠEulalia,6,0
69611,Ġarcheabacteria,6,0
69612,Ġsubscriptions,6,0
69614,Ġgnome,6,0
69616,Ġjellyfishes,6,0
69617,ĠShimizu,6,0
69618,ĠSlovenes,6,0
69619,ĠBuenaventura,6,0
69620,Ġmelodies,6,0
69621,Ġmeself,6,0
69622,ĠCayco,6,0
69623,ĠCayuga,6,0
69624,ĠMendez,6,0
69625,Ġrashness,6,0
69626,Ġshoals,6,0
69627,ĠOleander,6,0
69628,ĠManueline,6,0
69629,ĠCristiano,6,0
69630,ISHOP,6,0
69631,Ġtormentors,6,0
69632,Blessed,6,0
69633,Keeping,6,0
69634,normal,6,0
69635,Ġtoplessness,6,0
69636,Ġlatticed,6,0
69637,Ġreveries,6,0
69638,ĠPathways,6,0
69639,ĠChalet,6,0
69640,Ġgrotesquely,6,0
69641,ĠVallons,6,0
69643,ĠShaktism,6,0
69644,Ġshipwrecks,6,0
69645,Madge,6,0
69646,Madrid,6,0
69647,Ġmimicked,6,0
69648,ĠAchter,6,0
69649,strike,6,0
69650,ĠSedge,6,0
69651,ĠCebuano,6,0
69652,ĠNaboo,6,0
69653,ĠKaisers,6,0
69654,Ġadversity,6,0
69656,Ġhummingbirds,6,0
69657,ĠResearching,6,0
69658,Ġgeometrically,6,0
69659,Ġadolescence,6,0
69660,Ġdyke,6,0
69661,ĠTaddeo,6,0
69662,Ġnudists,6,0
69664,ĠKodiak,6,0
69665,ĠVittore,6,0
69666,Ġcalamitous,6,0
69667,Ġraptors,6,0
69668,Ġraptures,6,0
69669,Ġrapturously,6,0
69670,Ġshrunken,6,0
69671,Ġanecdotal,6,0
69672,Especially,6,0
69673,Esnambuc,6,0
69674,ĠHedberg,6,0
69675,ĠPigalle,6,0
69676,ĠGooch,6,0
69677,Ġherbivorous,6,0
69678,Ġplaywrights,6,0
69679,Ġcolossi,6,0
69680,Ġslumbering,6,0
69681,Ġinterrogative,6,0
69682,ĠScheme,6,0
69683,sponsor,6,0
69684,Ġmultipliers,6,0
69685,Books,6,0
69686,Palazzo,6,0
69687,Palatinate,6,0
69688,democracy,6,0
69689,Ġtheorize,6,0
69690,ĠBAKER,6,0
69691,Ġrheumatic,6,0
69693,Ġdistrustful,6,0
69694,ĠProcedural,6,0
69695,ĠValencian,6,0
69696,ĠPreparing,6,0
69697,Ġembellish,6,0
69698,Ġembellishment,6,0
69699,Ġinexperience,6,0
69700,Cheer,6,0
69702,Ġshameless,6,0
69703,ĠDahab,6,0
69704,Ġchirping,6,0
69705,Ġpreachy,6,0
69706,Ġentreaty,6,0
69707,ĠShawano,6,0
69708,ĠShootsta,6,0
69712,Ġgrizzlies,6,0
69713,Ġvaccines,6,0
69714,ĠRajasthani,6,0
69715,ĠXXXIV,6,0
69716,Grandpa,6,0
69717,Feingold,6,0
69720,ĠBagatelle,6,0
69721,ĠPUP,6,0
69722,ĠWaxhaw,6,0
69723,ĠOberwald,6,0
69724,ĠObergesteln,6,0
69726,Ġbromine,6,0
69727,Ġcrushingly,6,0
69728,Ġhumiliate,6,0
69729,ĠMcDaniel,6,0
69730,Ġapostate,6,0
69731,Ġsuperheroes,6,0
69732,province,6,0
69733,provided,6,0
69734,Ġdeteriorate,6,0
69735,ĠFerrara,6,0
69736,Ġamphitheaters,6,0
69737,ĠNeighborhoods,6,0
69738,ĠLGBTIQ,6,0
69739,Haoreima,6,0
69740,Mercy,6,0
69741,godon,6,0
69742,Ġbogged,6,0
69743,Ġdysentery,6,0
69744,Ġgastropods,6,0
69745,ĠHenceforth,6,0
69746,ĠDietrich,6,0
69747,Ġplaintively,6,0
69748,ĠThunderbird,6,0
69749,geridoo,6,0
69750,Ġsatirist,6,0
69751,ĠScouting,6,0
69752,ĠPolynesians,6,0
69753,ĠLeninism,6,0
69754,Calif,6,0
69755,politics,6,0
69756,Ġayah,6,0
69757,ĠCMRS,6,0
69758,ĠMistakes,6,0
69759,ĠWinged,6,0
69760,ĠWashita,6,0
69761,Ġimpersonation,6,0
69762,Ġbrimstone,6,0
69763,Ġindiscretions,6,0
69764,Ġrelinquishing,6,0
69765,ĠShalimar,6,0
69766,ĠZimbabwean,6,0
69767,Ġvideotaped,6,0
69768,Franky,6,0
69769,Ġaqueducts,6,0
69770,Ġparadoxical,6,0
69771,combe,6,0
69773,ĠMaggert,6,0
69774,ĠBalkan,6,0
69775,ĠHodson,6,0
69776,ĠFOG,6,0
69777,Ġvagina,6,0
69778,Ġscorch,6,0
69779,confident,6,0
69780,approximately,6,0
69781,Ġinspirations,6,0
69782,Ġdemolishing,6,0
69783,Centered,6,0
69784,Ġmummification,6,0
69785,ĠCimet,6,0
69786,ĠCoolidge,6,0
69787,Ġquarreling,6,0
69788,ĠAutomobile,6,0
69789,Philippe,6,0
69790,Ġlibertarianism,6,0
69791,Ġnourish,6,0
69792,Ġnourished,6,0
69793,Ġnourishment,6,0
69794,Ġlapses,6,0
69795,Ġheterogeneity,6,0
69796,ĠPullin,6,0
69797,Ġ1190,6,0
69798,ĠHellenic,6,0
69799,ĠInjuries,6,0
69800,ĠChrysanthemum,6,0
69801,Ġamplify,6,0
69803,Ġoblique,6,0
69804,Ġmonetarily,6,0
69805,ĠShuttlesworth,6,0
69806,ĠOrdnance,6,0
69808,ĠCaptured,6,0
69809,fifteen,6,0
69810,rhura,6,0
69811,Ġheredity,6,0
69812,ĠHannigan,6,0
69813,Ġintrigues,6,0
69814,ĠInfluential,6,0
69815,Ġcommendation,6,0
69816,ĠDegree,6,0
69817,ĠSuzaku,6,0
69818,ĠPriestley,6,0
69819,ĠTreasurer,6,0
69821,MMacf,6,0
69822,circ,6,0
69823,Ġpalsy,6,0
69824,Ġebbed,6,0
69825,ĠMundos,6,0
69826,ĠPeevey,6,0
69827,ĠChampex,6,0
69828,Ġscurvy,6,0
69829,Ġredistricting,6,0
69830,ĠCarmelit,6,0
69831,ĠMonaghan,6,0
69832,Ġlymphatic,6,0
69833,Barbera,6,0
69834,Superman,6,0
69835,turbo,6,0
69836,turvy,6,0
69837,ĠIwami,6,0
69838,Ġforsaking,6,0
69839,ĠCRUS,6,0
69840,ĠHammat,6,0
69841,ĠHammers,6,0
69842,ĠHammond,6,0
69843,ĠFawkes,6,0
69844,ĠNutrition,6,0
69845,ĠRutte,6,0
69847,ĠEkta,6,0
69848,Ġdislod,6,0
69849,Ġdislocation,6,0
69850,Ġretracing,6,0
69851,ĠQuitman,6,0
69852,ĠGrimblade,6,0
69853,ĠAdvancement,6,0
69854,ĠClingerCohen,6,0
69855,Company,6,0
69856,Ġgusto,6,0
69857,ĠMatejko,6,0
69858,ĠMitchum,6,0
69859,ĠBolsa,6,0
69860,ĠPermit,6,0
69861,ĠWondrous,6,0
69862,ĠGrenewald,6,0
69863,ĠGrenadines,6,0
69864,ĠEhud,6,0
69865,ĠUTF,6,0
69866,Ġimpossibly,6,0
69867,ĠOrtaky,6,0
69868,Ġengrossing,6,0
69869,Ġcaliphs,6,0
69870,Ġgrappled,6,0
69871,ĠMontmarte,6,0
69872,ĠSkateboarders,6,0
69873,Ġwalnutting,6,0
69874,Peace,6,0
69875,Ġnonsens,6,0
69876,Ġrenegotiate,6,0
69877,ĠHoog,6,0
69878,ĠFouga,6,0
69879,ĠNovella,6,0
69880,ĠJagiello,6,0
69881,ĠJagiell,6,0
69882,ĠEustis,6,0
69883,ĠKakadu,6,0
69885,ĠAllegri,6,0
69886,ĠAllegheny,6,0
69887,Ġfinesse,6,0
69888,shooter,6,0
69889,shooting,6,0
69890,shooters,6,0
69891,ĠDealers,6,0
69892,Ġdemoralize,6,0
69893,Ġconcisely,6,0
69895,sacred,6,0
69897,Ġcavities,6,0
69898,ĠTohome,6,0
69899,Ġnuances,6,0
69900,ĠIvanchuk,6,0
69901,ĠAubert,6,0
69902,ĠClemente,6,0
69903,ĠCovering,6,0
69904,ĠMouz,6,0
69905,Ġanatomical,6,0
69906,ĠBardia,6,0
69907,ĠHesston,6,0
69908,ĠHesdin,6,0
69909,ĠHoskins,6,0
69910,ĠPecos,6,0
69911,ĠRaptor,6,0
69913,Ġredesigned,6,0
69914,ĠCarpets,6,0
69915,Ġbarcodes,6,0
69916,Ġbarcoded,6,0
69917,ĠMerchandise,6,0
69918,Ġpunditry,6,0
69919,Ġcorroboration,6,0
69920,Ġcorroborating,6,0
69921,Karber,6,0
69922,Karrenbauer,6,0
69923,ĠTucum,6,0
69924,ĠCATARACT,6,0
69925,ĠHitties,6,0
69926,Ġrasped,6,0
69927,ĠWidow,6,0
69928,ĠGondolas,6,0
69929,ĠGondwana,6,0
69930,Ġorbiting,6,0
69931,Ġjubilation,6,0
69932,ĠKolbe,6,0
69933,Ġdisembow,6,0
69934,ĠAlgonquian,6,0
69935,ĠCharterhouse,6,0
69936,Ġcalibration,6,0
69937,Ġcalibrated,6,0
69939,HEHS,6,0
69941,Ġdowntime,6,0
69942,ĠTonsils,6,0
69943,ĠAriane,6,0
69944,Ġbereaved,6,0
69945,Ġrearranging,6,0
69946,ĠCCS,6,0
69947,ĠHackathletes,6,0
69948,ĠPomposity,6,0
69949,ĠPascagoula,6,0
69951,ĠFresne,6,0
69952,ĠFresco,6,0
69953,ĠFresno,6,0
69954,ĠLapham,6,0
69955,ĠRamban,6,0
69956,ĠRambuteau,6,0
69958,ĠOzark,6,0
69959,ĠOzarks,6,0
69960,ĠKofi,6,0
69961,ĠValeyres,6,0
69962,Ġrepositories,6,0
69963,Ġreputedly,6,0
69964,Ġmilitarily,6,0
69965,Ġtranscends,6,0
69966,Ġdivisor,6,0
69967,ĠMahabali,6,0
69968,ĠWheaties,6,0
69969,Ġmaneuvering,6,0
69970,Erve,6,0
69971,counsel,6,0
69972,mortality,6,0
69975,Ġkerosene,6,0
69976,ĠFaucon,6,0
69977,ĠDialogues,6,0
69978,ĠNubians,6,0
69979,ĠGrazer,6,0
69980,ĠHeathers,6,0
69981,ĠOmnimedia,6,0
69982,Ġperceptibly,6,0
69983,Ġdisintegrator,6,0
69987,ĠStratosphere,6,0
69988,Angels,6,0
69989,ĠRubenstein,6,0
69990,ĠEthnology,6,0
69992,Ġoverestimating,6,0
69994,Ġfibro,6,0
69995,Ġhinterlands,6,0
69996,ĠTapas,6,0
69997,ĠBootle,6,0
69998,ĠHomestead,6,0
69999,ĠHomosexuality,6,0
70001,ĠWizards,6,0
70002,Ġprodigy,6,0
70004,ĠRashida,6,0
70005,Ġperiphery,6,0
70007,ĠMiniature,6,0
70008,Ġcontraceptive,6,0
70009,ĠInterviews,6,0
70010,ĠLydian,6,0
70011,Ġinconsistency,6,0
70012,Romaine,6,0
70014,Ġhippos,6,0
70015,ĠMazzini,6,0
70016,Ġdolmen,6,0
70017,Ġdolmens,6,0
70018,ĠFocusing,6,0
70019,ĠLaxmi,6,0
70021,ĠRoxburgh,6,0
70022,Ġtrudging,6,0
70023,ĠKandariya,6,0
70024,Ġimpregnated,6,0
70025,Ġslithered,6,0
70026,ĠConstructors,6,0
70027,ĠPeacocke,6,0
70028,Ġantagonism,6,0
70029,ĠDispatch,6,0
70030,ĠKhalili,6,0
70031,ĠBrahmaputra,6,0
70032,ĠDestroyed,6,0
70033,Ġdepreciating,6,0
70034,ĠWienerwald,6,0
70035,Highway,6,0
70036,Lemuel,6,0
70037,Rocky,6,0
70038,UNDER,6,0
70039,possessed,6,0
70040,Ġwreak,6,0
70041,Ġpipal,6,0
70042,ĠBerets,6,0
70043,ĠDaiyu,6,0
70044,Ġalgebraic,6,0
70045,Ġsagacious,6,0
70046,Ġunabated,6,0
70047,Ġdesirability,6,0
70048,Ġincineration,6,0
70049,ĠLevels,6,0
70050,ĠIsmaili,6,0
70051,Ġinsinuations,6,0
70053,Champagne,6,0
70054,ĠMelroseAvenue,6,0
70055,Ġtalukas,6,0
70056,ĠTheodosian,6,0
70057,competitor,6,0
70058,ĠScandinavia,6,0
70059,Australoids,6,0
70061,Doubtless,6,0
70062,golden,6,0
70065,aciones,6,0
70066,Ġruminant,6,0
70067,Ġliqueur,6,0
70068,ĠFARM,6,0
70069,ĠGifts,6,0
70070,ĠRangoon,6,0
70071,ĠROBINS,6,0
70072,ĠJadeite,6,0
70073,ocarp,6,0
70074,ĠYufuin,6,0
70075,ĠKahlo,6,0
70076,Ġunequiv,6,0
70077,ĠChirico,6,0
70078,ĠRehfeld,6,0
70079,Ġparlourmaid,6,0
70080,ĠZakir,6,0
70081,ĠZakros,6,0
70082,ĠSlavs,6,0
70083,Ġignominiously,6,0
70084,ĠFujian,6,0
70085,ĠCOMMISSION,6,0
70086,ĠBrahmanic,6,0
70087,Ġtsunamis,6,0
70088,Assad,6,0
70089,Famits,6,0
70090,McC,6,0
70091,Preciosa,6,0
70092,Reliance,6,0
70093,destroy,6,0
70095,Ġtinkle,6,0
70096,Ġotters,6,0
70097,Ġinadvertent,6,0
70098,ĠTchik,6,0
70099,ĠTaurine,6,0
70101,Ġstaterooms,6,0
70103,ĠWiesio,6,0
70104,ĠFurness,6,0
70105,ĠLIBRARY,6,0
70106,ĠGulchers,6,0
70107,Ġjaunt,6,0
70108,Ġabhorred,6,0
70109,Ġintensify,6,0
70110,ĠKariye,6,0
70111,ĠStrozzi,6,0
70112,ĠStructural,6,0
70113,ĠFragment,6,0
70114,ĠFragments,6,0
70115,Ġredefining,6,0
70116,Ġaffidavits,6,0
70117,ĠDeerfoot,6,0
70118,Ġmollified,6,0
70119,ĠSequence,6,0
70120,Ġsalvage,6,0
70121,Ġsalvaged,6,0
70122,Ġlabourer,6,0
70125,Ġenslavement,6,0
70126,Ġprioritizes,6,0
70127,ĠSurrounding,6,0
70129,ĠFreemasons,6,0
70130,Ġcinematography,6,0
70131,Urabe,6,0
70132,bombing,6,0
70133,hooks,6,0
70134,success,6,0
70135,Ġpesos,6,0
70136,Ġinhumanity,6,0
70137,ĠAkihito,6,0
70138,ĠCoyotes,6,0
70139,Ġseabirds,6,0
70140,ĠWiR,6,0
70141,ĠRCN,6,0
70142,ĠRysia,6,0
70143,Ġregenerated,6,0
70144,Ġskirmish,6,0
70145,ĠArauz,6,0
70146,Ġdiscordant,6,0
70147,Ġwindshields,6,0
70148,Ġinsoluble,6,0
70149,ĠCarbondale,6,0
70150,ĠExpenditure,6,0
70151,ĠAfrocent,6,0
70152,ĠQuarry,6,0
70153,ĠQuarries,6,0
70154,Ġhallucination,6,0
70156,ĠHelmut,6,0
70157,ĠMagdalen,6,0
70158,ĠDuvalier,6,0
70159,ĠTravelling,6,0
70160,Ġpinafores,6,0
70161,Burquin,6,0
70162,Tonight,6,0
70164,gallant,6,0
70165,Ġasteroids,6,0
70166,Ġsceptre,6,0
70167,ĠCussitaws,6,0
70168,ĠCatechism,6,0
70169,ĠMACT,6,0
70170,oplasm,6,0
70171,ĠWILLIAM,6,0
70172,ĠDravidian,6,0
70173,ĠNigatsu,6,0
70174,ĠGrigson,6,0
70176,Ġdisillusionment,6,0
70177,Ġincarcerated,6,0
70178,ĠMarceline,6,0
70179,ĠReinecke,6,0
70180,Ġimprovisations,6,0
70181,ĠMeghreb,6,0
70182,ĠEncouraging,6,0
70183,ĠSuggestive,6,0
70184,Ġschizophrenic,6,0
70185,ĠSiddhartha,6,0
70186,Internet,6,0
70187,ĠBharatpur,6,0
70188,ĠExplanada,6,0
70189,Ġmetaphysics,6,0
70190,ĠBLACKIE,6,0
70191,Ġoutweighs,6,0
70192,ĠSiegelbaum,6,0
70193,Awake,6,0
70194,Treasury,6,0
70195,Tremarctos,6,0
70196,invited,6,0
70197,Ġpasseig,6,0
70198,Ġyelped,6,0
70199,ĠSesno,6,0
70200,ĠSperry,6,0
70201,ĠSikri,6,0
70202,ĠSikandar,6,0
70203,uricemia,6,0
70204,ĠMATCH,6,0
70205,Ġanthologies,6,0
70206,Ġanthrax,6,0
70207,ĠBiblioteca,6,0
70208,ĠWoowoo,6,0
70209,ĠFondaco,6,0
70210,ĠDingell,6,0
70211,ĠDoha,6,0
70212,Ġvillein,6,0
70213,Ġjibboom,6,0
70214,ĠKishore,6,0
70215,Ġpermeated,6,0
70216,Ġscullery,6,0
70217,ĠShekou,6,0
70218,ĠShekhar,6,0
70220,Ġflamenco,6,0
70221,Ġobituaries,6,0
70222,Ġgloating,6,0
70223,odynamics,6,0
70224,Ġrediscover,6,0
70225,Ġmidshipman,6,0
70226,ĠBlowfish,6,0
70228,ĠFatimid,6,0
70229,ĠGasparovi,6,0
70230,EEAC,6,0
70231,Sportsbook,6,0
70232,pulling,6,0
70233,Ġgamers,6,0
70234,Ġeuph,6,0
70235,ĠSunkist,6,0
70236,Ġdoleful,6,0
70237,Ġdehydrated,6,0
70238,ĠFellini,6,0
70239,ĠGowbarrow,6,0
70240,Ġvandalized,6,0
70242,Ġabducted,6,0
70243,Ġabducting,6,0
70245,Ġblundering,6,0
70246,Ġunobtrusive,6,0
70247,Ġperpetrator,6,0
70248,Ġgrueling,6,0
70249,ĠVanderb,6,0
70250,grantees,6,0
70251,Ġrevitalized,6,0
70252,Ġcondescended,6,0
70253,Ġelectrocution,6,0
70254,ĠZorba,6,0
70255,ĠCanaanite,6,0
70256,Ġimploringly,6,0
70258,ĠTaxpayers,6,0
70259,Ġprecipitously,6,0
70260,ĠYakutia,6,0
70261,61064,6,0
70263,Return,6,0
70264,crested,6,0
70265,tourist,6,0
70266,Ġbraiders,6,0
70267,Ġpeopel,6,0
70268,Ġpeopled,6,0
70269,ĠISACs,6,0
70270,ĠBindu,6,0
70271,ĠBindusara,6,0
70272,ĠPiazzale,6,0
70273,ĠDXL,6,0
70274,ĠNTSC,6,0
70275,Ġconnoisseurs,6,0
70276,ĠGassman,6,0
70277,ĠJouanne,6,0
70278,Ġlevees,6,0
70279,ĠKannawa,6,0
70280,ĠVyso,6,0
70281,performance,6,0
70282,Ġslushy,6,0
70285,ĠZamora,6,0
70286,Ġfacetious,6,0
70287,ĠSyndicate,6,0
70288,ĠCurtiss,6,0
70289,ĠRobbins,6,0
70290,ĠCollaborative,6,0
70291,Williams,6,0
70292,ĠCulverhouse,6,0
70293,ĠLakshmana,6,0
70294,36099,6,0
70295,TDT,6,0
70298,Ġbisulfate,6,0
70299,ĠTekirda,6,0
70300,Ġglycol,6,0
70301,Ġgrouper,6,0
70302,Ġegalitarianism,6,0
70303,ĠSASs,6,0
70304,ĠMeydane,6,0
70305,ĠBoones,6,0
70306,ĠHiditch,6,0
70307,ĠWinchell,6,0
70308,throated,6,0
70309,throats,6,0
70310,Ġmanoeuvres,6,0
70311,ĠFriesland,6,0
70313,ĠDZOZ,6,0
70314,ĠGreetings,6,0
70315,ĠJULIUS,6,0
70316,ĠYashin,6,0
70317,ĠKlaas,6,0
70318,Ġamphetamine,6,0
70319,iedermeier,6,0
70320,Ġfrigid,6,0
70321,ĠShandurai,6,0
70322,Ġconstrictor,6,0
70323,Ġconstriction,6,0
70324,ĠColoane,6,0
70325,ĠElkbellows,6,0
70326,Ġantisept,6,0
70327,ĠConfucianism,6,0
70328,Ġunimaginable,6,0
70329,Universit,6,0
70330,Newsweek,6,0
70331,ĠLOECs,6,0
70332,Ġjabbering,6,0
70333,Ġdisembarked,6,0
70334,obatrachia,6,0
70335,Honor,6,0
70336,Melissa,6,0
70337,dolls,6,0
70338,ĠTommies,6,0
70339,Ġbeguiled,6,0
70340,Ġeugenioi,6,0
70341,ĠSestos,6,0
70342,ĠMugul,6,0
70343,ĠHaggling,6,0
70344,ĠHaldeman,6,0
70345,ĠPomerantz,6,0
70346,ĠFretilin,6,0
70347,ĠNadine,6,0
70348,Ġconvalescent,6,0
70349,ĠGotham,6,0
70351,ĠEEOC,6,0
70352,Ġenrichment,6,0
70353,ĠVulnicura,6,0
70355,ĠWexford,6,0
70356,Ġdeflating,6,0
70357,Ġdeprecating,6,0
70358,ĠTranqu,6,0
70359,Ġexcommunication,6,0
70360,Ġdivulged,6,0
70361,ĠRecipient,6,0
70362,Ġpsychoactive,6,0
70363,Ġreciprocate,6,0
70365,ĠICRs,6,0
70366,Ġunintentional,6,0
70367,Ġturtlenecks,6,0
70368,CLUSION,6,0
70369,Horloge,6,0
70370,Kohler,6,0
70371,Polish,6,0
70372,Until,6,0
70373,tongue,6,0
70374,Ġmouthing,6,0
70376,Ġeuphemisms,6,0
70377,ĠMISTAKE,6,0
70378,Ġwhirring,6,0
70379,ĠHuhne,6,0
70380,ĠPothia,6,0
70381,ĠPatsy,6,0
70382,ĠPsalm,6,0
70383,ĠPsalms,6,0
70384,ĠFiesole,6,0
70385,ĠDommett,6,0
70386,ĠNomad,6,0
70387,ĠLasseter,6,0
70388,ĠRathaus,6,0
70390,Ġlemurs,6,0
70391,Ġalbicans,6,0
70393,Ġintrospection,6,0
70394,ĠInaugural,6,0
70395,uendorf,6,0
70396,ĠKamares,6,0
70397,ĠUMNO,6,0
70398,ĠVierge,6,0
70399,Ġresilience,6,0
70400,ĠWeightlifting,6,0
70401,ĠAnthropologists,6,0
70403,Ġenthralling,6,0
70404,Ġcapricorn,6,0
70405,ĠForfeitures,6,0
70406,Ġextradited,6,0
70407,ĠMynheer,6,0
70408,Ġequivocal,6,0
70409,ĠExclamations,6,0
70410,Ġceaseless,6,0
70411,chemical,6,0
70412,regardless,6,0
70413,ĠRosalyn,6,0
70414,Ġvertebrae,6,0
70415,ĠAleksandr,6,0
70416,ĠChenonceaux,6,0
70417,ĠCONSOL,6,0
70418,ĠPazzagila,6,0
70419,Misere,6,0
70420,Ġcackling,6,0
70421,Ġpterosaur,6,0
70422,ĠTikTok,6,0
70423,Ġnabbed,6,0
70424,Ġlubric,6,0
70425,Ġlubricate,6,0
70426,Ġstigmatized,6,0
70428,ĠNUGGET,6,0
70429,ĠGurnee,6,0
70430,ĠGurney,6,0
70431,ĠRizal,6,0
70432,Ġvimana,6,0
70433,ĠThalhofer,6,0
70434,ĠYachts,6,0
70435,ĠUyematsu,6,0
70436,Ġadrenal,6,0
70437,Ġsporadic,6,0
70438,ĠChobar,6,0
70439,Ġamortization,6,0
70441,ĠWebsite,6,0
70442,ĠWebsites,6,0
70443,Ġcohesive,6,0
70445,Ġsyringes,6,0
70446,ĠReicher,6,0
70448,Ġconciliatory,6,0
70449,ĠColesmith,6,0
70452,ĠResulting,6,0
70453,ĠContributions,6,0
70454,Ġdebauchery,6,0
70455,ĠSurvival,6,0
70456,ĠBaumgartner,6,0
70457,ĠDioces,6,0
70458,ĠDiocletian,6,0
70459,Francois,6,0
70460,Ġbreechclout,6,0
70461,ĠPROPOSED,6,0
70462,Ġsuccinctly,6,0
70463,ĠAltamira,6,0
70464,ĠFRANKLIN,6,0
70465,ĠCAMPBELL,6,0
70468,ĠOptimus,6,0
70469,Ġcisterns,6,0
70470,Ġanachronistic,6,0
70471,Dessus,6,0
70472,Futurama,6,0
70473,Harkye,6,0
70474,Knopf,6,0
70475,Lambert,6,0
70476,Olympic,6,0
70477,Style,6,0
70478,Vallons,6,0
70480,splitting,6,0
70482,Ġreboot,6,0
70484,ĠCLAUS,6,0
70485,ĠBimmo,6,0
70486,ĠBatsi,6,0
70487,ĠBoehner,6,0
70488,ĠPinturicchio,6,0
70489,ĠPuglia,6,0
70490,ĠWanderers,6,0
70491,ĠWerthmann,6,0
70492,Ġdeletions,6,0
70493,ĠFayetteville,6,0
70494,ĠDaffy,6,0
70495,ĠThoroughbred,6,0
70496,ĠUAW,6,0
70497,ĠStretching,6,0
70498,Ġunburden,6,0
70499,Ġquasars,6,0
70500,ĠVicki,6,0
70501,Ġsmelting,6,0
70502,Ġpreconceived,6,0
70503,Ġimprecations,6,0
70504,Ġphylogen,6,0
70505,Ġmetallurgy,6,0
70506,ĠThenceforward,6,0
70507,ĠPharping,6,0
70508,Ġseparatist,6,0
70509,Ġmisdemeanor,6,0
70510,ĠEnhance,6,0
70511,Ġzoology,6,0
70512,Ġsavoury,6,0
70513,righteousness,6,0
70514,Ġcolloquial,6,0
70515,ĠWilhelmina,6,0
70516,Ġmicrobiologist,6,0
70517,ĠErickson,6,0
70518,ĠFeatured,6,0
70519,ĠNagasato,6,0
70520,Maritimes,6,0
70521,ĠExpertise,6,0
70522,ĠVojvodina,6,0
70523,Ġinaccuracies,6,0
70524,ĠAmphitheater,6,0
70525,ĠBloomington,6,0
70526,Apollon,6,0
70527,Ġpollywog,6,0
70528,Bretagne,6,0
70529,Cassowary,6,0
70530,Kentucky,6,0
70531,Ledbetter,6,0
70532,Lewis,6,0
70533,Normandie,6,0
70534,Pittet,6,0
70535,kirtana,6,0
70536,maintained,6,0
70537,Ġhibern,6,0
70538,ĠTantrism,6,0
70540,ĠAbydos,6,0
70541,ĠSultans,6,0
70542,Ġstonemasons,6,0
70543,ĠCisnerose,6,0
70544,ĠDotomburi,6,0
70545,Ġchrysanthemums,6,0
70546,ĠNSIAD,6,0
70547,ĠLillie,6,0
70548,ĠRamesseum,6,0
70549,Ġimmeasurable,6,0
70550,ĠVidhy,6,0
70551,Ġcoerced,6,0
70553,ĠShrimad,6,0
70554,Ġcursory,6,0
70555,Ġinfatuated,6,0
70557,ĠReproducible,6,0
70558,meetings,6,0
70559,Ġgranddaddy,6,0
70561,Ġergonomics,6,0
70562,ĠComunale,6,0
70564,Ġdebilitating,6,0
70565,Ġemboldened,6,0
70566,ĠReluctantly,6,0
70567,ĠTwinkie,6,0
70568,ĠMelchised,6,0
70569,Ġhypersaline,6,0
70570,Ġvociferously,6,0
70571,Ġpulverized,6,0
70572,Governor,6,0
70573,Ġunconstitutionally,6,0
70574,ĠTribunal,6,0
70575,Ġiconoclasts,6,0
70576,ĠObligations,6,0
70577,ĠDISCOVERY,6,0
70578,Ġvagabond,6,0
70579,ĠOrnithologique,6,0
70580,Ġvaudeville,6,0
70581,Spring,6,0
70582,machine,6,0
70584,vaulted,6,0
70586,Ġmaketh,6,0
70587,Ġdandies,6,0
70588,ĠTEAJF,6,0
70589,Ġgimmick,6,0
70590,ĠAbutbul,6,0
70591,ĠMaitre,6,0
70593,ĠBiscay,6,0
70594,ĠBattersea,6,0
70595,ĠHachiman,6,0
70596,ĠHoysala,6,0
70597,Ġseeped,6,0
70598,ĠWerder,6,0
70599,ĠWiradjuri,6,0
70600,ĠWairakato,6,0
70601,Ġdejesshun,6,0
70602,ĠFrazer,6,0
70603,ĠNandaimon,6,0
70604,ĠLjubljana,6,0
70605,ĠRattleton,6,0
70606,ĠRSAs,6,0
70609,ĠEVENING,6,0
70610,Ġteahouses,6,0
70611,ĠKirtipur,6,0
70612,ĠKearny,6,0
70613,ĠKovalam,6,0
70614,Ġencyclopedias,6,0
70615,Ġimbecile,6,0
70617,ĠChoate,6,0
70618,ĠChippewa,6,0
70619,Ġfollies,6,0
70620,Ġincantation,6,0
70621,Ġendowments,6,0
70622,ĠArimathea,6,0
70623,ĠLeibn,6,0
70624,Ġuntenanted,6,0
70625,Ġextricated,6,0
70626,Ġinsipid,6,0
70628,Ġsunshiny,6,0
70629,ĠMcBain,6,0
70630,ĠAccommodations,6,0
70631,ĠEmmerich,6,0
70633,Ġdispossessed,6,0
70634,ĠAngelique,6,0
70635,Ġtelepathy,6,0
70636,ĠSumerian,6,0
70637,ĠProvisional,6,0
70638,ĠInconsistent,6,0
70639,ĠIbizan,6,0
70640,ĠPoznan,6,0
70641,Ġunconfirmed,6,0
70642,ĠBehaviour,6,0
70643,Ġirreversible,6,0
70644,ĠJayhawkers,6,0
70645,Scottish,6,0
70646,ĠSrirangapatnam,6,0
70647,Ġrejuvenated,6,0
70648,Ġmiscarriage,6,0
70649,ĠNabateans,6,0
70650,ĠArcheologico,6,0
70651,ĠSentientism,6,0
70652,Ġreincarnated,6,0
70653,ĠWahlberg,6,0
70654,ĠDismissal,6,0
70655,ĠOssolinsky,6,0
70656,ĠOkmulgee,6,0
70657,ĠGershwin,6,0
70658,Ġeuthanized,6,0
70659,ĠAkrotiri,6,0
70660,Baptiste,6,0
70661,Lausanne,6,0
70662,frightened,6,0
70663,supremacist,6,0
70664,zadeh,6,0
70665,Ġpanchayat,6,0
70666,ĠTardieu,6,0
70667,ĠTashkent,6,0
70668,ĠIvorian,6,0
70669,Ġisotope,6,0
70670,ĠAnecd,6,0
70671,adouro,6,0
70672,ĠMuryeong,6,0
70673,ĠMigratory,6,0
70674,ĠMURPHY,6,0
70675,ĠHitherto,6,0
70676,ĠHootie,6,0
70678,ĠPewter,6,0
70679,ĠPellegr,6,0
70680,ĠFuhr,6,0
70681,ĠDiderot,6,0
70682,ĠDetergent,6,0
70683,Ġproletariat,6,0
70684,ĠLOUISE,6,0
70685,ĠJellyfish,6,0
70687,Ġsoothsayers,6,0
70689,iannual,6,0
70690,Ġagrarian,6,0
70691,ĠKompasu,6,0
70692,ĠKitchofuni,6,0
70693,ĠKutchins,6,0
70694,ĠKennelly,6,0
70695,Ġunsteadily,6,0
70696,Ġunquantified,6,0
70698,Ġdisallowed,6,0
70699,Ġpremonition,6,0
70700,Ġbromeliad,6,0
70702,ibahali,6,0
70703,Ġmonochrome,6,0
70704,ĠMarjory,6,0
70705,ĠShinsaibashi,6,0
70706,ĠAdjoining,6,0
70707,Ġinscrutable,6,0
70708,ĠPrasad,6,0
70709,ĠFluxbox,6,0
70710,ĠZwicky,6,0
70712,ĠGuernica,6,0
70713,ĠMcRae,6,0
70714,ĠSlipknot,6,0
70715,ĠDracula,6,0
70716,ĠSchweitzer,6,0
70717,ĠProvincetown,6,0
70718,Ġambassadorship,6,0
70719,ĠKaramzin,6,0
70720,ĠSaqqara,6,0
70722,ĠTarbena,6,0
70723,ĠFleurie,6,0
70724,ĠSoutherner,6,0
70725,Ġalphabets,6,0
70726,ĠWyndham,6,0
70727,ĠLavradores,6,0
70728,ĠGypsum,6,0
70729,Ġoctopuses,6,0
70730,ĠSouvenirs,6,0
70731,Ġnucleotides,6,0
70732,Ġmiscreant,6,0
70733,Ġdyslexia,6,0
70734,ĠDornbirn,6,0
70735,Ġcrescendo,6,0
70736,IZABETH,6,0
70737,ĠJAGUAR,6,0
70738,Ġsepulchral,6,0
70739,ĠKyrgyzstan,6,0
70740,ĠChimpanzees,6,0
70741,Egyptian,6,0
70742,Kapellmeister,6,0
70743,Linux,6,0
70744,Qaeda,6,0
70745,Vienna,6,0
70746,Vincent,6,0
70747,soprano,6,0
70748,Ġvernacular,6,0
70749,Ġslander,6,0
70750,Ġcrenellated,6,0
70751,Ġcudgel,6,0
70752,Ġpousada,6,0
70753,Ġdruggist,6,0
70754,ĠTivoli,6,0
70755,ĠTorpedo,6,0
70756,ĠTottori,6,0
70757,ĠTompkins,6,0
70758,Ġreanimates,6,0
70759,adrahyla,6,0
70760,Ġstamina,6,0
70761,ĠCuevas,6,0
70762,ĠMactan,6,0
70763,ĠMIGRATION,6,0
70765,Ġhailstorm,6,0
70766,ĠHafiz,6,0
70767,ĠHAMMER,6,0
70768,ĠPemberton,6,0
70769,Ġkookab,6,0
70770,Ġrinse,6,0
70771,ĠWassenberg,6,0
70772,ĠWOODS,6,0
70773,uminescence,6,0
70774,ĠDIAMOND,6,0
70775,ĠNeshoba,6,0
70776,Ġprogenitor,6,0
70777,ĠGeddert,6,0
70778,ĠGyoen,6,0
70779,ĠRovray,6,0
70780,ĠJASON,6,0
70781,Ġextenuating,6,0
70782,Ġhermits,6,0
70783,ĠENGLAND,6,0
70784,ĠEQUIPMENT,6,0
70785,ĠItterbeck,6,0
70786,ĠHeredia,6,0
70787,Ġagglomeration,6,0
70788,ĠKoroa,6,0
70789,Ġrookies,6,0
70790,Ġdiarrhea,6,0
70791,ĠChinchen,6,0
70792,Ġgrottoes,6,0
70793,ĠVezelay,6,0
70794,Ġamnesa,6,0
70795,Ġcoxsw,6,0
70796,Ġheretofore,6,0
70797,ĠWhidbey,6,0
70798,Ġkeynote,6,0
70799,Ġemaciated,6,0
70800,ĠAlassio,6,0
70801,Ġinvulnerable,6,0
70802,Ġpresolicitation,6,0
70803,Ġsublimity,6,0
70804,ĠIndyCar,6,0
70805,ĠShlomo,6,0
70806,ĠShamanism,6,0
70807,Ġnightmarish,6,0
70808,Ġinsufferable,6,0
70809,ĠCarlsbad,6,0
70810,Ġawestruck,6,0
70811,Ġvoluptuous,6,0
70812,ĠExorcist,6,0
70813,ĠAmadorio,6,0
70814,Ġnonplussed,6,0
70815,Ġapocry,6,0
70816,ĠGenevieve,6,0
70818,ĠComputational,6,0
70819,ĠIrradiation,6,0
70820,ĠCourtenay,6,0
70821,ĠSchongauer,6,0
70822,ĠRoanoke,6,0
70823,fluramine,6,0
70825,ĠKaliszewski,6,0
70826,Ġunsanitary,6,0
70827,Ġunfashionable,6,0
70828,Ġinformationsharing,6,0
70829,Ġpolemical,6,0
70830,ĠFigueret,6,0
70831,ĠDoggerland,6,0
70832,REMSAD,6,0
70833,ĠSTIRLING,6,0
70834,trumpet,6,0
70835,Ġfierceness,6,0
70836,ĠGallego,6,0
70838,ĠAffordable,6,0
70839,Ġphotosynthesis,6,0
70840,ĠFutteypore,6,0
70841,ĠImmunology,6,0
70842,Ġsidestepped,6,0
70844,ĠFontanezier,6,0
70845,ĠMixteco,6,0
70846,ĠUlrichen,6,0
70847,ĠCOLONEL,6,0
70848,ĠEnschede,6,0
70849,ĠLaudonni,6,0
70850,ĠVoroshilov,6,0
70851,ĠBannockburn,6,0
70852,Ġphysiognomy,6,0
70853,ĠCIRCULARS,6,0
70854,ĠTRANSCRIBER,6,0
70855,Ġcataclysm,6,0
70856,ĠDEVELOPMENT,6,0
70857,Bastille,6,0
70858,Believe,6,0
70859,CAMx,6,0
70860,Giselle,6,0
70861,Gontier,6,0
70862,Hackl,6,0
70863,Pintail,6,0
70864,TILDA,6,0
70865,Vecchio,6,0
70866,Ythier,6,0
70867,Yugoslavia,6,0
70868,bostel,6,0
70870,Ġbaubles,6,0
70871,Ġciphers,6,0
70873,Ġcambric,6,0
70874,Ġprouder,6,0
70875,Ġpreexisting,6,0
70876,Ġinhumane,6,0
70877,ĠTiferet,6,0
70878,ĠTeflon,6,0
70879,Ġnifty,6,0
70880,Ġncipe,6,0
70881,Ġlaconically,6,0
70882,Ġgaseous,6,0
70883,ĠAyala,6,0
70884,ĠAchaemenid,6,0
70885,stwyth,6,0
70886,ĠSemenza,6,0
70887,Ġforsythia,6,0
70888,ĠCazotte,6,0
70889,ĠCettina,6,0
70890,ĠCibeles,6,0
70891,ĠBatalha,6,0
70892,ĠHyskos,6,0
70893,ĠHinchey,6,0
70895,ĠHachimangu,6,0
70896,ĠPombal,6,0
70897,ĠPandyas,6,0
70898,Ġkhatir,6,0
70899,ĠWawel,6,0
70900,ĠWONDER,6,0
70901,Ġliaisons,6,0
70902,ĠFualaau,6,0
70903,ĠDinsmoor,6,0
70904,ĠDrenthe,6,0
70905,ĠDuddon,6,0
70906,ĠDaitokuji,6,0
70907,ĠDerbyshire,6,0
70908,ĠDershowitz,6,0
70909,ĠNonesuch,6,0
70910,ĠLugosi,6,0
70911,ĠGolaghmuli,6,0
70912,ĠRaccoon,6,0
70913,ĠJeddah,6,0
70914,Ġvittles,6,0
70916,ĠEclagnens,6,0
70917,ĠEwelina,6,0
70918,Ġoutmoded,6,0
70919,Ġworrisome,6,0
70920,ĠOzzie,6,0
70921,ĠObergoms,6,0
70922,ĠYoffe,6,0
70923,ĠKorbels,6,0
70924,ĠKITTY,6,0
70925,venskan,6,0
70926,ĠStornoway,6,0
70927,Ġunworkable,6,0
70928,Ġpermafrost,6,0
70929,Ġperforated,6,0
70930,Ġpernicious,6,0
70931,ĠChhetri,6,0
70932,ĠChomsky,6,0
70933,ĠChwastiak,6,0
70934,Ġaminotransferase,6,0
70935,Ġscrupulously,6,0
70936,ĠAnoctah,6,0
70937,Ġrelapsing,6,0
70938,Ġobelisks,6,0
70939,ĠLeiopel,6,0
70940,ĠLeTourneau,6,0
70941,Ġredeterminations,6,0
70942,ĠShizuoka,6,0
70943,ĠShpilband,6,0
70944,ĠAttenborough,6,0
70945,ĠReincarnation,6,0
70946,Ġdeproton,6,0
70947,ĠSpoleto,6,0
70948,ĠSpaccanapoli,6,0
70949,rolarouish,6,0
70950,ĠCarradine,6,0
70951,ĠPracheur,6,0
70952,Ġcondescension,6,0
70953,ĠZhadan,6,0
70954,ĠZephaniah,6,0
70955,ĠPharaonic,6,0
70956,ĠOrnelas,6,0
70957,ĠScrovegni,6,0
70958,ropetrovsk,6,0
70959,ĠGergiev,6,0
70960,ĠTrumbull,6,0
70961,ĠTruscott,6,0
70962,ĠExcelsior,6,0
70963,ĠGoidelic,6,0
70964,ĠCongratulations,6,0
70965,ĠMiniskirts,6,0
70966,ĠMcAllister,6,0
70967,ĠAbkhaz,6,0
70968,Ġobsolescence,6,0
70969,ĠQuarantine,6,0
70970,Ġzaibatsu,6,0
70971,ĠPatroclus,6,0
70972,ĠBerlioz,6,0
70973,ĠSchlafly,6,0
70974,Ġvermilion,6,0
70975,ĠMilopotamos,6,0
70976,Ġunsweetened,6,0
70977,ĠBufonidae,6,0
70978,ĠTokiwagi,6,0
70979,Inspection,6,0
70980,ĠTechnorealists,6,0
70981,ĠWinnebago,6,0
70982,ĠTOMBOY,6,0
70983,ĠSTUDY,6,0
70984,ĠMahabalipuram,6,0
70985,Ġtoboggans,6,0
70987,ĠAMRITSAR,6,0
70988,ĠLiveTopics,6,0
70989,ĠANALYSIS,6,0
70990,ĠCaleSahona,6,0
70991,ĠPelodryad,6,0
70992,ĠMARGARET,6,0
70993,ĠORPHAN,6,0
70994,ĠTamuramaro,6,0
70995,ĠVoiceType,6,0
70996,Annunzio,6,0
70997,ĠJawaharlal,6,0
70998,ĠPrzyrobacki,6,0
70999,ĠSanjusangendo,6,0
71000,ĠMILLIPOREa,6,0
95,{,5,0
906,roup,5,0
1044,Ġhapp,5,0
1178,erent,5,0
1493,conom,5,0
1560,ploy,5,0
1701,Ġexper,5,0
2152,haps,5,0
2153,Ġtrou,5,0
2290,ggest,5,0
2318,essie,5,0
2419,Ġident,5,0
2427,levision,5,0
2535,minist,5,0
2604,Ġrestaur,5,0
2792,ustom,5,0
2822,Ġexecut,5,0
3087,Ġhistor,5,0
3346,Ġhosp,5,0
3358,Ġprev,5,0
3376,Ġadminist,5,0
3388,rection,5,0
3419,Ġconvers,5,0
3481,itect,5,0
3754,Ġrepe,5,0
3867,ulpt,5,0
4017,rences,5,0
4062,Ġinqu,5,0
4151,Ġvot,5,0
4558,amund,5,0
4581,Ġdefe,5,0
4818,cri,5,0
5094,itzerland,5,0
5111,Ġappreci,5,0
5158,ĠJama,5,0
5336,iscal,5,0
5449,Ġevalu,5,0
5506,Ġconqu,5,0
5746,Ġaband,5,0
5779,Ġchalleng,5,0
5854,Ġconsequ,5,0
5930,ĠCanad,5,0
6010,ciples,5,0
6067,Ġunus,5,0
6093,ĠEconom,5,0
6192,Ġfasc,5,0
6209,Ġrevol,5,0
6232,Ġemph,5,0
6445,Ġrif,5,0
6448,insula,5,0
6512,Ġdesper,5,0
6642,iability,5,0
6702,Ġcompre,5,0
6802,Ġresc,5,0
7016,othic,5,0
7023,Ġathlet,5,0
7076,Ġenthus,5,0
7203,sylv,5,0
7648,ouds,5,0
7741,ĠJour,5,0
7890,gines,5,0
7906,ĠTit,5,0
8172,Ġtast,5,0
8276,Ġspectac,5,0
8309,Ġinterf,5,0
8364,ommod,5,0
8501,abilities,5,0
8528,Ġdiscipl,5,0
8628,Ġsche,5,0
8774,jac,5,0
8825,pelled,5,0
9019,whel,5,0
9059,Ġblaz,5,0
9081,resents,5,0
9433,onscious,5,0
9465,unded,5,0
9503,ordinary,5,0
9635,ĠNich,5,0
9639,Ġdisg,5,0
9683,Ġfacil,5,0
9781,Ġlod,5,0
10013,emet,5,0
10253,Ġrit,5,0
10300,Ġrebell,5,0
10301,fortunate,5,0
10393,thodox,5,0
10400,Ġdiagn,5,0
10614,Ġmour,5,0
10717,itcher,5,0
10743,otal,5,0
10790,ĠIndones,5,0
10818,Ġprocl,5,0
10846,uctor,5,0
11036,isure,5,0
11106,ĠShil,5,0
11252,Ġdiplom,5,0
11255,initely,5,0
11372,agraph,5,0
11396,hattan,5,0
11443,hun,5,0
11447,vard,5,0
11497,Ġhaz,5,0
11508,irling,5,0
11577,itchell,5,0
11707,Ġhamm,5,0
11724,Ġunim,5,0
11781,Ġindul,5,0
11887,Ġbrut,5,0
11966,Ġverd,5,0
12052,igious,5,0
12111,osity,5,0
12182,kerchief,5,0
12258,ĠAIC,5,0
12484,vant,5,0
12631,ĠEthe,5,0
12665,aguar,5,0
12747,ĠPitts,5,0
12774,ateur,5,0
12849,osex,5,0
12963,Ġaven,5,0
13144,naments,5,0
13162,cific,5,0
13323,vell,5,0
13400,ĠMunicip,5,0
13463,ĠKaz,5,0
13558,Ġcultiv,5,0
13614,Ġadap,5,0
13686,ptroller,5,0
13752,advant,5,0
13753,ĠSier,5,0
13754,irds,5,0
13817,isle,5,0
13948,olutely,5,0
13981,Ġpave,5,0
14273,udding,5,0
14314,enged,5,0
14385,heric,5,0
14391,Ġpled,5,0
14637,Ġthres,5,0
14722,lif,5,0
14739,ĠCelt,5,0
14830,acca,5,0
15022,Ġdeleg,5,0
15227,Ġinaug,5,0
15248,ections,5,0
15251,Ġundergr,5,0
15368,Ġemigr,5,0
15372,Ġfinanc,5,0
15572,ĠSoph,5,0
15590,blem,5,0
15602,Ġpresc,5,0
15692,ordination,5,0
15728,Ġnonex,5,0
15826,Ġpromen,5,0
15908,Ġstal,5,0
15938,uala,5,0
15941,venth,5,0
15970,ĠAppl,5,0
15992,erbai,5,0
16009,uay,5,0
16042,astically,5,0
16068,hyll,5,0
16072,Ġcorrel,5,0
16126,reement,5,0
16138,ĠAms,5,0
16156,ĠElf,5,0
16278,Ġincon,5,0
16286,Ġaffili,5,0
16291,ĠCarth,5,0
16403,ĠVeter,5,0
16509,olia,5,0
16559,ĠIntegr,5,0
16609,Ġpag,5,0
16626,Ġmanip,5,0
16649,Ġcontri,5,0
16652,Ġsurm,5,0
16839,ĠImpro,5,0
16913,ivan,5,0
16942,minster,5,0
17050,illery,5,0
17070,Ġinvis,5,0
17113,Ġferoc,5,0
17134,mare,5,0
17177,Ġenlight,5,0
17222,hension,5,0
17589,ovitz,5,0
17685,papers,5,0
17687,vous,5,0
18264,stitutional,5,0
18305,laf,5,0
18307,viously,5,0
18312,Ġhier,5,0
18324,ĠMong,5,0
18343,Ġunav,5,0
18431,Ġreconf,5,0
18495,ĠMoff,5,0
18534,beit,5,0
18716,Ġmarvell,5,0
18856,istant,5,0
18870,Ġunsc,5,0
19054,Ġprol,5,0
19089,engu,5,0
19233,pta,5,0
19249,omme,5,0
19253,Ġpharm,5,0
19267,Ġsunbat,5,0
19347,ipedia,5,0
19422,ayman,5,0
19428,ĠCany,5,0
19443,ĠLuk,5,0
19462,Ġbeck,5,0
19472,Ġimpet,5,0
19496,thening,5,0
19528,ridges,5,0
19532,Ġbulldo,5,0
19645,Ġiod,5,0
19678,upiter,5,0
19692,enges,5,0
19804,itives,5,0
19849,Ġapprent,5,0
19859,angered,5,0
20032,oculars,5,0
20079,ĠCommod,5,0
20227,abul,5,0
20359,immers,5,0
20409,jour,5,0
20417,onation,5,0
20436,rious,5,0
20462,Ġenlar,5,0
20494,ieth,5,0
20499,arnation,5,0
20640,educt,5,0
20664,Ġruth,5,0
20946,ĠBritann,5,0
21129,ĠRaid,5,0
21192,ĠGrac,5,0
21210,Ġautobi,5,0
21248,ĠSupplement,5,0
21252,ĠFergus,5,0
21288,Ġstereoty,5,0
21321,ienced,5,0
21336,erity,5,0
21353,Ġloos,5,0
21381,umption,5,0
21382,ĠDaven,5,0
21598,uver,5,0
21606,Ġmisc,5,0
21608,Ġpian,5,0
21671,ohyla,5,0
21705,atorial,5,0
21750,fielder,5,0
21840,heum,5,0
21917,ansk,5,0
22007,Ġjewell,5,0
22110,onial,5,0
22182,ertainties,5,0
22509,ĠDeV,5,0
22581,ĠFeld,5,0
22682,rale,5,0
22696,lemen,5,0
22735,ulance,5,0
22766,ĠKod,5,0
22813,cepts,5,0
22943,ĠCambod,5,0
22995,eried,5,0
23030,ĠCadd,5,0
23065,Ġvint,5,0
23143,nai,5,0
23204,ĠBonap,5,0
23361,udence,5,0
23408,Ġgenoc,5,0
23457,ĠPrep,5,0
23508,Ġcobbl,5,0
23556,Ġexhilar,5,0
23713,ĠAthen,5,0
23715,ĠReyn,5,0
23793,versely,5,0
23928,rative,5,0
23937,atche,5,0
23953,Ġinequ,5,0
23983,Ġsegreg,5,0
24263,dp,5,0
24299,oters,5,0
24343,Ġexting,5,0
24390,iban,5,0
24397,Ġeffic,5,0
24415,brid,5,0
24576,ĠMesopotam,5,0
24721,abal,5,0
24779,shadow,5,0
24808,uffer,5,0
24819,ĠGuatem,5,0
25043,omical,5,0
25049,entry,5,0
25097,arez,5,0
25127,Ġrepr,5,0
25138,Ġsubl,5,0
25172,Ġinspir,5,0
25219,Ġcombust,5,0
25221,olyn,5,0
25394,gow,5,0
25432,oteca,5,0
25435,ĠSapp,5,0
25463,ateful,5,0
25486,raulic,5,0
25546,ussy,5,0
25548,ksa,5,0
25630,hetical,5,0
25644,piratory,5,0
25782,erated,5,0
25847,arde,5,0
25873,auc,5,0
25877,ĠInj,5,0
25918,ibal,5,0
25921,Ġobli,5,0
26108,Ġplummet,5,0
26246,Ġdemer,5,0
26361,Ġcatamar,5,0
26388,ĠAssy,5,0
26407,ANF,5,0
26441,ranos,5,0
26490,Marg,5,0
26586,mour,5,0
26618,leaders,5,0
26701,ĠKangle,5,0
26731,aseo,5,0
26766,ĠBea,5,0
26818,ĠCoven,5,0
26832,Ġverand,5,0
27020,MIP,5,0
27021,Sec,5,0
27026,iov,5,0
27035,tur,5,0
27039,hev,5,0
27046,itational,5,0
27111,redited,5,0
27112,ĠRut,5,0
27174,hesus,5,0
27186,Ġretr,5,0
27286,ĠSymp,5,0
27383,iatric,5,0
27587,urances,5,0
27606,ĠPJ,5,0
27676,rued,5,0
27819,criber,5,0
28029,rational,5,0
28048,itat,5,0
28110,geons,5,0
28179,ĠVisc,5,0
28185,Ġbuccane,5,0
28225,tershire,5,0
28231,shoot,5,0
28258,Ġdemoral,5,0
28287,sche,5,0
28292,Ġdevi,5,0
28611,iddy,5,0
28623,imensional,5,0
28628,ĠCov,5,0
28638,Ġanarch,5,0
28669,eming,5,0
28674,ĠLaud,5,0
28680,ĠRapt,5,0
28700,inez,5,0
28885,ĠNetany,5,0
29104,gore,5,0
29116,rude,5,0
29121,zhen,5,0
29185,ĠiPh,5,0
29198,Ġprod,5,0
29220,Ġalk,5,0
29224,Ġwors,5,0
29234,ocating,5,0
29258,ruz,5,0
29318,ĠManch,5,0
29359,depend,5,0
29490,ĠBhair,5,0
29590,Ġpropriet,5,0
29710,Ġbere,5,0
29716,Ġrearr,5,0
29721,roix,5,0
29841,Ġquir,5,0
29934,Ġinfuri,5,0
29991,ĠJewel,5,0
29995,Ġmisle,5,0
30079,Ġimpert,5,0
30187,algam,5,0
30249,ĠTukab,5,0
30306,coun,5,0
30321,yst,5,0
30349,Ġnur,5,0
30380,Ġhag,5,0
30395,olutions,5,0
30420,ĠNLA,5,0
30448,odor,5,0
30481,rugg,5,0
30520,Ġretali,5,0
30521,azaki,5,0
30524,Ġfrivol,5,0
30544,ĠIsk,5,0
30587,ĠExec,5,0
30625,Ġfaire,5,0
30641,ĠBoil,5,0
30672,Ġembry,5,0
30684,forcement,5,0
30687,ĠHawth,5,0
30724,Ġerrone,5,0
30741,Ġcocoan,5,0
30829,ulchre,5,0
30915,assadors,5,0
30948,MAS,5,0
31017,icides,5,0
31285,ĠNotting,5,0
31436,fathers,5,0
31610,Ġsynchrot,5,0
31680,sets,5,0
31696,anja,5,0
31726,ĠANN,5,0
31762,ĠPitc,5,0
31771,ĠWagon,5,0
31797,ĠLax,5,0
31820,igmat,5,0
31851,ĠKame,5,0
31896,ellie,5,0
31968,leville,5,0
31978,meas,5,0
32232,ĠInnoc,5,0
32252,ĠBrahm,5,0
32461,rists,5,0
32468,Ġtresp,5,0
32673,feit,5,0
32686,onti,5,0
32727,ĠIndic,5,0
32741,uckles,5,0
32745,eely,5,0
32746,ashtra,5,0
33064,ĠInnov,5,0
33092,uyama,5,0
33321,ousel,5,0
33421,estion,5,0
33427,ardian,5,0
33491,Ġunequ,5,0
33512,Ġimpot,5,0
33553,axy,5,0
33590,okko,5,0
33613,Ġnewsweek,5,0
33650,ĠSanam,5,0
33663,Ġpalis,5,0
33671,ĠSlav,5,0
33718,umni,5,0
33738,Ġirrad,5,0
33743,ĠMerri,5,0
33767,ĠMcCon,5,0
33779,Child,5,0
34042,simile,5,0
34132,GM,5,0
34154,XIC,5,0
34185,pable,5,0
34206,reate,5,0
34329,ĠFurn,5,0
34350,iell,5,0
34359,nton,5,0
34410,assuming,5,0
34428,achsh,5,0
34439,Ġscuff,5,0
34461,ovis,5,0
34559,ported,5,0
34563,olling,5,0
34625,Ġmisstat,5,0
34693,looked,5,0
34724,Ġunhapp,5,0
34831,licable,5,0
34920,gotten,5,0
34998,cephalus,5,0
35115,ateness,5,0
35128,Ġpes,5,0
35177,ĠCaj,5,0
35198,opo,5,0
35232,ĠDau,5,0
35252,ĠGarr,5,0
35262,ĠJib,5,0
35291,ivorous,5,0
35306,ĠKav,5,0
35359,Ġcoex,5,0
35425,aneum,5,0
35432,tenham,5,0
35468,ucian,5,0
35477,ooray,5,0
35663,ĠTrave,5,0
35719,farers,5,0
35845,patrick,5,0
35963,practice,5,0
36001,COP,5,0
36019,VP,5,0
36050,tics,5,0
36067,ispiece,5,0
36092,alib,5,0
36134,ĠSter,5,0
36156,ĠCuss,5,0
36240,ĠLeth,5,0
36244,ĠGrig,5,0
36272,peachment,5,0
36280,Ġtrink,5,0
36390,ibals,5,0
36391,ledged,5,0
36392,Ġincarcer,5,0
36394,ankind,5,0
36422,ĠMarce,5,0
36434,Ġminist,5,0
36468,Ġinfrequ,5,0
36540,ĠSanct,5,0
36545,ĠMeasure,5,0
36546,ĠNeuen,5,0
36593,Ġmisbeh,5,0
36595,ĠEncour,5,0
36641,ĠMiddles,5,0
36648,ĠSuggest,5,0
36890,Ġfidget,5,0
36914,Ġwigw,5,0
37151,dened,5,0
37155,fels,5,0
37163,jima,5,0
37219,Ġinan,5,0
37243,idi,5,0
37256,ĠSes,5,0
37260,ĠSatell,5,0
37276,uric,5,0
37281,ĠCurn,5,0
37375,outes,5,0
37489,manent,5,0
37504,ggers,5,0
37511,azawa,5,0
37519,ĠAndalus,5,0
37522,ĠLein,5,0
37552,Ġelic,5,0
37599,arching,5,0
37701,Ġfaa,5,0
37864,dao,5,0
37887,partisan,5,0
37954,Ġunrec,5,0
37957,ĠFatim,5,0
38389,Ġgrop,5,0
38423,urations,5,0
38437,ĠHue,5,0
38504,Ġvandal,5,0
38517,Ġabdu,5,0
38525,ĠOax,5,0
38537,woven,5,0
38540,ĠThier,5,0
38596,Ġpreoccup,5,0
38700,velopment,5,0
38759,ĠMayak,5,0
38800,valued,5,0
38859,omini,5,0
38880,regor,5,0
38886,ulele,5,0
39005,ĠArchdu,5,0
39048,ĠVolt,5,0
39056,enthal,5,0
39216,Genova,5,0
39246,ĠMachiavell,5,0
39262,Ġincompre,5,0
39445,mercury,5,0
39469,ocumented,5,0
39513,Gent,5,0
39544,aust,5,0
39565,nep,5,0
39578,vall,5,0
39581,ymn,5,0
39592,inarian,5,0
39628,oried,5,0
39633,Ġmoles,5,0
39652,assemb,5,0
39708,send,5,0
39745,ilus,5,0
39796,ĠDrosoph,5,0
39911,ĠChik,5,0
39915,aville,5,0
39921,Ġdishe,5,0
39929,ogly,5,0
39931,ogens,5,0
39955,feather,5,0
40090,quely,5,0
40183,illem,5,0
40228,loge,5,0
40232,Ġzen,5,0
40339,ĠMeteor,5,0
40363,ĠBabyl,5,0
40381,onnaise,5,0
40406,ĠTOXIC,5,0
40425,ĠRyuk,5,0
40461,ramatic,5,0
40473,whelming,5,0
40555,ableness,5,0
40563,osexual,5,0
40633,Ġcelib,5,0
40824,Ġbluepr,5,0
40828,Ġparametriz,5,0
40885,GP,5,0
40931,dire,5,0
40936,fem,5,0
40943,gross,5,0
41019,asants,5,0
41059,stru,5,0
41066,utonic,5,0
41080,Ġstoke,5,0
41106,Ġwhitt,5,0
41160,thorn,5,0
41206,ĠLuh,5,0
41237,ĠJas,5,0
41306,Ġenam,5,0
41364,ersonal,5,0
41367,ullo,5,0
41377,ĠAnas,5,0
41381,athas,5,0
41431,Ġinterst,5,0
41614,ĠPalat,5,0
41658,ĠSchu,5,0
41661,cerning,5,0
41665,iosis,5,0
41671,Ġsocio,5,0
41724,Ġaltru,5,0
41794,ĠSCU,5,0
41948,ĠPropos,5,0
42085,ongeBob,5,0
42095,Columb,5,0
42133,ECTED,5,0
42270,ĠConcep,5,0
42392,Cas,5,0
42393,Card,5,0
42425,Pu,5,0
42498,yield,5,0
42531,itness,5,0
42532,itering,5,0
42568,leth,5,0
42650,urrence,5,0
42675,ĠBism,5,0
42695,chle,5,0
42700,ophe,5,0
42748,Ġbyproduct,5,0
42762,ĠLudd,5,0
42770,ĠGork,5,0
42817,ostro,5,0
42826,indust,5,0
42830,akian,5,0
42881,Ġgramm,5,0
42893,ograms,5,0
42912,erem,5,0
42928,ampires,5,0
42939,Ġrepud,5,0
42952,isely,5,0
43018,shie,5,0
43094,Ġhumm,5,0
43147,Ġposthum,5,0
43169,Ġcorr,5,0
43213,ĠMcLe,5,0
43299,ĠGlam,5,0
43307,regation,5,0
43374,ĠKeit,5,0
43414,SAM,5,0
43416,ĠPanj,5,0
43628,ĠDynam,5,0
43714,ĠLorenz,5,0
43822,ĠMETH,5,0
43860,igarette,5,0
44080,Cam,5,0
44102,Natal,5,0
44153,hagen,5,0
44158,lims,5,0
44179,subs,5,0
44204,information,5,0
44207,reis,5,0
44278,ĠTane,5,0
44281,ĠTapest,5,0
44292,iciously,5,0
44327,adden,5,0
44338,ĠSomm,5,0
44394,opening,5,0
44413,Ġdooms,5,0
44471,ĠLust,5,0
44522,ĠEuch,5,0
44549,ocious,5,0
44552,aua,5,0
44572,ĠKint,5,0
44592,Ġenig,5,0
44596,Ġunprov,5,0
44608,achments,5,0
44610,ubo,5,0
44629,ruce,5,0
44634,Ġscutt,5,0
44668,ĠAncest,5,0
44697,ĠFrau,5,0
44796,rictly,5,0
44812,annes,5,0
44814,inaire,5,0
44822,Ġpecc,5,0
44887,letters,5,0
44958,ĠElimin,5,0
44976,afa,5,0
45158,Ġschoon,5,0
45166,IDs,5,0
45185,uzzi,5,0
45257,Ġhyphen,5,0
45300,ĠMotiv,5,0
45333,ĠCornel,5,0
45373,Ġxen,5,0
45447,OKI,5,0
45508,Prof,5,0
45652,Ġtantal,5,0
45806,clerosis,5,0
45875,ĠMOUN,5,0
45937,Agn,5,0
45981,RATED,5,0
46010,eans,5,0
46034,matics,5,0
46047,rasa,5,0
46058,tick,5,0
46067,uates,5,0
46091,inol,5,0
46093,invest,5,0
46094,render,5,0
46117,Ġbah,5,0
46130,onians,5,0
46132,itano,5,0
46133,anol,5,0
46134,anist,5,0
46168,aray,5,0
46215,Ġeclips,5,0
46231,acci,5,0
46252,imatum,5,0
46254,Ġstent,5,0
46264,urals,5,0
46317,ĠPess,5,0
46336,andt,5,0
46385,Ġchl,5,0
46400,ĠLle,5,0
46413,ĠGEN,5,0
46445,Ġvarn,5,0
46503,ĠKuh,5,0
46543,renheit,5,0
46562,avent,5,0
46565,ubstant,5,0
46582,Ġresusc,5,0
46604,Ġapportion,5,0
46608,Ġbackfl,5,0
46629,tellers,5,0
46709,ĠArgon,5,0
46784,ismo,5,0
46849,priest,5,0
46885,ĠScissor,5,0
46891,Ġraunch,5,0
46902,SCRI,5,0
46938,scher,5,0
47007,aulah,5,0
47151,ĠHelicop,5,0
47196,weekly,5,0
47242,ĠMelan,5,0
47337,ĠFerre,5,0
47340,Ġhypoch,5,0
47360,Ġtablesp,5,0
47365,ĠBaix,5,0
47368,Ġskew,5,0
47423,Ġsurrept,5,0
47448,Ġbotul,5,0
47475,ĠWolver,5,0
47549,Ġhydrofo,5,0
47559,history,5,0
47567,slides,5,0
47684,Ġsulk,5,0
47732,Ġdiscomf,5,0
47778,ĠCLOU,5,0
47812,ĠVaucl,5,0
47814,Ġostent,5,0
47824,Ġomnip,5,0
47845,tebrate,5,0
47883,privileged,5,0
48037,Ġhollyh,5,0
48144,Dess,5,0
48152,Fut,5,0
48161,Hark,5,0
48167,Kn,5,0
48171,Lam,5,0
48195,RMS,5,0
48203,Sah,5,0
48204,Sty,5,0
48212,Tok,5,0
48216,Vall,5,0
48241,dresses,5,0
48261,hari,5,0
48266,jew,5,0
48272,mens,5,0
48311,wast,5,0
48322,hea,5,0
48367,orra,5,0
48370,Ġmott,5,0
48399,alena,5,0
48427,icisms,5,0
48445,otions,5,0
48458,stayed,5,0
48461,Ġrebo,5,0
48488,verick,5,0
48525,ĠBim,5,0
48528,ĠBats,5,0
48531,ĠBoe,5,0
48564,ĠPint,5,0
48594,olias,5,0
48597,ĠWand,5,0
48603,ĠWerth,5,0
48605,ulz,5,0
48607,Ġdelet,5,0
48614,oreal,5,0
48615,unz,5,0
48620,unctions,5,0
48631,ĠFayette,5,0
48637,ĠDaff,5,0
48703,roux,5,0
48758,akshi,5,0
48760,ĠThorough,5,0
48762,arely,5,0
48773,bermann,5,0
48798,ĠUA,5,0
48806,ĠStret,5,0
48814,Ġunbur,5,0
48824,Ġquas,5,0
48844,merland,5,0
48859,ĠVick,5,0
48872,Ġsmel,5,0
48881,Ġprecon,5,0
48884,Ġimprec,5,0
48914,enco,5,0
49006,eki,5,0
49013,Ġphyl,5,0
49032,Ġmetall,5,0
49033,nerable,5,0
49067,uhu,5,0
49110,ricting,5,0
49158,ĠThence,5,0
49197,ĠPhar,5,0
49222,auri,5,0
49368,Ġseparat,5,0
49377,Ġmisdemean,5,0
49381,ĠEnh,5,0
49388,Ġzool,5,0
49417,Ġsavour,5,0
49418,righteous,5,0
49437,Ġcolloqu,5,0
49468,nesium,5,0
49535,MBO,5,0
49554,iener,5,0
49581,ĠWilhel,5,0
49582,noides,5,0
49603,Ġmicrobi,5,0
49619,impy,5,0
49648,ĠErick,5,0
49653,ĠFeat,5,0
49722,902,5,0
49758,naturally,5,0
49766,spots,5,0
49839,ĠNagas,5,0
49859,Marit,5,0
50179,ĠVoj,5,0
50242,Ġinaccur,5,0
50322,ĠAmphithe,5,0
50328,ĠBlooming,5,0
50377,Apoll,5,0
50612,Ġpollywo,5,0
50665,"/""",5,0
50781,bane,5,0
50825,kun,5,0
50836,mium,5,0
50853,rory,5,0
50855,rises,5,0
50864,ulet,5,0
50868,wit,5,0
51014,owder,5,0
51143,ationals,5,0
51185,ulah,5,0
51195,unas,5,0
51197,unno,5,0
51374,ifest,5,0
51410,raven,5,0
51419,actose,5,0
51482,closures,5,0
51544,nek,5,0
51558,ontin,5,0
51920,ethinks,5,0
51956,afraid,5,0
52242,ACC,5,0
52408,farer,5,0
52526,quisite,5,0
52573,aughey,5,0
68697,ĠĠĠĠĠĠĠĠĠĠĠĠĠĠĠĠĠĠĠĠĠĠĠĠĠĠĠĠĠĠĠĠĠĠĠĠĠĠĠĠĠĠĠĠĠĠĠĠ,5,0
71001,"""/""",5,0
71002,")"").",5,0
71003,-_,5,0
71004,.*,5,0
71005,020,5,0
71006,035,5,0
71007,066,5,0
71008,076,5,0
71009,068,5,0
71010,053,5,0
71011,235,5,0
71012,315,5,0
71013,321,5,0
71014,365,5,0
71015,4000,5,0
71016,416,5,0
71017,414,5,0
71018,490,5,0
71019,435,5,0
71020,429,5,0
71021,433,5,0
71022,464,5,0
71023,467,5,0
71024,462,5,0
71025,580,5,0
71026,535,5,0
71027,538,5,0
71028,565,5,0
71029,564,5,0
71030,532,5,0
71031,536,5,0
71032,547,5,0
71034,622,5,0
71035,645,5,0
71036,710,5,0
71037,715,5,0
71038,716,5,0
71039,760,5,0
71040,740,5,0
71041,770,5,0
71042,780,5,0
71043,727,5,0
71044,734,5,0
71045,791,5,0
71046,823,5,0
71047,899,5,0
71048,828,5,0
71049,862,5,0
71052,970,5,0
71053,959,5,0
71054,941,5,0
71055,:#,5,0
71056,;[,5,0
71057,?.,5,0
71058,AB,5,0
71059,AG,5,0
71060,Ale,5,0
71061,Aqu,5,0
71062,Action,5,0
71063,Alt,5,0
71064,Ahem,5,0
71065,Aye,5,0
71066,ABA,5,0
71068,Amand,5,0
71069,Active,5,0
71070,Aignan,5,0
71071,BF,5,0
71073,Bound,5,0
71074,Bog,5,0
71075,Bank,5,0
71076,Bever,5,0
71077,Bains,5,0
71078,Bey,5,0
71079,Balt,5,0
71081,Biza,5,0
71082,Brah,5,0
71083,Board,5,0
71085,Btu,5,0
71086,Bufo,5,0
71087,Cou,5,0
71088,Cow,5,0
71089,Cop,5,0
71090,Cost,5,0
71091,Came,5,0
71092,Cind,5,0
71093,Cable,5,0
71094,Cult,5,0
71095,Ches,5,0
71096,Cup,5,0
71097,Casa,5,0
71098,CENT,5,0
71099,Czech,5,0
71100,CESS,5,0
71101,Chero,5,0
71102,Costa,5,0
71103,Corydoras,5,0
71104,Category,5,0
71105,DN,5,0
71106,Du,5,0
71107,Dan,5,0
71108,Dest,5,0
71109,Duck,5,0
71110,DON,5,0
71111,Derry,5,0
71112,DIC,5,0
71114,DOL,5,0
71115,DTV,5,0
71116,DVD,5,0
71117,Dunno,5,0
71118,Ec,5,0
71119,Ere,5,0
71120,Ees,5,0
71121,Eight,5,0
71122,Emp,5,0
71123,Elf,5,0
71124,Eazy,5,0
71125,Energy,5,0
71126,Evelina,5,0
71127,Enders,5,0
71128,Fre,5,0
71129,Fate,5,0
71130,Fast,5,0
71131,Ford,5,0
71132,Fix,5,0
71133,Field,5,0
71134,Fraid,5,0
71136,Flight,5,0
71137,Frost,5,0
71138,FBI,5,0
71139,Funny,5,0
71140,FITS,5,0
71142,Ga,5,0
71143,Gol,5,0
71144,Gage,5,0
71145,Gross,5,0
71146,Gaul,5,0
71148,Garon,5,0
71149,Garnier,5,0
71150,HV,5,0
71151,Hg,5,0
71152,Han,5,0
71153,Him,5,0
71154,Hum,5,0
71155,Hate,5,0
71156,Hort,5,0
71157,Hunt,5,0
71158,Herm,5,0
71159,Horses,5,0
71160,HTA,5,0
71161,HCA,5,0
71162,Human,5,0
71163,Horne,5,0
71164,Hollywood,5,0
71165,Ice,5,0
71166,Ira,5,0
71167,Imm,5,0
71168,Jo,5,0
71169,Joint,5,0
71170,JOR,5,0
71171,Jolly,5,0
71172,Jennie,5,0
71173,JHL,5,0
71174,Judge,5,0
71176,Kl,5,0
71177,Ker,5,0
71178,Kat,5,0
71179,Kam,5,0
71180,Kum,5,0
71181,Kick,5,0
71182,Key,5,0
71183,Kansas,5,0
71184,Khal,5,0
71185,Ly,5,0
71186,Link,5,0
71187,Lach,5,0
71188,Looking,5,0
71189,Ludd,5,0
71190,Latin,5,0
71191,Mat,5,0
71192,Mist,5,0
71194,Moon,5,0
71196,Meg,5,0
71197,Merry,5,0
71198,MFA,5,0
71199,Malo,5,0
71200,Michael,5,0
71201,Mebbe,5,0
71202,Methinks,5,0
71203,NK,5,0
71204,Nin,5,0
71205,Nas,5,0
71206,Night,5,0
71207,Nak,5,0
71208,Native,5,0
71209,NES,5,0
71211,NIGHT,5,0
71212,Nearly,5,0
71213,Oak,5,0
71214,Opt,5,0
71215,Oise,5,0
71216,Obs,5,0
71217,OAS,5,0
71221,OSE,5,0
71222,Oeuvre,5,0
71223,Pi,5,0
71224,Pent,5,0
71225,Pad,5,0
71226,Pir,5,0
71227,Pitty,5,0
71228,Pigs,5,0
71229,Personal,5,0
71230,QR,5,0
71231,Qah,5,0
71232,Ric,5,0
71233,Roc,5,0
71234,Rif,5,0
71235,Reb,5,0
71236,Resc,5,0
71239,RANT,5,0
71240,Roussillon,5,0
71241,RELS,5,0
71242,Sort,5,0
71243,Sel,5,0
71244,Sep,5,0
71245,Sold,5,0
71247,Sons,5,0
71248,Ssh,5,0
71249,Sky,5,0
71250,Scan,5,0
71251,Swing,5,0
71252,Search,5,0
71253,Scr,5,0
71254,Santa,5,0
71255,SIR,5,0
71256,Serves,5,0
71257,Suz,5,0
71258,Susan,5,0
71260,Tor,5,0
71261,Tar,5,0
71262,Tall,5,0
71263,Tree,5,0
71264,Tra,5,0
71265,Tomb,5,0
71266,TRA,5,0
71267,Touch,5,0
71268,TIG,5,0
71269,Taxi,5,0
71270,Tuppence,5,0
71272,UGHT,5,0
71273,Vis,5,0
71275,Wol,5,0
71276,Wel,5,0
71277,Walk,5,0
71278,Worse,5,0
71279,Wizards,5,0
71280,XIV,5,0
71281,XIII,5,0
71282,YP,5,0
71286,Zero,5,0
71287,"].""]",5,0
71288,aans,5,0
71289,averse,5,0
71291,bab,5,0
71292,bia,5,0
71293,bial,5,0
71294,bob,5,0
71295,brough,5,0
71296,bily,5,0
71297,bets,5,0
71298,bik,5,0
71299,billed,5,0
71300,buro,5,0
71301,bara,5,0
71302,bino,5,0
71303,barr,5,0
71305,braham,5,0
71306,brave,5,0
71307,bairn,5,0
71308,bordered,5,0
71310,cand,5,0
71311,cated,5,0
71312,cave,5,0
71314,cited,5,0
71316,cooper,5,0
71317,curd,5,0
71318,calo,5,0
71319,copy,5,0
71320,calling,5,0
71321,dun,5,0
71322,dive,5,0
71323,dice,5,0
71324,dings,5,0
71325,dia,5,0
71326,dating,5,0
71327,dell,5,0
71329,dural,5,0
71331,draft,5,0
71332,dyn,5,0
71333,dread,5,0
71334,didae,5,0
71335,dazed,5,0
71336,discovered,5,0
71337,densburg,5,0
71338,dwellers,5,0
71340,eunt,5,0
71342,find,5,0
71343,fau,5,0
71344,foy,5,0
71345,fous,5,0
71347,fought,5,0
71348,fles,5,0
71349,fix,5,0
71350,fants,5,0
71351,fying,5,0
71352,fries,5,0
71353,feng,5,0
71354,flex,5,0
71355,fours,5,0
71356,fenberg,5,0
71357,fangled,5,0
71359,funny,5,0
71360,fabric,5,0
71361,gable,5,0
71362,gating,5,0
71363,grew,5,0
71365,gift,5,0
71366,gosh,5,0
71367,gaming,5,0
71369,gods,5,0
71370,gogi,5,0
71371,hom,5,0
71373,hale,5,0
71374,hope,5,0
71375,hides,5,0
71376,hana,5,0
71377,hires,5,0
71378,holy,5,0
71379,halle,5,0
71380,homme,5,0
71381,hazard,5,0
71382,hwaite,5,0
71384,iher,5,0
71385,iros,5,0
71386,iography,5,0
71387,iologist,5,0
71388,iidae,5,0
71389,jit,5,0
71390,jes,5,0
71391,jub,5,0
71393,jumbo,5,0
71394,jolais,5,0
71395,khe,5,0
71396,kal,5,0
71397,kot,5,0
71398,kine,5,0
71399,kiss,5,0
71400,kaw,5,0
71401,kari,5,0
71402,kka,5,0
71403,kader,5,0
71404,kva,5,0
71405,kova,5,0
71406,kWh,5,0
71407,kkun,5,0
71408,lith,5,0
71411,lots,5,0
71412,leston,5,0
71413,ml,5,0
71416,matically,5,0
71417,mila,5,0
71418,material,5,0
71419,mokers,5,0
71420,mademoiselle,5,0
71422,nough,5,0
71423,nians,5,0
71424,niers,5,0
71425,nasty,5,0
71426,noster,5,0
71428,oah,5,0
71429,oissi,5,0
71430,oidea,5,0
71431,pid,5,0
71432,pia,5,0
71435,pically,5,0
71436,prop,5,0
71437,piel,5,0
71442,rz,5,0
71443,roth,5,0
71445,rana,5,0
71446,rules,5,0
71447,rushes,5,0
71448,sad,5,0
71450,sust,5,0
71451,same,5,0
71452,spect,5,0
71453,salt,5,0
71454,siel,5,0
71455,sando,5,0
71456,sitter,5,0
71457,sdorf,5,0
71458,sodden,5,0
71459,southeast,5,0
71461,tat,5,0
71462,tab,5,0
71463,tide,5,0
71464,took,5,0
71465,tang,5,0
71466,treat,5,0
71467,tend,5,0
71468,toll,5,0
71470,tended,5,0
71471,tites,5,0
71473,tika,5,0
71474,timed,5,0
71475,uik,5,0
71476,uera,5,0
71477,uitive,5,0
71478,uoli,5,0
71480,uosity,5,0
71482,vach,5,0
71484,vote,5,0
71485,voice,5,0
71487,vura,5,0
71488,viable,5,0
71489,vais,5,0
71490,vailing,5,0
71491,wot,5,0
71492,wink,5,0
71493,waw,5,0
71494,wired,5,0
71495,wins,5,0
71496,wai,5,0
71497,wrest,5,0
71499,wagons,5,0
71500,wanted,5,0
71501,wami,5,0
71502,wski,5,0
71503,wijk,5,0
71504,yc,5,0
71505,ysema,5,0
71506,zis,5,0
71509,zka,5,0
71510,zaki,5,0
71511,zinger,5,0
71512,zuma,5,0
71513,Ġery,5,0
71514,Ġermine,5,0
71515,Ġ........................,5,0
71516,Ġtk,5,0
71517,Ġtse,5,0
71518,Ġtres,5,0
71519,Ġtep,5,0
71521,Ġtai,5,0
71522,Ġtapers,5,0
71523,Ġtasc,5,0
71525,Ġtzen,5,0
71526,Ġtaming,5,0
71528,Ġtresses,5,0
71529,Ġtsk,5,0
71530,Ġtingle,5,0
71531,Ġttingen,5,0
71532,heen,5,0
71533,heel,5,0
71534,heli,5,0
71535,hevi,5,0
71537,hehr,5,0
71538,Ġaur,5,0
71540,Ġaise,5,0
71542,Ġailed,5,0
71543,Ġauf,5,0
71544,Ġaagency,5,0
71546,inate,5,0
71547,inies,5,0
71551,inaris,5,0
71552,inodon,5,0
71553,repl,5,0
71554,rements,5,0
71555,reason,5,0
71557,relly,5,0
71558,reaux,5,0
71559,reported,5,0
71560,rejas,5,0
71561,requisite,5,0
71564,Ġsated,5,0
71565,Ġsomb,5,0
71566,Ġsopping,5,0
71567,Ġsieve,5,0
71568,Ġsersa,5,0
71569,Ġsambar,5,0
71570,Ġwann,5,0
71571,Ġwales,5,0
71572,Ġwoul,5,0
71573,Ġwails,5,0
71574,Ġwagers,5,0
71577,Ġwench,5,0
71578,Ġwintered,5,0
71580,Ġomb,5,0
71582,erk,5,0
71583,eru,5,0
71584,erate,5,0
71585,erick,5,0
71586,erica,5,0
71587,eracing,5,0
71589,erati,5,0
71590,ndorf,5,0
71591,atate,5,0
71593,atso,5,0
71595,atkow,5,0
71596,isual,5,0
71597,isburg,5,0
71599,isvara,5,0
71600,isputed,5,0
71601,Ġbing,5,0
71602,Ġbop,5,0
71603,Ġbers,5,0
71604,Ġbitt,5,0
71605,Ġbair,5,0
71608,Ġbiod,5,0
71609,Ġbores,5,0
71610,Ġbaux,5,0
71611,Ġbuda,5,0
71612,Ġbogg,5,0
71613,Ġbribing,5,0
71617,Ġcashing,5,0
71619,Ġcgs,5,0
71621,Ġcoda,5,0
71622,Ġcaskets,5,0
71623,Ġculled,5,0
71624,Ġcubbies,5,0
71625,Ġcuneiform,5,0
71627,onive,5,0
71628,onite,5,0
71629,onious,5,0
71630,onix,5,0
71631,onics,5,0
71634,oue,5,0
71635,oui,5,0
71637,ouil,5,0
71638,ouff,5,0
71641,oupa,5,0
71642,anos,5,0
71643,anory,5,0
71644,anini,5,0
71645,anoshima,5,0
71646,edes,5,0
71648,enial,5,0
71649,enarian,5,0
71650,enabled,5,0
71651,enidae,5,0
71652,Ġfom,5,0
71653,Ġfah,5,0
71655,Ġfuses,5,0
71656,Ġfads,5,0
71657,Ġfrett,5,0
71658,Ġfuming,5,0
71659,oram,5,0
71660,orance,5,0
71661,orok,5,0
71662,orloge,5,0
71663,Ġmers,5,0
71664,Ġmink,5,0
71667,Ġmired,5,0
71669,Ġmorp,5,0
71670,Ġmutch,5,0
71671,Ġmih,5,0
71672,Ġmnem,5,0
71674,esign,5,0
71675,Ġpare,5,0
71676,Ġpied,5,0
71677,Ġpique,5,0
71678,Ġpitty,5,0
71681,Ġpusk,5,0
71683,Ġpinyin,5,0
71684,Ġpittance,5,0
71692,Ġhibiscus,5,0
71694,Ġtoted,5,0
71698,Ġdith,5,0
71699,Ġdank,5,0
71701,Ġdumber,5,0
71703,Ġdaco,5,0
71704,Ġdoodles,5,0
71705,Ġduffer,5,0
71707,Ġiniqu,5,0
71708,Ġinesc,5,0
71709,Ġinaction,5,0
71710,Ġinaus,5,0
71712,arone,5,0
71713,argy,5,0
71714,arme,5,0
71715,arounds,5,0
71716,aroos,5,0
71717,arasa,5,0
71720,alos,5,0
71721,alob,5,0
71723,alto,5,0
71724,aliy,5,0
71726,asar,5,0
71728,asio,5,0
71729,asize,5,0
71730,asement,5,0
71731,asana,5,0
71732,assembly,5,0
71733,ĠTX,5,0
71734,ĠTout,5,0
71735,ĠToc,5,0
71736,ĠTav,5,0
71737,ĠTark,5,0
71738,ĠTaw,5,0
71739,ĠTrow,5,0
71740,ĠTuth,5,0
71741,ĠTape,5,0
71742,ĠTrench,5,0
71743,ĠTera,5,0
71744,ĠTread,5,0
71745,ĠTana,5,0
71746,ĠTOR,5,0
71747,ĠTaret,5,0
71748,ĠTrous,5,0
71749,ĠTribute,5,0
71750,ĠTaver,5,0
71751,ĠTalle,5,0
71752,ĠTangle,5,0
71753,ĠTando,5,0
71754,ĠTandy,5,0
71755,ĠTSE,5,0
71756,ĠTido,5,0
71757,ĠTingle,5,0
71758,ĠTMI,5,0
71759,ĠTilden,5,0
71760,ĠTauli,5,0
71761,ĠTootsie,5,0
71762,lered,5,0
71763,leather,5,0
71765,lemore,5,0
71766,learning,5,0
71768,Ġthim,5,0
71770,Ġthrought,5,0
71771,Ġthugg,5,0
71772,Ġthistle,5,0
71774,Ġthwarts,5,0
71775,omal,5,0
71776,omant,5,0
71777,omari,5,0
71778,omoto,5,0
71779,omanganate,5,0
71780,Ġnes,5,0
71781,Ġnuff,5,0
71782,Ġnior,5,0
71783,Ġnura,5,0
71784,Ġnipping,5,0
71787,icier,5,0
71789,icatory,5,0
71790,icizing,5,0
71791,icios,5,0
71792,Ġln,5,0
71793,Ġlide,5,0
71794,Ġlice,5,0
71797,Ġlze,5,0
71798,Ġlira,5,0
71799,Ġlusted,5,0
71800,Ġlumped,5,0
71801,Ġlinden,5,0
71802,Ġlactose,5,0
71804,Ġges,5,0
71807,Ġgint,5,0
71809,Ġgung,5,0
71810,Ġgored,5,0
71811,Ġgaff,5,0
71812,Ġgushes,5,0
71813,Ġgaffe,5,0
71814,Ġgrouse,5,0
71816,llum,5,0
71817,llia,5,0
71818,llable,5,0
71819,llah,5,0
71820,ĠIster,5,0
71821,ĠIPA,5,0
71822,ĠIgu,5,0
71823,ĠIbar,5,0
71824,ĠIUPAC,5,0
71825,ĠIcicle,5,0
71826,ĠIarbus,5,0
71827,Ġisi,5,0
71828,ĠTheo,5,0
71830,ĠAa,5,0
71831,ĠAest,5,0
71832,ĠApe,5,0
71833,ĠApr,5,0
71835,ĠAster,5,0
71836,ĠAola,5,0
71837,ĠASA,5,0
71838,ĠAwhile,5,0
71839,ĠAja,5,0
71840,ĠAoki,5,0
71841,ĠArav,5,0
71842,ĠAbery,5,0
71843,ĠAqual,5,0
71844,ĠAumann,5,0
71845,ĠAusser,5,0
71846,ĠAtingkok,5,0
71847,otan,5,0
71848,otel,5,0
71849,otian,5,0
71852,iona,5,0
71854,Ġbeady,5,0
71855,Ġbeached,5,0
71858,Ġbeeches,5,0
71860,Ġbeavers,5,0
71861,Ġbefitted,5,0
71862,Ġbequests,5,0
71863,Ġbejeweled,5,0
71864,owicz,5,0
71865,vem,5,0
71866,veen,5,0
71867,vetson,5,0
71868,entive,5,0
71869,entering,5,0
71870,idic,5,0
71871,iday,5,0
71873,idade,5,0
71874,idsh,5,0
71878,Ġegh,5,0
71880,Ġeuk,5,0
71881,stur,5,0
71882,stating,5,0
71883,strel,5,0
71884,started,5,0
71885,stupid,5,0
71887,Ġrete,5,0
71888,Ġrerun,5,0
71889,Ġreorient,5,0
71890,Ġreexamine,5,0
71891,Ġyas,5,0
71892,Ġyap,5,0
71895,Ġyank,5,0
71899,Ġyawl,5,0
71900,Ġheigh,5,0
71902,Ġheller,5,0
71903,Ġhemat,5,0
71904,Ġheerd,5,0
71907,adt,5,0
71909,adip,5,0
71910,advent,5,0
71911,admir,5,0
71912,utis,5,0
71913,utum,5,0
71914,utters,5,0
71915,utians,5,0
71916,utability,5,0
71917,utively,5,0
71918,uteness,5,0
71919,utcheon,5,0
71920,utrope,5,0
71922,Ġwastin,5,0
71924,acists,5,0
71925,acism,5,0
71927,acien,5,0
71928,acao,5,0
71929,acchi,5,0
71930,aculum,5,0
71931,acahisar,5,0
71932,ayu,5,0
71933,ayum,5,0
71935,roaches,5,0
71936,rooted,5,0
71937,roxide,5,0
71939,etip,5,0
71940,etters,5,0
71941,ethyl,5,0
71942,ĠSly,5,0
71943,ĠSings,5,0
71944,ĠSach,5,0
71945,ĠSalk,5,0
71946,ĠSenn,5,0
71947,ĠSully,5,0
71948,ĠSunt,5,0
71950,ĠSoles,5,0
71951,ĠSien,5,0
71952,ĠSgt,5,0
71953,ĠSibi,5,0
71954,ĠSLA,5,0
71955,ĠSEP,5,0
71956,ĠSkel,5,0
71957,ĠSello,5,0
71958,ĠSampa,5,0
71959,ĠSagi,5,0
71960,ĠSneed,5,0
71962,ĠSutton,5,0
71963,ĠSumbur,5,0
71964,imic,5,0
71966,imada,5,0
71968,imori,5,0
71969,implement,5,0
71971,Ġstats,5,0
71972,Ġstoked,5,0
71974,Ġstrophe,5,0
71975,Ġstadia,5,0
71976,Ġstuttered,5,0
71977,Ġsturgeon,5,0
71978,Ġitch,5,0
71980,seeds,5,0
71981,Ġforbearing,5,0
71982,amot,5,0
71983,amont,5,0
71984,amsee,5,0
71985,amette,5,0
71987,amoura,5,0
71990,ghlal,5,0
71991,Ġweedy,5,0
71992,urat,5,0
71993,urah,5,0
71995,ĠCX,5,0
71996,ĠCig,5,0
71997,ĠCance,5,0
71998,ĠCorm,5,0
71999,ĠCress,5,0
72000,ĠCang,5,0
72001,ĠCates,5,0
72003,ĠCards,5,0
72004,ĠCiting,5,0
72005,ĠCoot,5,0
72006,ĠCries,5,0
72008,ĠCura,5,0
72009,ĠCien,5,0
72010,ĠCDA,5,0
72011,ĠCDP,5,0
72013,ĠCeline,5,0
72014,ĠCova,5,0
72016,ĠCrav,5,0
72017,ĠCASA,5,0
72018,ĠCayman,5,0
72019,ĠCrews,5,0
72020,ĠCotter,5,0
72021,ĠCuckoo,5,0
72022,ĠCERN,5,0
72023,ĠCKay,5,0
72024,ĠCGI,5,0
72025,ĠCarshal,5,0
72026,ĠCRIED,5,0
72027,ĠMD,5,0
72028,ĠMH,5,0
72029,ĠMN,5,0
72031,ĠMone,5,0
72032,ĠMage,5,0
72033,ĠMcc,5,0
72035,ĠMord,5,0
72036,ĠMalk,5,0
72037,ĠMody,5,0
72038,ĠMines,5,0
72040,ĠMidge,5,0
72041,ĠMuses,5,0
72042,ĠMoly,5,0
72043,ĠMbit,5,0
72044,ĠMira,5,0
72045,ĠMaka,5,0
72046,ĠMasa,5,0
72047,ĠMLA,5,0
72048,ĠMaren,5,0
72049,ĠMiko,5,0
72050,ĠMIE,5,0
72052,ĠMarek,5,0
72053,ĠMLAN,5,0
72054,ĠMEAD,5,0
72055,ĠMLSC,5,0
72056,ĠMimi,5,0
72057,ĠMoudon,5,0
72058,ĠMagell,5,0
72059,ĠMMDA,5,0
72060,ĠMPAA,5,0
72061,ĠMbeki,5,0
72064,Ġanas,5,0
72065,Ġanise,5,0
72066,Ġaneur,5,0
72067,Ġwhiny,5,0
72068,Ġwhores,5,0
72069,Ġwhacker,5,0
72070,Ġwharves,5,0
72071,ĠBort,5,0
72072,ĠBong,5,0
72073,ĠBew,5,0
72074,ĠBire,5,0
72075,ĠBents,5,0
72076,ĠBont,5,0
72077,ĠBib,5,0
72078,ĠBurch,5,0
72079,ĠBaff,5,0
72080,ĠBaul,5,0
72081,ĠBohol,5,0
72082,ĠBasant,5,0
72083,ĠBoro,5,0
72084,ĠBona,5,0
72085,ĠBache,5,0
72086,ĠBattered,5,0
72087,ĠBinal,5,0
72088,ĠBands,5,0
72089,ĠBDS,5,0
72090,ĠBuda,5,0
72092,ĠBohn,5,0
72093,ĠBaja,5,0
72094,ĠBtu,5,0
72095,ĠBionomics,5,0
72096,ĠBldg,5,0
72097,Ġhake,5,0
72098,Ġhaem,5,0
72099,Ġhaft,5,0
72100,Ġhagi,5,0
72102,riy,5,0
72104,riving,5,0
72106,riety,5,0
72109,riamos,5,0
72111,ĠHV,5,0
72112,ĠHess,5,0
72114,ĠHens,5,0
72115,ĠHuc,5,0
72116,ĠHots,5,0
72117,ĠHilar,5,0
72118,ĠHager,5,0
72119,ĠHeter,5,0
72120,ĠHails,5,0
72121,ĠHirst,5,0
72123,ĠHij,5,0
72124,ĠHye,5,0
72126,ĠHarts,5,0
72127,ĠHester,5,0
72128,ĠHacker,5,0
72129,ĠHavil,5,0
72130,ĠHandy,5,0
72131,ĠHOD,5,0
72133,ĠHutches,5,0
72135,ĠHatti,5,0
72136,ĠHoughton,5,0
72137,ĠHACC,5,0
72138,ĠHaneda,5,0
72139,ĠHameau,5,0
72140,ceiling,5,0
72142,chou,5,0
72143,chine,5,0
72144,chuck,5,0
72145,chips,5,0
72146,champs,5,0
72148,chattery,5,0
72149,chloss,5,0
72150,oob,5,0
72151,oonday,5,0
72152,kek,5,0
72153,keit,5,0
72157,Ġatch,5,0
72158,tero,5,0
72159,terous,5,0
72160,teria,5,0
72161,terpret,5,0
72162,ilc,5,0
72164,ilos,5,0
72165,ilating,5,0
72166,ilience,5,0
72168,ilistice,5,0
72169,ilarchs,5,0
72170,herson,5,0
72171,"Ġ"";",5,0
72172,ophers,5,0
72173,opods,5,0
72174,opathy,5,0
72175,ĠPB,5,0
72176,ĠPT,5,0
72177,ĠPou,5,0
72178,ĠPous,5,0
72179,ĠPime,5,0
72180,ĠPep,5,0
72181,ĠPob,5,0
72182,ĠPined,5,0
72184,ĠPana,5,0
72188,ĠPounds,5,0
72189,ĠPois,5,0
72190,ĠPonent,5,0
72191,ĠPiana,5,0
72194,ĠPante,5,0
72196,ĠPinn,5,0
72198,ĠPSP,5,0
72204,ĠPools,5,0
72206,ĠParnassus,5,0
72209,Ġkou,5,0
72210,Ġkow,5,0
72211,Ġkith,5,0
72212,Ġkild,5,0
72214,Ġkoh,5,0
72215,Ġkata,5,0
72216,Ġkana,5,0
72217,Ġkfa,5,0
72218,Ġkeno,5,0
72219,Ġkushk,5,0
72220,andan,5,0
72221,anday,5,0
72223,andale,5,0
72224,andising,5,0
72226,Ġrins,5,0
72228,Ġramble,5,0
72229,Ġrpm,5,0
72230,Ġruther,5,0
72231,Ġraffle,5,0
72233,Ġiff,5,0
72238,olon,5,0
72239,olade,5,0
72240,olence,5,0
72242,olier,5,0
72243,olino,5,0
72244,oliosis,5,0
72245,Ġseance,5,0
72247,Ġsearing,5,0
72248,Ġseamed,5,0
72249,Ġsemen,5,0
72250,ĠWie,5,0
72251,ĠWally,5,0
72252,ĠWep,5,0
72253,ĠWorn,5,0
72254,ĠWob,5,0
72255,ĠWaking,5,0
72256,ĠWashing,5,0
72257,ĠWBC,5,0
72258,ĠWilding,5,0
72259,ĠWanna,5,0
72260,ĠWitches,5,0
72261,ĠWrigg,5,0
72262,geist,5,0
72264,Ġshak,5,0
72266,Ġshucking,5,0
72267,Ġshimmer,5,0
72268,Ġshiners,5,0
72270,Ġneuter,5,0
72271,Ġneolithic,5,0
72273,ulac,5,0
72274,uline,5,0
72275,uliers,5,0
72276,ulidae,5,0
72277,Ġdeans,5,0
72278,Ġdeign,5,0
72279,Ġdeef,5,0
72280,Ġdeplete,5,0
72281,Ġdechlor,5,0
72282,Ġdevalued,5,0
72283,thu,5,0
72284,threw,5,0
72285,thmus,5,0
72288,Ġ1199,5,0
72289,Ġmana,5,0
72291,Ġmantr,5,0
72295,orella,5,0
72296,united,5,0
72297,unton,5,0
72299,Ġlibel,5,0
72300,Ġlighters,5,0
72301,ĠFon,5,0
72302,ĠFot,5,0
72303,ĠFid,5,0
72304,ĠFess,5,0
72305,ĠFars,5,0
72306,ĠFaint,5,0
72308,ĠFee,5,0
72309,ĠFash,5,0
72310,ĠFillion,5,0
72311,ĠFiring,5,0
72312,ĠFLE,5,0
72313,ĠFBA,5,0
72314,ĠFEL,5,0
72315,ĠFET,5,0
72317,ĠFilling,5,0
72318,ĠFagle,5,0
72319,ĠFVA,5,0
72320,ĠFilder,5,0
72321,ĠFlipper,5,0
72322,ĠFiori,5,0
72323,ĠFMFIA,5,0
72324,ĠFEDERAL,5,0
72325,ĠFirlands,5,0
72327,estimated,5,0
72328,estimable,5,0
72329,antown,5,0
72330,antages,5,0
72332,umuk,5,0
72334,ĠDro,5,0
72335,ĠDall,5,0
72338,ĠDive,5,0
72339,ĠDway,5,0
72340,ĠDerv,5,0
72342,ĠDaring,5,0
72343,ĠDied,5,0
72345,ĠDina,5,0
72346,ĠDerm,5,0
72348,ĠDaud,5,0
72350,ĠDuel,5,0
72352,ĠDams,5,0
72353,ĠDoma,5,0
72354,ĠDIL,5,0
72355,ĠDaly,5,0
72356,ĠDID,5,0
72358,ĠDensity,5,0
72360,ĠDST,5,0
72361,ĠDuality,5,0
72362,ĠDhill,5,0
72363,ĠDUN,5,0
72364,ĠDeded,5,0
72365,ĠDudding,5,0
72366,ĠDUT,5,0
72367,ĠDirk,5,0
72368,ĠDrops,5,0
72369,ĠDingle,5,0
72370,ĠDANCE,5,0
72371,ĠDumont,5,0
72372,ĠDufferin,5,0
72374,ĠDruse,5,0
72375,ĠDPs,5,0
72376,embro,5,0
72377,emiology,5,0
72378,emotional,5,0
72379,Ġhadd,5,0
72381,Ġchide,5,0
72382,Ġchise,5,0
72384,Ġchokes,5,0
72386,Ġchilbl,5,0
72387,ppuku,5,0
72388,ĠNore,5,0
72389,ĠNos,5,0
72390,ĠNoc,5,0
72391,ĠNue,5,0
72392,ĠNars,5,0
72393,ĠNiz,5,0
72394,ĠNia,5,0
72395,ĠNade,5,0
72396,ĠNair,5,0
72397,ĠNec,5,0
72398,ĠNank,5,0
72399,ĠNix,5,0
72400,ĠNaj,5,0
72402,ĠNung,5,0
72403,ĠNED,5,0
72404,ĠNaft,5,0
72405,ĠNaus,5,0
72406,ĠNikh,5,0
72407,ĠNHS,5,0
72408,ĠNusa,5,0
72409,ĠNdam,5,0
72410,ĠNuru,5,0
72411,ĠNICK,5,0
72412,ĠNganu,5,0
72413,ĠNJP,5,0
72414,ĠNautilus,5,0
72415,ĠNidhhi,5,0
72416,ardin,5,0
72417,Ġprogn,5,0
72418,Ġproset,5,0
72421,Ġconnotation,5,0
72422,Ġcongru,5,0
72424,residential,5,0
72425,results,5,0
72427,ĠLann,5,0
72428,ĠLaff,5,0
72429,ĠLinking,5,0
72430,ĠLander,5,0
72431,ĠLocks,5,0
72432,ĠListed,5,0
72433,ĠLublin,5,0
72434,ĠLiability,5,0
72435,ĠLiza,5,0
72437,ĠLori,5,0
72438,ĠLulu,5,0
72441,ĠLinked,5,0
72442,ĠLarned,5,0
72444,ĠLiddy,5,0
72446,ĠLipton,5,0
72447,ĠGW,5,0
72449,ĠGis,5,0
72450,ĠGans,5,0
72451,ĠGory,5,0
72452,ĠGaw,5,0
72453,ĠGits,5,0
72454,ĠGeral,5,0
72455,ĠGomm,5,0
72456,ĠGung,5,0
72457,ĠGomb,5,0
72458,ĠGann,5,0
72459,ĠGeb,5,0
72460,ĠGER,5,0
72462,ĠGett,5,0
72463,ĠGader,5,0
72464,ĠGagan,5,0
72465,ĠGila,5,0
72467,ĠGBM,5,0
72469,ĠGamba,5,0
72470,ĠGisle,5,0
72473,ĠGCC,5,0
72474,ĠGouver,5,0
72476,ĠGatorade,5,0
72477,ĠGaraad,5,0
72478,ĠGERALD,5,0
72479,ĠGirton,5,0
72480,quep,5,0
72483,ĠRK,5,0
72484,ĠRb,5,0
72485,ĠRit,5,0
72487,ĠRive,5,0
72488,ĠRents,5,0
72489,ĠRains,5,0
72490,ĠRaper,5,0
72491,ĠRape,5,0
72492,ĠRiod,5,0
72493,ĠRyn,5,0
72494,ĠRuses,5,0
72495,ĠRett,5,0
72496,ĠRaise,5,0
72497,ĠRiy,5,0
72499,ĠRanches,5,0
72501,ĠRushes,5,0
72502,ĠRitter,5,0
72503,ĠRinge,5,0
72505,ĠRIF,5,0
72506,ĠRMS,5,0
72507,ĠRTM,5,0
72508,ĠRJR,5,0
72509,ĠRhapsody,5,0
72510,isto,5,0
72511,istors,5,0
72513,abara,5,0
72514,abilly,5,0
72515,abagina,5,0
72517,ĠJian,5,0
72518,ĠJang,5,0
72520,ĠJoff,5,0
72521,ĠJuries,5,0
72522,ĠJari,5,0
72523,ĠJingu,5,0
72525,ĠJaus,5,0
72526,ĠJenna,5,0
72528,ĠJinks,5,0
72529,ĠJeph,5,0
72530,ĠJahan,5,0
72531,ĠJantar,5,0
72532,ĠJNTO,5,0
72533,Ġorations,5,0
72534,Ġorful,5,0
72535,usten,5,0
72537,apri,5,0
72539,ortable,5,0
72540,rousel,5,0
72543,Ġvuh,5,0
72544,Ġvron,5,0
72545,Ġvape,5,0
72547,Ġvapid,5,0
72548,Ġvipers,5,0
72549,Ġvanguard,5,0
72550,Ġvortex,5,0
72551,Ġvandals,5,0
72552,outube,5,0
72553,Ġsuah,5,0
72556,Ġsureness,5,0
72559,Ġleered,5,0
72560,ĠleZimbabwe,5,0
72563,Ġheralds,5,0
72564,Ġjamb,5,0
72566,Ġjugging,5,0
72569,Ġjolted,5,0
72570,Ġjolting,5,0
72571,Ġalf,5,0
72573,Ġalman,5,0
72575,Ġalga,5,0
72576,Ġalimony,5,0
72577,elton,5,0
72578,ĠEV,5,0
72579,ĠEur,5,0
72580,ĠEry,5,0
72581,ĠEms,5,0
72582,ĠEros,5,0
72583,ĠErect,5,0
72584,ĠEner,5,0
72585,ĠEason,5,0
72586,ĠElls,5,0
72587,ĠEstr,5,0
72588,ĠEtt,5,0
72590,ĠEFL,5,0
72591,ĠEimer,5,0
72592,ĠEben,5,0
72593,ĠELD,5,0
72594,ĠEzek,5,0
72595,ĠEikan,5,0
72596,ĠEGAL,5,0
72597,ĠEWING,5,0
72598,ĠEintr,5,0
72599,ĠEretz,5,0
72600,Ġabb,5,0
72601,Ġaber,5,0
72603,Ġabys,5,0
72604,Ġabides,5,0
72605,Ġabominable,5,0
72607,osit,5,0
72608,osort,5,0
72609,osman,5,0
72610,osph,5,0
72611,igret,5,0
72612,igators,5,0
72613,igogue,5,0
72614,Ġbutlers,5,0
72615,Ġoutbur,5,0
72616,Ġoutwit,5,0
72617,Ġalluvial,5,0
72618,Ġmei,5,0
72619,Ġmezz,5,0
72620,idean,5,0
72621,ideological,5,0
72622,Ġworming,5,0
72623,Ġgoire,5,0
72624,Ġgoaded,5,0
72625,ffetard,5,0
72626,ĠHeo,5,0
72627,ĠHean,5,0
72628,ĠHext,5,0
72629,ĠHebert,5,0
72630,ĠHegart,5,0
72631,ĠHebei,5,0
72634,ĠOo,5,0
72635,ĠOve,5,0
72636,ĠOmer,5,0
72638,ĠOdes,5,0
72639,ĠOECD,5,0
72640,ĠOlorose,5,0
72641,ourism,5,0
72644,ostatic,5,0
72645,astre,5,0
72646,astrum,5,0
72647,Ġupto,5,0
72648,Ġuploaded,5,0
72649,Ġupriver,5,0
72650,Ġupstart,5,0
72651,udon,5,0
72653,udging,5,0
72656,Ġtratt,5,0
72657,Ġtrache,5,0
72659,Ġ(~,5,0
72660,agent,5,0
72661,agro,5,0
72662,agia,5,0
72663,agically,5,0
72664,aganda,5,0
72666,agoga,5,0
72668,Ġnovo,5,0
72669,ittment,5,0
72671,ittata,5,0
72672,Ġsheen,5,0
72673,Ġshenan,5,0
72674,Ġyead,5,0
72675,Ġyeoman,5,0
72676,ĠyeZimbabwe,5,0
72678,ivas,5,0
72679,ivision,5,0
72680,ivably,5,0
72681,ivsk,5,0
72682,ocan,5,0
72683,ocom,5,0
72684,ocort,5,0
72685,ocally,5,0
72686,ocyan,5,0
72687,ocyt,5,0
72688,Ġintraven,5,0
72689,Ġintemperance,5,0
72691,aund,5,0
72692,auga,5,0
72693,odem,5,0
72695,odern,5,0
72696,ĠTherewith,5,0
72698,akhel,5,0
72699,akias,5,0
72700,akawa,5,0
72701,akabe,5,0
72702,akudani,5,0
72703,ĠThiers,5,0
72704,ĠThurg,5,0
72705,ĠThillberg,5,0
72706,ifical,5,0
72707,ifrag,5,0
72709,Ġmyotis,5,0
72711,epi,5,0
72712,epic,5,0
72714,arean,5,0
72715,arena,5,0
72716,areggio,5,0
72718,Ġclav,5,0
72721,Ġclattering,5,0
72722,Ġteats,5,0
72723,ĠInters,5,0
72724,ĠInhab,5,0
72725,ĠYol,5,0
72726,ĠYel,5,0
72727,ĠYass,5,0
72728,ĠYish,5,0
72729,ĠYoh,5,0
72730,ĠYury,5,0
72732,ĠYaws,5,0
72733,ĠYoga,5,0
72734,ĠYuki,5,0
72735,ĠYadda,5,0
72736,ĠYeni,5,0
72737,ĠYolanda,5,0
72738,ĠYverdon,5,0
72739,ĠYedik,5,0
72740,berk,5,0
72741,inko,5,0
72742,ianets,5,0
72743,Ġ2056,5,0
72744,Ġfeb,5,0
72745,inees,5,0
72746,Ġagog,5,0
72747,Ġagave,5,0
72748,Ġaglow,5,0
72749,Ġagnostic,5,0
72750,agez,5,0
72752,ĠKain,5,0
72753,ĠKig,5,0
72754,ĠKwo,5,0
72755,ĠKip,5,0
72756,ĠKors,5,0
72757,ĠKew,5,0
72759,ĠKret,5,0
72760,ĠKaj,5,0
72761,ĠKraft,5,0
72762,ĠKline,5,0
72763,ĠKyo,5,0
72764,ĠKDP,5,0
72765,ĠKii,5,0
72766,ĠKava,5,0
72768,ĠKoster,5,0
72769,ĠKibi,5,0
72770,ĠKutt,5,0
72771,ĠKaga,5,0
72772,ĠKlee,5,0
72773,ĠKMart,5,0
72774,ĠKoga,5,0
72775,ĠKollywood,5,0
72776,ĠKIND,5,0
72777,ĠKGB,5,0
72778,ĠKambos,5,0
72779,ĠKontin,5,0
72780,ĠKZA,5,0
72781,plum,5,0
72782,plank,5,0
72783,plural,5,0
72784,Ġsomewheres,5,0
72785,Ġroiling,5,0
72788,raisal,5,0
72789,Ġblab,5,0
72790,Ġblighter,5,0
72791,Ġblundered,5,0
72792,Ġblistered,5,0
72793,Ġblanched,5,0
72794,Ġblameless,5,0
72795,Ġplaything,5,0
72798,Ġdias,5,0
72799,Ġdiac,5,0
72800,ĠUgh,5,0
72801,ĠUday,5,0
72802,ĠUby,5,0
72803,ĠUma,5,0
72804,ĠUpton,5,0
72805,ĠUglow,5,0
72806,venson,5,0
72808,assor,5,0
72809,assured,5,0
72810,cces,5,0
72811,ccles,5,0
72812,ĠSten,5,0
72813,ĠStim,5,0
72814,ĠStol,5,0
72815,ĠStag,5,0
72816,ĠStages,5,0
72817,ĠStann,5,0
72819,ĠStables,5,0
72820,ĠStamps,5,0
72821,ĠStamped,5,0
72822,ĠSturt,5,0
72823,ĠStorting,5,0
72824,ĠStrout,5,0
72825,ĠSturgeon,5,0
72826,Ġenquire,5,0
72827,Ġennob,5,0
72828,".""--",5,0
72829,ipi,5,0
72830,ipan,5,0
72831,iput,5,0
72832,ipah,5,0
72833,ipath,5,0
72834,ipulation,5,0
72835,ipino,5,0
72836,ishnam,5,0
72837,Ġimbal,5,0
72838,izal,5,0
72841,Ġunk,5,0
72842,Ġunitary,5,0
72843,Ġungu,5,0
72846,Ġunorganized,5,0
72847,Ġunruff,5,0
72848,Ġunopp,5,0
72849,Ġunriv,5,0
72850,Ġunapproved,5,0
72851,Ġunadjusted,5,0
72852,Ġunrival,5,0
72853,Ġunafraid,5,0
72854,Ġunyielding,5,0
72855,Ġunrepent,5,0
72856,Ġunquote,5,0
72857,Ġoverwork,5,0
72858,Ġoverstate,5,0
72859,Ġovermuch,5,0
72860,Ġoverreaching,5,0
72861,Ġovertones,5,0
72862,Ġoverabundance,5,0
72863,renew,5,0
72864,Ġade,5,0
72865,Ġadulation,5,0
72867,Ġadroit,5,0
72868,Ġadjourn,5,0
72869,Ġcompress,5,0
72870,Ġquitted,5,0
72872,Ġquenched,5,0
72875,Ġpromelas,5,0
72876,ressants,5,0
72877,arya,5,0
72878,Ġarbour,5,0
72879,Ġarnica,5,0
72880,Ġoffhandedly,5,0
72881,oundingly,5,0
72882,heds,5,0
72883,bleached,5,0
72884,ileth,5,0
72886,Ġperg,5,0
72887,Ġperj,5,0
72888,Ġperusal,5,0
72889,Ġperoxide,5,0
72890,Ġworkhouse,5,0
72891,Ġspac,5,0
72892,Ġspake,5,0
72896,Ġspurned,5,0
72897,Ġspouting,5,0
72898,Ġspheroid,5,0
72899,Ġspackling,5,0
72900,iala,5,0
72901,ansky,5,0
72902,anski,5,0
72903,adeva,5,0
72904,ĠChif,5,0
72905,ĠChian,5,0
72906,ĠChib,5,0
72907,ĠChok,5,0
72908,ĠChidge,5,0
72910,ĠChoices,5,0
72911,ĠChima,5,0
72912,ĠChimb,5,0
72913,ĠChuv,5,0
72914,ĠChakpa,5,0
72915,ĠChoup,5,0
72916,ĠChulia,5,0
72917,ĠChioninji,5,0
72919,merited,5,0
72920,merger,5,0
72921,ahaw,5,0
72924,avad,5,0
72925,avut,5,0
72926,avoid,5,0
72927,aviva,5,0
72928,avista,5,0
72929,aviglia,5,0
72932,ubus,5,0
72933,ubbers,5,0
72934,osel,5,0
72935,angay,5,0
72936,angip,5,0
72937,angana,5,0
72940,Ġwomanly,5,0
72941,Ġdisoriented,5,0
72942,Ġdisabling,5,0
72943,Ġdisrespected,5,0
72944,orski,5,0
72945,Ġriled,5,0
72946,Ġripen,5,0
72947,wness,5,0
72949,ĠVot,5,0
72950,ĠVow,5,0
72951,ĠVam,5,0
72952,ĠVast,5,0
72953,ĠVite,5,0
72954,ĠVals,5,0
72955,ĠVys,5,0
72956,ĠVered,5,0
72957,ĠVey,5,0
72959,ĠVols,5,0
72960,ĠVessel,5,0
72961,ĠVela,5,0
72962,ĠVaren,5,0
72963,ĠVienne,5,0
72964,ĠVidal,5,0
72965,ĠVoldemort,5,0
72966,ogas,5,0
72967,ogama,5,0
72969,ogoula,5,0
72970,nga,5,0
72971,ewards,5,0
72972,others,5,0
72973,Ġresounded,5,0
72974,Ġresettled,5,0
72975,icka,5,0
72977,Ġamar,5,0
72979,Ġamigo,5,0
72980,Ġamicably,5,0
72981,Ġamulet,5,0
72982,Ġcontorted,5,0
72983,Ġdownplay,5,0
72984,Ġscud,5,0
72985,Ġscudding,5,0
72987,Ġscrupulous,5,0
72988,Ġsculp,5,0
72989,endi,5,0
72991,Ġsmattering,5,0
72992,Ġsmillar,5,0
72993,ordi,5,0
72994,ĠSheh,5,0
72995,ĠShem,5,0
72998,Ġgoodnight,5,0
72999,igno,5,0
73000,ignation,5,0
73001,ĠWea,5,0
73002,ĠWeicker,5,0
73003,ĠWeighing,5,0
73004,ĠWeizmann,5,0
73005,003,5,0
73006,004,5,0
73007,Ġmull,5,0
73008,Ġmugged,5,0
73009,Ġapplet,5,0
73010,Ġappended,5,0
73011,weary,5,0
73012,webs,5,0
73014,weiba,5,0
73015,Ġspender,5,0
73016,issas,5,0
73018,Ġprepped,5,0
73019,Ġpreseason,5,0
73020,Ġpreprints,5,0
73021,Ġboyars,5,0
73025,ĠYousef,5,0
73026,Ġbacker,5,0
73029,intsev,5,0
73030,Ġshouldering,5,0
73031,Ġaftersh,5,0
73032,Ġaftertaste,5,0
73033,ervus,5,0
73034,ervous,5,0
73035,ervices,5,0
73036,ervative,5,0
73038,atesvara,5,0
73039,Ġflit,5,0
73041,Ġflay,5,0
73044,Ġflacc,5,0
73047,Ġflunked,5,0
73050,ensian,5,0
73051,ometheus,5,0
73052,feed,5,0
73053,feeling,5,0
73054,felder,5,0
73055,fehn,5,0
73056,Ġpoacher,5,0
73057,Ġoldfashioned,5,0
73058,awake,5,0
73059,Ġbetters,5,0
73060,Ġbetrot,5,0
73061,ampers,5,0
73062,types,5,0
73064,Ġunderrated,5,0
73065,Ġunderhand,5,0
73067,Ġunderfunded,5,0
73068,Ġunderhanded,5,0
73069,Ġundercooked,5,0
73070,obov,5,0
73071,landsc,5,0
73072,Ġcramps,5,0
73073,Ġcrummy,5,0
73074,Ġcruder,5,0
73075,Ġdesec,5,0
73076,ullen,5,0
73077,Ġeverythin,5,0
73078,Ġattesting,5,0
73079,telephone,5,0
73080,alky,5,0
73081,Ġhandily,5,0
73082,Ġhandball,5,0
73083,Ġreps,5,0
73084,Ġrepels,5,0
73085,Ġrephr,5,0
73086,Ġrepugn,5,0
73087,Ġcoadj,5,0
73088,Ġcarat,5,0
73089,Ġcarols,5,0
73091,Ġcarboxyl,5,0
73092,Ġrecast,5,0
73093,Ġrecuper,5,0
73094,Ġrecurrent,5,0
73095,Ġrecreates,5,0
73097,enca,5,0
73098,encumbered,5,0
73099,ĠWhichever,5,0
73100,Ġaccred,5,0
73102,Ġpersonified,5,0
73104,ĠAni,5,0
73105,ĠAnil,5,0
73106,ĠAnnot,5,0
73107,ĠAnura,5,0
73108,ĠAnarchy,5,0
73109,ĠAnjou,5,0
73110,ĠAncien,5,0
73111,ĠAnosmia,5,0
73112,lesque,5,0
73113,Ġcommutes,5,0
73114,Ġcommiser,5,0
73115,Ġrembet,5,0
73116,Ġremixed,5,0
73117,Ġremounts,5,0
73118,Ġfoibles,5,0
73120,ĠUna,5,0
73121,ĠUnf,5,0
73122,ĠUnob,5,0
73123,ĠUnfor,5,0
73124,ĠUnreal,5,0
73125,ĠUnbear,5,0
73127,ovars,5,0
73128,Ġmayhem,5,0
73129,Ġheliosphere,5,0
73130,undes,5,0
73131,ontologists,5,0
73132,Ġindia,5,0
73133,Ġindorse,5,0
73134,Ġindorsed,5,0
73135,Ġindestructible,5,0
73136,Ġdiffident,5,0
73137,Ġwrangle,5,0
73138,Ġwracked,5,0
73139,ĠAshi,5,0
73140,Ġkeer,5,0
73142,Ġemulation,5,0
73143,Ġeminently,5,0
73145,Ġslinking,5,0
73146,Ġslams,5,0
73147,Ġslicks,5,0
73148,Ġslouch,5,0
73149,Ġslurry,5,0
73150,Ġslumping,5,0
73151,Ġslowness,5,0
73152,adylike,5,0
73153,Ġbois,5,0
73155,Ġbooms,5,0
73156,ĠAlim,5,0
73157,ĠAlves,5,0
73158,ĠAlamed,5,0
73159,ĠAlpen,5,0
73160,Ġbelle,5,0
73161,Ġbelittle,5,0
73162,Ġbelched,5,0
73164,Ġbelike,5,0
73165,Ġbelching,5,0
73166,ossil,5,0
73167,angell,5,0
73168,Ġrela,5,0
73169,Ġrelocked,5,0
73170,Ġrelaying,5,0
73171,Ġfoundered,5,0
73172,Ġentend,5,0
73174,ibw,5,0
73175,ibor,5,0
73176,ibell,5,0
73177,ibbon,5,0
73178,ibao,5,0
73179,ibouti,5,0
73182,verny,5,0
73183,uringen,5,0
73184,Ġwaterline,5,0
73185,Ġpoliced,5,0
73187,Ġinciting,5,0
73188,Ġincised,5,0
73189,Ġincandescent,5,0
73190,Ġincalcul,5,0
73191,Ġacrid,5,0
73192,Ġhomeowner,5,0
73193,Ġpresides,5,0
73194,Ġpresidencies,5,0
73195,Ġlarval,5,0
73197,mshaven,5,0
73198,ellas,5,0
73199,ellum,5,0
73200,Ġsupplements,5,0
73201,Ġfinisher,5,0
73202,ĠFrida,5,0
73203,ĠFrasc,5,0
73204,ĠFrari,5,0
73205,ĠFrasier,5,0
73207,ĠBrin,5,0
73208,ĠBrind,5,0
73210,ĠBrinch,5,0
73211,ĠBrasco,5,0
73212,ĠBranagh,5,0
73213,ĠBratsch,5,0
73214,ĠBraganza,5,0
73215,ĠBrustein,5,0
73216,Ġyearbook,5,0
73217,Ġcameos,5,0
73218,Ġsyph,5,0
73219,Ġsycoph,5,0
73220,Ġcentro,5,0
73221,Ġcentering,5,0
73222,ohar,5,0
73223,ohsi,5,0
73224,grams,5,0
73225,Ġdecont,5,0
73226,Ġdecoding,5,0
73229,Ġnearmost,5,0
73230,ĠNewhart,5,0
73231,rosen,5,0
73232,rosethe,5,0
73233,ommissioned,5,0
73234,xtension,5,0
73235,plet,5,0
73236,Ġputz,5,0
73237,pects,5,0
73241,Ġglows,5,0
73242,Ġglades,5,0
73243,Ġglinting,5,0
73245,Ġevisc,5,0
73246,Ġevading,5,0
73247,Ġevinced,5,0
73248,Ġevolves,5,0
73249,Ġevocation,5,0
73250,vesters,5,0
73251,Ġswash,5,0
73252,Ġswarthy,5,0
73253,Ġswaggered,5,0
73254,Ġsecede,5,0
73255,Ġconserved,5,0
73256,Ġconsigned,5,0
73257,Ġconscription,5,0
73258,Ġendures,5,0
73259,Ġendangers,5,0
73260,Ġendurable,5,0
73261,Ġreticent,5,0
73262,Ġopacity,5,0
73263,liya,5,0
73265,Ġblacklist,5,0
73267,Ġblackbirds,5,0
73268,Ġeffron,5,0
73270,azah,5,0
73271,azno,5,0
73272,azanov,5,0
73273,Ġmonog,5,0
73274,Ġmonstr,5,0
73275,Ġmonograph,5,0
73276,Ġmonolithic,5,0
73280,Ġsubpar,5,0
73281,Ġsubatomic,5,0
73282,Ġsubobsc,5,0
73283,phales,5,0
73284,ribal,5,0
73285,aleka,5,0
73288,Ġinstabilities,5,0
73289,Ġcosted,5,0
73290,axons,5,0
73291,ĠArs,5,0
73292,ĠAral,5,0
73293,ĠArid,5,0
73294,ĠArun,5,0
73295,ĠArise,5,0
73296,ĠArama,5,0
73297,ĠArbor,5,0
73298,ĠAruba,5,0
73299,ĠAronson,5,0
73300,ĠArriss,5,0
73302,Ġrestatements,5,0
73303,Ġmightiest,5,0
73305,Ġdrones,5,0
73306,ĠLeer,5,0
73308,ĠLeung,5,0
73309,ĠLeeson,5,0
73310,tersson,5,0
73311,tershot,5,0
73313,ĠMaron,5,0
73314,ĠMarath,5,0
73315,ĠMarisa,5,0
73316,ĠMariani,5,0
73317,ĠMarussia,5,0
73318,Ġtellers,5,0
73319,ĠNoe,5,0
73320,ĠNof,5,0
73321,ĠNoverre,5,0
73322,ĠIndore,5,0
73323,ĠIndra,5,0
73324,ĠInditex,5,0
73325,inesh,5,0
73326,Ġfarthing,5,0
73327,Ġwarp,5,0
73328,Ġwarlord,5,0
73329,Ġwarblers,5,0
73330,Ġexponential,5,0
73331,Ġserum,5,0
73332,Ġdiscography,5,0
73333,Ġredec,5,0
73334,Ġredwood,5,0
73336,Ġphonetic,5,0
73337,Ġphonetics,5,0
73338,Ġintermarried,5,0
73339,ĠClion,5,0
73340,ĠClaw,5,0
73341,ĠClash,5,0
73342,ĠClosing,5,0
73343,ĠClichy,5,0
73344,ĠCluj,5,0
73345,ĠClervaux,5,0
73348,Ġharden,5,0
73349,Ġhardihood,5,0
73350,ername,5,0
73351,Ġairfare,5,0
73352,Ġairwaves,5,0
73353,ĠOnum,5,0
73355,ĠIfriki,5,0
73356,Ġpoplar,5,0
73357,Ġlocator,5,0
73358,Ġfriendliest,5,0
73360,shown,5,0
73361,shah,5,0
73363,shof,5,0
73364,shocked,5,0
73366,shouser,5,0
73368,Ġartsy,5,0
73369,Ġartivists,5,0
73370,Ġschoolin,5,0
73371,Ġschoolmaster,5,0
73373,ĠShue,5,0
73374,ĠShob,5,0
73375,ĠShots,5,0
73376,ĠShores,5,0
73377,ĠShapes,5,0
73378,ĠShibu,5,0
73379,ĠShangles,5,0
73380,ĠShodo,5,0
73381,ĠShifting,5,0
73382,ĠShulman,5,0
73383,Ġrealists,5,0
73385,ĠAmericanized,5,0
73386,Ġbookkeeper,5,0
73387,nerly,5,0
73388,Ġcursor,5,0
73389,Ġfeelers,5,0
73390,Ġlawlessness,5,0
73391,ĠAtocha,5,0
73392,ĠAtacama,5,0
73393,Ġdifferentials,5,0
73394,Ġminic,5,0
73395,Ġminisc,5,0
73398,Ġpassim,5,0
73399,ĠRei,5,0
73400,ĠReiss,5,0
73401,ĠReiner,5,0
73402,ĠReactor,5,0
73403,ĠRejecting,5,0
73405,Ġcharade,5,0
73406,Ġ575,5,0
73407,existed,5,0
73409,Ġ425,5,0
73411,Ġ465,5,0
73413,Ġ432,5,0
73414,Ġ431,5,0
73415,Ġ436,5,0
73416,Ġdefra,5,0
73417,Ġdeflected,5,0
73418,Ġdefunding,5,0
73419,insured,5,0
73420,inspired,5,0
73422,Ġnothings,5,0
73423,ashqai,5,0
73424,aneh,5,0
73425,Ġsigners,5,0
73426,Ġsignatories,5,0
73428,Ġrefill,5,0
73429,Ġrefusals,5,0
73430,Ġkeepin,5,0
73432,Ġevermore,5,0
73433,Ġfollowup,5,0
73434,Ġsnot,5,0
73435,Ġsnag,5,0
73438,Ġsnipe,5,0
73439,Ġsniping,5,0
73440,Ġsnuffed,5,0
73442,Ġelses,5,0
73443,Ġelapse,5,0
73444,Ġelixir,5,0
73445,Ġmarinas,5,0
73446,Ġmariners,5,0
73447,Ġwonk,5,0
73448,ajang,5,0
73449,ĠIsiah,5,0
73450,Ġmaturation,5,0
73451,Ġmatrons,5,0
73452,ĠFora,5,0
73453,ĠForzi,5,0
73454,ĠForgotten,5,0
73455,ĠForgiveness,5,0
73456,venty,5,0
73457,Ġbengal,5,0
73458,Ġpublicizing,5,0
73459,----',5,0
73460,"----?""",5,0
73463,ugaku,5,0
73465,ceptional,5,0
73466,concent,5,0
73467,construct,5,0
73468,concealed,5,0
73469,conurbation,5,0
73470,connection,5,0
73471,uhi,5,0
73472,Ġdepravity,5,0
73473,Ġdepopulated,5,0
73474,Ġmillet,5,0
73475,Ġmilieu,5,0
73476,Ġspeculatively,5,0
73480,ĠJohan,5,0
73482,clean,5,0
73483,cleaning,5,0
73484,Ġsawmill,5,0
73485,ĠapproacHe,5,0
73486,Ġplanking,5,0
73488,Ġdriest,5,0
73489,ĠAdj,5,0
73490,ĠAdjectives,5,0
73491,""".)",5,0
73492,ĠJohnstone,5,0
73493,Ġteamsters,5,0
73495,ĠBees,5,0
73496,ĠBeery,5,0
73497,ĠBeyn,5,0
73498,ĠBeaul,5,0
73499,ĠBeyer,5,0
73500,ĠBeavis,5,0
73501,ĠBeulah,5,0
73502,ĠBehemoth,5,0
73503,Ġtopaz,5,0
73505,Ġtopological,5,0
73506,Ġlander,5,0
73507,Ġ622,5,0
73508,Ġ632,5,0
73510,ĠAlla,5,0
73511,beg,5,0
73514,Ġbrevity,5,0
73515,Ġextolling,5,0
73516,Ġaffix,5,0
73518,geria,5,0
73519,ksi,5,0
73520,ĠSpade,5,0
73521,ĠSpence,5,0
73522,ĠSpread,5,0
73523,ĠSpoken,5,0
73524,ĠSpahn,5,0
73526,ĠDecept,5,0
73528,ĠDeidre,5,0
73529,Ġvalide,5,0
73530,Ġvalance,5,0
73531,Ġvalenc,5,0
73532,Ġvalorem,5,0
73533,Ġmoj,5,0
73534,Ġmoot,5,0
73536,ĠProkop,5,0
73537,Ġtwas,5,0
73538,Ġtwanged,5,0
73539,Ġtwittering,5,0
73540,Ġdeters,5,0
73541,Ġdetrit,5,0
73542,Ġdetaile,5,0
73543,Ġfootmen,5,0
73544,ĠEngakuji,5,0
73545,Ġbasal,5,0
73546,Ġbashed,5,0
73547,Ġbaseless,5,0
73548,Ġavow,5,0
73549,Ġconfound,5,0
73550,Ġconfining,5,0
73551,Ġeds,5,0
73554,ĠMyker,5,0
73555,ĠMyobatrach,5,0
73556,ĠMyeong,5,0
73557,ĠMyagkov,5,0
73558,rapt,5,0
73559,Ġfunnels,5,0
73560,brain,5,0
73562,ĠEdel,5,0
73563,ikta,5,0
73564,byst,5,0
73565,Ġforegoing,5,0
73566,Ġforebod,5,0
73567,Ġforethought,5,0
73568,Ġforeshadowed,5,0
73569,arnie,5,0
73570,arnished,5,0
73571,Ġbadness,5,0
73573,Ġreviv,5,0
73574,Ġrevoir,5,0
73575,Ġrevulsion,5,0
73576,Ġrevamping,5,0
73577,Ġlovemaking,5,0
73578,Ġbrocade,5,0
73579,rental,5,0
73580,Ġinsurg,5,0
73582,Ġinsulin,5,0
73584,Ġtransitions,5,0
73585,uco,5,0
73586,ucig,5,0
73588,ucolas,5,0
73589,Ġconstants,5,0
73590,Ġconstellations,5,0
73591,ĠDoheny,5,0
73593,Ġtyrants,5,0
73595,Ġhotbed,5,0
73596,ĠJonker,5,0
73597,Ġmusically,5,0
73599,Ġmeditative,5,0
73600,ushalay,5,0
73601,Ġcampfires,5,0
73602,Ġweeklies,5,0
73603,Ġroadblock,5,0
73604,Ġincrements,5,0
73605,Ġ720,5,0
73608,Ġ767,5,0
73609,atao,5,0
73610,Ġmakings,5,0
73611,Ġlegalizing,5,0
73612,Ġlegalistic,5,0
73613,Ġsecondly,5,0
73614,Ġofficious,5,0
73615,Ġinfallible,5,0
73616,Ġdemotion,5,0
73617,Ġdemagogic,5,0
73618,Ġdemobbed,5,0
73619,Ġdemarcation,5,0
73620,Ġhumors,5,0
73621,Ġhumbler,5,0
73622,Ġhumblest,5,0
73624,ĠCarved,5,0
73625,ĠCarlin,5,0
73626,ĠCarchar,5,0
73627,ĠCarrer,5,0
73628,ĠCarriers,5,0
73629,ĠCarcass,5,0
73630,ĠCarvalho,5,0
73631,Ġ810,5,0
73632,Ġ830,5,0
73633,Ġ840,5,0
73634,Ġ876,5,0
73635,Ġ834,5,0
73637,Ġpeons,5,0
73638,Ġballparks,5,0
73639,ĠPron,5,0
73640,ĠPrisc,5,0
73641,ĠPrader,5,0
73642,ĠPraca,5,0
73643,ĠPratap,5,0
73644,ĠPrickles,5,0
73645,ĠManx,5,0
73646,ĠManifest,5,0
73647,ĠManoshin,5,0
73648,Ġfirebrand,5,0
73649,Ġdesignating,5,0
73650,Ġguesswork,5,0
73651,Ġtriad,5,0
73652,Ġtrippers,5,0
73653,Ġtrigon,5,0
73654,Ġprofiting,5,0
73655,Ġtaxider,5,0
73656,Ġtaxonom,5,0
73657,Ġopprob,5,0
73658,Ġwineries,5,0
73659,ĠConason,5,0
73660,ĠConsidered,5,0
73662,ĠConners,5,0
73663,ĠConiera,5,0
73664,ĠConclusion,5,0
73665,ĠConverts,5,0
73666,ĠConverted,5,0
73667,Ġprotagon,5,0
73668,Ġloite,5,0
73670,Ġconcourses,5,0
73672,ĠFla,5,0
73674,ĠFlock,5,0
73675,ĠFlows,5,0
73676,ĠFlinn,5,0
73677,Ġespa,5,0
73679,Ġpatina,5,0
73680,Ġpatios,5,0
73682,Ġparaph,5,0
73683,Ġparibus,5,0
73684,Ġparanormal,5,0
73685,Ġparvula,5,0
73686,Ġprobed,5,0
73687,Ġprobabilities,5,0
73688,Ġprobabilistic,5,0
73689,Ġpurge,5,0
73690,Ġpurport,5,0
73691,Ġpurges,5,0
73693,Ġshortening,5,0
73694,ĠChristy,5,0
73698,Ġwallowed,5,0
73699,Ġheartache,5,0
73700,Ġheartbroken,5,0
73701,Ġ960,5,0
73702,Ġ965,5,0
73704,Ġ962,5,0
73705,ĠReply,5,0
73706,Ġpasting,5,0
73707,Ġpastur,5,0
73708,princ,5,0
73709,prior,5,0
73710,Ġcaudal,5,0
73711,Ġshopped,5,0
73713,Ġsunburnt,5,0
73714,Ġtechno,5,0
73715,Ġtechnologists,5,0
73716,ructed,5,0
73717,Ġnewsmen,5,0
73719,Ġelectrostatic,5,0
73720,Ġmidlife,5,0
73723,myself,5,0
73724,archae,5,0
73725,Ġdeathmatch,5,0
73726,Ġanimating,5,0
73727,ĠColpoys,5,0
73728,ĠZi,5,0
73730,ĠZet,5,0
73731,ĠZem,5,0
73732,ĠZab,5,0
73733,ĠZah,5,0
73734,ĠZden,5,0
73735,ĠZavor,5,0
73736,ĠZaire,5,0
73737,ĠZahn,5,0
73738,ĠZeta,5,0
73739,ĠZafar,5,0
73740,ĠZlat,5,0
73741,ĠZodiac,5,0
73742,ĠZotenberg,5,0
73743,Ġ[[,5,0
73744,ĠQi,5,0
73745,ĠQom,5,0
73746,ĠQilla,5,0
73747,ĠQari,5,0
73748,ĠQasim,5,0
73749,ĠQambar,5,0
73750,Ġ1717,5,0
73751,Ġ1716,5,0
73752,Ġ1721,5,0
73753,Ġ1744,5,0
73754,Ġ1736,5,0
73755,Ġ1749,5,0
73756,Ġ1746,5,0
73757,Ġ1741,5,0
73758,Ġ1754,5,0
73759,gedly,5,0
73760,Ġequatorial,5,0
73761,Ġequanimity,5,0
73762,Ġageing,5,0
73763,Ġsatiated,5,0
73765,levance,5,0
73766,ĠHarpe,5,0
73767,ĠHarpo,5,0
73768,ĠHarrises,5,0
73769,Ġvarieg,5,0
73770,Ġclassifying,5,0
73771,ĠSoil,5,0
73775,Ġsnowcock,5,0
73777,ĠGranning,5,0
73778,ĠGrathwohl,5,0
73779,ĠBritian,5,0
73780,ĠYorks,5,0
73781,Ġbedclothes,5,0
73782,mbols,5,0
73783,pedes,5,0
73784,Ġ1034,5,0
73785,Ġfreezers,5,0
73786,ueda,5,0
73787,Ġreplicable,5,0
73788,olland,5,0
73789,Ġrisque,5,0
73790,ĠPlav,5,0
73791,ĠPlater,5,0
73792,ĠPlug,5,0
73793,ĠPlata,5,0
73794,ĠPlanners,5,0
73795,ĠPloumen,5,0
73796,ĠOrth,5,0
73797,ĠOrta,5,0
73798,ĠOrlov,5,0
73799,1911,5,0
73800,1939,5,0
73801,1937,5,0
73802,ĠScat,5,0
73803,ĠSchen,5,0
73804,ĠScofield,5,0
73805,ĠHerry,5,0
73806,ĠHerbar,5,0
73808,ropy,5,0
73810,eyeva,5,0
73811,Ġpostern,5,0
73812,Ġposterity,5,0
73814,EREL,5,0
73816,Ġcataracts,5,0
73817,ĠBennek,5,0
73818,ronomic,5,0
73819,Ġ15000,5,0
73820,Ġ1515,5,0
73821,Ġ1570,5,0
73822,Ġ1575,5,0
73823,Ġ1523,5,0
73824,Ġ1527,5,0
73825,Ġ1576,5,0
73826,Ġ1532,5,0
73827,Ġ1547,5,0
73828,Ġ1558,5,0
73829,Ġ1546,5,0
73830,Ġ1596,5,0
73831,Ġ1587,5,0
73832,Ġ1554,5,0
73833,Ġ1583,5,0
73835,Ġshallower,5,0
73836,ĠCounting,5,0
73837,ĠBloc,5,0
73838,ĠBlund,5,0
73839,ĠBluth,5,0
73840,ĠBlocks,5,0
73841,ĠBlazer,5,0
73842,ĠGeV,5,0
73843,ĠGeothermal,5,0
73844,Ġdarken,5,0
73845,Ġpropel,5,0
73846,Ġpropounded,5,0
73847,ĠNoting,5,0
73850,ompens,5,0
73851,ĠGerst,5,0
73852,meals,5,0
73853,letubbies,5,0
73854,ĠSeon,5,0
73855,ĠSeem,5,0
73857,ĠSeema,5,0
73858,ĠSeagram,5,0
73859,ĠSegregation,5,0
73861,ĠTochigi,5,0
73862,ĠTrac,5,0
73863,ĠTrim,5,0
73864,ĠTrades,5,0
73865,ĠTrotsky,5,0
73866,ĠTrotters,5,0
73868,oona,5,0
73869,Ġspeakest,5,0
73870,ĠClintonian,5,0
73871,Ġbabble,5,0
73872,Ġbaboon,5,0
73873,zeck,5,0
73874,Ġprivation,5,0
73875,ĠExamin,5,0
73876,ĠExercise,5,0
73878,aiuolo,5,0
73879,Ġlegumes,5,0
73880,Ġfillet,5,0
73881,ĠGuad,5,0
73882,ĠGuelf,5,0
73883,ĠGuwah,5,0
73884,ĠGuiliani,5,0
73885,Ġimprobably,5,0
73886,ĠParl,5,0
73887,ĠParke,5,0
73889,ĠParupalli,5,0
73890,Ġswears,5,0
73891,ĠWorthing,5,0
73892,Ġ1234,5,0
73893,Ġ1239,5,0
73894,Ġ1619,5,0
73895,Ġ1614,5,0
73896,Ġ1628,5,0
73897,Ġ1638,5,0
73898,Ġ1664,5,0
73899,Ġ1631,5,0
73900,Ġ1636,5,0
73901,Ġ1658,5,0
73902,Ġ1601,5,0
73903,Ġ1657,5,0
73904,Ġ1687,5,0
73905,Ġ1681,5,0
73906,Ġburro,5,0
73908,ĠBarons,5,0
73909,ĠBarrie,5,0
73910,ĠBarrac,5,0
73911,ĠBarrier,5,0
73912,ĠBarrera,5,0
73913,ĠBarwon,5,0
73914,ĠBarriers,5,0
73915,Ġcorbas,5,0
73916,ĠEverytime,5,0
73917,ĠTexins,5,0
73919,Ġrounders,5,0
73920,ĠDonation,5,0
73921,ĠDonally,5,0
73922,ĠDonnie,5,0
73923,ĠDonkeys,5,0
73924,ĠDonbas,5,0
73925,ĠDonahue,5,0
73926,ĠDonizetti,5,0
73927,Ġavailing,5,0
73928,ĠWilloughby,5,0
73929,Ġcarryin,5,0
73930,Ġbasely,5,0
73931,Ġmeritor,5,0
73933,ĠServants,5,0
73934,ĠBombing,5,0
73935,ĠBombers,5,0
73936,Ġbandido,5,0
73937,Ġcomputation,5,0
73938,Ġchurchmen,5,0
73939,Ġrepresentativeness,5,0
73941,Ġportended,5,0
73942,Ġportability,5,0
73943,Ġporticoes,5,0
73944,Ġportraiture,5,0
73945,Ġhundredth,5,0
73946,Ġclimactic,5,0
73948,Ġtenors,5,0
73949,Ġtenanted,5,0
73950,Ġtenaciously,5,0
73951,maison,5,0
73952,Ġsquel,5,0
73954,Ġsqualls,5,0
73956,ĠPerched,5,0
73957,Ġpreps,5,0
73959,valley,5,0
73960,values,5,0
73961,valds,5,0
73962,ĠWithdraw,5,0
73963,restraint,5,0
73964,ĠTHC,5,0
73965,ĠTHQ,5,0
73966,ĠTHOUGHT,5,0
73967,ĠCongolese,5,0
73968,ĠMinh,5,0
73969,ĠMinster,5,0
73970,ĠMinidisc,5,0
73971,Ġbreakneck,5,0
73972,atoro,5,0
73973,atoria,5,0
73974,atorio,5,0
73975,Ġtotemic,5,0
73976,ĠCana,5,0
73979,ĠCanoeing,5,0
73980,Ġlocales,5,0
73981,olegico,5,0
73982,hodaiji,5,0
73983,ĠTeena,5,0
73984,ĠTelem,5,0
73985,ĠTeuber,5,0
73986,ĠTequesta,5,0
73987,Ġobjectors,5,0
73988,Ġdiva,5,0
73989,Ġdivvied,5,0
73990,ĠCalton,5,0
73991,ĠCalett,5,0
73992,ĠCalvert,5,0
73993,ĠCalhoun,5,0
73994,ĠCalypso,5,0
73995,Italia,5,0
73996,Ġsolicits,5,0
73997,Ġpaperless,5,0
73998,Ġsalacious,5,0
73999,Ġsalutation,5,0
74000,Ġsalaam,5,0
74001,ĠSanat,5,0
74002,ĠSanja,5,0
74003,Ġfacially,5,0
74004,Ġcrossings,5,0
74005,ynak,5,0
74007,ĠĠĠĠĠĠĠĠĠĠĠĠĠĠĠĠĠĠĠĠĠĠĠĠĠĠĠĠĠĠĠĠĠĠĠĠĠĠĠĠĠĠ,5,0
74008,Ġlanguished,5,0
74011,Ġgrandstanding,5,0
74012,ĠCharan,5,0
74013,reader,5,0
74014,Ġculturing,5,0
74015,Ġcele,5,0
74016,ĠByrd,5,0
74017,ĠAmm,5,0
74018,ĠAmale,5,0
74019,ĠAmager,5,0
74020,ĠAmari,5,0
74021,ĠAmeche,5,0
74023,ocrat,5,0
74024,ocrator,5,0
74025,Ġhumanize,5,0
74026,Ġhumanoid,5,0
74027,Ġharrow,5,0
74028,ĠSecure,5,0
74029,ĠSecuring,5,0
74030,eningen,5,0
74031,Ġshipmate,5,0
74032,Ġshipwright,5,0
74033,Ġagenciesa,5,0
74034,Ġfairways,5,0
74035,Ġmissy,5,0
74036,Ġmissis,5,0
74037,Ġperiodontal,5,0
74039,comunas,5,0
74040,inationals,5,0
74041,ĠOhne,5,0
74042,Ġdeclawed,5,0
74043,Ġdeclarations,5,0
74044,Ġinflates,5,0
74045,isingly,5,0
74046,ambia,5,0
74047,menian,5,0
74048,ecutive,5,0
74049,ĠMeq,5,0
74050,ĠMeir,5,0
74051,ĠMeath,5,0
74052,ĠMeier,5,0
74053,ĠMeze,5,0
74054,ĠMezz,5,0
74055,ĠMeete,5,0
74056,ĠMeulen,5,0
74058,Ġbuyout,5,0
74059,ĠXers,5,0
74060,ĠXtra,5,0
74061,ĠXanth,5,0
74062,ĠXenohyla,5,0
74063,Ġfutility,5,0
74064,Ġfuttock,5,0
74065,Ġdeadname,5,0
74066,ĠMcFarlane,5,0
74067,Ġaffectation,5,0
74069,ĠTuppance,5,0
74070,haust,5,0
74071,haft,5,0
74072,hausted,5,0
74073,ĠNeut,5,0
74074,ĠNeXT,5,0
74075,ĠNeutral,5,0
74076,ĠNezval,5,0
74077,Ġagencywide,5,0
74079,ĠAbund,5,0
74080,ĠAbaza,5,0
74081,ĠAbbat,5,0
74082,ĠAbolition,5,0
74083,ĠSiric,5,0
74084,ĠSirmium,5,0
74085,Ġnonviolent,5,0
74086,Ġnonattainment,5,0
74087,ĠHousewives,5,0
74088,Ġgunwale,5,0
74089,Ġspecialising,5,0
74090,Ġspecialization,5,0
74091,Ġseafarer,5,0
74092,Ġapologists,5,0
74093,Ġapnea,5,0
74094,Ġcalidarium,5,0
74095,Ġfurder,5,0
74096,208,5,0
74097,2075,5,0
74098,Ġ1420,5,0
74099,Ġ1430,5,0
74100,Ġ1415,5,0
74101,Ġ1445,5,0
74102,Ġ1498,5,0
74103,Ġ1431,5,0
74104,Ġ1461,5,0
74105,Ġ1489,5,0
74106,ĠGenuine,5,0
74107,ĠGenghis,5,0
74108,ĠCitys,5,0
74109,ĠCityis,5,0
74110,Ġpicketh,5,0
74111,Ġcommoner,5,0
74113,Ġpalings,5,0
74114,ĠCenturies,5,0
74115,Ġsuffocation,5,0
74116,Ġcenterfold,5,0
74117,Ġdeviant,5,0
74118,Ġdeviated,5,0
74119,ĠPeg,5,0
74120,ĠPeering,5,0
74121,ĠPeasant,5,0
74122,ĠPeldon,5,0
74123,ĠPeeters,5,0
74126,Ġgolds,5,0
74127,Ġgoldfield,5,0
74128,ĠPhilistine,5,0
74129,ĠTomlin,5,0
74130,ĠTomkins,5,0
74131,kaya,5,0
74132,develop,5,0
74133,development,5,0
74134,Ġtrainings,5,0
74136,iolos,5,0
74137,iolaria,5,0
74138,Ġbirches,5,0
74139,rini,5,0
74140,rinum,5,0
74141,forFederal,5,0
74142,forgive,5,0
74143,ĠMalik,5,0
74144,ĠMalwa,5,0
74145,ĠMalakhov,5,0
74146,ĠMalagasy,5,0
74147,ĠMalecen,5,0
74148,Ġgeneralizable,5,0
74149,parole,5,0
74150,Ġsoftener,5,0
74151,PAIGN,5,0
74152,Ġpottering,5,0
74154,ĠWestbury,5,0
74155,ĠWestphal,5,0
74156,ĠWestphalia,5,0
74157,askans,5,0
74158,ĠEliz,5,0
74159,ĠEliza,5,0
74160,Ġ1380,5,0
74161,Ġ1328,5,0
74162,Ġ1337,5,0
74163,Ġillicit,5,0
74164,Ġilliteracy,5,0
74165,ucho,5,0
74166,Ġfiftieth,5,0
74167,Ġeducators,5,0
74168,Ġpiecemeal,5,0
74170,orporate,5,0
74171,orporating,5,0
74172,itiy,5,0
74173,asinghe,5,0
74174,ĠPostiguet,5,0
74175,Ġmodernity,5,0
74176,Ġmodernism,5,0
74177,Ġcourtes,5,0
74178,ĠSlash,5,0
74179,ĠSloan,5,0
74180,ĠSloper,5,0
74181,ĠSlattery,5,0
74182,Ġattractively,5,0
74183,Ġsupergiant,5,0
74184,ĠInternationals,5,0
74185,ĠSwyre,5,0
74186,ĠSwanson,5,0
74187,ĠSwamiji,5,0
74188,ĠSwahili,5,0
74189,ĠWhitehorse,5,0
74190,ĠAccompl,5,0
74191,ĠAccurate,5,0
74192,burdened,5,0
74193,Ġphotorecept,5,0
74194,Ġfasted,5,0
74195,Ġantimony,5,0
74197,Ġdrugstore,5,0
74198,Ġdeepening,5,0
74199,Ġrecognising,5,0
74200,ylums,5,0
74201,ylene,5,0
74202,Ġtilling,5,0
74203,ĠMonsters,5,0
74204,ĠMonogamy,5,0
74205,Ġbanknotes,5,0
74209,ĠJerk,5,0
74210,ĠJerilderie,5,0
74211,Ġdrawling,5,0
74212,audi,5,0
74213,Ġracecourse,5,0
74214,Ġracecourses,5,0
74215,Ġexclaim,5,0
74216,ĠMedan,5,0
74217,ukah,5,0
74218,ukera,5,0
74219,ukasy,5,0
74220,ĠEmch,5,0
74221,ĠEmail,5,0
74222,ĠEmph,5,0
74224,Ġcircumnav,5,0
74226,afood,5,0
74227,ĠPortofino,5,0
74228,ĠResende,5,0
74229,ĠCaprice,5,0
74230,ĠCapellen,5,0
74231,ĠCapistrano,5,0
74232,ĠCapucines,5,0
74233,Yesterday,5,0
74234,ĠMarchino,5,0
74235,Ġnaturedly,5,0
74236,Ġkingfishers,5,0
74237,Ġnettled,5,0
74238,Ġescrow,5,0
74239,Ġinfluencer,5,0
74240,ĠAssured,5,0
74241,ĠAssume,5,0
74242,ĠAssignment,5,0
74243,ĠAssouline,5,0
74244,hamn,5,0
74245,oxera,5,0
74246,Ġfishpond,5,0
74247,remely,5,0
74248,bertin,5,0
74249,bertus,5,0
74250,bertron,5,0
74252,Ġcaptained,5,0
74254,Ġcoloration,5,0
74255,Ġgentlest,5,0
74258,ĠReda,5,0
74259,ĠRedford,5,0
74260,ĠRedwood,5,0
74261,Ġhopin,5,0
74262,Ġorganizationwide,5,0
74263,ĠDeme,5,0
74264,ĠDemon,5,0
74266,Ġwestwards,5,0
74267,ĠTurf,5,0
74268,ĠTurbie,5,0
74269,ĠLoue,5,0
74270,Ġfawning,5,0
74271,ĠOffenhaus,5,0
74272,Ġstrafed,5,0
74273,Ġcoppers,5,0
74274,Ġmassing,5,0
74275,ĠRichter,5,0
74276,Ġuter,5,0
74277,Ġcampaigned,5,0
74278,rayan,5,0
74279,ĠJuli,5,0
74280,itchfield,5,0
74281,ĠQuir,5,0
74282,ĠQuinto,5,0
74283,ĠQuetta,5,0
74284,ĠQuaal,5,0
74285,ĠQuinoa,5,0
74286,ĠQuisiera,5,0
74287,Ġquarantine,5,0
74288,Ġpolicyholders,5,0
74289,Ġcivilised,5,0
74290,Ġjourneying,5,0
74291,ĠSmur,5,0
74292,ĠSmile,5,0
74293,ĠDraco,5,0
74294,Ġdependant,5,0
74297,Ġstarling,5,0
74298,Ġstarvin,5,0
74299,Ġstarlit,5,0
74300,Ġstargazing,5,0
74301,Ġfreshest,5,0
74302,Ġfrescos,5,0
74303,ĠIIT,5,0
74304,ĠIIRIRA,5,0
74305,Ġmisinformed,5,0
74306,Ġmisbehave,5,0
74307,chets,5,0
74308,chelder,5,0
74309,Ġsuitably,5,0
74310,ĠEnos,5,0
74311,ĠEnzo,5,0
74312,ĠEnlar,5,0
74313,ĠEnsay,5,0
74314,ĠEnvelope,5,0
74315,Ġbroadsides,5,0
74316,Ġneglec,5,0
74317,Ġfurthering,5,0
74318,Ġfurtherance,5,0
74319,Ġfurthermore,5,0
74320,Ġkillin,5,0
74321,Ġmistreated,5,0
74322,ĠMusado,5,0
74323,ĠMuscat,5,0
74324,ĠMuscogee,5,0
74326,ĠIris,5,0
74327,ĠIrabu,5,0
74329,ettucc,5,0
74330,Ġpeninsulas,5,0
74331,Ġdaunt,5,0
74332,kenwell,5,0
74333,kenaten,5,0
74334,Ġza,5,0
74335,Ġzits,5,0
74336,Ġzery,5,0
74337,Ġzoned,5,0
74338,Ġzodiac,5,0
74339,Ġzephyr,5,0
74340,ĠDepreciation,5,0
74341,ĠOldham,5,0
74342,ĠAgirre,5,0
74343,verture,5,0
74344,Ġstonewall,5,0
74345,Ġbloodshot,5,0
74346,mona,5,0
74347,adding,5,0
74349,addafi,5,0
74350,Ġchecklists,5,0
74351,ĠSerp,5,0
74353,ĠSerug,5,0
74354,Ġtrustful,5,0
74355,Ġtrustee,5,0
74356,Ġerst,5,0
74357,ĠTheirs,5,0
74360,Ġhangman,5,0
74361,ĠCoit,5,0
74362,ĠCoins,5,0
74363,ĠMena,5,0
74365,ĠMenai,5,0
74366,ĠOurselves,5,0
74367,Ġspiraling,5,0
74370,ĠSante,5,0
74371,ĠSantini,5,0
74372,Ġkeyword,5,0
74374,Ġopportunistic,5,0
74376,ĠPaterson,5,0
74378,ĠPatrizio,5,0
74379,ĠMadama,5,0
74380,strange,5,0
74381,strative,5,0
74382,ĠAcquis,5,0
74383,ĠAcrobat,5,0
74384,ĠAcolapissa,5,0
74385,Ġsocialite,5,0
74386,Ġsocialistic,5,0
74387,Ġhospitably,5,0
74388,Ġsexier,5,0
74392,Ġ1007,5,0
74393,olyte,5,0
74394,ĠCrace,5,0
74395,ĠCrater,5,0
74396,ĠCrowning,5,0
74397,ĠCracow,5,0
74398,ĠCrandall,5,0
74399,ĠCrittend,5,0
74400,ĠGeneralizing,5,0
74402,Ġhallmarks,5,0
74403,Ġfeelingly,5,0
74405,Ġfreaked,5,0
74406,Ġfreighting,5,0
74407,ĠValid,5,0
74408,ĠValide,5,0
74409,ĠValium,5,0
74410,ĠValleys,5,0
74411,ĠValpara,5,0
74412,Ġdamming,5,0
74413,ĠParkins,5,0
74414,Ġsadistic,5,0
74415,Ġsadomas,5,0
74416,ĠRegents,5,0
74417,Ġconversant,5,0
74418,ĠRoyce,5,0
74419,Ġignition,5,0
74420,Ġmalevol,5,0
74421,Ġspaceflight,5,0
74422,Ġmotorboats,5,0
74423,ĠEastland,5,0
74424,hums,5,0
74425,Heinz,5,0
74426,Ġcustomarily,5,0
74427,rightly,5,0
74428,ĠBerwick,5,0
74429,ĠGlob,5,0
74430,ĠGluck,5,0
74431,ĠGlaces,5,0
74432,ĠGloves,5,0
74434,Ġimmor,5,0
74435,ĠBoi,5,0
74436,ĠBoomer,5,0
74437,alta,5,0
74438,Ġrapes,5,0
74439,Ġrapacious,5,0
74440,Ġrailro,5,0
74441,ĠLaika,5,0
74442,ĠLaogh,5,0
74443,imsen,5,0
74445,Ġepider,5,0
74446,Ġepiscopal,5,0
74447,Ġepiphany,5,0
74448,Ġepilepsy,5,0
74449,Ġannouncers,5,0
74450,regs,5,0
74451,regional,5,0
74452,regulars,5,0
74453,Ġrecommenced,5,0
74454,ĠHalling,5,0
74455,ĠRosh,5,0
74456,ĠRoshi,5,0
74457,ĠRossell,5,0
74459,ĠComanche,5,0
74460,Ġscreenplays,5,0
74461,ĠSchw,5,0
74462,ĠSchre,5,0
74463,ĠScholes,5,0
74464,ĠSchwy,5,0
74465,Ġsportsmen,5,0
74466,Ġsportsperson,5,0
74467,Ġconductive,5,0
74468,Ġconvol,5,0
74469,Ġforestall,5,0
74471,ĠMarkus,5,0
74472,ĠMarkie,5,0
74473,Ġgrayheads,5,0
74474,ĠChez,5,0
74475,ĠChemin,5,0
74477,ĠCheitharol,5,0
74478,Ġtithe,5,0
74480,ĠMorel,5,0
74481,ĠMorehead,5,0
74482,ĠMorecambe,5,0
74483,ĠDescribing,5,0
74484,ophile,5,0
74485,ophony,5,0
74486,ophilus,5,0
74487,Ġhurtful,5,0
74488,506,5,0
74491,ĠSykes,5,0
74492,ĠSycamore,5,0
74493,Ġexpensively,5,0
74495,Ġdispensation,5,0
74498,Ġcartouches,5,0
74499,Ġangling,5,0
74500,Ġangrier,5,0
74502,104,5,0
74503,uggers,5,0
74504,cellany,5,0
74505,ĠRois,5,0
74506,ĠRovers,5,0
74507,ĠRoeder,5,0
74508,ĠAustralasian,5,0
74509,ĠGrandes,5,0
74510,ĠGrandmaster,5,0
74511,flag,5,0
74512,flavor,5,0
74513,Ġsensibilities,5,0
74515,riseptium,5,0
74516,Ġuncaring,5,0
74517,umnus,5,0
74518,Ġtruthfulness,5,0
74520,Ġ508,5,0
74522,lsperger,5,0
74524,Ġchiefdom,5,0
74525,Ġsweetie,5,0
74526,Ġcommandant,5,0
74528,column,5,0
74529,ĠAppia,5,0
74530,ĠAppleton,5,0
74531,ĠApplic,5,0
74532,ĠOlympus,5,0
74533,ĠOlympique,5,0
74535,Ġurbane,5,0
74536,Ġcentralization,5,0
74537,ĠDorian,5,0
74538,Ġdenouncing,5,0
74539,Ġhungrily,5,0
74540,ĠBroke,5,0
74541,ĠBrophy,5,0
74542,aele,5,0
74543,aeva,5,0
74544,Ġpunishes,5,0
74545,ĠSundance,5,0
74546,ĠSundares,5,0
74547,rify,5,0
74548,rifying,5,0
74549,Ġfolio,5,0
74550,metry,5,0
74551,Ġconsummated,5,0
74552,Ġconsummation,5,0
74553,ĠPaulownia,5,0
74555,veyor,5,0
74556,178,5,0
74557,ĠMartina,5,0
74558,ĠMartyr,5,0
74559,ĠMartindale,5,0
74560,ĠDanius,5,0
74561,ĠDaniken,5,0
74562,Ġundid,5,0
74563,ĠQuezon,5,0
74564,Ġinjun,5,0
74565,Ġtruckers,5,0
74566,ĠLethe,5,0
74567,ĠLetourneau,5,0
74568,Ġstormers,5,0
74569,ĠFrancini,5,0
74570,ĠFranconian,5,0
74572,Ġrespondent,5,0
74573,Ġliege,5,0
74574,ĠMidler,5,0
74575,ĠMidlands,5,0
74576,ĠMidshipmen,5,0
74577,ĠPrey,5,0
74578,ĠPrevin,5,0
74579,Ġretirements,5,0
74580,Ġreformatory,5,0
74581,Ġbien,5,0
74582,Ġbiota,5,0
74583,Ġbiopic,5,0
74584,Ġbiotechnology,5,0
74585,ĠSomethin,5,0
74586,Ġgoalkeepers,5,0
74587,ĠBayos,5,0
74588,ĠBayless,5,0
74589,ĠBaylor,5,0
74590,ĠBayreuth,5,0
74591,Ġtelecommuting,5,0
74592,Ġtelecommunication,5,0
74593,keshaw,5,0
74594,keszr,5,0
74595,Ġwhisks,5,0
74596,Ġwhisker,5,0
74597,Ġlegislations,5,0
74598,ĠSunderland,5,0
74599,ĠTIM,5,0
74600,Ġmagnolia,5,0
74601,ĠDisabilities,5,0
74602,ĠDisplacement,5,0
74603,ĠDisguised,5,0
74604,ĠDisclosures,5,0
74605,caste,5,0
74606,Ġgallinaceous,5,0
74607,ĠImams,5,0
74608,ĠImmediate,5,0
74609,Ġsearchingly,5,0
74610,egas,5,0
74611,183,5,0
74612,1822,5,0
74613,1832,5,0
74614,1895,5,0
74615,1841,5,0
74616,1886,5,0
74617,Ġinstalls,5,0
74618,Ġperspiring,5,0
74619,Ġgarbled,5,0
74620,ĠUnionist,5,0
74621,ĠAlberti,5,0
74622,Ġcoffeehouse,5,0
74623,ĠMorrill,5,0
74624,ĠMorvan,5,0
74625,ĠMoranis,5,0
74626,ĠMorioka,5,0
74627,Ġquarterdeck,5,0
74628,Ġquarterfinal,5,0
74629,ĠTemps,5,0
74630,ĠTembeling,5,0
74632,ĠBurk,5,0
74633,ĠBuried,5,0
74634,ISM,5,0
74636,ĠBlackwood,5,0
74637,ĠBlackfriars,5,0
74638,Ġbarest,5,0
74639,ĠChichester,5,0
74640,ĠMilestone,5,0
74641,ĠAnnals,5,0
74642,ĠAnnounce,5,0
74643,ĠInternationale,5,0
74644,ĠBelvedere,5,0
74645,ĠBelieving,5,0
74646,ĠHenraques,5,0
74647,ĠPriene,5,0
74648,Ġsickest,5,0
74649,Ġspluttering,5,0
74650,Ġfestal,5,0
74651,Ġroofless,5,0
74652,Ġ2200,5,0
74653,Ġchemotherapy,5,0
74655,??-,5,0
74656,ĠKalap,5,0
74657,ĠVenk,5,0
74658,ĠVenerable,5,0
74660,Ġrebate,5,0
74661,Ġrebuff,5,0
74662,ĠMontague,5,0
74663,ĠMontagne,5,0
74664,ĠMontbard,5,0
74665,ĠMonterey,5,0
74666,bergs,5,0
74667,guilty,5,0
74668,progress,5,0
74669,propelled,5,0
74670,Ġscrim,5,0
74671,ariidae,5,0
74672,Ġbounder,5,0
74673,Ġbombshell,5,0
74674,Ġoilman,5,0
74675,ĠSalah,5,0
74676,ĠSalman,5,0
74677,ĠSalines,5,0
74678,ĠMerging,5,0
74679,ĠMersey,5,0
74680,ĠMerkin,5,0
74681,ĠMergers,5,0
74682,ĠMercier,5,0
74683,ĠMerritt,5,0
74684,Ġdreamlike,5,0
74685,Ġpleasantry,5,0
74686,301,5,0
74689,Ġsleuth,5,0
74690,ĠSamad,5,0
74692,ĠGrevenmacher,5,0
74693,ĠSatie,5,0
74694,oroform,5,0
74695,Ġflagrant,5,0
74696,yrations,5,0
74697,yrhynchus,5,0
74698,Ġprintable,5,0
74699,markt,5,0
74700,blon,5,0
74702,blico,5,0
74703,bleness,5,0
74704,Ġblondness,5,0
74705,ĠRecolet,5,0
74706,ĠReckingen,5,0
74707,ĠHelper,5,0
74708,Ġnovelists,5,0
74709,ĠFlorid,5,0
74710,canini,5,0
74711,ĠContrad,5,0
74712,ĠContacts,5,0
74713,Ġthickens,5,0
74715,ĠSumitra,5,0
74716,Ġrarer,5,0
74717,Ġrarebit,5,0
74718,Ġdeterminedly,5,0
74719,ĠDelays,5,0
74720,ĠDelights,5,0
74721,ĠDelano,5,0
74723,ĠDelaney,5,0
74724,Ġlogged,5,0
74725,Ġdedicating,5,0
74726,ĠOkf,5,0
74727,ĠOkawa,5,0
74730,ĠCOWARD,5,0
74731,Ġtrailin,5,0
74732,Ġjudgements,5,0
74733,ipses,5,0
74734,Ġweightlifter,5,0
74735,ĠCouncill,5,0
74736,Ġentranceway,5,0
74737,aphanta,5,0
74738,aphrod,5,0
74739,Ġdebunk,5,0
74740,Ġautomate,5,0
74741,Ġradioactivity,5,0
74742,ĠKeeling,5,0
74743,ĠKeillor,5,0
74744,ĠArtistic,5,0
74745,ĠArtvin,5,0
74746,ĠArtigas,5,0
74747,Ġheaters,5,0
74748,154,5,0
74749,156,5,0
74750,Ġringmaster,5,0
74751,Ġsoutherners,5,0
74752,Ġdropouts,5,0
74753,Ġrevellers,5,0
74756,ĠHanshin,5,0
74757,Ġembassador,5,0
74758,Ġembattled,5,0
74759,Ġrenaming,5,0
74760,Ġgalactic,5,0
74761,ĠMacri,5,0
74762,ĠMacchia,5,0
74763,ĠMacFarlane,5,0
74764,ĠMacerola,5,0
74765,ĠLucian,5,0
74766,ĠLucret,5,0
74767,ĠLucille,5,0
74768,Stan,5,0
74769,Stage,5,0
74770,Stories,5,0
74771,Strange,5,0
74773,Ġsacque,5,0
74774,Ġunsub,5,0
74775,Ġunsophisticated,5,0
74776,ĠWesterner,5,0
74777,Ġcloseness,5,0
74780,Ġhomeschool,5,0
74781,ĠUnderlying,5,0
74782,azzle,5,0
74783,uravera,5,0
74784,ĠGolds,5,0
74785,ĠGoldy,5,0
74786,ĠGoldmine,5,0
74787,ĠCastor,5,0
74788,Ġrowel,5,0
74789,Ġfunctionally,5,0
74790,Ġ293,5,0
74791,ĠJudi,5,0
74792,ĠJudo,5,0
74793,Ġcriminally,5,0
74795,Ġliberality,5,0
74796,ĠHenryk,5,0
74797,Ġbonk,5,0
74799,ĠHotline,5,0
74800,ĠEvisa,5,0
74801,Ġcommercialism,5,0
74804,ĠAudouin,5,0
74805,Ġepisodic,5,0
74806,ĠSpeight,5,0
74807,ĠSpeakers,5,0
74808,ĠCollegio,5,0
74809,stepped,5,0
74810,stealing,5,0
74811,ECH,5,0
74813,iyar,5,0
74814,iyas,5,0
74815,iyet,5,0
74816,iyges,5,0
74817,iygne,5,0
74818,Ġcashiers,5,0
74819,ĠAlda,5,0
74820,ĠAlderson,5,0
74821,ĠScotti,5,0
74822,vestones,5,0
74823,ĠTownsend,5,0
74824,Ġsymbiosis,5,0
74825,Ġinstrumentals,5,0
74826,Ġmadden,5,0
74828,Ġgeanu,5,0
74829,ALD,5,0
74830,ĠLewinski,5,0
74831,Ġlatterly,5,0
74832,ĠConsul,5,0
74833,ĠConsolidated,5,0
74835,ĠProvin,5,0
74836,RSU,5,0
74838,ĠBuena,5,0
74839,ĠBuyers,5,0
74840,ĠHiller,5,0
74841,ĠHillman,5,0
74842,Ġironies,5,0
74843,Ġironwood,5,0
74844,ĠGreenfield,5,0
74845,ĠGreenbank,5,0
74846,Ġsharpen,5,0
74847,ĠApu,5,0
74848,ĠApology,5,0
74849,ĠApartheid,5,0
74850,162,5,0
74851,1600,5,0
74852,ĠWilber,5,0
74853,Ġdismemberment,5,0
74855,putting,5,0
74856,putably,5,0
74857,noch,5,0
74858,ĠMagin,5,0
74859,ĠMagadha,5,0
74860,ĠHawi,5,0
74861,glot,5,0
74862,glove,5,0
74863,gliding,5,0
74864,ĠCurral,5,0
74865,ĠCurtain,5,0
74866,Ġpoetries,5,0
74867,Ġinformants,5,0
74868,ĠRandersacker,5,0
74869,ĠMartinis,5,0
74870,!'--,5,0
74871,Ġobservational,5,0
74872,aito,5,0
74873,Ġdeterminist,5,0
74874,ĠRelation,5,0
74875,ĠRelig,5,0
74876,ĠRelating,5,0
74877,ĠRelative,5,0
74878,ĠRelatively,5,0
74879,Ġsubmittal,5,0
74880,Ġtaskmasters,5,0
74881,ĠMetropol,5,0
74882,ĠMetcalf,5,0
74883,ĠKhas,5,0
74884,ĠKhoo,5,0
74885,ĠKhmer,5,0
74886,ĠKhatt,5,0
74887,ĠKhwar,5,0
74888,ĠKhunu,5,0
74889,ĠKhambana,5,0
74890,ĠDouro,5,0
74892,Ġtraffickers,5,0
74893,ĠMedicis,5,0
74895,Ġcasque,5,0
74896,ĠIllusions,5,0
74897,ĠMcCrory,5,0
74898,ĠMcCaughey,5,0
74899,ĠMcCaffrey,5,0
74900,ĠWorkhouse,5,0
74901,ĠWorkshop,5,0
74902,yev,5,0
74903,yevich,5,0
74904,ĠEmpower,5,0
74907,ĠCampylobacter,5,0
74908,Ġfamiliarly,5,0
74909,Ġfamiliarize,5,0
74910,Ġvanishes,5,0
74911,Ġschism,5,0
74913,ĠLonghena,5,0
74914,ĠLongfang,5,0
74915,ĠZein,5,0
74916,ĠModica,5,0
74917,ĠModena,5,0
74918,ĠFamiliar,5,0
74919,Ġderogatory,5,0
74920,ĠSunn,5,0
74921,ĠSunway,5,0
74923,ĠSunfish,5,0
74924,rimson,5,0
74925,ĠTrembling,5,0
74926,ĠCorot,5,0
74929,Ġplatitudes,5,0
74930,Ġattendee,5,0
74931,ĠJosefa,5,0
74932,understand,5,0
74933,Ġinterpersonal,5,0
74934,ĠAdministered,5,0
74935,ĠLemieux,5,0
74936,ĠLemoyne,5,0
74937,ĠRamones,5,0
74938,ĠRamzi,5,0
74939,ĠNoriega,5,0
74940,iasos,5,0
74941,iasms,5,0
74942,ĠTurkification,5,0
74943,146,5,0
74944,148,5,0
74945,alya,5,0
74946,alytic,5,0
74947,Ġimplanted,5,0
74948,Ġunderstating,5,0
74950,Ġmoonlit,5,0
74951,Ġmicrobes,5,0
74952,Ġmicroclimate,5,0
74954,ĠFatherland,5,0
74955,ĠTwas,5,0
74957,IDENT,5,0
74958,evident,5,0
74959,evna,5,0
74960,SAGE,5,0
74961,ĠSquaw,5,0
74963,ĠGuyot,5,0
74964,ĠCassettes,5,0
74965,ĠPanorama,5,0
74966,ĠCamels,5,0
74967,ĠCamillo,5,0
74969,ttiaho,5,0
74971,EDER,5,0
74972,Ġblowpipe,5,0
74974,Ġminimizes,5,0
74975,Ġseekest,5,0
74976,Ġseeketh,5,0
74977,ĠSubstances,5,0
74978,ĠSubsection,5,0
74979,ĠSubmitting,5,0
74980,ĠSuburbs,5,0
74981,Chin,5,0
74982,Choc,5,0
74983,Chuck,5,0
74984,Church,5,0
74985,Choct,5,0
74986,Chancellors,5,0
74987,ĠTerah,5,0
74988,ĠSidi,5,0
74989,ĠMiddleborough,5,0
74990,ĠPenis,5,0
74991,ĠPenya,5,0
74992,ĠPennington,5,0
74993,laes,5,0
74994,Ġmirage,5,0
74997,ĠSurry,5,0
74998,ĠSurgeon,5,0
74999,Ġsmarting,5,0
1832,overed,4,0
1918,Ġappe,4,0
2066,uthor,4,0
2277,Ġfav,4,0
2341,udget,4,0
2349,ysis,4,0
2401,Ġrese,4,0
2737,pecially,4,0
2856,Ġrelig,4,0
2884,ĠCaliforn,4,0
2977,cohol,4,0
3137,lebr,4,0
3163,Ġacqu,4,0
3218,olute,4,0
3261,Ġspir,4,0
3339,ĠDemocr,4,0
3353,itchen,4,0
3391,Ġindepend,4,0
3530,Ġrecomm,4,0
3559,ength,4,0
3618,gypt,4,0
3743,Ġappropri,4,0
3768,ittee,4,0
4129,Ġlegisl,4,0
4344,usal,4,0
4350,Ġstrateg,4,0
4638,Ġamaz,4,0
4789,Ġdecre,4,0
4837,Ġintegr,4,0
5008,fortun,4,0
5012,ĠVict,4,0
5054,urday,4,0
5086,nament,4,0
5115,elve,4,0
5120,ompl,4,0
5214,Ġobserv,4,0
5252,oln,4,0
5275,ĠMedic,4,0
5368,Ġcere,4,0
5371,Ġnurs,4,0
5381,Ġadministr,4,0
5468,Ġdise,4,0
5527,ĠKore,4,0
5743,Ġinhab,4,0
5859,ominated,4,0
6022,ĠProfess,4,0
6086,uclear,4,0
6137,ĠBuddh,4,0
6210,Ġdescri,4,0
6475,Ġincent,4,0
6547,ĠVandem,4,0
6592,GD,4,0
6840,Ġnerv,4,0
6870,Ġindic,4,0
7065,Ġfab,4,0
7131,Ġemphas,4,0
7147,Ġfascin,4,0
7197,ĠMississ,4,0
7202,Ġagricult,4,0
7204,Ġaston,4,0
7272,umph,4,0
7304,ĠPennsylv,4,0
7412,Ġdyn,4,0
7559,umbled,4,0
7567,Ġsubsid,4,0
7604,Ġimmigr,4,0
7754,Ġrand,4,0
7776,obal,4,0
7870,Ġenh,4,0
8002,ĠUkr,4,0
8110,ript,4,0
8294,hensive,4,0
8339,endix,4,0
8395,Ġadmir,4,0
8474,abama,4,0
8585,Ġridic,4,0
8727,Ġspo,4,0
8959,198,4,0
9031,olen,4,0
9151,ĠParticip,4,0
9288,atient,4,0
9499,agons,4,0
9514,ammad,4,0
9556,ursday,4,0
9599,Ġdict,4,0
9637,Ġoverwhel,4,0
9666,ront,4,0
9705,Ġtremb,4,0
9717,Ġkilomet,4,0
9796,Ġdeliber,4,0
10014,Ġreprodu,4,0
10138,stration,4,0
10220,clude,4,0
10327,ĠGuadel,4,0
10372,Ġrenov,4,0
10399,Ġdipl,4,0
10408,ĠPrud,4,0
10584,atell,4,0
10662,ardy,4,0
10724,rimination,4,0
10744,ilica,4,0
10838,oosa,4,0
10931,rimin,4,0
10946,iguration,4,0
11037,ldom,4,0
11105,erness,4,0
11142,ributes,4,0
11183,Ġalleg,4,0
11187,soever,4,0
11189,ĠAnth,4,0
11367,uscript,4,0
11377,irect,4,0
11402,icop,4,0
11476,Ġvolunt,4,0
11519,comed,4,0
11659,Ġnomin,4,0
11742,iasm,4,0
11758,zburg,4,0
11796,azzo,4,0
11927,vada,4,0
12034,hile,4,0
12064,ĠExhib,4,0
12170,ĠAmaz,4,0
12345,retion,4,0
12394,Ġdisgu,4,0
12458,braska,4,0
12545,inja,4,0
12592,ĠSyd,4,0
12682,Ġming,4,0
12772,ĠBav,4,0
12779,Ġdischar,4,0
12875,Ġsurviv,4,0
12959,puts,4,0
13048,Ġworsh,4,0
13076,Ġunsu,4,0
13101,ĠPubl,4,0
13179,irie,4,0
13215,oosing,4,0
13283,ĠAssess,4,0
13446,inople,4,0
13539,ĠOsc,4,0
13582,ĠBalear,4,0
13599,ripp,4,0
13676,rooke,4,0
13766,cca,4,0
13875,ĠCleve,4,0
13909,itol,4,0
13927,apolis,4,0
13980,ongh,4,0
14028,ambur,4,0
14174,Ġillumin,4,0
14221,orig,4,0
14257,Ġincons,4,0
14553,osures,4,0
14790,iciary,4,0
14916,gerton,4,0
14955,Ġbarbar,4,0
15029,istol,4,0
15064,Ġconstr,4,0
15092,Ġfatig,4,0
15175,arently,4,0
15231,idences,4,0
15235,urai,4,0
15257,ennium,4,0
15260,Ġtreacher,4,0
15278,ylum,4,0
15298,ĠKentuck,4,0
15359,resh,4,0
15385,inai,4,0
15478,akened,4,0
15518,ictionary,4,0
15556,uana,4,0
15615,ĠEmm,4,0
15671,Ġstere,4,0
15681,Ġcongreg,4,0
15698,versed,4,0
15699,iblical,4,0
15722,ĠBerke,4,0
15771,Ġameric,4,0
15776,Ġdwe,4,0
15778,arming,4,0
15930,Ġblo,4,0
16250,ĠLith,4,0
16252,ĠEil,4,0
16330,ĠSemin,4,0
16364,ldon,4,0
16395,Ġenqu,4,0
16481,fol,4,0
16567,Ġhypocr,4,0
16628,ĠNing,4,0
16755,amoto,4,0
16761,ĠMuss,4,0
16957,monia,4,0
16958,Ġnorther,4,0
17029,Ġfeder,4,0
17053,usole,4,0
17074,Ġeyeb,4,0
17195,ĠForment,4,0
17212,ĠRegard,4,0
17303,ĠNCA,4,0
17396,fman,4,0
17518,luent,4,0
17729,udder,4,0
17835,mun,4,0
17867,urbed,4,0
17887,ĠGarrow,4,0
17927,Ġpromot,4,0
17970,dinand,4,0
17979,ĠAbram,4,0
18017,rigo,4,0
18037,Ġdisreg,4,0
18099,Ġphilanthrop,4,0
18147,inians,4,0
18293,neumonia,4,0
18405,Ġpredomin,4,0
18455,ubbock,4,0
18477,anical,4,0
18500,olan,4,0
18571,guing,4,0
18683,ortions,4,0
18755,Ġracetr,4,0
18784,ĠEthiop,4,0
18862,ĠEu,4,0
18872,cling,4,0
18994,gorith,4,0
19198,Ġloy,4,0
19251,ainties,4,0
19277,menio,4,0
19300,ĠMonten,4,0
19399,nity,4,0
19400,nals,4,0
19551,Ġphilosoph,4,0
19581,original,4,0
19653,quisition,4,0
19657,iguous,4,0
19662,asset,4,0
19697,ilingual,4,0
19705,Ġencir,4,0
19794,tical,4,0
19795,tche,4,0
19815,uttering,4,0
19846,Ġprote,4,0
19963,ĠGentile,4,0
19988,serv,4,0
20039,ĠVern,4,0
20040,Ġschem,4,0
20099,ukushima,4,0
20162,Ġinconven,4,0
20208,semin,4,0
20222,allied,4,0
20293,aggage,4,0
20387,Ġnostalg,4,0
20427,Ġhect,4,0
20485,yss,4,0
20491,ĠCla,4,0
20523,ylan,4,0
20526,ukk,4,0
20593,asketball,4,0
20652,imburse,4,0
20682,igible,4,0
20694,ipher,4,0
20726,Ġparad,4,0
20862,ĠCec,4,0
20908,ampire,4,0
20939,ĠPrinc,4,0
21054,raged,4,0
21119,Ġplent,4,0
21145,ĠUE,4,0
21148,Ġadul,4,0
21167,lihood,4,0
21205,iscovered,4,0
21337,atown,4,0
21345,Ġding,4,0
21397,akhan,4,0
21509,fallen,4,0
21515,charge,4,0
21645,ĠGrow,4,0
21835,laid,4,0
21837,sight,4,0
21842,isal,4,0
21845,anium,4,0
21892,elong,4,0
22118,asive,4,0
22162,ĠInfr,4,0
22165,ountain,4,0
22372,kon,4,0
22377,uania,4,0
22379,viol,4,0
22422,ĠBiels,4,0
22457,ignt,4,0
22461,Ġupro,4,0
22505,asonry,4,0
22588,aminated,4,0
22687,inum,4,0
22711,ĠSulf,4,0
22760,aggy,4,0
22762,auff,4,0
22986,witz,4,0
23043,olera,4,0
23056,ĠDian,4,0
23136,okie,4,0
23152,Ġburgl,4,0
23226,ĠAlej,4,0
23236,ĠSacrament,4,0
23270,abulary,4,0
23331,ĠBajor,4,0
23340,Ġrheum,4,0
23383,ignant,4,0
23416,ceptible,4,0
23441,Ġgravey,4,0
23625,ĠAraw,4,0
23670,ĠJere,4,0
23718,rico,4,0
23761,ukakis,4,0
23991,Ġchrom,4,0
24002,Ġvom,4,0
24173,ĠFerr,4,0
24324,ĠFail,4,0
24412,ĠAdjust,4,0
24432,ĠScen,4,0
24642,polit,4,0
24663,arning,4,0
24670,ĠAchie,4,0
24678,ĠSmy,4,0
24707,allic,4,0
24715,ĠLamm,4,0
24717,ĠGiff,4,0
24824,ĠPerp,4,0
24828,Ġlabyrin,4,0
24849,asionally,4,0
25029,recy,4,0
25059,ĠMagg,4,0
25069,ĠPorts,4,0
25105,Ġdilem,4,0
25175,Ġdemol,4,0
25378,Alf,4,0
25485,ountable,4,0
25568,Ġengra,4,0
25662,Ġunpredict,4,0
25767,fax,4,0
25946,aughlin,4,0
25954,ĠConquer,4,0
25982,onesome,4,0
26205,Ġlumin,4,0
26208,ĠAstr,4,0
26255,ĠDull,4,0
26285,Ġagon,4,0
26425,ĠMurr,4,0
26622,idium,4,0
26772,Ġhorrend,4,0
26819,odeon,4,0
26873,ĠGiac,4,0
26898,ĠTaens,4,0
26931,Ġtransparen,4,0
27029,logy,4,0
27072,acional,4,0
27081,sees,4,0
27173,Ġcaric,4,0
27243,ĠMcDon,4,0
27313,verend,4,0
27486,guerite,4,0
27518,hwa,4,0
27519,lining,4,0
27528,rition,4,0
27588,ĠChern,4,0
27597,rien,4,0
27598,ĠHust,4,0
27609,andar,4,0
27670,Ġdisb,4,0
27683,Ġimposs,4,0
27721,ventions,4,0
27832,ezes,4,0
28025,kop,4,0
28096,ĠHoo,4,0
28136,Ġorth,4,0
28157,odils,4,0
28173,onduct,4,0
28191,fered,4,0
28247,Ġfunn,4,0
28345,Ġunsatis,4,0
28396,ĠRetro,4,0
28400,aguars,4,0
28433,oretto,4,0
28553,nake,4,0
28560,uci,4,0
28572,isis,4,0
28597,Ġleng,4,0
28682,ĠJago,4,0
28712,ĠChih,4,0
28743,vester,4,0
28744,phalt,4,0
28756,ĠShaft,4,0
28760,eez,4,0
28929,ĠVillan,4,0
28942,oidable,4,0
28978,Ġsubtit,4,0
29082,Bat,4,0
29085,Euro,4,0
29106,jid,4,0
29110,laces,4,0
29138,Ġtox,4,0
29149,ĠIro,4,0
29154,access,4,0
29207,iello,4,0
29264,anched,4,0
29303,ĠBeut,4,0
29372,Ġskyrock,4,0
29513,enteering,4,0
29650,eaux,4,0
29682,anar,4,0
29727,ĠSask,4,0
29838,Ġunic,4,0
29914,ĠAtmosp,4,0
29964,restrial,4,0
29984,ĠFinkel,4,0
30018,omingo,4,0
30084,ademia,4,0
30104,ordinate,4,0
30157,hisatt,4,0
30263,Ġindispens,4,0
30356,idels,4,0
30394,Ġroust,4,0
30409,ĠDial,4,0
30411,ĠDaim,4,0
30503,Ġrelativ,4,0
30545,ussions,4,0
30560,ĠMyster,4,0
30604,Ġinflamm,4,0
30729,marking,4,0
30785,abetes,4,0
30789,ĠEthn,4,0
30926,ĠNefert,4,0
30976,vie,4,0
31019,ĠAeron,4,0
31081,unc,4,0
31091,essment,4,0
31100,atello,4,0
31102,ĠLongh,4,0
31154,ĠStam,4,0
31171,clamation,4,0
31197,ovan,4,0
31464,ĠLyd,4,0
31538,Ġinconsist,4,0
31710,arius,4,0
31754,ĠBucking,4,0
31809,Ġexal,4,0
31831,ostic,4,0
31832,Ġtrud,4,0
31868,Ġdisburse,4,0
31871,ulties,4,0
31966,iterated,4,0
32009,Ġantagon,4,0
32027,Ġpenetr,4,0
32041,ophis,4,0
32057,ĠAntar,4,0
32104,lawful,4,0
32133,ĠYeh,4,0
32174,osterone,4,0
32212,ĠAggreg,4,0
32379,Ġelectromag,4,0
32442,grave,4,0
32444,kner,4,0
32530,adjust,4,0
32534,etermined,4,0
32584,antics,4,0
32617,ĠEuras,4,0
32685,Ġhelip,4,0
32773,ĠCarac,4,0
32842,Ġsuperf,4,0
32844,dding,4,0
32851,factory,4,0
32909,ICT,4,0
32969,ĠHyder,4,0
33106,ucco,4,0
33146,ĠScandin,4,0
33249,Pac,4,0
33275,mee,4,0
33342,ĠTec,4,0
33464,Ġtru,4,0
33486,ptych,4,0
33489,ĠSturg,4,0
33670,agerie,4,0
33675,Ġautor,4,0
33687,ercher,4,0
33690,monary,4,0
33840,STON,4,0
33851,Ġsympt,4,0
33968,Manipur,4,0
34034,anskrit,4,0
34148,Riv,4,0
34179,moud,4,0
34180,mosis,4,0
34186,pok,4,0
34256,ĠTropic,4,0
34320,olates,4,0
34328,uning,4,0
34362,Ġorche,4,0
34363,Ġorchest,4,0
34406,Ġblizz,4,0
34451,fell,4,0
34513,ugo,4,0
34524,Ġmoll,4,0
34549,Ġparch,4,0
34574,Ġburge,4,0
34617,afia,4,0
34895,powder,4,0
34952,etermination,4,0
35079,furt,4,0
35099,Ġaus,4,0
35111,erat,4,0
35191,ĠBosh,4,0
35207,ĠWate,4,0
35226,ĠFrey,4,0
35256,ĠRC,4,0
35339,ogany,4,0
35380,Ġskirm,4,0
35423,otech,4,0
35438,Ġmiliti,4,0
35465,arnath,4,0
35487,uppies,4,0
35509,ĠExpend,4,0
35525,ynski,4,0
35537,Ġfurthe,4,0
35566,Ġgravest,4,0
35595,rupted,4,0
35637,ĠGarib,4,0
35844,prefecture,4,0
36013,Sund,4,0
36038,killed,4,0
36073,itical,4,0
36085,Ġhul,4,0
36091,alom,4,0
36131,acoteca,4,0
36132,ayun,4,0
36135,ĠSway,4,0
36153,urgy,4,0
36173,ĠHyl,4,0
36224,essing,4,0
36225,emple,4,0
36232,ĠNico,4,0
36248,ĠRw,4,0
36264,ĠErit,4,0
36331,ĠChiod,4,0
36376,isexual,4,0
36420,ĠLeices,4,0
36538,ĠCaled,4,0
36622,ASB,4,0
36649,egna,4,0
36677,ĠKeren,4,0
36788,ĠAshken,4,0
36822,ĠBharat,4,0
37095,thirsty,4,0
37187,wel,4,0
37212,Ġpasse,4,0
37227,ĠTanz,4,0
37247,Ġheft,4,0
37254,rovers,4,0
37280,ĠCerv,4,0
37303,rile,4,0
37372,artin,4,0
37414,placement,4,0
37454,Ġscraw,4,0
37466,ensington,4,0
37469,athering,4,0
37562,ĠAdequ,4,0
37690,array,4,0
37727,entials,4,0
37984,Ġcoden,4,0
38068,aviside,4,0
38077,ĠGaspar,4,0
38255,Hong,4,0
38321,vary,4,0
38330,infeld,4,0
38349,anj,4,0
38380,omics,4,0
38406,Ġecon,4,0
38442,Ġasymmet,4,0
38452,Ġdole,4,0
38453,illity,4,0
38494,ĠRode,4,0
38522,igas,4,0
38548,ĠKham,4,0
38585,ruly,4,0
38589,Ġsmould,4,0
38658,orthodox,4,0
38688,conferencing,4,0
38717,ĠDoct,4,0
38725,elsen,4,0
38735,ĠConest,4,0
38740,Ġparl,4,0
38750,Ġelectroc,4,0
38778,enga,4,0
38808,ospace,4,0
38833,isca,4,0
38853,ĠResc,4,0
38899,Ġprecurs,4,0
38971,ĠCorb,4,0
39000,ĠProfession,4,0
39011,warri,4,0
39034,common,4,0
39157,ĠGhaz,4,0
39190,Ġprecipit,4,0
39210,ĠWyand,4,0
39272,ĠTuscal,4,0
39391,Ġstupe,4,0
39418,ĠLauder,4,0
39505,Cla,4,0
39547,cence,4,0
39548,crest,4,0
39583,zra,4,0
39587,Ġtuss,4,0
39610,atum,4,0
39625,anters,4,0
39648,Ġdans,4,0
39666,omizu,4,0
39687,oteric,4,0
39691,idians,4,0
39693,Ġeald,4,0
39697,acters,4,0
39707,Ġital,4,0
39728,ĠBind,4,0
39731,ĠBreed,4,0
39739,ĠHanning,4,0
39771,usan,4,0
39792,ĠDAS,4,0
39823,ĠJee,4,0
39850,ittance,4,0
39939,igni,4,0
39965,ĠAnsw,4,0
39966,ĠAnalys,4,0
40030,Ġdiscred,4,0
40075,rological,4,0
40089,Ġprofuse,4,0
40099,ructures,4,0
40235,vertip,4,0
40317,itaire,4,0
40329,putable,4,0
40717,culture,4,0
40748,Ġunceremon,4,0
40875,Brad,4,0
40923,bians,4,0
40964,rusted,4,0
40977,yad,4,0
41002,enk,4,0
41022,ĠTind,4,0
41033,omial,4,0
41051,ionally,4,0
41088,amari,4,0
41096,ĠMies,4,0
41099,ĠMery,4,0
41105,Ġanac,4,0
41126,ĠHiro,4,0
41129,ilence,4,0
41130,opoly,4,0
41183,ĠDiff,4,0
41187,essional,4,0
41219,ĠGats,4,0
41271,Ġintrep,4,0
41315,Ġquizz,4,0
41321,ĠChant,4,0
41447,ĠAtat,4,0
41492,ushk,4,0
41575,Ġharpsich,4,0
41635,Ġversat,4,0
41756,Ġcaselo,4,0
41814,ĠSavo,4,0
41875,esterly,4,0
41997,Ġhedger,4,0
42020,ĠEscal,4,0
42086,ongevity,4,0
42300,obatrach,4,0
42346,ĠRastaf,4,0
42370,ctimystes,4,0
42470,jug,4,0
42475,lager,4,0
42485,rama,4,0
42516,atur,4,0
42585,Ġgop,4,0
42595,ĠAther,4,0
42620,adero,4,0
42768,ĠGamp,4,0
42812,ĠHex,4,0
42833,ĠInns,4,0
42858,Ġunpro,4,0
42944,airns,4,0
43005,Ġexponent,4,0
43143,ĠScud,4,0
43227,forces,4,0
43308,regulated,4,0
43320,iosa,4,0
43370,ĠControvers,4,0
43428,escott,4,0
43509,Ġsouther,4,0
43525,richt,4,0
43577,imbos,4,0
43579,ariah,4,0
43645,988,4,0
43703,division,4,0
43829,hydrous,4,0
43832,Commun,4,0
43837,ikuzen,4,0
43859,ĠJerem,4,0
43924,Ġunceasing,4,0
43945,ruggle,4,0
43976,Ġblasphe,4,0
44001,ĠTERRI,4,0
44088,GV,4,0
44089,Gord,4,0
44090,GIC,4,0
44097,Lith,4,0
44117,Tib,4,0
44128,aghan,4,0
44130,bitt,4,0
44131,bald,4,0
44160,mop,4,0
44304,ĠAware,4,0
44305,ĠArie,4,0
44316,stre,4,0
44334,ĠSB,4,0
44339,ĠSaff,4,0
44349,amond,4,0
44365,ĠMatal,4,0
44389,teries,4,0
44391,ilians,4,0
44392,ilisca,4,0
44441,ĠFok,4,0
44453,ĠDix,4,0
44536,peed,4,0
44542,onges,4,0
44568,rym,4,0
44585,ĠUri,4,0
44607,achal,4,0
44643,Ġprerog,4,0
44654,awat,4,0
44709,liaments,4,0
44809,Ġinsom,4,0
44813,Ġmedall,4,0
44843,Ġcaec,4,0
44890,ĠTof,4,0
44952,deacon,4,0
44953,Ġarmad,4,0
44955,Ġexistential,4,0
44962,HAR,4,0
44963,Ġsuperl,4,0
45132,iyenko,4,0
45137,ĠMurfrees,4,0
45195,ĠGiord,4,0
45305,organic,4,0
45317,immons,4,0
45357,ĠHuguen,4,0
45413,ĠCAD,4,0
45475,Ġcovet,4,0
45965,Lad,4,0
45986,Spy,4,0
46024,kirk,4,0
46055,til,4,0
46060,towers,4,0
46062,thens,4,0
46066,uire,4,0
46069,vul,4,0
46077,zal,4,0
46137,enin,4,0
46278,ĠMupp,4,0
46293,ĠBary,4,0
46301,rillo,4,0
46352,ainment,4,0
46371,allus,4,0
46375,ĠDiz,4,0
46384,emps,4,0
46420,quita,4,0
46474,udently,4,0
46494,ĠYv,4,0
46514,Ġblister,4,0
46526,ĠStru,4,0
46563,avirus,4,0
46579,ĠVrad,4,0
46583,irelli,4,0
46598,ĠShee,4,0
46644,ertiary,4,0
46647,iseum,4,0
46664,eco,4,0
46708,ĠArqu,4,0
46715,ĠMarcell,4,0
46749,ashima,4,0
46831,ĠConfl,4,0
46922,atica,4,0
46957,Ġapothe,4,0
46967,iola,4,0
47002,hampton,4,0
47073,agovernmental,4,0
47076,ophag,4,0
47133,ĠBurd,4,0
47244,ĠIntr,4,0
47288,ĠEsqu,4,0
47381,ĠUNC,4,0
47386,football,4,0
47397,Ġaeron,4,0
47406,ĠMatth,4,0
47414,ĠOliv,4,0
47630,Ġcompatri,4,0
47659,Ġpyg,4,0
47708,ĠJuvent,4,0
47789,magaz,4,0
47979,ĠPashup,4,0
48131,299,4,0
48151,Edd,4,0
48191,Rand,4,0
48244,eers,4,0
48254,figuration,4,0
48255,gro,4,0
48275,missible,4,0
48280,pents,4,0
48296,span,4,0
48303,tape,4,0
48307,vid,4,0
48326,rely,4,0
48342,isement,4,0
48355,itiously,4,0
48386,Ġdast,4,0
48436,ĠTherap,4,0
48469,Ġhedon,4,0
48481,ĠSere,4,0
48499,urized,4,0
48523,Ġwhinn,4,0
48557,chos,4,0
48579,andango,4,0
48613,users,4,0
48646,emeth,4,0
48663,ĠLys,4,0
48674,ĠGadd,4,0
48679,quiet,4,0
48695,ĠJoc,4,0
48698,ĠJinn,4,0
48700,ustainable,4,0
48763,acea,4,0
48779,ĠKob,4,0
48786,ĠKrup,4,0
48802,assen,4,0
48812,Ġunil,4,0
48838,Ġsphin,4,0
48846,clar,4,0
48853,Ġdisincl,4,0
48869,Ġscrou,4,0
48874,ailability,4,0
48887,introdu,4,0
48904,tex,4,0
48917,Ġacclam,4,0
48921,grow,4,0
48927,ovic,4,0
48931,ontide,4,0
48940,ĠAlon,4,0
48943,velines,4,0
48944,ossom,4,0
48962,Ġskul,4,0
48988,alea,4,0
49065,conc,4,0
49069,atto,4,0
49113,ikia,4,0
49116,auts,4,0
49201,olled,4,0
49208,ĠScorp,4,0
49214,ĠBenven,4,0
49232,letto,4,0
49276,Ġtreefrog,4,0
49294,commer,4,0
49321,PAS,4,0
49370,Ġbalust,4,0
49375,Ġmisqu,4,0
49479,ĠAntio,4,0
49515,ariable,4,0
49525,ITAL,4,0
49606,lamic,4,0
49647,Ġpsychotherap,4,0
49695,ĠTorqu,4,0
49712,charger,4,0
49713,ĠBorrome,4,0
49767,ĠMirac,4,0
49798,criptive,4,0
49894,finite,4,0
49969,ĠHandic,4,0
50013,ĠAthab,4,0
50026,Ġinconsider,4,0
50033,economics,4,0
50159,pastes,4,0
50246,ĠLudm,4,0
50338,Ġorthoped,4,0
50343,Ġinterconnect,4,0
50364,Ġgibber,4,0
50398,ĠBeyaz,4,0
50477,isheries,4,0
50519,ĠDrosophil,4,0
50522,oglyph,4,0
50539,ĠDifficult,4,0
50573,ĠAnnapurn,4,0
50579,Celebr,4,0
50584,ĠKardash,4,0
50604,Ġperempt,4,0
50630,Ġloudspe,4,0
50679,Bret,4,0
50687,Cass,4,0
50726,Kent,4,0
50729,Led,4,0
50732,Lew,4,0
50743,Norm,4,0
50750,Pitt,4,0
50792,fon,4,0
50805,gences,4,0
50810,hra,4,0
50819,jana,4,0
50821,jointed,4,0
50827,kos,4,0
50835,maint,4,0
50846,pical,4,0
50852,rater,4,0
50865,uwa,4,0
50866,vance,4,0
50872,zin,4,0
50883,hells,4,0
50904,atoo,4,0
50910,atoos,4,0
50930,oran,4,0
50931,orah,4,0
50948,Ġhiber,4,0
50962,asaw,4,0
50969,ĠTant,4,0
50995,ĠIps,4,0
51004,ĠAby,4,0
51008,otrans,4,0
51035,ĠSult,4,0
51050,Ġston,4,0
51061,amori,4,0
51066,ĠCis,4,0
51114,ctos,4,0
51142,herche,4,0
51166,andise,4,0
51211,ĠDot,4,0
51229,Ġchrys,4,0
51245,ĠLill,4,0
51271,ĠRames,4,0
51285,isticated,4,0
51312,elay,4,0
51332,pex,4,0
51399,inelli,4,0
51411,raves,4,0
51424,assionate,4,0
51440,Ġimmeas,4,0
51486,arken,4,0
51489,ĠVid,4,0
51506,issive,4,0
51508,soil,4,0
51537,Ġcoer,4,0
51556,otho,4,0
51563,mana,4,0
51642,ologique,4,0
51647,Ġairstri,4,0
51668,uckled,4,0
51689,ugar,4,0
51751,Ġinfat,4,0
51769,Ġconcoct,4,0
51786,ĠReprodu,4,0
51807,iteration,4,0
51838,ropole,4,0
51847,meet,4,0
51898,heading,4,0
51899,Ġgrandd,4,0
51927,ische,4,0
51984,Ġcandel,4,0
52013,Ġergonom,4,0
52019,strich,4,0
52050,ĠComun,4,0
52051,ĠComfort,4,0
52066,ulfurization,4,0
52123,ariya,4,0
52135,irao,4,0
52144,Ġdebil,4,0
52151,Ġembold,4,0
52200,ĠReluct,4,0
52203,celyn,4,0
52214,iasis,4,0
52220,ĠTwink,4,0
52250,ĠMelch,4,0
52337,Ġhypers,4,0
52410,donalds,4,0
52412,Ġvocifer,4,0
52468,277,4,0
52511,Ġpulver,4,0
52517,Govern,4,0
52522,764,4,0
52539,Ġunconstitution,4,0
52731,ĠTribun,4,0
52757,Ġiconocl,4,0
52776,czak,4,0
52839,ĠOblig,4,0
52908,ĠDISCO,4,0
52948,Ġvagab,4,0
53041,ĠOrnith,4,0
53090,Ġvaude,4,0
53150,odynamic,4,0
53233,members,4,0
53264,athletes,4,0
53318,opagnosia,4,0
53471,aam,4,0
53491,cribing,4,0
53532,nica,4,0
53536,ogh,4,0
53541,pike,4,0
53591,heus,4,0
53633,anis,4,0
53740,idarium,4,0
53795,amos,4,0
53920,olition,4,0
54047,quests,4,0
54094,osmia,4,0
54098,kingen,4,0
54119,udal,4,0
54139,ownia,4,0
54283,ende,4,0
54318,amping,4,0
54343,ighing,4,0
54345,tingen,4,0
54355,unding,4,0
54382,eche,4,0
54398,ellations,4,0
54527,tones,4,0
54531,attled,4,0
55038,blers,4,0
55125,lorose,4,0
55133,oshin,4,0
55185,OUGHT,4,0
55719,iphany,4,0
56269,yielding,4,0
56571,RR,4,0
70094,uuuu,4,0
74006,ĠĠĠĠĠĠĠĠĠĠĠĠĠĠĠĠĠĠĠĠĠĠĠĠĠĠĠĠĠĠĠĠĠĠĠĠĠĠĠĠĠĠĠĠĠ,4,0
1374,Ġgiv,3,0
1392,Ġchang,3,0
1693,Ġcolle,3,0
1906,enty,3,0
1990,eah,3,0
2300,icip,3,0
2396,Ġcrit,3,0
2507,ivil,3,0
2509,Ġlawy,3,0
2545,kay,3,0
2958,Ġcreat,3,0
2997,ortun,3,0
3135,Ġregul,3,0
3206,icient,3,0
3240,irst,3,0
3379,venue,3,0
3429,ĠPoir,3,0
3453,bum,3,0
3461,Ġbreat,3,0
3571,Ġimmedi,3,0
3641,Ġchall,3,0
3898,ufact,3,0
4078,ergy,3,0
4310,Ġpurs,3,0
4379,Ġadop,3,0
4459,ĠAssoci,3,0
4565,Ġbehav,3,0
4812,Ġliber,3,0
5163,annel,3,0
5183,Ġaccompl,3,0
5196,riend,3,0
5218,Ġcompar,3,0
5694,itial,3,0
5735,ĠNort,3,0
5821,Ġobt,3,0
5834,Ġcarri,3,0
6045,ollow,3,0
6217,Ġunivers,3,0
6278,ĠZeal,3,0
6313,ndish,3,0
6319,ublin,3,0
6387,Ġgradu,3,0
6610,Ġstup,3,0
6616,fortunately,3,0
6734,Ġaccompan,3,0
6740,ieval,3,0
6754,ishop,3,0
6785,resp,3,0
6982,ugues,3,0
7002,uable,3,0
7009,Ġerr,3,0
7050,ippi,3,0
7218,ĠSwed,3,0
7420,Ġscand,3,0
7506,greg,3,0
7576,ĠProdu,3,0
7583,utenant,3,0
7670,uties,3,0
7675,Ġelev,3,0
7765,mony,3,0
7769,etts,3,0
7972,avery,3,0
8051,Ġreven,3,0
8133,Ġdiam,3,0
8275,rayed,3,0
8340,ampion,3,0
8527,ileen,3,0
8715,Ġgymn,3,0
8887,atala,3,0
8995,adows,3,0
9011,ĠCrus,3,0
9032,Ġprohib,3,0
9147,Ġexplo,3,0
9203,neath,3,0
9327,Ġdistur,3,0
9389,adelph,3,0
9474,ĠPhiladelph,3,0
9485,glas,3,0
9533,Ġanalys,3,0
9798,Ġignor,3,0
9820,reeks,3,0
9877,Ġenvelop,3,0
9880,ovie,3,0
10055,Ġexpans,3,0
10281,pection,3,0
10295,ĠCoch,3,0
10369,arrass,3,0
10712,Ġvari,3,0
10780,ieces,3,0
10821,Ġcoordin,3,0
10854,ropri,3,0
10874,mitage,3,0
10968,Ġastron,3,0
11174,enous,3,0
11235,herent,3,0
11469,athon,3,0
11605,ĠAgg,3,0
11607,ĠHamp,3,0
11696,Ġphenomen,3,0
11933,Ġinev,3,0
12001,atherine,3,0
12076,canal,3,0
12103,usie,3,0
12209,ĠGriff,3,0
12278,onsin,3,0
12395,Ġpref,3,0
12534,anchester,3,0
12639,akespe,3,0
12644,Ġprototy,3,0
12712,ugos,3,0
12714,annels,3,0
12732,azaar,3,0
12818,Ġmicrosc,3,0
12833,Ġcyn,3,0
12861,Ġpatri,3,0
13011,alties,3,0
13033,ritsar,3,0
13054,Ġinval,3,0
13127,Ġcalend,3,0
13151,Ġprosecut,3,0
13235,mble,3,0
13343,ĠPhoen,3,0
13399,irable,3,0
13475,ificant,3,0
13556,ĠPhys,3,0
13635,Ġdevast,3,0
13642,ĠChero,3,0
13761,ĠLyn,3,0
13897,Ġbureaucr,3,0
13933,Ġaristocr,3,0
13934,osevic,3,0
14219,Ġarous,3,0
14302,ailles,3,0
14390,Ġprox,3,0
14433,Ġcommemor,3,0
14573,Ġtrif,3,0
14659,ĠKend,3,0
14660,ĠChall,3,0
14811,yscrap,3,0
14816,ivery,3,0
15058,ricate,3,0
15223,Ġcripp,3,0
15307,intendent,3,0
15469,Ġlibert,3,0
15580,istine,3,0
15709,ĠBeij,3,0
15757,oubted,3,0
16013,erget,3,0
16027,opular,3,0
16055,Ġflav,3,0
16098,ĠInspect,3,0
16099,ĠMoz,3,0
16125,inite,3,0
16309,Ġuncomm,3,0
16313,Ġmosqu,3,0
16383,Ġmangan,3,0
16405,ften,3,0
16465,historic,3,0
16504,Ġwholes,3,0
16521,oute,3,0
16576,ausible,3,0
16607,anthrop,3,0
16669,brance,3,0
16744,onso,3,0
16952,ursed,3,0
17069,ĠAlgar,3,0
17117,Ġsarc,3,0
17133,jury,3,0
17159,olson,3,0
17171,elie,3,0
17207,reedom,3,0
17277,itars,3,0
17317,renches,3,0
17339,ĠNeigh,3,0
17471,ĠMonaster,3,0
17493,ulsive,3,0
17523,Ġjurisd,3,0
17569,Ġchron,3,0
17579,ĠThras,3,0
17709,imson,3,0
17712,cels,3,0
17744,neum,3,0
17894,occup,3,0
17921,oken,3,0
18129,hangba,3,0
18213,ollar,3,0
18220,hael,3,0
18251,ĠNorwe,3,0
18342,akura,3,0
18457,wartz,3,0
18654,Ġrej,3,0
18655,imited,3,0
18712,Ġendors,3,0
18745,ĠImplement,3,0
19016,uarial,3,0
19039,semble,3,0
19105,agonist,3,0
19310,Ġderiv,3,0
19600,Somet,3,0
19627,Ġbegg,3,0
19648,ĠDiam,3,0
19691,letons,3,0
19704,Ġcomplac,3,0
19717,ĠAppropri,3,0
19800,ndon,3,0
19805,Ġfren,3,0
19883,fortune,3,0
19915,ĠJuda,3,0
20002,Ġnucle,3,0
20037,angar,3,0
20073,Ġtriv,3,0
20080,ĠHara,3,0
20102,Ġacquis,3,0
20166,Germ,3,0
20335,Ġpsychiat,3,0
20374,communications,3,0
20448,embourg,3,0
20458,Ġagg,3,0
20464,Ġunint,3,0
20486,Ġskil,3,0
20521,iscasset,3,0
20557,OPH,3,0
20639,educ,3,0
20665,Ġrhet,3,0
20684,ĠObl,3,0
20715,Ġphos,3,0
20750,egro,3,0
20848,itoes,3,0
20849,ittering,3,0
21083,idad,3,0
21161,grim,3,0
21165,Ġsyll,3,0
21175,ricia,3,0
21238,SAD,3,0
21316,bishop,3,0
21354,entric,3,0
21358,ĠSey,3,0
21373,geme,3,0
21387,Ġconve,3,0
21525,otesque,3,0
21652,ocial,3,0
21695,ebu,3,0
21785,Ġsophom,3,0
21856,ĠSle,3,0
21893,ĠEtr,3,0
21924,Ġreminis,3,0
21929,plend,3,0
21935,Ġsubstit,3,0
22025,CAOB,3,0
22091,bian,3,0
22106,Ġwreat,3,0
22166,arsity,3,0
22187,oho,3,0
22284,ĠTyp,3,0
22390,onka,3,0
22405,adio,3,0
22454,Ġexuber,3,0
22469,Ġadvers,3,0
22494,ĠLeim,3,0
22499,Ġdiscrep,3,0
22543,oultry,3,0
22594,UDIT,3,0
22712,Ġstamm,3,0
22721,rigg,3,0
22734,Ġshudd,3,0
22771,Ġunself,3,0
22845,Ġmassac,3,0
22939,Samtgeme,3,0
22957,cycloped,3,0
22999,orical,3,0
23098,awak,3,0
23177,sequently,3,0
23281,Russ,3,0
23348,ĠDia,3,0
23360,ourse,3,0
23365,arewell,3,0
23414,Ġmaraud,3,0
23431,rafton,3,0
23443,ĠValenc,3,0
23462,yrus,3,0
23467,Ġembell,3,0
23514,ĠCrock,3,0
23536,Ġmacroeconom,3,0
23602,yrin,3,0
23604,inctions,3,0
23687,Ġspru,3,0
23745,ĠExcell,3,0
23764,ĠReserv,3,0
23942,Ġfath,3,0
23988,emark,3,0
24026,avior,3,0
24085,minent,3,0
24087,Ġhumili,3,0
24167,ĠMosle,3,0
24290,Ġphe,3,0
24318,ĠPf,3,0
24406,ĠReorgan,3,0
24473,ĠSchne,3,0
24526,lynn,3,0
24611,ĠSebast,3,0
24723,arthe,3,0
24757,ĠAnz,3,0
24762,Ġrelinqu,3,0
24795,byn,3,0
24931,ĠRestaur,3,0
25016,gings,3,0
25030,reements,3,0
25057,verages,3,0
25092,astly,3,0
25093,aguchi,3,0
25178,istert,3,0
25183,ĠScro,3,0
25352,ĠChevro,3,0
25423,orpe,3,0
25424,Ġmumm,3,0
25488,venge,3,0
25490,ipse,3,0
25492,Ġunfor,3,0
25615,Ġuncons,3,0
25620,ĠImport,3,0
25673,Ġsymmet,3,0
25681,Perfect,3,0
25780,Ġsomers,3,0
25806,vement,3,0
25817,ghia,3,0
25818,Ġweas,3,0
25819,ĠCling,3,0
25861,ĠEman,3,0
25899,icketer,3,0
25966,ĠGuid,3,0
26179,mpt,3,0
26187,uished,3,0
26247,thood,3,0
26304,Ġimpat,3,0
26362,ronting,3,0
26459,Ġhypot,3,0
26594,erably,3,0
26601,edi,3,0
26615,leis,3,0
26616,leased,3,0
26629,adic,3,0
26670,ĠNune,3,0
26710,izational,3,0
26724,Ġscur,3,0
26840,ĠRecogn,3,0
26939,discipl,3,0
27003,shadowed,3,0
27030,mated,3,0
27074,etel,3,0
27115,ĠJem,3,0
27201,ĠAttle,3,0
27310,Ġetiqu,3,0
27339,ĠErm,3,0
27420,Ġveloc,3,0
27623,ĠDex,3,0
27677,ruptions,3,0
27697,ontory,3,0
27702,ĠBrune,3,0
27722,omba,3,0
27739,priv,3,0
27763,ĠMeas,3,0
27783,Ġgrapp,3,0
27805,Ġirrespons,3,0
28021,frey,3,0
28046,Ġcres,3,0
28155,ocleis,3,0
28166,assis,3,0
28187,Ġflot,3,0
28193,tym,3,0
28204,ĠAlleg,3,0
28236,ĠRebell,3,0
28250,Ġrevis,3,0
28423,ukuji,3,0
28465,ĠFitzg,3,0
28490,ukkah,3,0
28559,tically,3,0
28567,hene,3,0
28569,reation,3,0
28608,ionate,3,0
28693,Ġcancell,3,0
28786,Ġequilib,3,0
28849,ORK,3,0
28872,ĠMerch,3,0
28879,Ġunspo,3,0
28932,Ġunpre,3,0
29176,ceans,3,0
29191,antau,3,0
29265,Ġflound,3,0
29281,Ġevapor,3,0
29663,paste,3,0
29675,heth,3,0
29677,regn,3,0
29689,Ġdownt,3,0
29742,ĠMomb,3,0
29773,gev,3,0
29778,thang,3,0
29812,ĠJub,3,0
29817,Ġalve,3,0
29833,ĠKof,3,0
29863,urname,3,0
29932,annis,3,0
29985,unkhwa,3,0
30014,Ġpredic,3,0
30070,Ġdissu,3,0
30081,ĠEszter,3,0
30170,Guard,3,0
30282,parnasse,3,0
30376,ithing,3,0
30397,gebra,3,0
30403,usky,3,0
30412,ĠDij,3,0
30416,ĠNou,3,0
30433,ablish,3,0
30440,igator,3,0
30497,ganu,3,0
30576,ĠZomb,3,0
30632,athetically,3,0
30686,puted,3,0
30838,agmire,3,0
30964,hous,3,0
30971,pse,3,0
30988,isoft,3,0
30993,anji,3,0
31004,Ġtok,3,0
31046,ĠMikh,3,0
31065,opause,3,0
31097,Ġprostit,3,0
31099,atee,3,0
31137,oyage,3,0
31186,Ġguill,3,0
31254,Ġwaff,3,0
31294,ĠPeruv,3,0
31333,ercise,3,0
31338,Ġerad,3,0
31588,ĠHeming,3,0
31663,gne,3,0
31670,jigae,3,0
31735,Ġreimb,3,0
31807,abuki,3,0
31843,ĠYor,3,0
31845,bernatorial,3,0
31873,Ġimpregn,3,0
31899,Ġsyner,3,0
31907,Ġsubter,3,0
31954,ĠCarneg,3,0
31984,ĠBarth,3,0
32019,helle,3,0
32189,aduates,3,0
32254,hopper,3,0
32270,ĠRespond,3,0
32394,olesterol,3,0
32419,NOW,3,0
32454,pract,3,0
32486,enove,3,0
32491,orily,3,0
32505,ĠTamp,3,0
32596,Ġprog,3,0
32602,iecki,3,0
32610,aples,3,0
32618,Ġsag,3,0
32640,raim,3,0
32649,Ġunab,3,0
32654,Ġpersever,3,0
32663,Ġcontrap,3,0
32690,adys,3,0
32766,ikbayan,3,0
32774,meda,3,0
32794,eya,3,0
32825,ambered,3,0
32832,iffer,3,0
32841,ĠSlob,3,0
32911,ĠWilco,3,0
32919,ĠModer,3,0
33058,ĠBodhisatt,3,0
33115,Ġpancreat,3,0
33284,ruth,3,0
33290,xual,3,0
33292,zr,3,0
33303,inition,3,0
33312,ndo,3,0
33323,ingles,3,0
33324,ingling,3,0
33330,Ġmahar,3,0
33341,alogy,3,0
33369,vericks,3,0
33372,amie,3,0
33472,ĠInval,3,0
33507,Ġscro,3,0
33541,Ġinco,3,0
33580,teness,3,0
33595,ucua,3,0
33667,ĠElis,3,0
33803,hoven,3,0
34127,Clement,3,0
34138,KR,3,0
34191,uah,3,0
34217,atibility,3,0
34268,otle,3,0
34269,Ġbeque,3,0
34280,impl,3,0
34304,rique,3,0
34308,iloqu,3,0
34389,Ġtrunc,3,0
34423,Ġcompuls,3,0
34482,azer,3,0
34500,ĠShap,3,0
34589,coma,3,0
34631,ettled,3,0
34655,Ġensl,3,0
34764,Ġunbi,3,0
34794,nsic,3,0
34851,ĠPerugin,3,0
34859,Ġcinemat,3,0
34930,Ġundersc,3,0
34973,ĠSchwarzen,3,0
35062,Rober,3,0
35080,gil,3,0
35114,atial,3,0
35118,isations,3,0
35145,ombo,3,0
35170,ĠSphin,3,0
35197,herical,3,0
35254,ĠGaku,3,0
35292,ocument,3,0
35297,ĠThang,3,0
35305,ĠKiz,3,0
35310,reeze,3,0
35371,angelist,3,0
35427,rician,3,0
35491,ĠZur,3,0
35559,Ġescap,3,0
35669,pressible,3,0
35674,ĠTopk,3,0
35694,Ġcybers,3,0
35779,raviolet,3,0
35835,ĠAurang,3,0
35851,oinu,3,0
35857,Ġepitom,3,0
35925,ĠMaccab,3,0
36046,rna,3,0
36052,ucca,3,0
36059,heid,3,0
36175,ĠHiber,3,0
36253,abil,3,0
36294,epr,3,0
36318,Ġunans,3,0
36341,oguns,3,0
36499,pedition,3,0
36601,addin,3,0
36672,ĠOkfus,3,0
36683,Ġunsupp,3,0
36702,noisse,3,0
36923,Ġmetaphys,3,0
36945,Ġparamet,3,0
37037,ĠMurrumb,3,0
37103,ĠEindhoven,3,0
37130,Lau,3,0
37186,vana,3,0
37202,atized,3,0
37221,Ġinsepar,3,0
37269,Ġstero,3,0
37295,ĠBount,3,0
37329,unu,3,0
37402,ichy,3,0
37423,ĠStake,3,0
37531,Ġredis,3,0
37590,Ġoppress,3,0
37621,ĠGuill,3,0
37634,ĠWilling,3,0
37669,ministered,3,0
37675,psich,3,0
37697,berti,3,0
38039,fluoric,3,0
38084,hsils,3,0
38215,givings,3,0
38237,Ġindescrib,3,0
38249,Brid,3,0
38293,deka,3,0
38309,oises,3,0
38322,vised,3,0
38368,Ġdors,3,0
38382,icio,3,0
38421,irade,3,0
38428,ĠMF,3,0
38474,ĠNaw,3,0
38527,osthenes,3,0
38536,ocused,3,0
38571,angor,3,0
38595,issos,3,0
38788,ĠBarbar,3,0
38809,ospels,3,0
38936,ĠSamud,3,0
38948,hemia,3,0
39028,rouser,3,0
39036,ĠSaar,3,0
39113,Front,3,0
39560,lough,3,0
39569,poken,3,0
39572,soc,3,0
39618,Ġcess,3,0
39623,onets,3,0
39669,icola,3,0
39675,Ġgutt,3,0
39690,idou,3,0
39722,ĠMitter,3,0
39743,chal,3,0
39751,ĠPots,3,0
39754,andie,3,0
39758,olades,3,0
39762,ĠWilt,3,0
39791,ĠDomen,3,0
39885,ĠUnex,3,0
39894,Ġunad,3,0
39924,wns,3,0
39940,ignano,3,0
39970,ĠUnab,3,0
39976,ĠAlthe,3,0
40011,ĠArap,3,0
40076,autics,3,0
40150,Ġlimous,3,0
40324,zaa,3,0
40335,aitian,3,0
40380,ĠUpd,3,0
40402,Ġtraject,3,0
40428,ĠVolley,3,0
40492,vasive,3,0
40522,riminating,3,0
40529,Ġintrins,3,0
40542,urgence,3,0
40600,ĠSagitt,3,0
40605,ĠDolom,3,0
40772,abundant,3,0
40814,eratops,3,0
40887,Hen,3,0
40913,Ve,3,0
40921,aib,3,0
40946,jani,3,0
40960,poke,3,0
40987,Ġwack,3,0
41065,utable,3,0
41082,irus,3,0
41084,irvana,3,0
41087,ameter,3,0
41093,urrah,3,0
41113,ĠBalls,3,0
41127,terdam,3,0
41133,ĠPitch,3,0
41157,ulity,3,0
41159,thro,3,0
41170,ĠFAMIL,3,0
41173,antile,3,0
41193,ppings,3,0
41235,abolic,3,0
41241,roust,3,0
41275,odka,3,0
41335,ewa,3,0
41347,ultz,3,0
41378,tinger,3,0
41388,undi,3,0
41407,pecting,3,0
41458,etsk,3,0
41477,Ġconfig,3,0
41484,appings,3,0
41490,Ġconstrict,3,0
41528,Ġvarm,3,0
41593,ĠMalt,3,0
41686,ĠMarthe,3,0
41709,ĠSalz,3,0
41777,ĠCamar,3,0
41791,Ġambig,3,0
41833,winn,3,0
41941,hendra,3,0
42152,Ġarchety,3,0
42224,ĠGiacomet,3,0
42352,ĠSnorke,3,0
42408,Kir,3,0
42419,Ny,3,0
42443,aided,3,0
42446,bans,3,0
42447,bishes,3,0
42448,billy,3,0
42468,honia,3,0
42480,muse,3,0
42511,Ġsizz,3,0
42555,Ġinund,3,0
42557,arable,3,0
42581,icidal,3,0
42606,owiecki,3,0
42615,Ġreengine,3,0
42627,acled,3,0
42702,ĠPik,3,0
42721,ĠWorsh,3,0
42731,thorpe,3,0
42745,ĠDias,3,0
42788,ĠJig,3,0
42805,Ġabras,3,0
42832,urement,3,0
42861,Ġunearth,3,0
42885,Ġrie,3,0
42895,otherap,3,0
42898,rups,3,0
42910,welling,3,0
42923,forests,3,0
42947,Ġremot,3,0
42987,lipper,3,0
42995,ĠLeel,3,0
43062,geries,3,0
43268,ĠDrom,3,0
43274,Ġmisinterpret,3,0
43288,ĠMadrile,3,0
43336,breaks,3,0
43357,ĠAnnap,3,0
43389,ECD,3,0
43464,respond,3,0
43479,urbation,3,0
43539,ependent,3,0
43623,EWS,3,0
43639,Ġtabern,3,0
43698,appropriately,3,0
43766,Ġmaneu,3,0
43793,Ġillegit,3,0
43849,ĠHedge,3,0
43932,Ġdegrad,3,0
44029,WORTH,3,0
44052,haggard,3,0
44122,Zimbabwe,3,0
44134,bruck,3,0
44140,cchia,3,0
44149,gones,3,0
44161,mem,3,0
44205,influ,3,0
44219,Ġoint,3,0
44236,ouard,3,0
44247,orose,3,0
44272,arzy,3,0
44276,Ġandro,3,0
44290,icence,3,0
44313,iduous,3,0
44332,ething,3,0
44347,severed,3,0
44348,irming,3,0
44353,urrection,3,0
44368,ĠMazar,3,0
44380,ĠHoch,3,0
44452,umstances,3,0
44503,ustic,3,0
44504,apoo,3,0
44555,oye,3,0
44591,ĠStauff,3,0
44606,avira,3,0
44635,endar,3,0
44710,azas,3,0
44819,usey,3,0
44881,ĠBenet,3,0
44912,maal,3,0
44932,ambar,3,0
45050,Ġsensit,3,0
45057,brevi,3,0
45082,hiy,3,0
45101,ĠSamoth,3,0
45108,ĠHelip,3,0
45117,Ġgalle,3,0
45266,marine,3,0
45270,ĠTimber,3,0
45481,ĠGaunt,3,0
45515,calib,3,0
45604,ĠCinemat,3,0
45977,Priv,3,0
46027,lai,3,0
46036,nall,3,0
46041,pap,3,0
46086,Ġtetr,3,0
46089,Ġalder,3,0
46095,reli,3,0
46114,atius,3,0
46145,orce,3,0
46214,Ġeuth,3,0
46232,academ,3,0
46243,ĠSuh,3,0
46247,ĠSerm,3,0
46263,urid,3,0
46282,ĠMesh,3,0
46302,riggs,3,0
46356,thrift,3,0
46366,ĠFides,3,0
46429,ĠRih,3,0
46477,oodoo,3,0
46496,inki,3,0
46499,ageable,3,0
46512,Ġrogu,3,0
46699,liqu,3,0
46742,ĠRez,3,0
46748,insular,3,0
46793,Ġaval,3,0
46801,brances,3,0
46930,ĠCalab,3,0
46993,ĠPalazz,3,0
47006,aula,3,0
47041,ORGE,3,0
47058,Ġimmac,3,0
47398,ĠPawn,3,0
47461,RCH,3,0
47545,ĠCHU,3,0
47638,knowing,3,0
47718,Ġepidem,3,0
47745,ĠMOBA,3,0
47835,ypical,3,0
47843,technic,3,0
47865,ĠENEM,3,0
48074,icionados,3,0
48087,Ġinfinites,3,0
48142,Cle,3,0
48176,Maur,3,0
48205,Sever,3,0
48208,Sylv,3,0
48234,cada,3,0
48245,ears,3,0
48259,hink,3,0
48263,iob,3,0
48300,tob,3,0
48343,ispo,3,0
48352,onin,3,0
48354,itled,3,0
48358,enfeld,3,0
48388,Ġdiction,3,0
48394,arak,3,0
48416,lea,3,0
48438,ĠAq,3,0
48440,ĠAph,3,0
48453,Ġeul,3,0
48475,utroph,3,0
48568,ĠPadd,3,0
48606,Ġdelect,3,0
48636,ĠDorm,3,0
48638,ĠDurs,3,0
48654,ĠNiss,3,0
48662,ĠLank,3,0
48748,agata,3,0
48761,ephy,3,0
48781,ĠKany,3,0
48809,Ġenshr,3,0
48843,ĠChav,3,0
48862,ckers,3,0
48888,intech,3,0
48981,lius,3,0
49083,ombat,3,0
49114,ikhel,3,0
49141,Ġperenn,3,0
49209,Ġsilvers,3,0
49230,SCAP,3,0
49231,apeake,3,0
49282,ĠSanhed,3,0
49312,ĠPean,3,0
49341,ĠMonter,3,0
49477,ĠAntig,3,0
49497,egers,3,0
49563,iyres,3,0
49588,ĠMetall,3,0
49593,loride,3,0
49597,ILES,3,0
49600,ĠAtlant,3,0
49678,Ġsequest,3,0
49704,panic,3,0
49819,Ġimpecc,3,0
49833,ĠBertol,3,0
49865,uvan,3,0
49900,ĠKatzen,3,0
49954,PPL,3,0
50128,ĠCetell,3,0
50156,ophyta,3,0
50268,Ġgastro,3,0
50294,ĠThiruv,3,0
50304,professional,3,0
50397,Ġbenevol,3,0
50482,ĠGagau,3,0
50517,ĠHOLID,3,0
50644,Ġclaustroph,3,0
50690,Cob,3,0
50754,QIP,3,0
50773,Wall,3,0
50798,families,3,0
50811,hov,3,0
50817,iren,3,0
50867,viet,3,0
50869,wrought,3,0
50907,athes,3,0
50909,atible,3,0
50921,itment,3,0
50929,orc,3,0
50958,aried,3,0
50972,ĠTins,3,0
51001,ĠAit,3,0
51119,ĠHared,3,0
51123,ĠHille,3,0
51134,cephal,3,0
51135,chance,3,0
51144,opw,3,0
51180,Ġshik,3,0
51188,Ġdeodor,3,0
51194,uned,3,0
51237,Ġplaus,3,0
51249,ĠLangu,3,0
51252,ĠLingu,3,0
51257,redo,3,0
51282,istad,3,0
51295,ĠJuv,3,0
51304,rouble,3,0
51314,elike,3,0
51342,ourbon,3,0
51344,astri,3,0
51357,ivative,3,0
51403,ĠKhat,3,0
51413,ancell,3,0
51460,hedive,3,0
51464,Ġperv,3,0
51483,osem,3,0
51522,ensibly,3,0
51546,hesh,3,0
51550,ĠAnad,3,0
51557,undra,3,0
51570,henj,3,0
51676,eefe,3,0
51690,ietta,3,0
51729,brands,3,0
51753,mingled,3,0
51765,ĠConven,3,0
51846,ompan,3,0
51970,ivalent,3,0
52001,Ġmistrans,3,0
52045,ĠLaib,3,0
52098,anticide,3,0
52186,neloye,3,0
52209,ĠWalling,3,0
52329,ĠKnuts,3,0
52332,Ġreconstit,3,0
52339,longa,3,0
52346,Ġdisclaim,3,0
52409,donald,3,0
52432,asmus,3,0
52597,wheat,3,0
52661,Ġsucces,3,0
52724,Ġhemorrh,3,0
52735,ĠTROU,3,0
52754,ĠPsychiat,3,0
52767,oinovich,3,0
52828,hsil,3,0
52832,journed,3,0
52854,Ġincapac,3,0
52868,asalila,3,0
52881,juice,3,0
52921,ĠKuno,3,0
52998,seeker,3,0
53109,Ġorchestr,3,0
53118,emiological,3,0
53142,ĠBIRTH,3,0
53216,Ġreenact,3,0
53271,mabahce,3,0
53381,Cs,3,0
53454,Spr,3,0
53488,ciano,3,0
53498,dane,3,0
53513,jko,3,0
53525,mach,3,0
53534,napping,3,0
53542,powers,3,0
53544,rar,3,0
53551,sil,3,0
53573,vault,3,0
53614,ativity,3,0
53676,asks,3,0
53714,Ġgimm,3,0
53728,ĠAbut,3,0
53734,otland,3,0
53750,adet,3,0
53813,ĠMait,3,0
53816,ĠMILL,3,0
53854,ĠHach,3,0
53865,ĠHoys,3,0
53878,iline,3,0
53879,herders,3,0
53883,opence,3,0
53925,ĠWer,3,0
53926,ĠWir,3,0
53927,ĠWair,3,0
53945,Ġdej,3,0
53951,usual,3,0
53952,oreima,3,0
53963,ĠFraz,3,0
53997,ĠNand,3,0
54016,atelle,3,0
54018,ĠLj,3,0
54054,ĠRattle,3,0
54057,ĠRSA,3,0
54072,apat,3,0
54073,apissa,3,0
54092,ĠEVEN,3,0
54116,onee,3,0
54129,oclo,3,0
54157,Ġteah,3,0
54169,ĠKirt,3,0
54170,ĠKear,3,0
54179,ĠKoval,3,0
54204,Ġencycloped,3,0
54207,ishon,3,0
54208,Ġimbec,3,0
54229,Ġarmp,3,0
54242,adev,3,0
54243,ĠCho,3,0
54246,ĠChipp,3,0
54271,ickering,3,0
54333,onshire,3,0
54342,wardly,3,0
54385,Ġincant,3,0
54423,Ġendow,3,0
54442,ĠArim,3,0
54448,ĠLeib,3,0
54462,ologues,3,0
54472,Ġunten,3,0
54541,Ġextric,3,0
54565,iky,3,0
54576,Ġinsip,3,0
54579,Ġtransvest,3,0
54603,aimon,3,0
54629,Ġsunsh,3,0
54734,erma,3,0
54766,ĠMcB,3,0
54790,iscope,3,0
54816,ĠAccommod,3,0
54838,ĠEmmer,3,0
54947,Ġdisposs,3,0
54956,ĠAngeli,3,0
54961,coles,3,0
54962,collegiate,3,0
54997,Ġtelepath,3,0
55004,casts,3,0
55047,ĠSumer,3,0
55090,iyoshi,3,0
55097,ĠProvision,3,0
55170,ĠIncons,3,0
55184,ranath,3,0
55191,ĠIbiz,3,0
55259,ilaire,3,0
55322,ĠPoz,3,0
55339,illingham,3,0
55416,hentic,3,0
55456,Ġunconf,3,0
55467,ĠBehav,3,0
55497,Ġirrevers,3,0
55527,ĠJayhaw,3,0
55616,hoppers,3,0
55645,Scott,3,0
55688,iddick,3,0
55742,ĠSrirang,3,0
55749,Ġrejuven,3,0
55849,Ġmiscar,3,0
55871,ĠNabate,3,0
55897,ĠArcheolog,3,0
55920,ĠSentient,3,0
56012,Ġreincarn,3,0
56041,ĠWahl,3,0
56060,ĠDismiss,3,0
56130,ĠOssol,3,0
56187,ĠOkmul,3,0
56251,unciations,3,0
56254,ĠGersh,3,0
56262,ioedema,3,0
56320,papering,3,0
56325,Ġeuthan,3,0
56352,ĠAkrot,3,0
56449,hesitatingly,3,0
56534,JR,3,0
56568,Ps,3,0
56609,WING,3,0
56660,giant,3,0
56687,mitting,3,0
56706,parks,3,0
56729,tieth,3,0
56792,ativeness,3,0
56793,atomic,3,0
56947,adha,3,0
56950,acow,3,0
56982,sema,3,0
56983,irre,3,0
57088,iliar,3,0
57193,antar,3,0
57400,agogic,3,0
57414,ouser,3,0
57570,orsed,3,0
57591,reates,3,0
57628,orydoras,3,0
57648,obbed,3,0
57721,ibiscus,3,0
57733,ellen,3,0
57864,examine,3,0
57896,attainment,3,0
58033,affle,3,0
58035,affrey,3,0
58156,umbur,3,0
58175,valho,3,0
58223,ambana,3,0
58285,burnt,3,0
58291,inoa,3,0
58461,ijk,3,0
58571,hemoth,3,0
58682,arshal,3,0
58864,gregation,3,0
59141,aneda,3,0
59192,questa,3,0
59325,lifter,3,0
59698,ypso,3,0
59989,MFIA,3,0
60033,........................,3,0
60215,ephyr,3,0
60355,euvre,3,0
1406,velop,2,0
1995,Ġimpro,2,0
2047,ivid,2,0
2215,Ġcompan,2,0
2444,ources,2,0
2461,Ġarri,2,0
2562,Ġpubl,2,0
2612,ctober,2,0
2633,pril,2,0
2765,ilities,2,0
2789,Ġdescrib,2,0
2828,ironment,2,0
3054,Ġquar,2,0
3174,Ġemer,2,0
3232,Ġassoci,2,0
3322,orses,2,0
3347,icro,2,0
3432,Ġimag,2,0
3500,ensus,2,0
3535,Ġeval,2,0
3539,ampions,2,0
3689,Ġintervent,2,0
3758,Ġstren,2,0
3759,ĠAustral,2,0
3783,Ġdeg,2,0
3855,Ġpurch,2,0
3967,ansas,2,0
4360,Ġsaf,2,0
4481,Ġstret,2,0
4719,Ġguid,2,0
4861,Ġremem,2,0
4887,itution,2,0
4964,ungle,2,0
4995,stances,2,0
5253,olars,2,0
5285,incoln,2,0
5319,cely,2,0
5585,ĠSov,2,0
5587,liament,2,0
5593,terday,2,0
5620,Ġconcl,2,0
5686,Ġconcent,2,0
5969,ĠCorpor,2,0
5989,Ġexplan,2,0
6362,reland,2,0
6404,ylv,2,0
6666,ĠEdm,2,0
6783,enance,2,0
6814,eward,2,0
6815,Ġsymp,2,0
6821,nesota,2,0
6864,inburgh,2,0
7292,ĠEdu,2,0
7330,itals,2,0
7351,Ġdiscl,2,0
7457,Ġlaun,2,0
7521,Ġcriter,2,0
7532,Ġdanc,2,0
7625,cest,2,0
7809,ĠPerform,2,0
7843,herry,2,0
7882,asury,2,0
7979,renna,2,0
7988,Ġdoub,2,0
7990,ĠHawai,2,0
7997,Ġsout,2,0
8076,ranean,2,0
8223,Ġoverse,2,0
8341,Ġtrem,2,0
8530,ĠIndust,2,0
8570,Ġgest,2,0
8645,omach,2,0
8683,Ġprivile,2,0
8736,Ġhik,2,0
8767,Ġrelie,2,0
8775,lory,2,0
8929,adays,2,0
9116,Ġgodd,2,0
9375,ructure,2,0
9475,Ġarchae,2,0
9494,Ġindu,2,0
9631,ĠHug,2,0
9983,Ġunple,2,0
10071,orage,2,0
10146,arson,2,0
10224,shine,2,0
10282,Ġcomprom,2,0
10441,ĠHosp,2,0
10489,Ġvolcan,2,0
10554,Ġunne,2,0
10965,ĠAdministr,2,0
11026,ĠAege,2,0
11041,rily,2,0
11058,ricane,2,0
11081,Ġacknowled,2,0
11099,ĠIniti,2,0
11110,Ġsuperv,2,0
11330,ascanora,2,0
11405,adise,2,0
11463,Ġclut,2,0
11468,Ġaccum,2,0
11522,ĠCommer,2,0
11547,utory,2,0
11587,Ġsummar,2,0
11635,Ġautonom,2,0
11910,Ġprecip,2,0
12123,197,2,0
12124,ĠTrad,2,0
12180,Ġillustr,2,0
12214,Ġdisgr,2,0
12246,avilion,2,0
12621,ammy,2,0
12653,Ġpursu,2,0
12692,ĠHORAT,2,0
12706,angelo,2,0
13012,Ġextrav,2,0
13196,eches,2,0
13198,ciation,2,0
13214,Station,2,0
13275,ĠBenef,2,0
13359,ĠMagaz,2,0
13451,idable,2,0
13479,retty,2,0
13604,Ġfranch,2,0
13610,artments,2,0
13652,ĠHimalay,2,0
13736,Ġextravag,2,0
13743,itia,2,0
13842,Ġexter,2,0
13865,ompson,2,0
14084,Ġdisple,2,0
14095,Ġprett,2,0
14175,iami,2,0
14243,ideo,2,0
14251,Ġdisli,2,0
14430,Ġtranqu,2,0
14500,Ġpremie,2,0
14540,Ġsturd,2,0
14564,ysc,2,0
14651,resford,2,0
14696,ĠBrah,2,0
14834,kefe,2,0
14897,oiselle,2,0
15004,oqu,2,0
15100,ĠRockefe,2,0
15115,ĠRoosevel,2,0
15183,Ġgrie,2,0
15242,ĠRusse,2,0
15364,oyd,2,0
15444,escend,2,0
15486,ogun,2,0
15735,ĠStrateg,2,0
15810,ittens,2,0
15813,Ġquot,2,0
15815,ulty,2,0
15893,eor,2,0
16305,Ġdisappro,2,0
16333,quirer,2,0
16560,celain,2,0
16592,waukee,2,0
16623,ainty,2,0
16643,Ġadjo,2,0
16646,adequ,2,0
16666,aneous,2,0
16667,usson,2,0
16677,ruguay,2,0
16784,ailand,2,0
16805,Ġparam,2,0
16810,Ġsalam,2,0
16910,aple,2,0
16968,akswari,2,0
17060,udent,2,0
17152,ĠHii,2,0
17196,Ġhorrif,2,0
17270,iantly,2,0
17274,inomiya,2,0
17289,seys,2,0
17368,Ġtapest,2,0
17392,//,2,0
17595,plement,2,0
17616,eteria,2,0
17683,cuse,2,0
17720,ĠFuku,2,0
17735,Ġperplex,2,0
17981,ITTLE,2,0
17999,hma,2,0
18044,Ġfooth,2,0
18080,Ġantiqu,2,0
18160,imity,2,0
18199,Ġacoust,2,0
18261,Ġcertific,2,0
18402,Ġimmort,2,0
18596,Ġunbelie,2,0
18709,ohama,2,0
18826,utches,2,0
18830,uras,2,0
18835,ĠCoff,2,0
18845,ĠPhyll,2,0
18848,uscan,2,0
18867,Ġintol,2,0
18897,Ġrespir,2,0
18937,ĠMontg,2,0
19025,itime,2,0
19033,Ġecc,2,0
19067,blems,2,0
19084,akening,2,0
19102,mediate,2,0
19139,asmine,2,0
19185,iets,2,0
19207,ĠMaf,2,0
19406,Ġsadd,2,0
19448,Ġoutc,2,0
19461,renn,2,0
19479,Ġslipp,2,0
19880,ĠBartol,2,0
19921,glis,2,0
20030,agles,2,0
20043,ĠYouT,2,0
20090,oeing,2,0
20091,compliance,2,0
20112,ĠSumm,2,0
20147,Ġecst,2,0
20175,vious,2,0
20206,Ġstif,2,0
20245,izability,2,0
20254,Ġamen,2,0
20263,rosse,2,0
20275,bris,2,0
20447,Ġlivel,2,0
20476,enched,2,0
20483,Ġassail,2,0
20503,affected,2,0
20625,nian,2,0
20660,opal,2,0
20673,ĠGust,2,0
20713,Ġmonit,2,0
20732,ollies,2,0
20753,Ġbullf,2,0
20812,Ġabbrevi,2,0
20841,heon,2,0
20845,Ġoy,2,0
20867,opot,2,0
20919,Ġevac,2,0
20977,iciaries,2,0
21003,omeday,2,0
21163,Ġincap,2,0
21261,Ġbushr,2,0
21393,Ġoutn,2,0
21505,ĠCathed,2,0
21642,Ġconced,2,0
21643,ĠLanc,2,0
21644,ĠGN,2,0
21658,Ġspont,2,0
21678,Ġredou,2,0
21684,ombre,2,0
21723,mediately,2,0
21786,adeshiko,2,0
21834,lorn,2,0
21861,ĠCumm,2,0
21881,thren,2,0
21914,venile,2,0
21978,nected,2,0
22098,moor,2,0
22101,tgeme,2,0
22143,essim,2,0
22148,ĠGorb,2,0
22275,achev,2,0
22466,razzo,2,0
22476,ictive,2,0
22498,Ġdiscon,2,0
22512,autions,2,0
22534,ĠResear,2,0
22707,Ġyach,2,0
22722,rils,2,0
22776,ĠVitt,2,0
22982,mud,2,0
22992,Ġwiz,2,0
22996,isne,2,0
23033,ĠMoir,2,0
23076,aklion,2,0
23114,Ġincom,2,0
23186,ĠRecomm,2,0
23224,eteenth,2,0
23291,pire,2,0
23300,erting,2,0
23356,elcome,2,0
23540,icularly,2,0
23560,condition,2,0
23634,ĠSched,2,0
23651,Ġshill,2,0
23671,Ġorre,2,0
23681,odoro,2,0
23703,Ġglac,2,0
23740,ĠBenid,2,0
23757,ĠMcH,2,0
23936,atem,2,0
23941,ouces,2,0
23949,Ġhorm,2,0
23993,ĠNept,2,0
24031,ogene,2,0
24057,liffe,2,0
24067,ĠRegin,2,0
24103,llington,2,0
24121,Ġtoug,2,0
24123,ĠAfrik,2,0
24172,moil,2,0
24217,rophic,2,0
24262,cule,2,0
24283,itant,2,0
24294,Ġdwind,2,0
24316,ilts,2,0
24374,formers,2,0
24419,Ġdemean,2,0
24592,imedia,2,0
24606,imbursement,2,0
24634,Sem,2,0
24638,kaid,2,0
24645,wark,2,0
24652,Ġfost,2,0
24697,ĠWals,2,0
24703,ulic,2,0
24716,redict,2,0
24758,Ġremod,2,0
24760,Ġindisc,2,0
24865,igrant,2,0
24944,ĠVeh,2,0
24953,ĠCandid,2,0
25108,Ġunnot,2,0
25129,ĠAnastas,2,0
25134,ĠBrink,2,0
25206,Ġillum,2,0
25214,ĠCompar,2,0
25227,ĠSymph,2,0
25230,Ġturbul,2,0
25400,pric,2,0
25402,tit,2,0
25534,phur,2,0
25556,Ġdelir,2,0
25567,ĠBlument,2,0
25743,ĠHokkaid,2,0
25765,cified,2,0
25798,Ġnour,2,0
25840,estones,2,0
25848,ardan,2,0
25863,igma,2,0
25892,ĠChrys,2,0
25914,Ġslaught,2,0
25959,prit,2,0
26085,ĠGandolf,2,0
26096,ASAB,2,0
26172,fif,2,0
26182,raine,2,0
26199,Ġfie,2,0
26200,Ġfung,2,0
26227,ĠBets,2,0
26273,Ġalm,2,0
26348,ĠCarav,2,0
26406,ASEL,2,0
26496,SIE,2,0
26541,rennial,2,0
26589,pret,2,0
26619,Ġgad,2,0
26620,Ġgol,2,0
26635,ĠCuth,2,0
26637,ĠCunning,2,0
26645,ĠBled,2,0
26679,ĠGors,2,0
26720,clipse,2,0
26733,enson,2,0
26737,Ġcrue,2,0
26747,Ġobnox,2,0
26882,ulsed,2,0
26920,Ġunreli,2,0
26945,elfth,2,0
27002,Ġunaccept,2,0
27025,hran,2,0
27098,ĠFaw,2,0
27107,Ġplod,2,0
27136,arets,2,0
27199,centives,2,0
27463,authorized,2,0
27516,gling,2,0
27585,iries,2,0
27605,ilib,2,0
27642,ffic,2,0
27667,achlan,2,0
27674,Ġresid,2,0
27749,Ġengross,2,0
27800,ĠAppalach,2,0
27804,ĠMontmart,2,0
27844,ĠIbicenc,2,0
28024,juku,2,0
28039,inement,2,0
28081,imeters,2,0
28144,ĠEust,2,0
28162,ĠKak,2,0
28176,cliffe,2,0
28177,angk,2,0
28183,ailen,2,0
28200,itsub,2,0
28207,ibli,2,0
28210,yssey,2,0
28222,Ġdrows,2,0
28326,Ġimmers,2,0
28426,elaide,2,0
28534,Brit,2,0
28577,ingdon,2,0
28612,Ġech,2,0
28668,umerable,2,0
28683,arton,2,0
28696,ifton,2,0
28697,imeon,2,0
28714,avans,2,0
28740,lectic,2,0
28785,ĠQut,2,0
28850,ascus,2,0
28883,Ġunfriend,2,0
28976,kelodeon,2,0
28994,Ġbewilder,2,0
29001,ĠWaik,2,0
29145,ĠTuc,2,0
29195,ĠNef,2,0
29213,artisan,2,0
29228,udic,2,0
29231,agara,2,0
29235,odder,2,0
29240,ĠInqu,2,0
29268,grims,2,0
29272,ĠAlgon,2,0
29306,ĠDeM,2,0
29456,onomous,2,0
29627,width,2,0
29652,fork,2,0
29691,Ġinsec,2,0
29746,ithmetic,2,0
29749,ĠBorrow,2,0
29753,ĠHaps,2,0
29874,Ġrecapt,2,0
29894,Ġretros,2,0
29915,ĠRebe,2,0
29954,sonian,2,0
30119,uisance,2,0
30162,FFAS,2,0
30241,auffeur,2,0
30245,igarettes,2,0
30277,igraphy,2,0
30307,function,2,0
30320,wixt,2,0
30328,itute,2,0
30329,enka,2,0
30353,Ġgaud,2,0
30389,ĠPrel,2,0
30418,ĠNub,2,0
30469,Ġpercept,2,0
30475,angible,2,0
30609,itoria,2,0
30622,overished,2,0
30707,ĠGiuse,2,0
30721,ĠHauss,2,0
30728,Ange,2,0
30876,planade,2,0
30962,fret,2,0
30980,inters,2,0
31115,abund,2,0
31127,Ġgond,2,0
31133,ongru,2,0
31165,Ġperpend,2,0
31179,orde,2,0
31205,Ġbelf,2,0
31319,Ġantib,2,0
31328,uddling,2,0
31374,markets,2,0
31377,ĠOkin,2,0
31387,RST,2,0
31441,ulsa,2,0
31650,Muse,2,0
31662,fitted,2,0
31781,ĠFoc,2,0
31826,ĠOvers,2,0
31849,ĠKand,2,0
31854,Ġenric,2,0
31856,ishable,2,0
31909,phosa,2,0
31936,Ġspecif,2,0
31970,ĠOrland,2,0
31983,ĠParagu,2,0
32166,ordinarily,2,0
32201,avilions,2,0
32244,drusa,2,0
32385,accessible,2,0
32401,emeteries,2,0
32412,Hind,2,0
32457,polo,2,0
32510,icent,2,0
32528,lysses,2,0
32542,irting,2,0
32570,andum,2,0
32571,andera,2,0
32623,ĠOj,2,0
32671,avender,2,0
32834,ritis,2,0
32906,steady,2,0
32908,ĠMurd,2,0
32933,romat,2,0
32971,Ġunexpl,2,0
33025,harmon,2,0
33090,Ġstalact,2,0
33120,Ġfusel,2,0
33289,vine,2,0
33311,erth,2,0
33314,atry,2,0
33320,itories,2,0
33353,staking,2,0
33379,ĠCez,2,0
33382,Ġantech,2,0
33393,ctica,2,0
33399,ĠPfe,2,0
33422,ĠDors,2,0
33434,ĠGif,2,0
33435,ĠGaut,2,0
33447,ortex,2,0
33501,ahon,2,0
33564,upi,2,0
33605,Ġprotr,2,0
33673,uitable,2,0
33781,Ġgyps,2,0
33785,inguishable,2,0
33932,ablishing,2,0
34116,ahontas,2,0
34181,nance,2,0
34225,edee,2,0
34237,Ġmamel,2,0
34275,Ġhei,2,0
34365,artney,2,0
34453,obic,2,0
34457,onson,2,0
34463,veled,2,0
34614,attery,2,0
34680,bonne,2,0
34941,ĠNamib,2,0
34970,ĠJaisal,2,0
34999,Ġexorbit,2,0
35023,harmonic,2,0
35036,ostridium,2,0
35038,izophren,2,0
35053,Jac,2,0
35076,coon,2,0
35077,fares,2,0
35123,itators,2,0
35152,ĠThess,2,0
35195,ooley,2,0
35231,umseh,2,0
35275,igree,2,0
35283,Ġtrac,2,0
35287,agascar,2,0
35293,Ġintric,2,0
35303,inketh,2,0
35316,ptu,2,0
35370,velation,2,0
35396,Ġdraper,2,0
35417,dera,2,0
35476,elsarr,2,0
35518,ĠPresbyter,2,0
35530,ĠXer,2,0
35564,ĠDram,2,0
35582,uxe,2,0
35778,ravings,2,0
36042,nows,2,0
36074,itka,2,0
36105,icers,2,0
36151,amorph,2,0
36266,Ġsaff,2,0
36334,aterial,2,0
36339,Ġdisillusion,2,0
36345,Ġresplend,2,0
36381,gettable,2,0
36461,pendous,2,0
36480,ebbe,2,0
36530,ermine,2,0
36586,Ġmultirac,2,0
36604,opsy,2,0
36623,ĠChey,2,0
36805,Ġunevent,2,0
36973,otherium,2,0
37043,ymmet,2,0
37111,buquerque,2,0
37146,bable,2,0
37168,lath,2,0
37189,yth,2,0
37190,zak,2,0
37195,Ġagh,2,0
37222,arations,2,0
37244,idon,2,0
37277,uracy,2,0
37297,ĠBoud,2,0
37341,emaking,2,0
37363,ĠRiber,2,0
37388,osion,2,0
37392,ĠHep,2,0
37398,udad,2,0
37408,ĠKish,2,0
37424,Ġenm,2,0
37435,Ġarsen,2,0
37447,ĠVos,2,0
37509,odynam,2,0
37610,ĠOrdin,2,0
37618,ĠTrude,2,0
37637,ofrio,2,0
37720,strated,2,0
37730,ĠRosenc,2,0
37747,Ġundef,2,0
37783,ĠSkop,2,0
37785,Ġunfavor,2,0
37841,REET,2,0
37892,APO,2,0
38076,ĠAeros,2,0
38080,................,2,0
38090,Ġastrolog,2,0
38172,Ġreperc,2,0
38299,jav,2,0
38319,tze,2,0
38323,zied,2,0
38336,Ġosc,2,0
38378,lephone,2,0
38395,ĠThes,2,0
38397,ĠAure,2,0
38404,veau,2,0
38414,acist,2,0
38492,ĠRast,2,0
38562,Ġperpetr,2,0
38578,ĠVett,2,0
38598,Ġimpen,2,0
38603,avelin,2,0
38612,oological,2,0
38633,ixey,2,0
38799,maic,2,0
38877,ĠGladi,2,0
38933,guised,2,0
38949,ĠArtem,2,0
38967,ĠLongab,2,0
38969,piracy,2,0
39083,ihar,2,0
39096,omachi,2,0
39147,ĠSnor,2,0
39172,Ġseduct,2,0
39328,Ġinhosp,2,0
39537,Teer,2,0
39541,WOR,2,0
39554,gawa,2,0
39570,ranged,2,0
39577,uque,2,0
39624,itius,2,0
39650,altern,2,0
39738,ĠHiy,2,0
39772,oresc,2,0
39783,umably,2,0
39844,pees,2,0
39888,arsch,2,0
39889,ormal,2,0
39922,arkening,2,0
39930,ogul,2,0
39937,ordes,2,0
39989,ankar,2,0
39991,lectric,2,0
39992,ĠBrat,2,0
40108,ĠZed,2,0
40155,Ġsqual,2,0
40255,islava,2,0
40264,ĠSynd,2,0
40349,ĠTurkmen,2,0
40356,ttps,2,0
40486,ĠPrivile,2,0
40528,ĠCollabor,2,0
40547,ĠEpis,2,0
40564,ĠKimber,2,0
40620,VERY,2,0
40660,Ġtorped,2,0
40747,ĠLaksh,2,0
40764,Guardia,2,0
40771,FORMATION,2,0
40940,fishes,2,0
40952,langba,2,0
40955,noth,2,0
40985,inational,2,0
40995,isively,2,0
41026,ĠTarr,2,0
41054,Ġbefri,2,0
41146,olted,2,0
41172,allation,2,0
41176,umptions,2,0
41203,ĠLul,2,0
41234,abu,2,0
41236,ĠJy,2,0
41261,ĠHef,2,0
41291,ĠKild,2,0
41307,ipsy,2,0
41344,Ġscorp,2,0
41531,mbi,2,0
41546,ĠTraged,2,0
41563,ĠPergam,2,0
41609,unku,2,0
41781,ACP,2,0
41787,ĠMemor,2,0
41839,ĠGalile,2,0
41915,ĠLSN,2,0
41924,leece,2,0
42105,diocese,2,0
42262,ĠMahabhar,2,0
42323,ĠSwayamb,2,0
42368,imierz,2,0
42422,OTHER,2,0
42460,gues,2,0
42517,ataka,2,0
42526,Ġcis,2,0
42540,Ġmering,2,0
42567,ĠTuv,2,0
42578,icion,2,0
42580,icherry,2,0
42598,ĠAigu,2,0
42608,idan,2,0
42621,ademies,2,0
42629,roots,2,0
42714,ĠWim,2,0
42779,ieja,2,0
42849,assus,2,0
42911,issons,2,0
43039,ajuraho,2,0
43043,conced,2,0
43086,ucive,2,0
43100,Ġfoodst,2,0
43141,ĠScan,2,0
43207,gni,2,0
43355,ĠBurrough,2,0
43409,bledon,2,0
43436,inguished,2,0
43528,ramarital,2,0
43705,Neil,2,0
43736,TCM,2,0
43840,atzin,2,0
44078,Ce,2,0
44116,Thing,2,0
44142,eong,2,0
44143,eux,2,0
44150,gias,2,0
44235,ouac,2,0
44329,utani,2,0
44345,Ġiter,2,0
44350,ameless,2,0
44386,chley,2,0
44423,ainable,2,0
44436,ĠFy,2,0
44544,agl,2,0
44571,ĠKard,2,0
44604,ansion,2,0
44612,Ġintoxic,2,0
44616,Ġdisheart,2,0
44619,ĠVech,2,0
44652,Ġpolyn,2,0
44685,heny,2,0
44691,versation,2,0
44692,identified,2,0
44705,Ġretin,2,0
44723,ĠLeac,2,0
44738,Ġinterd,2,0
44807,uredly,2,0
44841,uffalo,2,0
44995,ĠQuerc,2,0
45000,Ġmisogyn,2,0
45079,ĠImpl,2,0
45150,ĠKhans,2,0
45165,iasco,2,0
45190,ĠMosko,2,0
45269,ĠHyund,2,0
45288,IRCM,2,0
45327,rillic,2,0
45643,demean,2,0
45694,ĠBilox,2,0
45751,district,2,0
45793,awek,2,0
45859,odendrons,2,0
45952,Gaz,2,0
45953,Glor,2,0
46016,gently,2,0
46020,hardy,2,0
46046,rado,2,0
46061,takers,2,0
46088,hex,2,0
46097,recht,2,0
46120,Ġbern,2,0
46170,arazzi,2,0
46192,omero,2,0
46206,ĠAet,2,0
46265,urization,2,0
46266,urgeon,2,0
46274,ĠCzes,2,0
46304,ĠHoss,2,0
46343,olut,2,0
46408,ĠGd,2,0
46431,aband,2,0
46442,Ġcompend,2,0
46471,astructures,2,0
46491,Ġteasp,2,0
46539,Ġunrel,2,0
46617,Ġgues,2,0
46645,athlet,2,0
46671,ankah,2,0
46701,azo,2,0
46721,anyam,2,0
46895,ronomy,2,0
46921,butz,2,0
46979,Ġsupercil,2,0
46991,ĠPalem,2,0
47049,itchens,2,0
47155,ederate,2,0
47162,franch,2,0
47177,steins,2,0
47195,noji,2,0
47273,ĠSilv,2,0
47427,Ġrejoic,2,0
47504,AAF,2,0
47535,Ġirrepar,2,0
47917,UCN,2,0
48174,Mass,2,0
48190,QL,2,0
48207,Slam,2,0
48209,Script,2,0
48247,eira,2,0
48273,municip,2,0
48310,vij,2,0
48353,itre,2,0
48361,Ġfick,2,0
48372,Ġmignon,2,0
48405,ĠTost,2,0
48443,ĠAkr,2,0
48454,stress,2,0
48483,ĠSury,2,0
48501,ĠCres,2,0
48512,ĠMide,2,0
48544,ĠHels,2,0
48563,ĠPich,2,0
48608,Ġdexter,2,0
48616,union,2,0
48617,unty,2,0
48621,omever,2,0
48655,ĠNai,2,0
48686,ĠRyo,2,0
48688,istician,2,0
48718,Ġalw,2,0
48726,Ġaborig,2,0
48735,Ġmeag,2,0
48868,Ġscut,2,0
48880,issued,2,0
48889,fte,2,0
48950,ibee,2,0
48952,Ġwatercol,2,0
48955,Ġincarn,2,0
48975,Ġgluc,2,0
48983,gincourt,2,0
49064,bok,2,0
49156,Ġloll,2,0
49260,coe,2,0
49303,ĠAbst,2,0
49398,ĠSenso,2,0
49425,agonally,2,0
49578,ĠApenn,2,0
49652,legiate,2,0
49757,natus,2,0
49765,spoon,2,0
49872,ĠCardin,2,0
49983,umanu,2,0
50115,Ġcrosso,2,0
50178,journal,2,0
50220,Ġdisconc,2,0
50247,ĠRESP,2,0
50318,MMY,2,0
50601,districts,2,0
50709,Frid,2,0
50727,Kenn,2,0
50758,Serve,2,0
50771,WO,2,0
50785,dra,2,0
50816,iree,2,0
50830,kara,2,0
50840,nail,2,0
50847,pock,2,0
50897,Ġwett,2,0
50905,atian,2,0
50923,ingers,2,0
50960,alities,2,0
50963,assee,2,0
50975,ĠTempt,2,0
50992,Ġgink,2,0
51062,gham,2,0
51065,urality,2,0
51085,ĠMep,2,0
51094,ĠMiser,2,0
51149,ĠPith,2,0
51157,ĠPestic,2,0
51161,ĠPhyl,2,0
51316,ĠEure,2,0
51347,udgy,2,0
51367,akon,2,0
51402,ĠKoy,2,0
51409,rared,2,0
51423,assik,2,0
51432,ĠStutt,2,0
51442,Ġunutter,2,0
51452,Ġquin,2,0
51456,ingsby,2,0
51458,Ġarte,2,0
51476,ĠChosh,2,0
51497,ogic,2,0
51525,obed,2,0
51549,grotech,2,0
51554,ĠUnhex,2,0
51603,ggiata,2,0
51639,ificence,2,0
51641,ĠIndoch,2,0
51644,emberg,2,0
51710,beys,2,0
51731,rolith,2,0
51742,Ġtyph,2,0
51762,amedics,2,0
51782,Ġbarrac,2,0
51795,ĠZoro,2,0
51808,ĠHarb,2,0
51887,atorium,2,0
51905,icipated,2,0
51912,ĠXt,2,0
51954,facts,2,0
51975,Ġsuscept,2,0
51999,chev,2,0
52002,ĠMusc,2,0
52015,ĠCoinc,2,0
52026,Ġfreel,2,0
52115,ĠVeniz,2,0
52231,ĠSubot,2,0
52257,Ġsubserv,2,0
52264,ĠGirol,2,0
52291,vinced,2,0
52398,icksburg,2,0
52400,ĠOxen,2,0
52444,Ġunbal,2,0
52462,ĠSobies,2,0
52472,Ġwardro,2,0
52486,zoic,2,0
52495,accini,2,0
52551,Ġchaity,2,0
52582,questioned,2,0
52593,CIAL,2,0
52605,Byzant,2,0
52639,ĠPREC,2,0
52694,Ġcryptocur,2,0
52728,Ġchipm,2,0
52730,ĠTribh,2,0
52750,aharan,2,0
52807,ĠStrept,2,0
52850,Parle,2,0
52880,ISHERS,2,0
52887,ĠBrigitten,2,0
52893,statement,2,0
53009,ucius,2,0
53075,ifiably,2,0
53193,direction,2,0
53377,Broad,2,0
53387,Capp,2,0
53390,Candy,2,0
53440,Pers,2,0
53449,Ser,2,0
53458,Siber,2,0
53468,Word,2,0
53480,cis,2,0
53508,gents,2,0
53514,jaro,2,0
53521,mow,2,0
53530,nour,2,0
53535,numer,2,0
53548,rines,2,0
53578,ythe,2,0
53611,erien,2,0
53636,anedo,2,0
53698,omorph,2,0
53704,Ġnongo,2,0
53725,ĠAam,2,0
53735,Ġbem,2,0
53760,etically,2,0
53780,imachus,2,0
53835,ĠBoles,2,0
53855,ĠHert,2,0
53861,ĠHua,2,0
53876,ilion,2,0
53914,Ġigl,2,0
53938,Ġshamp,2,0
53953,orectal,2,0
53954,unay,2,0
53967,ĠFELL,2,0
53974,estan,2,0
53979,ĠDood,2,0
53990,embered,2,0
53995,ĠNI,2,0
53999,ĠNel,2,0
54022,ĠLask,2,0
54039,ĠGazz,2,0
54111,ĠOvert,2,0
54117,onged,2,0
54118,aston,2,0
54168,ĠKru,2,0
54180,ĠKOK,2,0
54198,ĠStump,2,0
54241,anship,2,0
54247,ĠChaff,2,0
54264,Ġdisson,2,0
54291,oldi,2,0
54307,erva,2,0
54323,ulli,2,0
54346,Ġremun,2,0
54360,ĠAscend,2,0
54375,ossessing,2,0
54381,ittingly,2,0
54407,cius,2,0
54458,eku,2,0
54519,Ġelit,2,0
54530,boa,2,0
54563,raped,2,0
54581,uckered,2,0
54589,atai,2,0
54639,ainingthou,2,0
54673,ĠPha,2,0
54711,ĠGuz,2,0
54714,incard,2,0
54738,magh,2,0
54769,ĠAbh,2,0
54792,ritings,2,0
54796,PAC,2,0
54841,olfo,2,0
54876,ĠSmugg,2,0
54930,Ġephemer,2,0
54935,ĠComer,2,0
55041,blica,2,0
55085,ĠSpear,2,0
55118,porters,2,0
55149,Ġporcup,2,0
55169,ĠINV,2,0
55219,ĠKram,2,0
55228,Ġcomprehens,2,0
55288,IONAL,2,0
55378,ĠBarbec,2,0
55520,ĠBoling,2,0
55670,ĠPelag,2,0
55699,ĠCarnaval,2,0
55783,ĠLobby,2,0
55886,ĠBranght,2,0
56149,ĠThessal,2,0
56266,gainvillea,2,0
56394,ĠRICHAR,2,0
56398,ocolonialism,2,0
56496,Bapt,2,0
56545,Laus,2,0
56621,bare,2,0
56645,flo,2,0
56646,fright,2,0
56675,kent,2,0
56692,morph,2,0
56698,oiding,2,0
56702,pore,2,0
56704,puff,2,0
56715,sup,2,0
56742,zade,2,0
56764,iname,2,0
56808,itaws,2,0
56809,itrogen,2,0
56814,ingold,2,0
56840,Ġpanch,2,0
56866,ĠTard,2,0
56870,ĠTash,2,0
56908,ĠIvor,2,0
56910,Ġisot,2,0
56915,ĠAne,2,0
56946,adou,2,0
56989,amis,2,0
56991,amax,2,0
57019,ĠMury,2,0
57025,ĠMigr,2,0
57029,ĠMUR,2,0
57059,ĠHither,2,0
57085,ilin,2,0
57086,ilok,2,0
57091,opf,2,0
57099,ĠPew,2,0
57108,ĠPelle,2,0
57119,andr,2,0
57164,unna,2,0
57171,ĠFuh,2,0
57188,allian,2,0
57194,anticipated,2,0
57204,ĠDider,2,0
57206,ĠDeter,2,0
57212,emasons,2,0
57239,Ġprolet,2,0
57317,Ġknead,2,0
57320,apons,2,0
57331,Ġsooths,2,0
57362,igy,2,0
57372,Ġgoble,2,0
57399,agoula,2,0
57403,ocke,2,0
57404,ocher,2,0
57437,iann,2,0
57439,Ġagr,2,0
57451,ĠKomp,2,0
57452,ĠKitch,2,0
57454,ĠKutch,2,0
57455,ĠKenne,2,0
57466,pland,2,0
57482,ptuously,2,0
57490,ipat,2,0
57501,Ġunstead,2,0
57502,Ġunquant,2,0
57535,Ġspart,2,0
57564,Ġdisall,2,0
57610,irline,2,0
57611,sofar,2,0
57613,Ġpremon,2,0
57618,ndering,2,0
57620,Ġbrome,2,0
57626,intended,2,0
57676,grats,2,0
57703,Ġkel,2,0
57720,ibah,2,0
57739,ciosa,2,0
57774,Ġmonoch,2,0
57779,orker,2,0
57803,ĠMarj,2,0
57808,ificial,2,0
57836,cented,2,0
57837,ĠShins,2,0
57875,riches,2,0
57894,attas,2,0
57905,uths,2,0
57910,ĠAdjo,2,0
57915,ombres,2,0
57962,aughing,2,0
57967,Ġinscr,2,0
57993,ĠPras,2,0
58008,ĠFlux,2,0
58034,affection,2,0
58044,ĠZwick,2,0
58063,portance,2,0
58138,ĠGuern,2,0
58222,ambuc,2,0
58224,ĠMcR,2,0
58262,PART,2,0
58275,ĠSlip,2,0
58335,ĠDrac,2,0
58361,addies,2,0
58407,ĠSchwe,2,0
58627,ĠProvinc,2,0
58638,glades,2,0
58687,evo,2,0
58723,osene,2,0
58728,Ġambassad,2,0
58734,ĠKaram,2,0
58753,rantz,2,0
58781,reyu,2,0
58784,urdue,2,0
58804,trusive,2,0
58824,ĠSaq,2,0
58933,ihr,2,0
58945,Ġaeros,2,0
59007,ĠTarb,2,0
59126,CHR,2,0
59138,ĠFleur,2,0
59148,herents,2,0
59166,ĠSouther,2,0
59187,Ġalphab,2,0
59249,osexuality,2,0
59277,ĠWynd,2,0
59316,ĠLavrad,2,0
59327,acteria,2,0
59357,ĠGyps,2,0
59368,Ġoctop,2,0
59469,PHY,2,0
59513,ĠSouven,2,0
59539,brae,2,0
59545,Ġnucleot,2,0
59593,Ġmiscre,2,0
59629,films,2,0
59672,Ġdyslex,2,0
59712,ĠDornbir,2,0
59751,aceuticals,2,0
59783,Ġcrescend,2,0
59820,IZA,2,0
59917,ĠJAGU,2,0
60041,Ġsepulch,2,0
60090,anthemum,2,0
60201,iobook,2,0
60328,umpelstilsken,2,0
60354,cullis,2,0
60385,ĠKyrgyz,2,0
60391,ĠChimpanz,2,0
60597,UPAC,2,0
60632,calf,2,0
60634,coph,2,0
60755,tled,2,0
60772,waves,2,0
60827,nday,2,0
60832,atements,2,0
60852,itra,2,0
61004,otis,2,0
61014,idre,2,0
61083,sev,2,0
61268,olting,2,0
61297,ulman,2,0
61298,ulatively,2,0
61387,respected,2,0
61590,ilden,2,0
61702,izards,2,0
61783,perger,2,0
61825,intr,2,0
61945,ommel,2,0
61988,axi,2,0
62153,bei,2,0
62232,notation,2,0
62329,uneiform,2,0
62429,ofino,2,0
62543,para,2,0
62552,araad,2,0
62572,ategory,2,0
62583,ylobacter,2,0
62612,nection,2,0
62623,auli,2,0
62638,ominable,2,0
62716,wellers,2,0
62920,olais,2,0
63055,EDERAL,2,0
63064,boxyl,2,0
63205,ademoiselle,2,0
63350,ocha,2,0
63378,RIRA,2,0
63401,rostatic,2,0
63541,uvial,2,0
63583,robat,2,0
64040,NTO,2,0
64087,cambe,2,0
64198,onetics,2,0
64241,ootsie,2,0
64418,abundance,2,0
64458,ERALD,2,0
64769,otechnology,2,0
64863,ancellors,2,0
65038,estructible,2,0
483,eople,1,0
931,alking,1,0
950,clud,1,0
1051,Ġinclud,1,0
1334,Ġproble,1,0
1355,Ġappro,1,0
1942,ograp,1,0
2053,ruary,1,0
2061,undred,1,0
2360,Ġindivid,1,0
2423,Ġsett,1,0
2443,ousand,1,0
2596,Ġindust,1,0
2632,Ġfif,1,0
2734,Ġsignific,1,0
2878,Ġdiffe,1,0
3257,Ġestabl,1,0
3290,Ġnort,1,0
3299,Ġachie,1,0
3402,ecause,1,0
3430,ashion,1,0
3494,Ġopin,1,0
3496,ipment,1,0
3546,Ġsmo,1,0
3584,verage,1,0
3729,Ġsatis,1,0
3821,Ġencour,1,0
4091,ĠSomet,1,0
4266,Ġprin,1,0
4328,Ġoccup,1,0
4444,Ġagre,1,0
4511,Ġproced,1,0
4537,Ġsched,1,0
4597,ributed,1,0
4729,Ġscient,1,0
4885,Ġepis,1,0
5271,Illust,1,0
5397,ĠDire,1,0
5444,Ġsplend,1,0
5464,Ġnodd,1,0
5481,imately,1,0
5831,ĠOklah,1,0
5846,earch,1,0
5926,Ġcontribut,1,0
6046,Ġfount,1,0
6173,Ġille,1,0
6191,onent,1,0
6331,ureau,1,0
6348,Ġsatisfact,1,0
6395,Ġmurd,1,0
6676,Ġelimin,1,0
6677,Ġdivor,1,0
6868,Ġpover,1,0
6930,Ġinsp,1,0
6975,lease,1,0
7167,uguese,1,0
7180,Ġagric,1,0
7207,Ġconven,1,0
7314,urches,1,0
7364,abeth,1,0
7379,Ġmonaster,1,0
7437,Ġelig,1,0
7557,Ġeleg,1,0
7647,rane,1,0
7702,Ġincorpor,1,0
7706,Ġmurm,1,0
7791,ĠNapole,1,0
7817,inces,1,0
7995,zant,1,0
8163,Ġconstit,1,0
8198,Ġancest,1,0
8202,Ġinstit,1,0
8219,ighed,1,0
8222,Ġenorm,1,0
8304,Ġspons,1,0
8454,Ġassass,1,0
8562,ĠMediter,1,0
8580,Ġemot,1,0
8595,Ġsust,1,0
8759,Ġfert,1,0
8778,ĠTennes,1,0
8783,Ġsurre,1,0
8804,Ġsym,1,0
8891,owntown,1,0
9135,ĠAyl,1,0
9202,Ġupd,1,0
9328,uesday,1,0
9348,Ġabund,1,0
9428,Ġunemploy,1,0
9580,Ġrecru,1,0
9640,Ġreserv,1,0
9804,Ġvulner,1,0
9942,ittees,1,0
9953,Ġresemb,1,0
9971,Ġpyram,1,0
10053,Ġsubsc,1,0
10273,Ġuncomfort,1,0
10332,Ġbalcon,1,0
10350,idency,1,0
10363,ovak,1,0
10389,leans,1,0
10395,Ġcomr,1,0
10428,oulevard,1,0
10429,emetery,1,0
10461,Ġsouven,1,0
10591,Ġmonop,1,0
10676,Ġpollut,1,0
10680,sembly,1,0
10753,avil,1,0
10940,ĠFunch,1,0
11011,regon,1,0
11050,irlines,1,0
11113,Ġenterpr,1,0
11143,nergy,1,0
11234,Ġconsolid,1,0
11245,ĠOffic,1,0
11256,anora,1,0
11295,Ġsophist,1,0
11303,arios,1,0
11435,Donald,1,0
11453,ĠSout,1,0
11619,rychn,1,0
11669,Ġaggreg,1,0
11697,rychnine,1,0
11729,ĠIndivid,1,0
11763,ĠIstan,1,0
11840,Ġcondem,1,0
11879,Ġalph,1,0
11943,ĠFif,1,0
12060,Ġacceler,1,0
12140,Ġluxur,1,0
12141,intendo,1,0
12194,kward,1,0
12283,hati,1,0
12316,Ġcust,1,0
12337,ultane,1,0
12373,Ġfict,1,0
12632,udour,1,0
12667,ĠBedr,1,0
12750,Ġbewild,1,0
12830,iour,1,0
12848,ĠChatter,1,0
12983,ĠViz,1,0
12995,idespread,1,0
13003,riters,1,0
13056,Ġartific,1,0
13187,Ġexquis,1,0
13345,Ġcorrid,1,0
13417,ugawa,1,0
13489,helor,1,0
13549,grat,1,0
13559,amboo,1,0
13591,oibi,1,0
13620,ertained,1,0
13729,smith,1,0
13741,Ġawo,1,0
13816,inery,1,0
13876,Ġpanor,1,0
14334,cludes,1,0
14719,cules,1,0
14721,gated,1,0
14741,ĠHons,1,0
14856,irement,1,0
14898,Ġmerchand,1,0
14932,ĠBrew,1,0
14936,ĠRoose,1,0
14940,iping,1,0
15081,ĠCompan,1,0
15088,Ġcheerle,1,0
15181,iminary,1,0
15265,Ġinsign,1,0
15327,kirts,1,0
15341,owary,1,0
15455,ĠCroat,1,0
15576,thoibi,1,0
15632,achete,1,0
15764,cif,1,0
15814,Ġconting,1,0
15823,ekle,1,0
15843,aretto,1,0
15986,withstanding,1,0
16012,erals,1,0
16035,ĠDelt,1,0
16075,ylon,1,0
16081,ijuana,1,0
16114,oubtedly,1,0
16139,Ġeag,1,0
16166,phis,1,0
16175,annet,1,0
16179,ufficient,1,0
16190,Ġenviron,1,0
16214,ergarten,1,0
16267,ĠVatic,1,0
16327,ĠAdvoc,1,0
16350,racks,1,0
16351,wau,1,0
16352,Ġtiss,1,0
16374,ĠCret,1,0
16380,Ġsemin,1,0
16426,Ġcatast,1,0
16549,atheri,1,0
16747,asium,1,0
16919,assium,1,0
17086,orporated,1,0
17137,Ġbould,1,0
17174,ilded,1,0
17181,Ġdisob,1,0
17186,Ġpreval,1,0
17194,Ġrefere,1,0
17254,ĠAthlet,1,0
17285,utive,1,0
17330,Ġpopul,1,0
17353,criptions,1,0
17684,fam,1,0
17758,althy,1,0
17890,Ġorg,1,0
17972,arthy,1,0
17980,escendune,1,0
18008,Ġpanc,1,0
18190,Ġambit,1,0
18304,iage,1,0
18337,apoosa,1,0
18348,avier,1,0
18426,committee,1,0
18521,Ġammun,1,0
18544,ermere,1,0
18557,Ġhyster,1,0
18570,ĠSimp,1,0
18646,ouver,1,0
18798,Ġovercrow,1,0
18869,ipel,1,0
19163,eltsin,1,0
19183,ciously,1,0
19202,Ġreag,1,0
19209,riguing,1,0
19231,ĠKrug,1,0
19271,Ġvolat,1,0
19293,ĠCrom,1,0
19294,Ġepid,1,0
19356,amiliar,1,0
19484,Ġsubdiv,1,0
19570,ovakia,1,0
19588,cifixion,1,0
19597,ĠParalymp,1,0
19720,ĠFrancisc,1,0
19841,oyant,1,0
19845,ancellor,1,0
19855,Ġrepet,1,0
19868,Ġdiscom,1,0
19894,loaded,1,0
19958,HTSA,1,0
20001,alion,1,0
20057,Ġgenet,1,0
20154,orbent,1,0
20173,rano,1,0
20177,Ġtorp,1,0
20213,iliation,1,0
20307,Ġdisappe,1,0
20360,ĠNicar,1,0
20403,Mic,1,0
20471,Ġappar,1,0
20482,Ġrelo,1,0
20487,pectives,1,0
20556,Ġastrol,1,0
20615,ĠCincinnat,1,0
20718,Ġcurric,1,0
20835,welt,1,0
20843,inished,1,0
20896,Ġoverfl,1,0
20937,ikoff,1,0
20938,Ġballer,1,0
21055,rament,1,0
21130,abol,1,0
21139,oday,1,0
21236,Ġdismant,1,0
21339,enment,1,0
21403,iphaba,1,0
21422,undered,1,0
21458,ollutant,1,0
21526,cutta,1,0
21556,________,1,0
21597,piring,1,0
21614,ĠToul,1,0
21615,omery,1,0
21647,isten,1,0
21670,yson,1,0
21711,sterdam,1,0
21814,Ġsarcoph,1,0
21872,ĠPoke,1,0
21915,Ġarrog,1,0
22103,Ġauber,1,0
22112,oris,1,0
22149,ĠRibe,1,0
22416,amations,1,0
22459,pecial,1,0
22463,ĠKais,1,0
22647,Ġadolesc,1,0
22728,ĠPans,1,0
22770,ishna,1,0
22807,ĠIndig,1,0
22817,autical,1,0
22928,arinen,1,0
22935,Ġobliv,1,0
23026,imbing,1,0
23081,ptuous,1,0
23084,renees,1,0
23161,etermin,1,0
23171,eddy,1,0
23257,Ġincompet,1,0
23377,ornia,1,0
23379,Ġscound,1,0
23384,solete,1,0
23591,barrow,1,0
23610,ndum,1,0
23724,ĠMykon,1,0
23787,ĠMacle,1,0
23957,leine,1,0
24050,ellation,1,0
24154,iesta,1,0
24159,Ġdeterior,1,0
24177,ĠVolunte,1,0
24234,brandt,1,0
24257,IGA,1,0
24269,mund,1,0
24340,ortment,1,0
24346,ĠEgl,1,0
24413,gerid,1,0
24641,oic,1,0
24650,isley,1,0
24777,ernation,1,0
24797,Ġissu,1,0
24943,ĠCHR,1,0
25022,vices,1,0
25026,yoshi,1,0
25028,hement,1,0
25083,ĠLope,1,0
25128,ilyn,1,0
25135,ĠNewfound,1,0
25408,reasing,1,0
25445,Ġhaught,1,0
25457,anty,1,0
25506,issible,1,0
25513,tebr,1,0
25516,ĠUnic,1,0
25530,Ġglimps,1,0
25554,ĠPromen,1,0
25633,hemian,1,0
25651,oneliness,1,0
25795,Ġdaff,1,0
25812,ĠSats,1,0
25829,ĠPix,1,0
25831,ĠPyram,1,0
25841,antage,1,0
25878,ĠIngr,1,0
25896,Ġgrues,1,0
25912,terness,1,0
25974,ĠMinne,1,0
25994,ESBY,1,0
26020,prof,1,0
26029,ĠLatv,1,0
26143,Ġlooph,1,0
26180,nox,1,0
26195,ouches,1,0
26267,istak,1,0
26452,Ġdishwas,1,0
26467,profitable,1,0
26509,ĠOpportun,1,0
26653,ĠPoy,1,0
26674,Ġconglomer,1,0
26684,abilia,1,0
26686,outhed,1,0
26752,Ġrestruct,1,0
26775,ĠCarris,1,0
26791,Ġcathed,1,0
26805,ambig,1,0
26815,oudon,1,0
27034,rown,1,0
27044,onstr,1,0
27071,advert,1,0
27082,Ġfors,1,0
27124,osl,1,0
27126,pecies,1,0
27130,agram,1,0
27132,ichrist,1,0
27144,Ġunimp,1,0
27210,ĠProhib,1,0
27231,ĠSegov,1,0
27261,ESSIE,1,0
27281,ĠGlas,1,0
27289,cellaneous,1,0
27325,Ġblockb,1,0
27480,cyclopedia,1,0
27498,ĠChaudh,1,0
27506,FTA,1,0
27507,Jap,1,0
27549,itomo,1,0
27601,Ġnotor,1,0
27690,ometown,1,0
27706,axter,1,0
27728,ikau,1,0
27734,ĠConstit,1,0
27806,igrants,1,0
27826,ipeg,1,0
27827,ĠZepp,1,0
27837,ĠWinn,1,0
27975,Ġirresist,1,0
28009,MCA,1,0
28032,uence,1,0
28049,anile,1,0
28075,Ġreneg,1,0
28120,ĠDolph,1,0
28181,eware,1,0
28232,shaft,1,0
28278,engarde,1,0
28454,rupulous,1,0
28508,ĠBARB,1,0
28535,Ely,1,0
28539,Iber,1,0
28615,Ġreinc,1,0
28626,ĠCag,1,0
28678,ĠRouth,1,0
28681,abaster,1,0
28707,ipak,1,0
28732,atham,1,0
28747,axon,1,0
28821,ĠNeap,1,0
28884,azaars,1,0
28918,Ġsemif,1,0
28962,ĠBhakt,1,0
29013,Ġnarc,1,0
29122,heiro,1,0
29125,reast,1,0
29143,alys,1,0
29222,igrap,1,0
29242,ĠKeral,1,0
29267,ampu,1,0
29278,Ġglist,1,0
29317,ĠManit,1,0
29332,mega,1,0
29357,iffey,1,0
29472,ĠBaloch,1,0
29520,ĠPedest,1,0
29612,Ġdisproport,1,0
29643,Hung,1,0
29648,cribed,1,0
29683,aniel,1,0
29722,etera,1,0
29860,erees,1,0
29865,ensation,1,0
29870,Ġrepos,1,0
29923,Ġdetrim,1,0
29925,bringing,1,0
29999,addressed,1,0
30262,ĠMycena,1,0
30342,aliation,1,0
30364,acept,1,0
30365,ropping,1,0
30429,ieft,1,0
30449,icho,1,0
30463,ptive,1,0
30492,awares,1,0
30510,ĠBruns,1,0
30616,Ġencry,1,0
30701,ezvous,1,0
30712,ĠIbrah,1,0
30745,||||,1,0
30943,Hour,1,0
30977,wether,1,0
31030,acr,1,0
31031,etan,1,0
31051,ĠBhat,1,0
31098,Ġprodig,1,0
31107,quart,1,0
31108,quois,1,0
31199,ublished,1,0
31447,agupta,1,0
31459,ĠKosov,1,0
31479,ĠPiccol,1,0
31544,ĠTutank,1,0
31667,iots,1,0
31677,ragupta,1,0
31688,inently,1,0
31728,othel,1,0
31740,amud,1,0
31750,ĠMazz,1,0
31834,Ġnoct,1,0
31853,ĠUtt,1,0
31895,angelical,1,0
31917,Ġexpatri,1,0
31961,ippings,1,0
31985,Ġredund,1,0
31989,mares,1,0
31995,comings,1,0
32005,psut,1,0
32026,ĠEnlight,1,0
32042,ammu,1,0
32071,markable,1,0
32085,ĠHindust,1,0
32215,adiq,1,0
32241,khov,1,0
32290,immering,1,0
32319,ĠEisenh,1,0
32333,umannii,1,0
32358,Ġsemicir,1,0
32398,ĠTutankham,1,0
32462,runs,1,0
32463,ronym,1,0
32473,rero,1,0
32522,otional,1,0
32523,ionage,1,0
32580,oreau,1,0
32606,istrate,1,0
32683,lesi,1,0
32696,verness,1,0
32702,yslaw,1,0
32743,ĠRequire,1,0
32754,ventional,1,0
32755,Ġtreas,1,0
32813,anguard,1,0
32816,ĠPerug,1,0
32860,Ġmisde,1,0
32865,ĠMadh,1,0
32875,ophus,1,0
32916,ĠMetabol,1,0
33049,ĠTheodos,1,0
33075,alanx,1,0
33113,Ġcooanar,1,0
33171,enzie,1,0
33183,tebrates,1,0
33234,ucalypt,1,0
33262,eutic,1,0
33299,heed,1,0
33316,Ġbrough,1,0
33352,Ġeucalypt,1,0
33406,ĠWich,1,0
33413,Ġlique,1,0
33474,bergh,1,0
33504,orsh,1,0
33515,avez,1,0
33554,ĠArsen,1,0
33568,shake,1,0
33603,joyed,1,0
33619,rawa,1,0
33726,metics,1,0
33741,Ġscrimm,1,0
33783,Ġdissim,1,0
33961,FPRI,1,0
34094,housie,1,0
34131,Fam,1,0
34168,gart,1,0
34170,ggered,1,0
34215,Ġolymp,1,0
34216,erary,1,0
34227,enot,1,0
34243,Ġpung,1,0
34244,Ġpina,1,0
34248,Ġinadvert,1,0
34249,asos,1,0
34255,ĠTcha,1,0
34266,ĠAgend,1,0
34284,seh,1,0
34295,ĠMalth,1,0
34310,opatra,1,0
34327,thritis,1,0
34355,ĠRuther,1,0
34357,ĠJind,1,0
34386,ongate,1,0
34511,tenstein,1,0
34532,byter,1,0
34587,ocrates,1,0
34603,anagh,1,0
34699,ĠSurround,1,0
34787,ĠFreem,1,0
34788,uvius,1,0
34860,ĠHirose,1,0
34863,ARDIS,1,0
34921,ĠSoder,1,0
34942,elleschi,1,0
35035,Ġjeopard,1,0
35083,hift,1,0
35093,trow,1,0
35096,zena,1,0
35112,ervers,1,0
35136,arcer,1,0
35151,ĠILL,1,0
35160,starch,1,0
35161,staver,1,0
35214,thirst,1,0
35221,unny,1,0
35223,ĠFaul,1,0
35229,estyles,1,0
35261,istice,1,0
35264,arthed,1,0
35285,agmat,1,0
35286,agogues,1,0
35337,wny,1,0
35343,endom,1,0
35346,ĠWeas,1,0
35358,Ġcoven,1,0
35375,Ġincumb,1,0
35393,ĠArau,1,0
35644,ĠMagdal,1,0
35875,journ,1,0
35938,hameha,1,0
36028,egger,1,0
36032,giv,1,0
36066,atement,1,0
36071,onetic,1,0
36127,utral,1,0
36128,ldron,1,0
36149,semane,1,0
36152,urric,1,0
36160,ĠCatech,1,0
36203,Ġshrap,1,0
36205,ulses,1,0
36207,thals,1,0
36217,ĠDul,1,0
36219,ĠDaj,1,0
36221,ĠDrav,1,0
36262,eliness,1,0
36283,ightly,1,0
36299,ueblo,1,0
36304,ĠKoon,1,0
36326,Ġpragmat,1,0
36387,henburg,1,0
36398,ĠBrac,1,0
36458,auton,1,0
36473,Ġopport,1,0
36521,ĠParv,1,0
36567,oiriphaba,1,0
36596,ĠOldsm,1,0
36625,agoons,1,0
36633,Ġdenomin,1,0
36638,syche,1,0
36640,ĠAntwer,1,0
36686,taire,1,0
36738,Intern,1,0
36758,Ġvirtu,1,0
36761,Ġtravers,1,0
36780,isbury,1,0
36857,ugsburg,1,0
36995,HOOL,1,0
37021,Ġindiscrimin,1,0
37029,aucous,1,0
37094,ĠILLUST,1,0
37122,Gos,1,0
37157,gation,1,0
37161,hito,1,0
37174,petr,1,0
37220,Ġinters,1,0
37223,ariello,1,0
37251,utake,1,0
37314,Ġkern,1,0
37316,Ġkara,1,0
37330,uny,1,0
37419,ĠUff,1,0
37420,assies,1,0
37426,isham,1,0
37436,iavell,1,0
37481,oughton,1,0
37496,henes,1,0
37503,Ġobit,1,0
37515,owering,1,0
37516,phies,1,0
37538,shaws,1,0
37539,umphed,1,0
37546,Ġdefen,1,0
37564,Ġextrac,1,0
37598,Ġmidship,1,0
37617,ĠSevent,1,0
37629,uroy,1,0
37657,ĠNeuh,1,0
37955,ifferences,1,0
38038,ĠNikol,1,0
38211,elsarrasin,1,0
38216,urricular,1,0
38283,Virgin,1,0
38370,Ġinapp,1,0
38373,arves,1,0
38394,ĠIwas,1,0
38552,ĠUda,1,0
38560,Ġpragm,1,0
38582,vedere,1,0
38583,othermal,1,0
38586,Ġcontag,1,0
38588,Ġscim,1,0
38591,ordial,1,0
38622,ontaine,1,0
38636,ciating,1,0
38686,tening,1,0
38707,denburg,1,0
38726,notations,1,0
38736,ĠConcl,1,0
38746,Ġsunb,1,0
38756,ĠZamb,1,0
38780,incerity,1,0
38815,idgee,1,0
38885,inyin,1,0
38903,fluous,1,0
38913,ijiji,1,0
39088,ĠHardknot,1,0
39090,ĠLibr,1,0
39097,ĠCopp,1,0
39100,ipuram,1,0
39153,izzie,1,0
39375,tecs,1,0
39385,promise,1,0
39522,Jab,1,0
39531,Prob,1,0
39608,ndas,1,0
39611,atap,1,0
39647,Ġdut,1,0
39668,icably,1,0
39699,ĠSrin,1,0
39711,ghans,1,0
39736,rients,1,0
39753,ĠPiazz,1,0
39760,Ġsemb,1,0
39845,pecified,1,0
39849,agland,1,0
39854,iviere,1,0
39923,orsese,1,0
39933,perform,1,0
39967,Ġcommens,1,0
40010,aintree,1,0
40045,ĠRehn,1,0
40094,Ġparoch,1,0
40105,archs,1,0
40119,mbol,1,0
40139,ĠParalle,1,0
40195,Ġadmon,1,0
40260,ĠSchoel,1,0
40389,rieved,1,0
40465,risty,1,0
40579,ĠDalmat,1,0
40912,Ukr,1,0
40956,overn,1,0
40965,ruder,1,0
40984,hester,1,0
41018,arital,1,0
41062,Ġyg,1,0
41090,ghada,1,0
41139,andas,1,0
41145,olome,1,0
41163,Ġmanoeuv,1,0
41174,anthem,1,0
41196,ĠNiels,1,0
41224,quel,1,0
41254,ĠEhr,1,0
41263,osta,1,0
41279,atedral,1,0
41334,ogamy,1,0
41355,ftime,1,0
41398,ibak,1,0
41420,phi,1,0
41446,uckland,1,0
41473,beams,1,0
41487,Ġpleth,1,0
41527,hymn,1,0
41538,ronized,1,0
41567,ĠMinangk,1,0
41574,ĠByr,1,0
41618,govern,1,0
41859,Ġpantal,1,0
41898,DSL,1,0
41936,uscule,1,0
41958,Ġunimagin,1,0
41962,Univers,1,0
41964,orgimento,1,0
41982,interpret,1,0
41987,Ġfiduci,1,0
42103,Ġcylind,1,0
42109,ĠBassenth,1,0
42116,ĠEuph,1,0
42154,iscusi,1,0
42162,cotics,1,0
42244,Ġnarciss,1,0
42348,Ġimpenetr,1,0
42359,aglandin,1,0
42376,ysigambis,1,0
42394,Da,1,0
42418,Micro,1,0
42462,hau,1,0
42479,mower,1,0
42512,Ġsikh,1,0
42534,antha,1,0
42539,Ġmons,1,0
42569,leuc,1,0
42640,iromba,1,0
42661,ĠMitz,1,0
42703,ĠPazz,1,0
42718,ĠWrig,1,0
42733,ĠFret,1,0
42749,emly,1,0
42752,Ġchoic,1,0
42758,Ġconval,1,0
42823,agration,1,0
42829,icelli,1,0
42847,rava,1,0
42856,Ġuneth,1,0
42857,Ġunpar,1,0
42877,ahars,1,0
42930,obyl,1,0
42953,undown,1,0
42968,iborne,1,0
42997,ĠLeip,1,0
43008,uphem,1,0
43036,dson,1,0
43109,archaea,1,0
43168,Ġexcommun,1,0
43190,Ġdivul,1,0
43202,eningrad,1,0
43240,uchin,1,0
43242,iminals,1,0
43305,ĠLaire,1,0
43341,sequential,1,0
43372,hetamine,1,0
43480,Ġbellige,1,0
43638,IPAA,1,0
43652,ĠAppleb,1,0
43657,utterfield,1,0
43802,ĠVoiv,1,0
43994,uschwitz,1,0
44155,jm,1,0
44189,wept,1,0
44200,heit,1,0
44223,iseries,1,0
44227,Ġced,1,0
44238,oughed,1,0
44239,anmen,1,0
44241,edos,1,0
44259,Ġpiti,1,0
44286,omons,1,0
44371,Ġanach,1,0
44393,hertz,1,0
44403,ĠPsal,1,0
44428,ultery,1,0
44429,uloid,1,0
44545,agina,1,0
44548,ivit,1,0
44570,uend,1,0
44605,ĠChiant,1,0
44609,clips,1,0
44651,ensh,1,0
44672,ertains,1,0
44688,ĠAlvar,1,0
44761,ennia,1,0
44781,alfi,1,0
44826,ĠManj,1,0
44906,coons,1,0
44907,butus,1,0
44956,ĠWestmore,1,0
45093,berglass,1,0
45094,guin,1,0
45104,blos,1,0
45157,Ġvanqu,1,0
45193,iensis,1,0
45244,ĠMallor,1,0
45256,surfer,1,0
45338,ĠRenes,1,0
45585,Ġdiscomfit,1,0
45631,ĠShetim,1,0
45642,culosis,1,0
45721,angkor,1,0
45991,Zone,1,0
46019,hora,1,0
46021,iably,1,0
46028,luster,1,0
46098,reputable,1,0
46102,Ġsord,1,0
46112,atars,1,0
46175,asma,1,0
46200,ĠIld,1,0
46207,ĠAik,1,0
46213,verent,1,0
46229,acor,1,0
46261,amins,1,0
46267,urundi,1,0
46277,ĠMum,1,0
46344,olested,1,0
46350,ĠWENT,1,0
46412,ĠGorry,1,0
46566,ubani,1,0
46622,Ġpolly,1,0
46643,ertation,1,0
46663,ibule,1,0
46718,ologus,1,0
46719,ologne,1,0
46795,Ġconfid,1,0
46823,theria,1,0
46880,ĠPhou,1,0
46943,ĠAmel,1,0
46984,inoff,1,0
47019,checks,1,0
47057,ĠGloss,1,0
47069,Ġconvuls,1,0
47081,Ġdispir,1,0
47140,olesome,1,0
47172,aksim,1,0
47201,yea,1,0
47281,oomi,1,0
47347,ĠRemem,1,0
47366,Ġmasse,1,0
47421,rillin,1,0
47447,phyry,1,0
47493,postyle,1,0
47497,UNY,1,0
47691,ĠWEEK,1,0
47713,Ġecclesiast,1,0
47739,fujing,1,0
47766,ĠSigism,1,0
47805,ocalypse,1,0
47807,ĠVaishn,1,0
47815,atchee,1,0
47878,chloric,1,0
47887,RATIONS,1,0
48240,dew,1,0
48264,iata,1,0
48276,mabah,1,0
48304,tmann,1,0
48305,uant,1,0
48317,Ġtors,1,0
48337,erys,1,0
48339,ndes,1,0
48356,ingulate,1,0
48362,Ġfiss,1,0
48366,oril,1,0
48368,orably,1,0
48373,Ġpect,1,0
48384,Ġdop,1,0
48450,veys,1,0
48455,steen,1,0
48472,adent,1,0
48479,roft,1,0
48538,ĠBakh,1,0
48543,ĠHenn,1,0
48545,ĠHadd,1,0
48592,illance,1,0
48691,istocene,1,0
48702,Ġcomfor,1,0
48777,ĠKond,1,0
48785,ĠKrik,1,0
48788,planted,1,0
48858,ĠVog,1,0
48860,ĠVerv,1,0
48895,awesi,1,0
48972,keda,1,0
48987,Ġsubcomm,1,0
49027,shali,1,0
49029,osedly,1,0
49082,tsville,1,0
49124,ucherry,1,0
49145,ĠPrzek,1,0
49160,Ġparalys,1,0
49187,levitz,1,0
49191,ĠGrun,1,0
49240,zealous,1,0
49328,uchad,1,0
49329,uchies,1,0
49330,iminaries,1,0
49363,ĠDemer,1,0
49379,chelles,1,0
49385,ARCH,1,0
49456,ĠArend,1,0
49501,ĠTemm,1,0
49538,Ġethere,1,0
49539,ĠArtif,1,0
49611,andaa,1,0
49676,ĠKrue,1,0
49879,niak,1,0
49902,amilies,1,0
49988,ĠLiem,1,0
50102,ĠUNEXP,1,0
50240,attsburgh,1,0
50407,ĠOjib,1,0
50435,igliani,1,0
50440,Ġmollusc,1,0
50610,Ġsupran,1,0
50624,ĠVaishnav,1,0
50674,Abs,1,0
50767,Tunes,1,0
50776,aat,1,0
50783,corat,1,0
50791,egal,1,0
50807,gwick,1,0
50808,givable,1,0
50814,holid,1,0
50820,juk,1,0
50856,rati,1,0
50887,inor,1,0
50981,icemen,1,0
50982,Ġlus,1,0
50986,Ġluke,1,0
51005,otus,1,0
51016,idham,1,0
51021,Ġyupp,1,0
51023,Ġhepat,1,0
51080,ĠCREE,1,0
51126,ĠHla,1,0
51139,terra,1,0
51141,ilitation,1,0
51158,ĠPaph,1,0
51167,andhi,1,0
51179,Ġshap,1,0
51214,ĠDund,1,0
51273,ĠRIC,1,0
51288,abody,1,0
51289,abakh,1,0
51291,ĠJut,1,0
51311,elst,1,0
51318,ĠEuf,1,0
51335,ĠHeil,1,0
51353,ighton,1,0
51355,ivu,1,0
51386,ĠYoy,1,0
51389,ĠYev,1,0
51418,ĠUzz,1,0
51438,ipollutant,1,0
51446,Ġunappe,1,0
51455,aryana,1,0
51457,onductor,1,0
51503,endolyn,1,0
51512,Ġpremed,1,0
51517,Ġfles,1,0
51524,Ġbetok,1,0
51589,msk,1,0
51632,ĠLef,1,0
51633,ĠLeves,1,0
51703,ombed,1,0
51746,oothed,1,0
51755,thewars,1,0
51812,untary,1,0
51813,untled,1,0
51820,emento,1,0
51837,rophes,1,0
51842,ageddon,1,0
51904,ĠAmade,1,0
51946,Ġantid,1,0
52082,symp,1,0
52125,olesale,1,0
52315,repoint,1,0
52326,ĠBankrupt,1,0
52340,isbrooke,1,0
52427,Ġcannab,1,0
52469,ĠTelesc,1,0
52531,robi,1,0
52602,hardic,1,0
52635,ĠKurad,1,0
52782,ilantro,1,0
52793,antanamo,1,0
53060,ĠBeech,1,0
53100,lesiastes,1,0
53148,ĠVijayan,1,0
53243,breviated,1,0
53267,franchised,1,0
53308,mayeur,1,0
53316,ĠHasmone,1,0
53334,zegovina,1,0
53391,Copy,1,0
53414,Hod,1,0
53429,Mond,1,0
53430,Mend,1,0
53444,Pakh,1,0
53446,QA,1,0
53467,Wond,1,0
53509,gotha,1,0
53539,pian,1,0
53540,pices,1,0
53569,uital,1,0
53593,Ġaort,1,0
53613,atess,1,0
53640,enbaum,1,0
53644,Ġfisc,1,0
53649,Ġmiz,1,0
53669,Ġinaud,1,0
53672,arous,1,0
53674,alke,1,0
53677,assey,1,0
53685,ĠTij,1,0
53697,omote,1,0
53727,ĠAins,1,0
53741,Ġegreg,1,0
53765,ĠSott,1,0
53789,sellor,1,0
53806,ĠMalf,1,0
53850,rips,1,0
53851,rilo,1,0
53877,ilab,1,0
53896,ĠPils,1,0
53921,olately,1,0
53976,estown,1,0
53977,estinal,1,0
53981,ĠDomp,1,0
53988,essor,1,0
54023,ĠLager,1,0
54040,ĠGhand,1,0
54043,ĠGurk,1,0
54046,ĠGipps,1,0
54050,ĠRood,1,0
54060,istency,1,0
54121,Ġ(...,1,0
54148,eploy,1,0
54159,ĠInev,1,0
54162,ĠYere,1,0
54172,ĠKelt,1,0
54206,iphered,1,0
54216,Ġunsymp,1,0
54218,renhalt,1,0
54263,Ġdisper,1,0
54290,igneur,1,0
54313,fellas,1,0
54316,awar,1,0
54326,Ġhandi,1,0
54328,Ġrepart,1,0
54370,henge,1,0
54411,rosy,1,0
54439,phine,1,0
54487,umpelst,1,0
54508,ameswara,1,0
54510,ricot,1,0
54517,Ġclepsy,1,0
54528,Ġbenumb,1,0
54544,gerie,1,0
54583,annings,1,0
54633,myr,1,0
54642,ĠColer,1,0
54725,umboldt,1,0
54756,Ġceor,1,0
54765,ĠMeck,1,0
54802,ĠElastic,1,0
54849,afing,1,0
54931,regat,1,0
54987,Ġlieuten,1,0
55023,ĠKalak,1,0
55026,habilitation,1,0
55039,blaz,1,0
55046,hett,1,0
55057,alingrad,1,0
55103,ĠApule,1,0
55134,rawny,1,0
55160,Instit,1,0
55205,quarie,1,0
55235,obeying,1,0
55270,ĠPotawat,1,0
55309,remlin,1,0
55368,questers,1,0
55481,ĠImperat,1,0
55500,ĠLaund,1,0
55525,brooke,1,0
55542,ĠTrope,1,0
55575,ĠRESC,1,0
55644,CCJ,1,0
55680,arlberg,1,0
55739,olitans,1,0
55767,ĠGOVERN,1,0
55949,ikkun,1,0
55953,posite,1,0
55961,promising,1,0
55994,Ġnonsm,1,0
56030,Ġobeis,1,0
56292,mopyl,1,0
56321,Ġtetrach,1,0
56461,caninnies,1,0
56554,Municip,1,0
56573,Rena,1,0
56594,UB,1,0
56642,ecked,1,0
56663,githa,1,0
56674,jorn,1,0
56677,kenny,1,0
56685,mars,1,0
56712,sia,1,0
56771,rema,1,0
56772,repro,1,0
56824,Ġmog,1,0
56837,Ġporp,1,0
56853,Ġdup,1,0
56861,arctic,1,0
56871,ĠTows,1,0
56892,icensed,1,0
56917,ĠAyr,1,0
56923,otonin,1,0
56936,stice,1,0
56952,ayashi,1,0
56966,ĠSzer,1,0
56986,irne,1,0
56998,urial,1,0
57020,ĠMee,1,0
57035,Ġwhipl,1,0
57038,ĠBory,1,0
57078,chatter,1,0
57093,oply,1,0
57098,ĠPors,1,0
57112,ĠPulch,1,0
57130,illus,1,0
57152,thons,1,0
57192,estically,1,0
57200,ĠDary,1,0
57210,ĠDetermin,1,0
57211,ĠDardan,1,0
57224,ĠNann,1,0
57238,ardly,1,0
57241,Ġprodd,1,0
57246,ateurs,1,0
57253,ĠLasc,1,0
57301,abili,1,0
57302,abbin,1,0
57323,Ġvor,1,0
57343,ĠEck,1,0
57358,ĠESCAP,1,0
57373,peckers,1,0
57382,ĠObt,1,0
57385,eoporosis,1,0
57407,ocard,1,0
57457,ĠKiro,1,0
57460,ĠKeph,1,0
57483,veniles,1,0
57495,Ġunamb,1,0
57527,Ġarthrop,1,0
57545,ĠChines,1,0
57554,avoy,1,0
57560,aterally,1,0
57563,Ġdisent,1,0
57576,ĠVav,1,0
57587,oglu,1,0
57589,perm,1,0
57646,oboth,1,0
57689,athwaite,1,0
57691,ovino,1,0
57732,mson,1,0
57747,pector,1,0
57763,odymyr,1,0
57778,gined,1,0
57780,Ġsubordin,1,0
57795,yington,1,0
57907,ĠAdin,1,0
57909,ĠAdder,1,0
57960,arnah,1,0
57981,Ġinflex,1,0
57983,mington,1,0
57994,ĠPrus,1,0
58022,ĠRepub,1,0
58070,mban,1,0
58092,ĠScut,1,0
58124,ringdon,1,0
58179,aggs,1,0
58191,ospheric,1,0
58211,angerie,1,0
58221,gnant,1,0
58247,anais,1,0
58305,arranted,1,0
58342,omenclature,1,0
58391,linching,1,0
58416,iqueness,1,0
58422,ophical,1,0
58434,ulfide,1,0
58436,ĠRoch,1,0
58451,ĠDorothe,1,0
58474,armstadt,1,0
58506,ĠBlacksmith,1,0
58569,aphore,1,0
58575,ĠMacC,1,0
58641,ĠMicrohyl,1,0
58656,ĠEmpir,1,0
58678,eedi,1,0
58680,Ġwatersl,1,0
58729,BAF,1,0
58757,baix,1,0
58767,bellum,1,0
58798,Ġsequit,1,0
58834,moinu,1,0
58916,Ġcontempor,1,0
58924,Ġpantom,1,0
58925,CAHO,1,0
58975,ĠOlm,1,0
58982,EMD,1,0
58994,ĠCornhus,1,0
59052,Clan,1,0
59068,uttaw,1,0
59075,Seigneur,1,0
59078,ĠTsing,1,0
59091,ĠBrande,1,0
59111,pathos,1,0
59115,innis,1,0
59178,Ġunimpe,1,0
59361,ĠTakar,1,0
59476,ĠNovos,1,0
59551,angaroos,1,0
59624,EARCH,1,0
59640,secondary,1,0
59739,ĠCavalc,1,0
59777,ĠVouge,1,0
59938,Ġblasphem,1,0
59953,Ġstoichi,1,0
59971,isarazu,1,0
60062,Ġpasst,1,0
60077,ĠCOPY,1,0
60120,ĠDiplom,1,0
60464,BELL,1,0
60466,Bono,1,0
60489,Egypt,1,0
60513,IQ,1,0
60519,Kap,1,0
60530,Lin,1,0
60562,Qa,1,0
60579,Sense,1,0
60598,Vi,1,0
60599,Vin,1,0
60620,bauer,1,0
60622,buster,1,0
60642,dong,1,0
60706,lame,1,0
60715,mency,1,0
60718,mopolitan,1,0
60774,wurst,1,0
60785,Ġvern,1,0
60796,heer,1,0
60798,heba,1,0
60813,Ġsland,1,0
60843,Ġcren,1,0
60848,Ġcudge,1,0
60854,itied,1,0
60861,anet,1,0
60864,edipus,1,0
60896,Ġpous,1,0
60916,Ġdrugg,1,0
60933,asional,1,0
60936,ĠTiv,1,0
60941,ĠTorp,1,0
60942,ĠTott,1,0
60944,ĠTomp,1,0
60958,omest,1,0
60961,omori,1,0
60982,llular,1,0
61023,stack,1,0
61032,Ġreanim,1,0
61044,adra,1,0
61080,Ġstam,1,0
61089,amal,1,0
61094,urama,1,0
61101,ĠCue,1,0
61118,ĠMact,1,0
61131,ĠMIG,1,0
61149,ĠBik,1,0
61173,Ġhailst,1,0
61175,cting,1,0
61179,riarch,1,0
61189,ĠHaf,1,0
61202,christ,1,0
61215,opurinol,1,0
61224,ĠPember,1,0
61243,Ġkook,1,0
61275,ĠWass,1,0
61306,thouses,1,0
61312,usiness,1,0
61313,usara,1,0
61332,umines,1,0
61346,ĠDIAM,1,0
61348,esshun,1,0
61368,ĠNesh,1,0
61381,Ġprogen,1,0
61419,ĠGedd,1,0
61420,ĠGyo,1,0
61441,ĠRov,1,0
61466,ĠJAS,1,0
61476,aputra,1,0
61485,Ġexten,1,0
61493,Ġherm,1,0
61507,ĠEQU,1,0
61524,ĠItter,1,0
61537,ĠHered,1,0
61580,odina,1,0
61627,Ġagglomer,1,0
61642,ĠKoro,1,0
61663,rax,1,0
61665,raider,1,0
61669,Ġdiarr,1,0
61679,arsia,1,0
61713,renc,1,0
61725,ondale,1,0
61740,ĠChinc,1,0
61750,claimed,1,0
61754,Ġgrott,1,0
61777,ĠVez,1,0
61782,ewald,1,0
61784,perceived,1,0
61792,Ġamnes,1,0
61840,tyard,1,0
61863,Ġhereto,1,0
61867,nelly,1,0
61869,ĠWhid,1,0
61881,lescan,1,0
61902,Ġemac,1,0
61907,ĠAlass,1,0
61919,Ġinvul,1,0
61924,Ġpresolic,1,0
61927,ysseus,1,0
61972,Ġsublim,1,0
61982,aleas,1,0
62048,ĠShl,1,0
62059,ĠShaman,1,0
62103,ashim,1,0
62104,ashamed,1,0
62105,retions,1,0
62107,Ġnightmar,1,0
62125,conform,1,0
62140,italin,1,0
62184,brite,1,0
62201,Ġinsuff,1,0
62314,iorari,1,0
62317,Ġawest,1,0
62357,ropods,1,0
62372,Ġvolu,1,0
62387,meier,1,0
62401,ĠExorc,1,0
62478,ĠAmador,1,0
62483,ferase,1,0
62489,ambas,1,0
62501,Ġnonpl,1,0
62506,Ġapoc,1,0
62511,ĠGenev,1,0
62532,deo,1,0
62637,offensive,1,0
62666,ĠComput,1,0
62674,ĠIrrad,1,0
62698,ĠCourten,1,0
62739,ĠSchong,1,0
62769,ĠRoan,1,0
62771,flur,1,0
62791,colano,1,0
62846,ĠDispos,1,0
62873,ĠKalis,1,0
62925,RAC,1,0
62943,Ġunsan,1,0
62962,Ġunfashion,1,0
62965,ishesh,1,0
63000,Ġinformations,1,0
63072,gendered,1,0
63150,Ġpolem,1,0
63165,pressibly,1,0
63167,ĠFigue,1,0
63170,ĠDogger,1,0
63174,IAD,1,0
63187,REM,1,0
63197,THUR,1,0
63210,sheng,1,0
63217,trump,1,0
63234,AMES,1,0
63271,otiate,1,0
63290,marillion,1,0
63299,ĠGalle,1,0
63326,raneous,1,0
63422,ĠAfford,1,0
63517,retti,1,0
63552,Ġphotosynt,1,0
63597,voorde,1,0
63606,URDAY,1,0
63658,ĠFutte,1,0
63737,ISSION,1,0
63788,ĠImmun,1,0
63824,Ġsideste,1,0
63847,ĠKonstant,1,0
63857,CCD,1,0
63919,ĠFontane,1,0
63944,ĠMixte,1,0
63970,ĠUlric,1,0
63978,ĠCOLON,1,0
64027,ORDON,1,0
64053,ourtier,1,0
64093,ĠEnsched,1,0
64166,nickers,1,0
64215,thinkable,1,0
64347,ĠLaudon,1,0
64381,ĠVoroshil,1,0
64487,gartner,1,0
64494,ĠBannock,1,0
64560,vdA,1,0
64562,uricchio,1,0
64576,Ġphysiogn,1,0
64643,ĠCIRCUL,1,0
64669,afrankish,1,0
64674,ĠTRANSCRI,1,0
64731,Ġcatacly,1,0
64763,aventura,1,0
65091,ĠDEVELOP,1,0
65240,MDA,1,0
65349,aile,1,0
65367,cicle,1,0
65389,fusc,1,0
65397,gru,1,0
65410,hhi,1,0
65419,iosphere,1,0
65512,tock,1,0
65530,wale,1,0
65567,reciation,1,0
65635,ouline,1,0
65641,anormal,1,0
65653,orama,1,0
65708,aracts,1,0
65711,arcation,1,0
65767,icoes,1,0
65881,acHe,1,0
65887,etah,1,0
65929,ghters,1,0
66068,andals,1,0
66069,andescent,1,0
66088,olese,1,0
66089,olapissa,1,0
66196,emperance,1,0
66338,outheast,1,0
66436,ongous,1,0
66450,aggered,1,0
66459,ameau,1,0
66465,ivists,1,0
66478,oyne,1,0
66490,ifers,1,0
66607,reness,1,0
66624,ilepsy,1,0
66661,ahue,1,0
66663,ahisar,1,0
66707,ickles,1,0
66738,oldemort,1,0
66744,irlands,1,0
66745,erey,1,0
66825,tingkok,1,0
66861,hena,1,0
66887,irton,1,0
66902,ixir,1,0
66916,jectives,1,0
67016,upid,1,0
67018,emberment,1,0
67113,retz,1,0
67149,ioka,1,0
67193,velope,1,0
67238,autilus,1,0
67333,uppence,1,0
67379,mbling,1,0
67518,cogee,1,0
67532,ofield,1,0
67544,hapsody,1,0
67772,shipmen,1,0
67947,ophisticated,1,0
67982,umnav,1,0
68001,olidated,1,0
68386,iliani,1,0
68525,repent,1,0
68987,akhov,1,0
69078,wheres,1,0
69172,animity,1,0
69513,torch,1,0
69613,beki,1,0
69912,iguet,1,0
70175,abilistic,1,0
70479,jeweled,1,0
70711,hynchus,1,0
